practice_address,practice_city,practice_state,practice_zip
2500 ENGLISH CREEK AVE STE 1000,EGG HARBOR TOWNSHIP,NJ,08234
111 17TH AVE E,ALEXANDRIA,MN,56308
394 W CENTER ST,MANCHESTER,CT,06040
1 BALTIMORE PL NW STE 105,ATLANTA,GA,30308
913 S AIRPORT DR,WESLACO,TX,78596
333 LAWS AVE,UKIAH,CA,95482
1420 156TH AVE NE,BELLEVUE,WA,98007
777 PARK AVE,HIGHLAND PARK,IL,60035
14406 NE 20TH AVE,VANCOUVER,WA,98686
6101 GEORGES PARK DR,CANAL WINCHESTER,OH,43110
2732 ROODS CREEK RD # B-17,HANCOCK,NY,13783
22930 MARLBORO ST,DEARBORN,MI,48128
1555 LONG POND RD,ROCHESTER,NY,14626
3020 14TH ST NW,WASHINGTON,DC,20009
1405 LILAC DR N STE 150L,GOLDEN VALLEY,MN,55422
67 PARSONS DR,WEST HARTFORD,CT,06117
1536 N LARAMIE AVE,CHICAGO,IL,60651
3810 ADAMSVILLE DR SW,ATLANTA,GA,30331
330 N HOWARD ST,BALTIMORE,MD,21201
12329 S HIGHWAY 39,STOCKTON,MO,65785
10051 5TH ST N STE 200,ST PETERSBURG,FL,33702
16736 STANFORD PLACE DR,FLORISSANT,MO,63034
2221 S 17TH ST,WILMINGTON,NC,28401
3125 KENSINGTON RD,AVONDALE ESTATES,GA,30002
1220 S WOOD ST,CHICAGO,IL,60608
2500 ROCKY MOUNTAIN AVE,LOVELAND,CO,80538
4056 WETHERBURN WAY,NORCROSS,GA,30092
2525 NE 139TH ST STE 270,VANCOUVER,WA,98686
1718 E 4TH ST STE 907,CHARLOTTE,NC,28204
1108 SOUTH ST,NACOGDOCHES,TX,75964
2909 N INTERSTATE 35 APT 2307,AUSTIN,TX,78722
9300 CAMPUS POINT DR,LA JOLLA,CA,92037
17047 LA GRANGE RD,ORLAND PARK,IL,60487
1890 SILVER CROSS BLVD STE 315,NEW LENOX,IL,60451
7780 S BROADWAY,LITTLETON,CO,80122
30701 WOODWARD AVE STE S200,ROYAL OAK,MI,48073
2710 GATEWAY OAKS DR,SACRAMENTO,CA,95833
7562 BIGTOOTH MAPLE DR,COLORADO SPRINGS,CO,80925
804 S MAIN ST,GRACE,ID,83241
3801 BLUE PKWY,KANSAS CITY,MO,64130
11890 HEALING WAY,SILVER SPRING,MD,20904
2909 N MAIN ST,ROCKFORD,IL,61103
4166A WHITE PLAINS RD,BRONX,NY,10466
1505 SOQUEL DR STE 1,SANTA CRUZ,CA,95065
2350 BUHNE ST STE A,EUREKA,CA,95501
3339 TAMIAMI TRL E,NAPLES,FL,34112
3459 NEW HIGHWAY 68,MADISONVILLE,TN,37354
15255 MAX LEGGETT PKWY,JACKSONVILLE,FL,32218
2400 WAYNE MEMORIAL DR STE I,GOLDSBORO,NC,27534
141 N EAGLE CREEK DR,LEXINGTON,KY,40509
4320 FIR ST,EAST CHICAGO,IN,46312
302 FRESNO ST STE 101,FRESNO,CA,93706
1011 BOWLES AVE STE 425,FENTON,MO,63026
40520 COUNTY HIGHWAY 34,OGEMA,MN,56569
2325 S HARVARD AVE,TULSA,OK,74114
2044 HIGHWAY 6 AND 50,FRUITA,CO,81521
1600 BRECKENRIDGE ST,OWENSBORO,KY,42303
6950 E GOLF LINKS RD,TUCSON,AZ,85730
5 TAMPA GENERAL CIR STE 240,TAMPA,FL,33606
9825 HOSPITAL DRIVE,MAPLE GROVE,MN,55369
1463 BROOKHAVEN DR,ROCKINGHAM,VA,22801
6847 N CHESTNUT ST,RAVENNA,OH,44266
4901 DAWN DR STE 3200,LUMBERTON,NC,28360
547 SKOKIE BLVD,WILMETTE,IL,60091
303 E WACKER DR STE 1127,CHICAGO,IL,60601
2000 HAMPTON ST,COLUMBIA,SC,29204
2051 JOHN JONES RD,DAVIS,CA,95616
1600 EUREKA RD BLDG C,ROSEVILLE,CA,95661
13747 234TH ST,ROSEDALE,NY,11422
2311 HENRY CLOWER BLVD STE E,SNELLVILLE,GA,30078
PO BOX 1002,POUNDING MILL,VA,24637
245 MEMORIAL DR,JACKSONVILLE,NC,28546
160 PEDRO WAY,WINCHESTER,KY,40391
66 BRINKERHOFF ST,PLATTSBURGH,NY,12901
15 IVES RD,HEWLETT,NY,11557
1501 S CREST DR,LOS ANGELES,CA,90035
770 SE INDIAN ST FL 2,STUART,FL,34997
2000 N DEWEY AVE,REEDSBURG,WI,53959
5121 S COTTONWOOD ST STE 170,MURRAY,UT,84107
228 BILLERICA RD,CHELMSFORD,MA,01824
132 W MAIN ST,CUBA,NY,14727
2007 GRAVES MILL RD,FOREST,VA,24551
194 TARGEE ST,STATEN ISLAND,NY,10304
105 W 8TH AVE SUITE 6020,SPOKANE,WA,99204
37595 7 MILE RD STE 340,LIVONIA,MI,48152
102 HIGHLAND AVE SE STE 301,ROANOKE,VA,24013
290 N WAYTE LN,FRESNO,CA,93701
18220 STATE HIGHWAY 249 STE 370,HOUSTON,TX,77070
3000 HUNTERS CREEK BLVD STE 201,ORLANDO,FL,32837
1160 CYPRESS GLEN CIR,KISSIMMEE,FL,34741
1513 S GRAND AVE,LOS ANGELES,CA,90015
301 DROPSEED DR,WENTZVILLE,MO,63385
500 ALBANY AVE,HARTFORD,CT,06120
1301 MEMORIAL DR,BRYAN,TX,77802
4 PETUNIA CT,SANDIA PARK,NM,87047
3340 WATERMAN WAY,TAVARES,FL,32778
601 E ROLLINS ST,ORLANDO,FL,32803
770 WELCH RD,PALO ALTO,CA,94304
1 BALTIMORE PL NW,ATLANTA,GA,30308
8434 W MAIN ST,MARSHALL,VA,20115
1704 N DIXIE HWY,ELIZABETHTOWN,KY,42701
2470 ALVIN AVE,SAN JOSE,CA,95121
4441 DIPLOMACY DR,ANCHORAGE,AK,99508
150 VALPREDA RD,SAN MARCOS,CA,92069
305 MORTONVILLE RD,COATESVILLE,PA,19320
205 SOUTH ST,FORT BRAGG,CA,95437
2314 NW KINGS BLVD STE A,CORVALLIS,OR,97330
5750 E HIGHWAY 90,SIERRA VISTA,AZ,85635
2906 S 20TH ST,MILWAUKEE,WI,53215
13710 ST FRANCIS BLVD,MIDLOTHIAN,VA,23114
175 SUNDAY DR,TURLOCK,CA,95382
915 MICHIGAN ST,SIDNEY,OH,45365
1452 N 7TH ST,MILWAUKEE,WI,53205
155 ALLISON PAGE RD STE B,ABERDEEN,NC,28315
770 CENTRAL AVE STE 16,DOVER,NH,03820
104 INDIAN TRL,DUXBURY,MA,02332
99 TAVERN RD,MARTINSBURG,WV,25401
2825 PENN AVE,PITTSBURGH,PA,15222
145 N 6TH ST FL 2,READING,PA,19601
10300 SW 216TH ST,CUTLER BAY,FL,33190
1410 SW TRADITION DR STE 260,ANKENY,IA,50023
500 W HOSPITAL RD,FRENCH CAMP,CA,95231
75 BICKFORD ST,JAMAICA PLAIN,MA,02130
111 MADISON AVE,MORRISTOWN,NJ,07960
136 LAKE ST STE 11,NEWBURGH,NY,12550
1900 ELECTRIC RD,SALEM,VA,24153
919B CHAMBERS BLVD,BARDSTOWN,KY,40004
80 MAIDEN LN,NEW YORK,NY,10038
12039 NE 128TH ST STE 110,KIRKLAND,WA,98034
3231 SE 50TH AVE,PORTLAND,OR,97206
3 GLEN COVE DR STE 1,ROCKPORT,ME,04856
444 W EXCHANGE ST,AKRON,OH,44302
12940 W BLUE GRASS TRL,BLAND,VA,24315
2120 NW 198TH ST,SHORELINE,WA,98177
5 NEW ALTAMONT TER,GREENVILLE,SC,29609
70 MAPLE STREET,SMITHTOWN,NY,11787
250 BON AIR RD,GREENBRAE,CA,94904
3455 MAIN ST STE C,SPRINGFIELD,MA,01107
1801 NW MARKET ST,SEATTLE,WA,98107
5050 NE HOYT ST STE 255,PORTLAND,OR,97213
US HWY 491 NORTH,SHIPROCK,NM,87420
688 E VINE ST,MURRAY,UT,84107
3212 W WINTER CREEK CIR,SOUTH JORDAN,UT,84095
2365 GA HIGHWAY 18 W,GRAY,GA,31032
596 JERICHO TPKE,SYOSSET,NY,11791
520 S GRAND AVE,MOUNT PLEASANT,IA,52641
126 CORNISH STREET,SHERMAN,NY,14781
10 S 2000 E,SLC,UT,84112
1407 S COUNTY TRL,EAST GREENWICH,RI,02818
3720 DAVINCI CT,NORCROSS,GA,30092
2801 NEW HARTFORD RD,OWENSBORO,KY,42303
5800 SAINT CROIX AVE N STE 1750,GOLDEN VALLEY,MN,55422
626 PARK ST,HONESDALE,PA,18431
1400 PELHAM PKWY S,BRONX,NY,10461
711 S HEALTH PARKWAY STE 1,THREE RIVERS,MI,49093
1062 FORSYTH ST STE 2A,MACON,GA,31201
1035 WASHINGTON AVE,BROOKLYN,NY,11225
143 NORTH ST,AUBURN,NY,13021
5380 PRIMROSE LAKE CIR,TAMPA,FL,33647
3421 W 9TH ST STE G4500,WATERLOO,IA,50702
4203 BELFORT RD STE 335,JACKSONVILLE,FL,32216
85 E US HIGHWAY 6 STE 330,VALPARAISO,IN,46383
900 W SCOTT ST,WILLCOX,AZ,85643
4881 SUGAR MAPLE DRIVE,WRIGHT-PATTERSON AFB,OH,45433
1654 DIFFLEY RD STE 100,EAGAN,MN,55122
2500 METROHEALTH DR,CLEVELAND,OH,44109
850 HARRISION AVE,BOSTON,MA,02118
3825 WOLVERINE ST NE,SALEM,OR,97305
2560 CENTRAL PARK AVE,FLOWER MOUND,TX,75028
414 E MAIN ST,DURHAM,NC,27701
NAVAL MEDICAL CENTER SAN DIEGO 34800 BOB WILSON DR,SAN DIEGO,CA,92134
1650 COCHRANE CIR,FORT CARSON,CO,80913
45 HUDSON AVE,GLENS FALLS,NY,12801
916 PACIFIC AVE,EVERETT,WA,98201
6 TECHNOLOGY DR,EAST SETAUKET,NY,11733
110 E 2ND ST,ROYAL OAK,MI,48067
202 LAKESHORE DRIVE,SAINT MARYS,GA,31558
900 NE 139TH ST STE 206,VANCOUVER,WA,98685
3455 PEACHTREE RD NE,ATLANTA,GA,30326
1050 W 10TH ST,ROLLA,MO,65401
1381 S DAYTON CT,AURORA,CO,80247
2911 S 8TH AVE,YUMA,AZ,85364
1338 PHAY AVE,CANON CITY,CO,81212
7820 41ST AVE,ELMHURST,NY,11373
80 PHOENIX AVE,WATERBURY,CT,06702
3521 81ST ST APT 4K,JACKSON HEIGHTS,NY,11372
300 MAIN ST,LAUREL,MD,20707
235 E PRINCETON ST STE 200,ORLANDO,FL,32804
1075 OAKLEAF PLANTATION PKWY STE 108,ORANGE PARK,FL,32065
927 45TH ST,WEST PALM BEACH,FL,33407
5610 2ND AVE,BROOKLYN,NY,11220
1382 LANES MILL RD,LAKEWOOD,NJ,08701
9500 E IRONWOOD SQUARE DR STE 124,SCOTTSDALE,AZ,85258
421 MONTGOMERY ST RM 80,SYRACUSE,NY,13202
2854 S 11TH ST,KALAMAZOO,MI,49009
1520 CLIFTON RD NE,ATLANTA,GA,30322
330 E HIBISCUS BLVD,MELBOURNE,FL,32901
700 CHILDRENS DR,COLUMBUS,OH,43205
1279 HIGHWAY 54 W STE 100,FAYETTEVILLE,GA,30214
4401 CAMPUS RIDGE DR,MIDLAND,MI,48640
42 MONTCALM ST,OSWEGO,NY,13126
945 GOETHALS DR STE 200,RICHLAND,WA,99352
23774 CEDAR CREEK TER,MORENO VALLEY,CA,92557
1580 VALENCIA ST,SAN FRANCISCO,CA,94110
14515 KENTISH FIRE ST,GAINESVILLE,VA,20155
975 E 3RD ST,CHATTANOOGA,TN,37403
731 WHITE PLAINS RD,BRONX,NY,10473
1203 POPLAR AVE,MEMPHIS,TN,38104
1083 E LAKE COOK RD,WHEELING,IL,60090
1062 FORSYTH ST,MACON,GA,31201
2201 SOUTH AVE,SOUTH LAKE TAHOE,CA,96150
37100 N GANTZEL RD STE 106,SAN TAN VALLEY,AZ,85140
830 5TH AVE STE 202,CHAMBERSBURG,PA,17201
1875 WOODWINDS DR STE 250,WOODBURY,MN,55125
5319 S 500 E STE C,OGDEN,UT,84405
2016 N D ST,SAN BERNARDINO,CA,92405
1919 LATHROP ST STE 222,FAIRBANKS,AK,99701
12303 NE 130TH LN STE 225,KIRKLAND,WA,98034
891 ULULANI ST STE 205,HILO,HI,96720
FAMILY PRACTICE CTR,ALBUQUERQUE,NM,87131
716 S MAIN ST,WILLITS,CA,95490
472 CHALAN SAN ANTONIO,TAMUNING,GU,96913
1450 5TH ST SE STE 3200,PUYALLUP,WA,98372
5737 CULLEN BLVD,HOUSTON,TX,77021
720 14TH AVE,LONGVIEW,WA,98632
1800 MERCY DR,ORLANDO,FL,32808
1531 HUNT CLUB BLVD STE 204,GALLATIN,TN,37066
12911 120TH AVE NE,KIRKLAND,WA,98034
8600 NICOLLET AVE S,BLOOMINGTON,MN,55420
2202 S PARK ST,MADISON,WI,53713
5302 W VILLAGE PKWY STE 3,ROGERS,AR,72758
11060 OAK ST STE 6,OMAHA,NE,68144
65 NOTTINGHAM LN,MURRAY,KY,42071
7603 FOREST AVE STE 207,RICHMOND,VA,23229
915 SURRY DR,SHELBY,NC,28152
2025 P ST,SACRAMENTO,CA,95811
6162 S WILLOW DR,GREENWOOD VILLAGE,CO,80111
611 S TRADE DAYS BLVD,CANTON,TX,75103
411 BUTTERFIELD DR,EAST LANSING,MI,48823
501 19TH ST STE 401,KNOXVILLE,TN,37916
13930 246TH ST,ROSEDALE,NY,11422
3530 LUCIA CRST,MADISON,WI,53705
2920 N 4TH ST,FLAGSTAFF,AZ,86004
433 BELLEVUE AVE,TRENTON,NJ,08618
760 BROADWAY,BROOKLYN,NY,11206
5875 S TRANSIT RD,LOCKPORT,NY,14094
6161 ORCHARD LAKE RD STE 100,WEST BLOOMFIELD,MI,48322
222 E MEDICAL LN STE 300,WEST COLUMBIA,SC,29169
29738 RANCHO CALIFORNIA RD,TEMECULA,CA,92591
1555 N 17TH AVE,GREELEY,CO,80631
1055 COMMONWEALTH AVE,BOSTON,MA,02215
26137 LA PAZ RD STE 200,MISSION VIEJO,CA,92691
700 NE 87TH AVE,VANCOUVER,WA,98664
650 JOEL DR,FORT CAMPBELL,KY,42223
1100 BERGSLIEN ST,BALDWIN,WI,54002
3424 KOSSUTH AVE,BRONX,NY,10467
320 SANTA FE DR STE 300,ENCINITAS,CA,92024
1020 N 12TH ST STE 107,MILWAUKEE,WI,53233
22 WEST RD STE 300A,TOWSON,MD,21204
16326 WATERSEDGE DR,VICKSBURG,MI,49097
105 NEWSOM ST,DURHAM,NC,27704
4 PROSPECT ST,MILFORD,NH,03055
600 E GENESEE ST,SYRACUSE,NY,13202
308 N UNION AVE,HAVRE DE GRACE,MD,21078
550 PEACHTREE ST NE STE 1275,ATLANTA,GA,30308
1199 PRINCE AVE,ATHENS,GA,30606
1382 LANES MILL RD STE 201,LAKEWOOD,NJ,08701
550 1ST AVE,NEW YORK,NY,10016
1650 COCHRANE CIR BLDG 7500,FORT CARSON,CO,80913
10 COBURG RD STE 100,EUGENE,OR,97401
1061 MEDICAL CENTER DR,ORANGE CITY,FL,32763
16 3RD ST,MALONE,NY,12953
918 COUNTY LINE RD,BRYN MAWR,PA,19010
1080 SUNRISE HWY,AMITYVILLE,NY,11701
950 N YORK RD,HINSDALE,IL,60521
1304 S 25TH AVE,EDINBURG,TX,78539
226 SE 8TH AVE,HILLSBORO,OR,97123
2400 BELVIDERE RD,WAUKEGAN,IL,60085
111 PARK STREET,HARTFORD,CT,06106
1010 SPRUCE ST FL 3,ESPANOLA,NM,87532
449 CYPRESS LN,PALM SPRINGS,FL,33461
9405 52ND AVE,COLLEGE PARK,MD,20740
14239 W BELL RD STE 210,SURPRISE,AZ,85374
632 W GIBSON RD,WOODLAND,CA,95616
8906 135TH ST,JAMAICA,NY,11418
1231 CANDELARIA RD NW,ALBUQUERQUE,NM,87107
461 MADRESELVA CT,CAMARILLO,CA,93012
425 GUY PARK AVE STE 100,AMSTERDAM,NY,12010
317 YORK AVE,SAINT PAUL,MN,55130
3380 BLVD OF THE ALLIES,PITTSBURGH,PA,15213
10 S 2000 E,SALT LAKE CITY,UT,84112
2400 17TH ST,COLUMBUS,IN,47201
910 W 5TH AVE,SPOKANE,WA,99204
8000 RED BUG LAKE RD STE 260,OVIEDO,FL,32765
502 TORRANCE BLVD,REDONDO BEACH,CA,90277
8020 O ST,LINCOLN,NE,68510
400 FOOTE AVE,JAMESTOWN,NY,14701
300 HEALTH PARK BLVD,ST AUGUSTINE,FL,32086
502A 9TH STREET,BROOKLYN,NY,11215
194 THOMAS JOHNSON DR,FREDERICK,MD,21702
345 JUPITER LAKES BLVD STE 200,JUPITER,FL,33458
1 WINDFLOWER,COTO DE CAZA,CA,92679
16 N. WABASH AVE 5TH FLOOR,CHICAGO,IL,60602
11100 SUMMER RIDGE LANE,FORT MYERS,FL,33908
1400 S POTOMAC ST STE 225,AURORA,CO,80012
925 S PADRE ISLAND DR,CORPUS CHRISTI,TX,78416
35 MEDICAL RIDGE DR,GREENVILLE,SC,29605
707 GORSUCH AVE,BALTIMORE,MD,21218
3987 POST RD,WARWICK,RI,02886
4709 BEETHOVEN ST,LOS ANGELES,CA,90066
4300 CHERRY CREEK DRIVE SOUTH,DENVER,CO,80246
2825 N HALSTED ST,CHICAGO,IL,60657
249 FRANKLIN PIKE SE,FLOYD,VA,24091
3 CENTURY AVE SE,HUTCHINSON,MN,55350
200 OAK ST NE,ALBUQUERQUE,NM,87106
17000 PORTER RD STE 206,WINTER GARDEN,FL,34787
4545 E 9TH AVE,DENVER,CO,80220
34 HAVERHILL ST,LAWRENCE,MA,01841
2340 E MEYER BLVD STE 318,KANSAS CITY,MO,64132
1037 MAIN ST,PEEKSKILL,NY,10566
77 CADILLAC DR STE 230,SACRAMENTO,CA,95825
4747 N 7TH ST,PHOENIX,AZ,85014
69 JESSE HILL JR DR SE,ATLANTA,GA,30303
102 WINDING BROOK CT,NEW WINDSOR,NY,12553
1000 VALE TERRACE DR,VISTA,CA,92084
429 4TH AVE FL 7,PITTSBURGH,PA,15219
134 ELON RD,MADISON HEIGHTS,VA,24572
8714 SPRING CYPRESS RD,SPRING,TX,77379
530 WI DELLS PKWY S,LAKE DELTON,WI,53940
1344 22ND ST S,ST PETERSBURG,FL,33712
5350 TALLMAN AVE NW STE 420,SEATTLE,WA,98107
103 E 23RD ST,PANAMA CITY,FL,32405
807 N MYRTLE AVE,CLEARWATER,FL,33755
2401 UNIVERSITY PKWY,SARASOTA,FL,34243
255 WESTPORT AVE,NORWALK,CT,06851
921 GREELEY ST S,STILLWATER,MN,55082
1415 PORTLAND AVE STE 400,ROCHESTER,NY,14621
405 HURFFVILLE CROSSKEYS RD STE 202,SEWELL,NJ,08080
6885 BELFORT OAKS PL STE 300,JACKSONVILLE,FL,32216
1555 N BARRINGTON RD STE 215,HOFFMAN ESTATES,IL,60169
2665 N DECATUR RD STE 520,DECATUR,GA,30033
101 BETHESDA DR,GREENVILLE,NC,27834
2502 E EMPIRE ST STE A,BLOOMINGTON,IL,61704
8 MIDDLE ST,KEENE,NH,03431
4052 W 3390 S,WEST VALLEY CITY,UT,84120
5350 EASTERN AVE,DAVENPORT,IA,52807
100 HOSPITAL ROAD,LEOMINSTER,MA,01453
16777 MEDICAL CENTER DR,BATON ROUGE,LA,70816
2490 PENNINGTON RD,PENNINGTON,NJ,08534
550 E STATE ROAD 434,LONGWOOD,FL,32750
200 W ARBOR DR,SAN DIEGO,CA,92103
1458 CHURCH ST.,DECATUR,GA,30030
4101 NW 3RD CT STE 10,PLANTATION,FL,33317
182 RUTLAND RD,HEMPSTEAD,NY,11550
1116 LUCERNE TER,ORLANDO,FL,32806
299 ZION RD,HILLSBOROUGH,NJ,08844
9400 ROSECRANS AVE,BELLFLOWER,CA,90706
1800 ZOLLINGER RD FL 4,COLUMBUS,OH,43221
534 CATHERINE ST,WALLA WALLA,WA,99362
934 VANDORA SPRINGS RD,GARNER,NC,27529
21098 MARIGOLD ST,LEONARDTOWN,MD,20650
2123 N CHARLES ST STE 1,BALTIMORE,MD,21218
388 WEST CENTER ST,MANCHESTER,CT,06040
7602 6TH AVE NE,SEATTLE,WA,98115
173 WORCESTER ST,WELLESLEY,MA,02481
2700 SE STRATUS AVE,MCMINNVILLE,OR,97128
401 OYSTER POINT RD STE A,NEWPORT NEWS,VA,23602
790 DELAWARE ST,DENVER,CO,80204
12303 NE 130TH LN STE CORAL225,KIRKLAND,WA,98034
8300 FLOYD CURL DR FL 5-5A,SAN ANTONIO,TX,78229
2724 FAXON DR,PLANO,TX,75025
1200 6TH ST STE 400,TRAVERSE CITY,MI,49684
7998 COACHCREST CT,MANASSAS,VA,20109
5308 HARROUN RD STE 112,SYLVANIA,OH,43560
500 W THOMAS RD STE 720AND730,PHOENIX,AZ,85013
3240 AVALON BLVD,CONYERS,GA,30013
27583 COUNTY ROUTE 193,THERESA,NY,13691
133 FAIRFIELD ST,SAINT ALBANS,VT,05478
3860 W OGDEN AVE,CHICAGO,IL,60623
3900 JOE RAMSEY BLVD E STE E,GREENVILLE,TX,75401
12012 S WILMINGTON AVENUE,LOS ANGELES,CA,90059
80TH ST & 41ST AVE,ELMHURST,NY,11373
659 W. WASHINGTON BLVD,CHICAGO,IL,60661
5601 NORRIS CANYON RD STE 200,SAN RAMON,CA,94583
1270 ATTAKAPAS DR STE 102,OPELOUSAS,LA,70570
1302 N 9TH AVE,PENSACOLA,FL,32503
3435 MAIN ST,BUFFALO,NY,14214
2003 MEDICAL PKWY,ANNAPOLIS,MD,21401
150 S ELM ST,COLVILLE,WA,99114
150 CHARLOIS BLVD,WINSTON SALEM,NC,27103
46 GLENWOOD RD,MENANDS,NY,12204
9040 A JACKSON AVE,TACOMA,WA,98431
509 HARCOURT WAY,RUSHVILLE,IN,46173
1101 SAM PERRY BLVD,FREDERICKSBURG,VA,22401
6201 ROOSEVELT RD,BERWYN,IL,60402
444 DE HARO ST,SAN FRANCISCO,CA,94107
163 EDWARDS ST,PORTLAND,ME,04102
550 16TH ST FL 4,SAN FRANCISCO,CA,94143
8595 PICARDY AVE,BATON ROUGE,LA,70809
3600 W PARMER LN STE 108,AUSTIN,TX,78727
1000 HOUGHTON AVE,SAGINAW,MI,48602
250 E SUPERIOR ST,CHICAGO,IL,60611
711 N PROVIDENCE RD,COLUMBIA,MO,65203
120 N OAK ST,HINSDALE,IL,60521
1301 2ND AVE SW,LARGO,FL,33770
1608 SE ANKENY ST,PORTLAND,OR,97214
525 W MADISON AVE,WHEATON,IL,60187
600 MOYE BLVD,GREENVILLE,NC,27834
"1760 EDGEWOOD AVE., WEST",JACKSONVILLE,FL,32208
44000 W 12 MILE RD STE 113,NOVI,MI,48377
125 BAPTIST WAY STE 5A,PENSACOLA,FL,32503
705 MAIN ST,DANVILLE,VA,24541
1080 NEAL ST,COOKEVILLE,TN,38501
100 W MAIN ST,BUCKHANNON,WV,26201
1300 N 12TH ST STE 620,PHOENIX,AZ,85006
809 MAIN ST.,EAST HARTFORD,CT,06108
148 W RIVER ST STE G,PROVIDENCE,RI,02904
885 N SANDUSKY AVE,UPPER SANDUSKY,OH,43351
2200 GOOD HOPE RD STE 1076,ENOLA,PA,17025
1410 NE 106TH AVE,PORTLAND,OR,97220
122 E 42ND ST FL 18,NEW YORK,NY,10168
2400 32ND AVE S,FARGO,ND,58103
"HARTFORD HOSPITAL, OBGYN SERVICES, 80 SEYMOUR STREET",HARTFORD,CT,06102
927 W DESERT COVE AVE,PHOENIX,AZ,85029
2302 LONE STAR RD STE 200,MANSFIELD,TX,76063
17510 8TH AVE NE,SHORELINE,WA,98155
5226 E 82ND ST # A,INDIANAPOLIS,IN,46250
1333 W 5TH ST STE 210,SHERIDAN,WY,82801
11240 HIGHWAY 49,GULFPORT,MS,39503
510 20TH ST S,BIRMINGHAM,AL,35233
324 SE 24TH ST,OCALA,FL,34471
35 5TH AVE W,KALISPELL,MT,59901
218 SW THIRD AVE,MADISON,FL,32340
1729 LAKELAND HILLS BLVD,LAKELAND,FL,33805
2560 KNIGHTS RD,BENSALEM,PA,19020
60 CENTRAL AVE,CORTLAND,NY,13045
2177 ASHEVILLE RD,WAYNESVILLE,NC,28786
5811 CEDAR LAKE RD S,ST LOUIS PARK,MN,55416
1312 BISHOP ST,UNION CITY,TN,38261
530 DRY CREEK RD,MONTEREY,CA,93940
250 CENTER DR STE 101,VERNON HILLS,IL,60061
251 N LYERLY ST,CHATTANOOGA,TN,37404
61 MARINE AVE,BROOKLYN,NY,11209
3323 SW NAITO PKWY,PORTLAND,OR,97239
3727 NE MARTIN LUTHER KING JR BLVD,PORTLAND,OR,97212
10760 W 143RD STR SUITE 69,ORLAND PARK,IL,60462
1919 LAKE AVE,PLYMOUTH,IN,46563
3921 W SUNSET BLVD FL 2,LOS ANGELES,CA,90029
135 SPRING ST STE 201W,NEW YORK,NY,10012
46 OBERY ST,PLYMOUTH,MA,02360
343 S FOUNTAIN ST,WICHITA,KS,67218
4700 N CLOVERDALE RD,BOISE,ID,83713
206 BOSWORTH ST UNIT 1,SAN FRANCISCO,CA,94112
2295 PASCO ST,TALLAHASSEE,FL,32310
1532 WESLEY WAY,LANCASTER,OH,43130
2350 MIAMI VALLEY DR STE 320,CENTERVILLE,OH,45459
4215 49TH AVE NE,TACOMA,WA,98422
300 20TH AVE N STE 505,NASHVILLE,TN,37203
68 3RD ST STE 246,BROOKLYN,NY,11231
1470 E VALENTINE CIRCLE NW,CANTON,OH,44708
39 EAST AVE,PAWTUCKET,RI,02860
2245 N 400 E STE 201,NORTH LOGAN,UT,84341
785 PRIMERA BLVD,LAKE MARY,FL,32746
8300 FLOYD CURL DR FL 5,SAN ANTONIO,TX,78229
6100 NE FOURTH PLAIN BLVD,VANCOUVER,WA,98661
2601 E ROOSEVELT ST,PHOENIX,AZ,85008
1590 ROSECRANS AVE STE D617,MANHATTAN BEACH,CA,90266
4499 HENRY HUDSON PKWY APT 4D,BRONX,NY,10471
112 MANSFIELD AVE,WILLIMANTIC,CT,06226
140 MICHIGAN AVE W,BATTLE CREEK,MI,49017
3627 UNIVERSITY BLVD S STE 200,JACKSONVILLE,FL,32216
3033 EXCELSIOR BLVD STE 585,MINNEAPOLIS,MN,55416
333 E 2ND ST,RICHLAND CENTER,WI,53581
2999 REGENT ST STE 524,BERKELEY,CA,94705
3300 MAIN ST STE 4D,SPRINGFIELD,MA,01107
4007 ESTATE DIAMOND RUBY,CHRISTIANSTED,VI,00820
11330 36TH DR SE,EVERETT,WA,98208
31 EASTER AVE,WEAVERVILLE,CA,96093
3501 N MACARTHUR BLVD STE 500,IRVING,TX,75062
717 S HOUSTON AVE STE 200,TULSA,OK,74127
7708 4TH ST NW,LOS RANCHOS,NM,87107
661 E ALTAMONTE DR STE 318,ALTAMONTE SPRINGS,FL,32701
315 S MANNING BLVD,ALBANY,NY,12208
2 MEDICAL CENTER DR,SPRINGFIELD,MA,01107
550 UNIVERSITY BLVD STE 2440,INDIANAPOLIS,IN,46202
5440 HILLANDALE DRIVE,LITHORIA,GA,30058
275 HOSPITAL DR,UKIAH,CA,95482
2200 GOOD HOPE RD,ENOLA,PA,17025
520 NORTH ST,SMITHFIELD,NC,27577
2649 SCHOENERSVILLE RD STE 301,BETHLEHEM,PA,18017
277 RUE DE LA VIE ST,BATON ROUGE,LA,70817
114 CHARLOIS BLVD,WINSTON SALEM,NC,27103
3 HOSPITAL DR,LEWISBURG,PA,17837
4672 N SONOMA RANCH BLVD STE A,LAS CRUCES,NM,88011
3440 BURNET AVE,CINCINNATI,OH,45229
920 W 5TH ST,SAN PEDRO,CA,90731
195 PAGE MILL RD STE 103,PALO ALTO,CA,94306
249 WINSTED RD,TORRINGTON,CT,06790
700 CENTRAL AVE STE 400,ST PETERSBURG,FL,33701
5920 MCINTYRE ST,GOLDEN,CO,80403
1406 MARINE DR,ASTORIA,OR,97103
1065 NORTH HILDALE,HILDALE,UT,84784
4701 PLEASANT HILL RD,ASHLAND,AL,36251
5050 NE HOYT ST STE 362,PORTLAND,OR,97213
4181 HOSPITAL DRIVE,COVINGTON,GA,30014
1140 E 3900 S,SALT LAKE CITY,UT,84124
721 N 31ST ST,KANSAS CITY,KS,66102
214 S BARNES ST,NASHVILLE,NC,27856
2817 ROCK MERRITT AVENUE,FORT BRAGG,NC,28310
11005 RALSTON RD,ARVADA,CO,80004
551 HERITAGE SQ,JEFFERSON,OH,44047
2050 LEXINGTON RD,VERSAILLES,KY,40383
2510 PANHANDLE ST,DENTON,TX,76201
CORNER OF ROUTE N12 AND N7,FORT DEFIANCE,AZ,86504
7 MEDICAL PARK DR,LEXINGTON,NC,27292
4745 OGLETOWN STANTON RD,NEWARK,DE,19713
4500 8TH DIVISION RD,COLUMBIA,SC,29207
1692 CHATHAM PKWY,SAVANNAH,GA,31405
81 UPPER RIVERDALE RD SW,RIVERDALE,GA,30274
1704 TREADWELL ST,AUSTIN,TX,78704
603 E LAMAR ST,AMERICUS,GA,31709
1305 N MARTIN AVE,TUCSON,AZ,85721
11750 SW BARNES RD,PORTLAND,OR,97225
2188 W ATLANTIC AVE,DELRAY BEACH,FL,33445
110 SHEEP SPRINGS WAY RD,JEMEZ PUEBLO,NM,87024
350 COUNTRY MEADOW LN,FULTON,MO,65251
90 SOUTH ST,GLENS FALLS,NY,12801
89 W COPELAND DR FL 3,ORLANDO,FL,32806
123 SUMMER ST STE 150S,WORCESTER,MA,01608
1150 MAIN ST STE 3,WATSONVILLE,CA,95076
870A AUSTIN DR,DEMOREST,GA,30535
1030 COUNTY ROAD E W,SHOREVIEW,MN,55126
250 E SUPERIOR ST FL 16,CHICAGO,IL,60611
1650 RESPONSE RD,SACRAMENTO,CA,95815
3048 N WILTON AVE,CHICAGO,IL,60657
233 W JOE ORR RD,CHICAGO HEIGHTS,IL,60411
2702 NAVARRE AVE STE 302,OREGON,OH,43616
NMRTC PORTSMOUTH,PORTSMOUTH,VA,23708
23841 S FELLOWS RD,BEAVERCREEK,OR,97004
3498 NW FEDERAL HWY,JENSEN BEACH,FL,34957
5829 S 2700 W,ROY,UT,84067
545 HICKORY TRAIL DR,NASHVILLE,TN,37209
210 OAK GROVE DR,NASHVILLE,TN,37217
147 ALLEN ST,RUTLAND,VT,05701
192 E CENTER ST,MANCHESTER,CT,06040
18035 BROOKHURST ST STE 2100,FOUNTAIN VALLEY,CA,92708
11511 NE 10TH ST,BELLEVUE,WA,98004
4-1558 KUHIO HIGHWAY,KAPAA,HI,96746
24 MEDICAL PARK DR,ASHEVILLE,NC,28803
555 E VALLEY PKWY,ESCONDIDO,CA,92025
926 N MICHIGAN AVE,SAGINAW,MI,48602
3674 SANDPIPER WAY,BREA,CA,92823
1427 VINE ST,PHILADELPHIA,PA,19102
116 PORTER DR,MIDDLEBURY,VT,05753
313 N SWEET AVE,FULLERTON,CA,92833
100 MICHIGAN ST NE,GRAND RAPIDS,MI,49503
4455 CORDATA PKWY,BELLINGHAM,WA,98226
1900 S HAWTHORNE RD STE 614,WINSTON SALEM,NC,27103
19714 E 10 MILE RD,SAINT CLAIR SHORES,MI,48080
2015 AYRSLEY TOWN BLVD STE 202,CHARLOTTE,NC,28273
446 BELLEVUE AVE,TRENTON,NJ,08618
1300 UPPER HEMBREE RD STE D,ROSWELL,GA,30076
118 N ARTHUR ASHE BLVD,RICHMOND,VA,23220
36 HEATHER WAY,CLEVELAND,GA,30528
17 SHERMAN ST STE 2100,JAMESTOWN,NY,14701
6709 ACADEMY RD NE STE A,ALBUQUERQUE,NM,87109
9401 COLLINS AVE APT 405,SURFSIDE,FL,33154
7980 W 100 S,TOPEKA,IN,46571
9245 RAINIER AVE S,SEATTLE,WA,98118
444 N CLEVELAND AVE STE 120,WESTERVILLE,OH,43082
1329 WATERLOO LN,GARDNERVILLE,NV,89410
8010 FROST ST STE 408,SAN DIEGO,CA,92123
9155 SW BARNES RD STE 730,PORTLAND,OR,97225
6490 EXCELSIOR BLVD,ST LOUIS PARK,MN,55426
280 HOME OLU PLACE,KAUNAKAKAI,HI,96748
6350 STEVENS FOREST RD STE 107,COLUMBIA,MD,21046
426 SW STARK ST,PORTLAND,OR,97204
858 NW 90TH ST,SEATTLE,WA,98117
3050 ORCHARD PARK ROAD,WEST SENECA,NY,14224
2020 OGDEN AVE STE 225,AURORA,IL,60504
415 W UNION ST,LIGONIER,IN,46767
24730 PLAZA DR,PLAQUEMINE,LA,70764
3330 S RIO GRANDE AVE,MONTROSE,CO,81401
211 BAKER ST,MONROE,GA,30655
306 LINCOLN RD,MIAMI BEACH,FL,33139
2563 N SKYTOP CT,ORANGE,CA,92867
4705 MONTGOMERY BLVD NE,ALBUQUERQUE,NM,87109
3569 RIDGE RD,CLEVELAND,OH,44102
100 MADISON AVE BX 85,MORRISTOWN,NJ,07962
550 POPE AVE NW STE 200,WINTER HAVEN,FL,33881
123 FRANKLIN CORNER RD,LAWRENCEVILLE,NJ,08648
5385 FRANKLIN BLVD STE A-D,SACRAMENTO,CA,95820
148 HICKORY NUT TRCE,OLD FORT,NC,28762
4850 BROAD RD,SYRACUSE,NY,13215
7120 CLEARVISTA DR STE 5100,INDIANAPOLIS,IN,46256
874 JUANITA DR,WALNUT CREEK,CA,94595
480 CENTRAL AVE,PEARL HARBOR,HI,96860
152 W LINCOLN HWY,CHICAGO HEIGHTS,IL,60411
151 WASHINGTON ST,NEWARK,NJ,07102
410 ROOSEVELT TRL,NAPLES,ME,04055
1286 SANCHEZ ST,SAN FRANCISCO,CA,94114
2962 ROCKINGHAM DR NW,ATLANTA,GA,30327
500 EAST 51ST STREET,CHICAGO,IL,60615
4348 SOUTHPOINT BLVD,JACKSONVILLE,FL,32216
83 SOUTH ST,WARE,MA,01082
2606 SMITH AVE. S.,MINNEAPOLIS,MN,55407
345 WEBSTER AVE APT 1M,BROOKLYN,NY,11230
1715 DEER TRACKS TRL STE 110,SAINT LOUIS,MO,63131
1218 EAST 59TH ST,SAVANNAH,GA,31404
9200 W WISCONSIN AVE,MILWAUKEE,WI,53226
252 MCHENRY ST,BURLINGTON,WI,53105
812 W NORTH ST,PIQUA,OH,45356
4201 TORRANCE BLVD STE 408,TORRANCE,CA,90503
560 W 168TH ST,NEW YORK,NY,10032
2021 BIVINS ST,DURHAM,NC,27707
606 24TH AVE S STE 700,MINNEAPOLIS,MN,55454
1200 W STATE ST,ROCKFORD,IL,61102
3900 LAKEVILLE HWY,PETALUMA,CA,94954
1108 JUNE ST,HOOD RIVER,OR,97031
420 HOWANUT RD,OAKVILLE,WA,98568
910 1ST AVE N,GREAT FALLS,MT,59401
1024 OTTERDALE RD,MIDLOTHIAN,VA,23114
12050 E COLONIAL DR,ORLANDO,FL,32826
102 W GRAHAM RD,RICHMOND,VA,23222
1680 EAGLE HARBOR PKWY STE A,FLEMING ISLAND,FL,32003
349 WEIRICH LN,FREDERICKSBURG,TX,78624
175 MARTIN AVE,EPHRATA,PA,17522
1138 GEORGETOWN RD,CHRISTIANA,PA,17509
2240 E 53RD ST # B-1,INDIANAPOLIS,IN,46220
2993 NE DOUGLAS AVE,ROSEBURG,OR,97470
800 M-139,BENTON HARBOR,MI,49022
832 S MAIN ST,ORRVILLE,OH,44667
13515 WOLFE RD STE D,NEW FREEDOM,PA,17349
90 PLYMOUTH DR APT C,NORWOOD,MA,02062
77 W UNDERWOOD ST,ORLANDO,FL,32806
1836 SOUTH AVE,LA CROSSE,WI,54601
966 W 21ST ST,CHICAGO,IL,60608
159 OMNI DR STE 1,MCMINNVILLE,TN,37110
401 BICENTENNIAL WAY,SANTA ROSA,CA,95403
455 BULLION BLVD,WINCHESTER,KY,40391
12700 CREEKSIDE LN,FORT MYERS,FL,33919
310 N L ROGERS WELLS BLVD,GLASGOW,KY,42141
80 JESSE HILL JR DR SE,ATLANTA,GA,30303
1668 W PEACE ST,CANTON,MS,39046
1973 SPRINGFIELD AVE,MAPLEWOOD,NJ,07040
MMG-CFCC,BRONX,NY,10461
444 N CLEVELAND AVE,WESTERVILLE,OH,43082
6707 N 19TH AVE STE 222,PHOENIX,AZ,85015
49 HARRY KEMP WAY,PROVINCETOWN,MA,02657
867 OUTER RD STE A,ORLANDO,FL,32814
600 N. MAIN ST.,TUBA CITY,AZ,86045
6940 DESTINY DR,ROCKLIN,CA,95677
726 S TAMPA AVE,ORLANDO,FL,32805
1138 KERSEY RD,SILVER SPRING,MD,20902
2550 ALBANY AVE # 1120,WEST HARTFORD,CT,06117
2211 PALM AVE,SAN MATEO,CA,94403
388 W CENTER ST,MANCHESTER,CT,06040
505 CITY BLVD,WAYCROSS,GA,31501
1691 GALISTEO ST,SANTA FE,NM,87505
256 THRESHING ROCK RD,TAYLORSVILLE,NC,28681
3181 SW SAM JACKSON PARK RD,PORTLAND,OR,97239
400 W 30TH ST,LOS ANGELES,CA,90007
1978 CROMPOND RD STE 103,CORTLANDT MANOR,NY,10567
200 WILLIAMSON ST STE 350,ELIZABETH,NJ,07202
800 AMRINE MILL RD,MARYSVILLE,OH,43040
279 KINGS DAUGHTERS DR,FRANKFORT,KY,40601
1243 US HIGHWAY 319 S,MOULTRIE,GA,31768
37 BALL PARK RD,HARLAN,KY,40831
604 HIGHWAY 290 W,BRENHAM,TX,77833
1428 S LAPEER RD,LAKE ORION,MI,48360
5107 S 900 E,MURRAY,UT,84117
PSC 482 BOX 3058,FPO,AP,
1343 ELDRON BLVD SE,PALM BAY,FL,32909
280 RIVER PARK DR STE 200,PROVO,UT,84604
1265 RAVENSHOE WAY,CHICO,CA,95973
675 S MAIN ST,CHESHIRE,CT,06410
825 SE BISHOP BLVD,PULLMAN,WA,99163
16337 ANTIOCH RD,MILFORD,VA,22514
140 SAMOSET ST STE 2,PLYMOUTH,MA,02360
119 RIVER DR,PIKEVILLE,KY,41501
16305 SAND CANYON AVE,IRVINE,CA,92618
5530 WISCONSIN AVE STE 1640,CHEVY CHASE,MD,20815
44 COURT ST FL 4,BROOKLYN,NY,11201
1406 S LAPEER RD,LAKE ORION,MI,48360
8300 HOUGH AVE,CLEVELAND,OH,44103
4194 LEXINGTON AVE N,SHOREVIEW,MN,55126
1 PARK WEST BLVD,AKRON,OH,44320
1006 S 64TH AVE,YAKIMA,WA,98908
831 S BROADWAY,MINOT,ND,58701
1901 10TH AVE,GREELEY,CO,80639
10 GOLDERS GREEN RD,LAKEWOOD,NJ,08701
166 ALBANY AVE,KINGSTON,NY,12401
2800 N VANCOUVER AVE STE 255,PORTLAND,OR,97227
418 MAIN ST,HARLEYSVILLE,PA,19438
67 CORPORATE DR STE 300,PORTSMOUTH,NH,03801
1650 GRAND CONCOURSE,BRONX,NY,10457
950 S MAIN ST STE 8,CELINA,OH,45822
450 MAMARONECK AVE,HARRISON,NY,10528
97 THOMAS JOHNSON DR STE 101,FREDERICK,MD,21702
2142 N COVE BLVD,TOLEDO,OH,43606
230 WORCESTER ST,WELLESLEY,MA,02481
601 CALIFORNIA AVENUE,BAKERSFIELD,CA,93304
401 PURDY ST STE 102,EASTON,MD,21601
3501 TANEY RD,BALTIMORE,MD,21215
700 MT HOPE AVE,BANGOR,ME,04401
206 RACHEL CARSON WAY,ITHACA,NY,14850
135 HALL AVE,SUFFOLK,VA,23434
824 GREENBRIER PKWY STE 100,CHESAPEAKE,VA,23320
308 HOSPITAL DR STE 101,GLEN BURNIE,MD,21061
5077 E INTERSTATE 20 SERVICE RD N,WILLOW PARK,TX,76087
100 KINGS HWY S,ROCHESTER,NY,14617
1614 ROUTE 332,FARMINGTON,NY,14425
9300 DEWITT LOOP,FORT BELVOIR,VA,22060
1801 INWOOD RD STE 616,DALLAS,TX,75235
258 HIGH AVE,NYACK,NY,10960
1240 S CEDAR CREST BLVD STE 201,ALLENTOWN,PA,18103
426 N INGALLS ST,ANN ARBOR,MI,48109
411 N WASHINGTON AVE STE 2700,DALLAS,TX,75246
2158 NORTHGATE PARK LN STE 300,CHATTANOOGA,TN,37415
27 VAN NESS TER,MAPLEWOOD,NJ,07040
210 WESTSIDE DRIVE,DOTHAN,AL,36303
141 N EAGLE CREEK DR STE 200,LEXINGTON,KY,40509
1104 BUCHANAN RD STE C10,ANTIOCH,CA,94509
1439 S MINTER WAY,GRAIN VALLEY,MO,64029
6500 EXCELSIOR BLVD FL 5HT,ST LOUIS PARK,MN,55426
9004 161ST ST,JAMAICA,NY,11432
612 KINGSBOROUGH SQUARE,CHESAPEAKE,VA,23320
1706 TREASURE HILLS BLVD,HARLINGEN,TX,78550
2139 AUBURN AVE,CINCINNATI,OH,45219
19385 MCCANN RD,COTTONWOOD,CA,96022
445 S FIGUEROA ST FL 31,LOS ANGELES,CA,90071
903 MEDICAL CENTER DR,ARLINGTON,WA,98223
401 OAKFIELD DR,BRANDON,FL,33511
1950 W FRYE RD STE 3,CHANDLER,AZ,85224
326 N MAIN ST,ROYAL OAK,MI,48067
33 CHANDLER AVENUE,BATAVIA,NY,14020
8340 LAKEWOOD RANCH BLVD,LAKEWOOD RANCH,FL,34202
724 NW 43RD ST,GAINESVILLE,FL,32607
127 N MAIN ST,WELLSVILLE,NY,14895
5108 SANDY LN,FAIRFIELD,OH,45014
10641 W GRANTOSA DR,WAUWATOSA,WI,53222
2525 S MICHIGAN AVE,CHICAGO,IL,60616
3200 WALFORD AVE,EUREKA,CA,95503
991 W HUDSON BLVD,GASTONIA,NC,28052
2341 LEWISVILLE CLEMMONS RD FL 2,CLEMMONS,NC,27012
406 W MAIN ST,ALLEN,TX,75013
1693 S QUEEN ST,YORK,PA,17403
101 LAGUNA RD STE 100,FULLERTON,CA,92835
1731 HARPER RD,BECKLEY,WV,25801
2979 PGA BLVD STE 100,PALM BEACH GARDENS,FL,33410
6416 1/2 20TH AVE NW,SEATTLE,WA,98107
300 HARTLE CT,NAPA,CA,94559
1140 N MILWAUKEE AVE,CHICAGO,IL,60642
189 ANDREW ST,ONEIDA,TN,37841
988 HIGHWAY 261,COLT,AR,72326
1647 WOODBROOKE DR,SALISBURY,MD,21804
160 N MIDLAND AVE,NYACK,NY,10960
412 SPRUCE ST,YANKTON,SD,57078
8934 N SENECA ST,WEEDSPORT,NY,13166
35 HOPE DR STE 202-204,HERSHEY,PA,17033
22255 GREENFIELD RD STE 352,SOUTHFIELD,MI,48075
650 HUEBNER RD,FORT RILEY,KS,66442
1111 LIGHTHOUSE LN,GOSHEN,IN,46526
9483 N FORT WASHINGTON RD STE 101,FRESNO,CA,93730
9176 WINESBURG RD,DUNDEE,OH,44624
10 PROSPECT ST STE 401,NASHUA,NH,03060
1950 W FRYE RD BLDG B,CHANDLER,AZ,85224
268 CANAL ST,NEW YORK,NY,10013
222 W 39TH AVE,SAN MATEO,CA,94403
15549 1400 NORTH AVE,PRINCETON,IL,61356
15351 W BELL RD,SURPRISE,AZ,85374
340 NW 5TH ST STE 101,REDMOND,OR,97756
111 W JACKSON BLVD STE 1700,CHICAGO,IL,60604
400 PARNASSUS AVE,SAN FRANCISCO,CA,94143
6 HENRY ST,BEACON,NY,12508
338 LARRY POWER RD,BOURBONNAIS,IL,60914
9809 CANDELARIA RD NE,ALBUQUERQUE,NM,87112
3812 MAIN STREET,BURDETT,NY,14818
207 SHORE RD,SOMERS POINT,NJ,08244
800 WALNUT ST FL 14,PHILADELPHIA,PA,19107
94 LOCUST AVE,DANBURY,CT,06810
2300 MANCHESTER EXPY,COLUMBUS,GA,31904
77 THOMAS JOHNSON DR STE H,FREDERICK,MD,21702
11110 MEDICAL CAMPUS RD STE 107,HAGERSTOWN,MD,21742
6609 VIRGINIA PKWY,MCKINNEY,TX,75071
2823 FRESNO ST,FRESNO,CA,93721
2400 WAYNE MEMORIAL DR,GOLDSBORO,NC,27534
1111 CARRIZO ST NW,LOS LUNAS,NM,87031
1313 BROADWAY STE 200,TACOMA,WA,98402
1508 W 7TH ST,WILMINGTON,DE,19805
250 TRAVELODGE DR,EL CAJON,CA,92020
1224 E LOWELL ST,TUCSON,AZ,85721
141 PIEDMONT AVE NE STE D,ATLANTA,GA,30303
1633 N CAPITOL AVE,INDIANAPOLIS,IN,46202
2818 NEUSE BLVD,NEW BERN,NC,28562
123A 7TH AVE,BROOKLYN,NY,11215
455 LAKESHORE PKWY STE 500,ROCK HILL,SC,29730
7815 E JEFFERSON AVE,DETROIT,MI,48214
6000 EARLE BROWN DR,BROOKLYN CENTER,MN,55430
41 OBRE PL,SHREWSBURY,NJ,07702
1109 SW TOPEKA BLVD,TOPEKA,KS,66612
10243 ROGERS DRIVE,NASSAWADOX,VA,23413
200 MEDICAL CENTER DR STE 1A,HAZARD,KY,41701
5826 E FRANKLIN RD,NAMPA,ID,83687
96 E KIMBALLS LN STE 202,DRAPER,UT,84020
1001 MEDICAL ARTS AVE NE,ALBUQUERQUE,NM,87102
4395 WINDSONG CT SW,LILBURN,GA,30047
1791 MULKEY RD STE 200,AUSTELL,GA,30106
13195 METRO PKWY,FORT MYERS,FL,33966
1700 BROOKHAVEN CIR E APT E,FORT COLLINS,CO,80525
920 N HAMILTON RD STE 200,GAHANNA,OH,43230
9251 WARWICK DR,DESERT HOT SPRINGS,CA,92240
KAISER SUNNYSIDE HOSPITAL,CLACKAMAS,OR,97015
306 AIRPORT DR,MONCKS CORNER,SC,29461
100 S BOYLAN AVE,RALEIGH,NC,27603
680 CENTRE ST,BROCKTON,MA,02302
9196 W PHILLIPS DR,LITTLETON,CO,80128
1602 VERNON RD STE 200,LAGRANGE,GA,30240
2800 S SEACREST BLVD,BOYNTON BEACH,FL,33435
835 HOUSTON RUN DR,GAP,PA,17527
3824 NORTHERN PIKE,MONROEVILLE,PA,15146
725 JESSE JEWELL PKWY SE,GAINESVILLE,GA,30501
42 N MAIN ST,SPRING VALLEY,NY,10977
2018 GRAND BLVD,VANCOUVER,WA,98661
703 MAIN ST DEPT OF,PATERSON,NJ,07503
6734 ROUTE 9,RHINEBECK,NY,12572
8300 TYLER BLVD STE 300,MENTOR,OH,44060
6317 4TH AVE,BROOKLYN,NY,11220
70 JAMES ST STE 253,WORCESTER,MA,01603
2439 BEE RIDGE RD,SARASOTA,FL,34239
1503 CREEKVIEW DR,ROUND ROCK,TX,78681
16 PARK AVE,AIRMONT,NY,10952
1320 MERCY DR NW,CANTON,OH,44708
2151 LINGLESTOWN RD,HARRISBURG,PA,17110
1812 S J ST STE 130,TACOMA,WA,98405
20 ARROWOOD DR,ITHACA,NY,14850
1002 AVENUE A,KATY,TX,77493
340 BOULEVARD NE STE 103,ATLANTA,GA,30312
21 BELMONT AVE,BRATTLEBORO,VT,05301
14508 NE 20TH AVE STE 300,VANCOUVER,WA,98686
41 E DUVAL ST,JACKSONVILLE,FL,32202
16600 NE 8TH AVE,NORTH MIAMI BEACH,FL,33162
4200 NW 90TH BLVD,GAINESVILLE,FL,32606
924 1ST ST NE,FARIBAULT,MN,55021
1625 SE 3RD AVE STE 502,FORT LAUDERDALE,FL,33316
705 E WASHINGTON AVE,RIVERTON,WY,82501
106 IRVING ST NW STE 4400,WASHINGTON,DC,20010
1650 GRAND CONCOURSE FL 5,BRONX,NY,10457
4379 RIDGEWOOD CENTER DR STE 102,WOODBRIDGE,VA,22192
4895 MONROE ST,TOLEDO,OH,43623
1530 ELLIS ST,BELLINGHAM,WA,98225
117 S WILLIAM BARNETT AVE,CLEVELAND,TX,77327
2000 PENNINGTON RD,EWING,NJ,08618
153 CESAR CHAVEZ ST,W. ST. PAUL,MN,55107
6550 BROADCAST PARKWAY,LOVES PARK,IL,61111
5629 LEE RD,INDIANAPOLIS,IN,46216
75 CIRCLE DR,TAOS,NM,87571
323 N PRAIRIE AVE,INGLEWOOD,CA,90301
699 CHURCH ST NE STE 300,MARIETTA,GA,30060
410 S WARE BLVD STE 809,TAMPA,FL,33619
3200 NORTHLINE AVE STE 130,GREENSBORO,NC,27408
2625 E 55TH PL,TULSA,OK,74105
425 7TH ST NW,CASS LAKE,MN,56633
967 W CLAIREMONT AVE,EAU CLAIRE,WI,54701
7010 AUSTIN ST,FOREST HILLS,NY,11375
4100 DUVAL RD BLDG 2,AUSTIN,TX,78759
16821 NE 6TH AVE,NORTH MIAMI BEACH,FL,33162
1177 N PARK AVE,POMONA,CA,91768
655 W LOMBARD ST,BALTIMORE,MD,21201
4212 N 16TH ST,PHOENIX,AZ,85016
3511 JOHN PLATT DR,MOREHEAD CITY,NC,28557
6975 S UNION PARK CTR STE 600,COTTONWOOD HEIGHTS,UT,84047
600 ORONDO AVE,WENATCHEE,WA,98801
4200 WHITEHALL DR STE 350,ANN ARBOR,MI,48105
2050 S QUEEN ST,YORK,PA,17403
1279 HIGHWAY 54 W STE 220,FAYETTEVILLE,GA,30214
126 NW CANAL ST,SEATTLE,WA,98107
INTERSECTION OF HIGHWAYS 7 AND 12,FORT DEFIANCE,AZ,86504
548 HIGHLAND AVENUE,FALL RIVER,MA,02720
5323 4TH AVENUE CIR E,BRADENTON,FL,34208
1550 S PIONEER WAY,MOSES LAKE,WA,98837
8595 COLLEGE PKWY,FORT MYERS,FL,33919
15778 MEDICAL ARTS DR,HAMMOND,LA,70403
24 FLICKINGER CT,AMHERST,NY,14228
"1060 GAFFNEY RD, #7440",FT. WAINWRIGHT,AK,99703
3509 MABRY RD,GAINESVILLE,GA,30504
757 PARK AVE W STE 2800,HIGHLAND PARK,IL,60035
333 SE 7TH AVE,HILLSBORO,OR,97123
7236 JORDAN DR STE 100A,RAPID CITY,SD,57702
407 S WHITE ST STE 103,MOUNT PLEASANT,IA,52641
2 SUNTREE PL,MELBOURNE,FL,32940
3620 BUCKEYSTOWN PIKE,BUCKEYSTOWN,MD,21717
520 MAPLE AVE,REIDSVILLE,NC,27320
340 NW 5TH ST,REDMOND,OR,97756
818 5TH AVE STE 200,DES MOINES,IA,50309
3544 MOUNT GILEAD CHURCH RD,PITTSBORO,NC,27312
1025 MACHESTER AVE,WABASH,IN,46992
191 E PRICE RD,BROWNSVILLE,TX,78521
432 KING DR,WATERLOO,IA,50702
3365 HIGH POINT BLVD,BETHLEHEM,PA,18017
939 CAROLINE ST # 3E,PORT ANGELES,WA,98362
2620 E PROSPECT RD STE 160,FORT COLLINS,CO,80525
6440 W NEWBERRY RD STE 508,GAINESVILLE,FL,32605
385 CALLE DE ALEGRA BLDG C,LAS CRUCES,NM,88005
1100 VAN NESS AVE,SAN FRANCISCO,CA,94109
3024 NEW BERN AVE,RALEIGH,NC,27610
780 W CHERRY LN APT 202,CARLSBAD,NM,88220
1030 E LAFAYETTE ST,TALLAHASSEE,FL,32301
3423 MAYBANK HWY,JOHNS ISLAND,SC,29455
1001 HART BLVD #100,MONTICELLO,MN,55362
33 CHANDLER AVE,BATAVIA,NY,14020
2180 MARKET ST,SAN FRANCISCO,CA,94114
12 ST PAUL DR STE 207,CHAMBERSBURG,PA,17201
30701 WOODWARD AVE,ROYAL OAK,MI,48073
135 N MAIN ST,CORTLAND,NY,13045
6702 N NORTHWEST HWY,CHICAGO,IL,60631
901 ROUTE 23 STE 202,POMPTON PLAINS,NJ,07444
124 E 40TH ST RM 203,NEW YORK,NY,10016
3073 WHITE MOUNTAIN HWY,NORTH CONWAY,NH,03860
6853 SW 18TH ST,BOCA RATON,FL,33433
1801 N 6TH ST,TERRE HAUTE,IN,47804
12311 TAFT ST STE 1,PEMBROKE PINES,FL,33026
7550 43RD ST N,PINELLAS PARK,FL,33781
30057 AVENIDA TRANQUILA,RANCHO PALOS VERDES,CA,90275
5225 MORNING SUN RD,OXFORD,OH,45056
609 W GERMANTOWN PIKE STE 220,EAST NORRITON,PA,19403
251 LANDIS AVE,CHULA VISTA,CA,91910
160 STONE ST,WATERTOWN,NY,13601
3900 BETHEL DR,SAINT PAUL,MN,55112
401 S MAIN ST,ALPHARETTA,GA,30004
7305 SE CIRCUIT DR STE 260,HILLSBORO,OR,97123
930 E EMERALD AVE STE 614,KNOXVILLE,TN,37917
1010 A ST,GREELEY,CO,80631
3879 E 120TH AVE # 164,THORNTON,CO,80233
7800 WOLF TRAIL CV,GERMANTOWN,TN,38138
32782 CEDAR DRIVE,MILLVILLE,DE,19967
40826 N RIDGE CIR,ANTIOCH,IL,60002
360 PEAK ONE DRIVE,FRISCO,CO,80443
2425 CLOVER ST,ROCHESTER,NY,14618
1122 N 25TH ST,RICHMOND,VA,23223
2055 W FRYE RD STE 9,CHANDLER,AZ,85224
550 22ND ST,ASTORIA,OR,97103
2800 N VANCOUVER AVE,PORTLAND,OR,97227
2 WALL ST,MANCHESTER,NH,03101
124 MAIN ST # 2,DEEP RIVER,CT,06417
4875 SUNRISE HWY,BOHEMIA,NY,11716
401 W ASPEN AVE,FLAGSTAFF,AZ,86001
2155 E TERRA LINDA DR,SALT LAKE CITY,UT,84124
3640 NW SAMARITAN DR STE 220,CORVALLIS,OR,97330
5661 HARRINGTON FALLS LN,ALEXANDRIA,VA,22312
83 W MILLER ST # MP326,ORLANDO,FL,32806
900 GARNER AVE,AUSTIN,TX,78704
880 KEMPSVILLE RD STE 205,NORFOLK,VA,23502
225 PROSPECT HTS,SANTA CRUZ,CA,95065
55 S 5TH ST,SIERRA VISTA,AZ,85635
3509 E 29TH ST,DES MOINES,IA,50317
2817 ROCK MERRITT AVE,FORT BRAGG,NC,28310
463 RIVER ROAD,SOUTH ACWORTH,NH,03607
24 PENNACOOK ST,MANCHESTER,NH,03104
6700 MARTIN WAY E STE 117,OLYMPIA,WA,98516
5301 BROADWAY,WEST NEW YORK,NJ,07093
1540 TRINITY PL,MISHAWAKA,IN,46545
3201 YORKTOWN AVE STE 109,DURHAM,NC,27713
2955 IVY RD STE 210,CHARLOTTESVILLE,VA,22903
508 S CHURCH ST STE 102,MT PLEASANT,PA,15666
2245 BAUER RD,BATAVIA,OH,45103
600 ORONDO AVE STE 1,WENATCHEE,WA,98801
1761 W LOOP 281,LONGVIEW,TX,75604
2020 MERIDIAN ST STE 220,ANDERSON,IN,46016
309 MEDIC WAY,GREENCASTLE,IN,46135
126 CORNISH ST,SHERMAN,NY,14781
1400 E KINCAID ST,MOUNT VERNON,WA,98274
1715 DOUSMAN ST,GREEN BAY,WI,54303
930 MARTIN LUTHER KING JR BLVD,CHAPEL HILL,NC,27514
1180 E MAIN ST,COLUMBUS,OH,43205
630 W MAIN ST STE 102,WILMINGTON,OH,45177
850 FLOYD ROAD EXT,SPARTANBURG,SC,29307
1400 FLORIDA AVE,MODESTO,CA,95350
12303 NE 130TH LN STE 500,KIRKLAND,WA,98034
2970 CHARTRES ST,LASALLE,IL,61301
6859 SW 18TH ST STE 200,BOCA RATON,FL,33433
2111 E OAKLAND AVE STE B,BLOOMINGTON,IL,61701
541 W. SECOND AVENUE,TWISP,WA,98856
22331 MISSION BLVD,HAYWARD,CA,94541
101 N MERION AVE,BRYN MAWR,PA,19010
3124 CHINA FIR PL,SIMI VALLEY,CA,93065
388 BEN BOLT AVE,TAZEWELL,VA,24651
4311 SALISBURY RD,JACKSONVILLE,FL,32216
130 HIGHLAND AVE,LEWISTOWN,PA,17044
1412 HUDSON AVE,DURHAM,NC,27705
916 PACIFIC AVE 2ND FLOOR,EVERETT,WA,98201
1080 N WESTERN AVE,LOS ANGELES,CA,90029
5 TAMPA GENERAL CIR STE 2,TAMPA,FL,33606
7941 PICARDY AVE,BATON ROUGE,LA,70809
31 CONCORD DR,MONSEY,NY,10952
317 N HICKORY AVE,COOKEVILLE,TN,38501
455 SAINT MICHAELS DR,SANTA FE,NM,87505
506 PARK WAY,MILL VALLEY,CA,94941
600 FITCH ST,ELMIRA,NY,14905
5000 E SHENNUM DR,WASILLA,AK,99654
6701 LAKE COVE CT,SUFFOLK,VA,23435
2439 WALKER ST,GRAND PRAIRIE,TX,75052
29751 LITTLE MACK AVE,ROSEVILLE,MI,48066
11975 MORRIS RD,ALPHARETTA,GA,30005
1111 AMSTERDAM AVE CLARK 2,NY,NY,10025
1830 BLAKE AVE STE 208,GLENWOOD SPRINGS,CO,81601
875 N GREENFIELD RD STE 101,GILBERT,AZ,85234
1945 RTE 33,NEPTUNE,NJ,07753
620 JOHN PAUL JONES CIR STE 275,PORTSMOUTH,VA,23708
35 CASA ST STE 320,SAN LUIS OBISPO,CA,93405
601 ROSARY DR,CORNING,IA,50841
1871 SE TIFFANY AVE,PORT SAINT LUCIE,FL,34952
660 MERRICK RD,BALDWIN,NY,11510
1551 S FLAMINGO WAY,DENVER,CO,80222
1220 EAST 3900 SOUTH,SALT LAKE CITY,UT,84124
1580 VALENCIA ST STE 508,SAN FRANCISCO,CA,94110
420 E 1ST ST,DULUTH,MN,55805
101 PROSPECT ST,LAKEWOOD,NJ,08701
687 MAIN ST,BRANFORD,CT,06405
3175 PROFESSIONAL CT,BAY CITY,MI,48706
9630 MOSES RD,SPRINGBORO,PA,16435
9000 N MAIN ST,DAYTON,OH,45415
86 SW CENTURY DR # 236,BEND,OR,97702
194 S MAIN ST,ROCHESTER,NH,03867
408 C AVE,KALONA,IA,52247
500 HELENDALE RD,ROCHESTER,NY,14609
527 OCEAN AVE,PORTLAND,ME,04103
1032 S CESAR E CHAVEZ DR,MILWAUKEE,WI,53204
855 SEQUOIA CIR,FORT BRAGG,CA,95437
360 COUNTY COMPLEX RD STE 200,CLINTON,NC,28328
2704 N TENAYA WAY,LAS VEGAS,NV,89128
RT 6 BOX 540,GATE CITY,VA,24251
1200 W MAPLE AVE,GENEVA,AL,36340
4855 SW WESTERN AVE,BEAVERTON,OR,97005
499 OCEAN AVE APT 6A,BROOKLYN,NY,11226
29160 CENTER RIDGE RD,WESTLAKE,OH,44145
508 LEGACY PLZ W,LA PORTE,IN,46350
85 HERRICK ST,BEVERLY,MA,01915
930 LAKE BALDWIN LN,ORLANDO,FL,32814
12805 HIGHWAY 55 STE 111,PLYMOUTH,MN,55441
1333 IRIS AVE,BOULDER,CO,80304
801 EASTERN BYP STE 201,RICHMOND,KY,40475
15 RIVERBEND DR SW,ROME,GA,30161
200 ORCHARD ST,NEW HAVEN,CT,06511
2020 E 29TH AVE STE 110,SPOKANE,WA,99203
2726 SANTA CLARA AVE SE,ALBUQUERQUE,NM,87106
621 HAWTHORNE ST,ALEXANDRIA,MN,56308
6833 N KEDZIE AVE APT 405,CHICAGO,IL,60645
26005 RIDGE RD,DAMASCUS,MD,20872
5028 GALLOPING GOOSE WAY,COLORADO SPRINGS,CO,80924
850 MILL ST,RENO,NV,89502
495 TAYLOR RD,MONTGOMERY,AL,36117
9930 KINCEY AVE STE 360,HUNTERSVILLE,NC,28078
400 S CLARK ST,BUTTE,MT,59701
12991 EMERSON RD,APPLE CREEK,OH,44606
6614 E MAIN AVE,SPOKANE VALLEY,WA,99212
75 N CHURCH ST STE B,WAILUKU,HI,96793
83 UPPER RIVERDALE RD SW STE 135,RIVERDALE,GA,30274
14031 LEFFINGWELL RD APT 407,WHITTIER,CA,90604
2641 DEVELOPMENT DR,GREEN BAY,WI,54311
2728 COLLINGWOOD DR,ROUND ROCK,TX,78665
500 W CUMMINGS PARK STE 2950,WOBURN,MA,01801
36375 N GANTZEL RD STE 103,SAN TAN VALLEY,AZ,85140
2001 E MADISON ST,SEATTLE,WA,98122
4801 ALBERTA AVE,EL PASO,TX,79905
11100 SUMMER RIDGE LN,FORT MYERS,FL,33908
1365 CLIFTON RD NE BLDG C,ATLANTA,GA,30322
912 BURNETT ST,WICHITA FALLS,TX,76301
1821 S WEBSTER AVE,GREEN BAY,WI,54301
1170 N ESTRELLA PKWY STE A107,GOODYEAR,AZ,85338
1400 INDIAN AVE,AURORA,IL,60505
740 HIGH ST STE 1004,WILLIAMSPORT,PA,17701
475 NJ-70,LAKEWOOD,NJ,08701
1806 FAIRVIEW AVE,DOTHAN,AL,36301
2001 SANTA MONICA BLVD STE 380,SANTA MONICA,CA,90404
3611 21ST ST,LONG ISLAND CITY,NY,11106
82 HOLLAND ST,ROCHESTER,NY,14605
3100 DUNDEE RD STE 101,NORTHBROOK,IL,60062
530 WASHINGTON HWY STE 8,MORRISVILLE,VT,05661
3621 1/2 S DIXIE HWY,WEST PALM BEACH,FL,33405
301 S 70TH ST STE 200,LINCOLN,NE,68510
6261 N LA CHOLLA BLVD STE 277,TUCSON,AZ,85741
325 HAWTHORNE LN,CHARLOTTE,NC,28204
10771 SW TRADE ST,PORT ST LUCIE,FL,34987
590 COUNTRY CLUB PKWY,EUGENE,OR,97401
1926 W LINCOLN AVE STE A,GOSHEN,IN,46526
4185 ST GEORGE RD,WILLISTON,VT,05495
905 THUNDER RD STE 240,ELIZABETH CITY,NC,27909
110 MEDICAL CENTER DR,HAZARD,KY,41701
1415 PORTLAND AVE,ROCHESTER,NY,14621
11247 QUEENS BLVD,FOREST HILLS,NY,11375
77 THOMAS JOHNSON DR STE J,FREDERICK,MD,21702
2438 ROOSEVELT AVE,BERKELEY,CA,94703
1210 W BRAKER LN,AUSTIN,TX,78758
200 PANTIGO PL STE N,EAST HAMPTON,NY,11937
820 RED ALLEN WAY,NEW ORLEANS,LA,70114
221 W STEWART AVE STE 101,MEDFORD,OR,97501
12414 S ANDRUS RD,CHENEY,WA,99004
119 HENDERSONVILLE RD,ASHEVILLE,NC,28803
75-5751 KUAKINI HWY STE 101A,KAILUA KONA,HI,96740
2241 N 7TH ST,GRAND JUNCTION,CO,81501
1700 OAK AVE,MUSKEGON,MI,49442
1255 GOLFVIEW AVE,BARTOW,FL,33830
6939 COX RD # 360,LIBERTY TOWNSHIP,OH,45069
6405 218TH ST SW STE 202,MOUNTLAKE TERRACE,WA,98043
650 COLISEUM PL,MACON,GA,31217
200 N 400 E,PANGUITCH,UT,84759
S34W34601 COUNTY ROAD C,DOUSMAN,WI,53118
10605 US HWY 301,DADE CITY,FL,33525
3275 APTOS RANCHO RD,APTOS,CA,95003
1225 MONTAGUE AVENUE EXT,GREENWOOD,SC,29649
81 UPPER RIVERDALE RD SW STE 210,RIVERDALE,GA,30274
3903 S COBB DR SE,SMYRNA,GA,30080
805 OVIATT ST,KAUKAUNA,WI,54130
5750 PINELAND DR STE 240,DALLAS,TX,75231
6300 HARRY HINES BLVD,DALLAS,TX,75235
7262 N CASSIE AVE,MILWAUKEE,WI,53224
642 MCCLELLAN STREET,SCHENECTADY,NY,12304
148 E HERSEY ST,ASHLAND,OR,97520
1621 COLUMBIA BLVD,SAINT HELENS,OR,97051
10001 S EASTERN AVE,HENDERSON,NV,89052
86014 PAGES DAIRY RD,YULEE,FL,32097
601 BENTON AVE,NASHVILLE,TN,37204
3535 OLENTANGY RIVER RD,COLUMBUS,OH,43214
43 MAIN ST,AVON BY THE SEA,NJ,07717
703 CATHERINE CREEK RD S,AHOSKIE,NC,27910
437 E STATE ST,TRENTON,NJ,08608
475 PHILIP BLVD STE 100,LAWRENCEVILLE,GA,30046
801 17TH ST NE,WASHINGTON,DC,20002
226 W MORRIS ST,BATH,NY,14810
601 E ALTAMONTE DR,ALTAMONTE SPRINGS,FL,32701
1900 S TUTTLE AVE,SARASOTA,FL,34239
6100 HARRIS PKWY STE 140,FORT WORTH,TX,76132
51 PARK WEST BLVD,AKRON,OH,44320
190 W PARK AVE STE 9,DU BOIS,PA,15801
1560 CLINGMAN ST,GOLDSBORO,NC,27534
640 JACKSON ST,ST PAUL,MN,55101
173 WORCESTER ST,WELLESLEY HILLS,MA,02481
33 W LUGONIA AVE,REDLANDS,CA,92374
2020 SUTTER PL STE 203,DAVIS,CA,95616
80 68TH ST SE STE 301,GRAND RAPIDS,MI,49548
"COLUMBIA UNIVERSITY, ALLEN HOSPITAL DIVISION",NEW YORK,NY,10034
578 N LEAVITT RD,AMHERST,OH,44001
5300 HARROUN RD STE 112,SYLVANIA,OH,43560
6506 BELLS MILL RD,BETHESDA,MD,20817
2555 N KING DR,MILWAUKEE,WI,53212
2210 COUNTRY CLUB RD,INDIANOLA,IA,50125
2875 W 19TH ST,CHICAGO,IL,60623
1260 HIGHWAY 54 W,FAYETTEVILLE,GA,30214
900 FERRY ST,WENATCHEE,WA,98801
1501 TATE BLVD SE,HICKORY,NC,28602
8266 ATLEE RD,MECHANICSVILLE,VA,23116
8223 W 20TH ST,GREELEY,CO,80634
500 SHEPHERD ST STE 200,WINSTON SALEM,NC,27103
1661 SOQUEL DR,SANTA CRUZ,CA,95065
56 EAST AVE,AUSTIN,TX,78701
16850 SE 272ND ST STE 210,COVINGTON,WA,98042
2705 E BURNSIDE ST,PORTLAND,OR,97214
"500 W THOMAS RD STE 720, 730",PHOENIX,AZ,85013
1672 CHURCH AVE,MCKINLEYVILLE,CA,95519
68 E 131ST ST STE 100,NEW YORK,NY,10037
1020 22ND AVE STE B,MERIDIAN,MS,39301
35 MEDICAL CENTER PKWY,AUGUSTA,ME,04330
3831 W 133RD ST,CLEVELAND,OH,44111
2110 W 38TH ST,INDIANAPOLIS,IN,46228
23 HIGH STREET,MONTICELLO,NY,12754
3250 ALPINE RD,PORTOLA VALLEY,CA,94028
333 E CENTERVILLE RD,GARLAND,TX,75041
135 HOWELL RD STE C,TYRONE,GA,30290
1530 S OLIVE ST,LOS ANGELES,CA,90015
2001 CRADDUCK RD,ADA,OK,74820
3506 KENNETT PIKE STE 100,WILMINGTON,DE,19807
225 E MOSIER ST,NORMAN,OK,73069
955 WORTON PARK DR,MAYFIELD VILLAGE,OH,44143
301 FISHER STREET,BILOXI,MS,39534
1600 OVERLAND AVE,BURLEY,ID,83318
1100 S MEDICAL DR,MT PLEASANT,UT,84647
101 E MILLER RD,STERLING,IL,61081
804 S MAIN ST,LENNOX,SD,57039
680 N LAKE SHORE DR,CHICAGO,IL,60611
448 W 57TH ST APT 1C,NEW YORK,NY,10019
3 GLEN COVE DR,ROCKPORT,ME,04856
7431 NE EVERGREEN PKWY,HILLSBORO,OR,97124
1010 WOODSIDE AVE,GREENVILLE,SC,29611
650 SOUTH MOUNT AUBURN ROAD,CAPE GIRARDEAU,MO,63703
1901 W HARRISON ST,CHICAGO,IL,60612
1635 AURORA CT # 3425,AURORA,CO,80045
150 RIVER NORTH BLVD,STEPHENVILLE,TX,76401
720 OLD SNELLVILLE HWY,LAWRENCEVILLE,GA,30044
2255 N WYATT DR,TUCSON,AZ,85712
2935 BECHELLI LN STE A&C,REDDING,CA,96002
2333 ONTARIO RD NW,WASHINGTON,DC,20009
764 W 180 S,SPANISH FORK,UT,84660
4328 13TH ST,ASHLAND,KY,41102
2200 E PARRISH AVE STE 201,OWENSBORO,KY,42303
800 N FANT ST,ANDERSON,SC,29621
54 E OAKLAND AVE,DOYLESTOWN,PA,18901
870 AUSTIN DR STE A,DEMOREST,GA,30535
401 MAIN ST STE 1,JOHNSON CITY,NY,13790
1070 S LAKE DR,LEXINGTON,SC,29073
15949 DAWSON CREEK DR,MONUMENT,CO,80132
2604 E PEMBROKE AVE,HAMPTON,VA,23664
230 BOWDOIN ST.,DORCHESTER,MA,02122
3211 W 20TH ST STE D,GREELEY,CO,80634
200 MESSIMER DRIVE,NEWARK,OH,43055
841 BUCKBOARD DR,NEW LENOX,IL,60451
1215 DUFF AVENUE,AMES,IA,50010
640 LIBERTY ST,PENN YAN,NY,14527
102 MAIN ST STE A,ELLSWORTH,ME,04605
300 WEST AVE,BROCKPORT,NY,14420
517 NIZHONI BLVD,GALLUP,NM,87301
8402 HARCOURT RD STE 300,INDIANAPOLIS,IN,46260
8800 N TRYON ST,CHARLOTTE,NC,28262
5251 W CAMPBELL AVE,PHOENIX,AZ,85031
400 BURDICK EXPY E,MINOT,ND,58701
5750 PINELAND DR STE 300A,DALLAS,TX,75231
801 MCCARTHY BLVD,NEW BERN,NC,28562
7453 LAS COLINAS BLVD,IRVING,TX,75063
3108 MID VALLEY DR,DE PERE,WI,54115
5010 REGENCY PL STE 301,WHITE PLAINS,MD,20695
3000 32ND AVE S,FARGO,ND,58103
2210 E ILLINOIS AVE STE 408,FRESNO,CA,93701
217 ELM TREE LN,LEXINGTON,KY,40507
1415 MILSTEAD RD NE,CONYERS,GA,30012
3260 KERNER BLVD,SAN RAFAEL,CA,94901
1 KLEUPFEL CT,RIDGEWOOD,NY,11385
2323 RIDGE CT,LAWRENCE,KS,66046
2665 STATE ROAD 580,CLEARWATER,FL,33761
905 CULVER RD,ROCHESTER,NY,14609
201 16TH AVE E,SEATTLE,WA,98112
1200 S YORK ST STE 4120,ELMHURST,IL,60126
9650 GROSS POINT RD STE 3900,SKOKIE,IL,60076
249 E HIGHLAND AVE,SAN BERNARDINO,CA,92404
1928 ALCOA HWY STE 205,KNOXVILLE,TN,37920
1615 MAPLE LN STE 1,ASHLAND,WI,54806
3535 S LAFAYETTE ST,ENGLEWOOD,CO,80113
2801 SE 1ST AVE STE 101,OCALA,FL,34471
509 W UNIVERSITY AVE,URBANA,IL,61801
3630 LAS ESTANCIAS DR SW,ALBUQUERQUE,NM,87121
736 CAMBRIDGE ST,BOSTON,MA,02135
620 CHURCHMANS RD STE 101,NEWARK,DE,19702
1103 MEESE RD NE,LOUISVILLE,OH,44641
507 W MAIN ST,HOHENWALD,TN,38462
36000 DARNALL LOOP,FT. HOOD,TX,76544
4401 N CAMPUS RDG DR STE LL110,MIDLAND,MI,48640
5979 E GRANT RD,TUCSON,AZ,85712
7335 SE 85TH AVE.,PORTLAND,OR,97266
3436 MARY ELDER RD NE # RS,OLYMPIA,WA,98506
405 HURFFVILLE CROSSKEYS RD,SEWELL,NJ,08080
157 MAIN ST,BROCKTON,MA,02301
1514 JEFFERSON HWY,NEW ORLEANS,LA,70121
5819 N FM 88,WESLACO,TX,78599
3469 NEW HIGHWAY 68,MADISONVILLE,TN,37354
125 OCEAN AVE APT 5D,BROOKLYN,NY,11225
7117 DUTCHLAND PKWY,LIBERTY TOWNSHIP,OH,45044
2790 GODWIN BLVD STE 360,SUFFOLK,VA,23434
545 E 142ND ST,BRONX,NY,10454
100 AMIDON DR,SYRACUSE,NY,13205
9171 KEY COMMONS CT,MANASSAS,VA,20110
1185 FALMOUTH RD,CENTERVILLE,MA,02632
8200 SW 117TH AVE STE 304,MIAMI,FL,33183
4923 US ROUTE 5,WESTMINSTER,VT,05158
601 E 14TH ST,SEDALIA,MO,65301
3730 RHONE CIR STE 101,ANCHORAGE,AK,99508
6747 OLD CORNELIA HWY,LULA,GA,30554
NAVAL HOSPITAL CAMP LEJEUNE,CAMP LEJEUNE,NC,28547
2101 COURAGE DR,FAIRFIELD,CA,94533
2102 OXFORD AVE STE A,LUBBOCK,TX,79410
1871 SE TIFFANY AVE STE 200,PORT ST LUCIE,FL,34952
240 W FRONT ST STE A,PORT ANGELES,WA,98362
1011 BALDWIN PARK BLVD,BALDWIN PARK,CA,91706
524 PENNSYLVANIA AVE,SAN FRANCISCO,CA,94107
901 W LINCOLN AVE,WHEATON,IL,60187
905 S MAIN ST,SHATTUCK,OK,73858
4309 W 27TH PL STE 300,KENNEWICK,WA,99338
150 N VERDE ST STE 101,FLAGSTAFF,AZ,86001
1400 BELLINGER STREET,EAU CLAIRE,WI,54703
3650 JOSEPH SIEWICK DR STE 203,FAIRFAX,VA,22033
29101 HEALTH CAMPUS DR,WESTLAKE,OH,44145
800 COMPASSION WAY,DODGEVILLE,WI,53533
1948 OLD OCILLA RD,TIFTON,GA,31794
9000 W SURA LN,GREENFIELD,WI,53228
316 EISENHOWER PKWY,LIVINGSTON,NJ,07039
504 W UNIVERSITY DR,MESA,AZ,85201
1501 MAPLE AVE STE 100,RICHMOND,VA,23226
4545 E 9TH AVE STE 502,DENVER,CO,80220
1000 ATLANTIC AVE STE 170,CAMDEN,NJ,08104
4033 TALBOT RD S,RENTON,WA,98055
10502 CARAVAN DR,HOUSTON,TX,77031
1475 MOUNT HOOD AVE,WOODBURN,OR,97071
5525 S PULASKI RD,CHICAGO,IL,60629
4 SKYLINE DR,HAWTHORNE,NY,10532
1701 SOUTH BLVD E STE 200,ROCHESTER HILLS,MI,48307
5935 SE BELMONT ST,PORTLAND,OR,97215
110 WASHINGTON ST,MANISTEE,MI,49660
10065 E HARVARD AVE,DENVER,CO,80231
13639 GREENCASTLE PIKE,HAGERSTOWN,MD,21740
601 PROFESSIONAL DRIVE,LAWRENCEVILLE,GA,30046
30 COLUMBIA ST,POUGHKEEPSIE,NY,12601
116 S GEORGE ST,YORK,PA,17401
13951 TERRACE RD,EAST CLEVELAND,OH,44112
UNIVERSITY OF COLORADO HOSPITAL,AURORA,CO,80045
1411 PIEDMONT CUTOFF,GADSDEN,AL,35903
81 MINNA ST FL 1,BROOKLYN,NY,11218
1425 BROADWAY,EVERETT,WA,98201
2221 MURPHY AVE,NASHVILLE,TN,37203
16601 NE 19TH AVE,NORTH MIAMI BEACH,FL,33162
1705 AMHERST ST STE 203,WINCHESTER,VA,22601
7980 NEW LA GRANGE RD STE 7,LOUISVILLE,KY,40222
1351 NEWTOWN PIKE BLDG 1,LEXINGTON,KY,40511
2140 BABCOCK RD,SAN ANTONIO,TX,78229
2 PARK AVE,YONKERS,NY,10703
2131 EAST STATE ST.,ATHENS,OH,45701
2215 PORTLAND AVE,LOUISVILLE,KY,40212
2606 CHICAGO AVE,MINNEAPOLIS,MN,55407
1 FM 3351 S STE 135,BOERNE,TX,78006
7901 BROADWAY,ELMHURST,NY,11373
845 S DAMEN AVE # MC802,CHICAGO,IL,60612
4801 ALBERTA AVE.,EL PASO,TX,79905
130 SECOND AVE,WALTHAM,MA,02451
1030 INTERNATIONAL BLVD,OAKLAND,CA,94606
7285 S NEWPORT WAY,CENTENNIAL,CO,80112
1823 N LOCUST ST,DENTON,TX,76201
1532 LONE OAK RD STE 245,PADUCAH,KY,42003
1611 POND RD STE 300,ALLENTOWN,PA,18104
1332 SOUTHERN DR,STATESBORO,GA,30460
9195 GRANT ST STE 410,THORNTON,CO,80229
1577 E CHEVY CHASE DR,GLENDALE,CA,91206
3600 W PARMER LN,AUSTIN,TX,78727
1665 UTICA AVE S,SAINT LOUIS PARK,MN,55416
47 ASSUMPTION ST,NEW HAVEN,CT,06513
85 W BURNSIDE AVE,BRONX,NY,10453
1304 HODGES DR,TALLAHASSEE,FL,32308
4701 SANGAMORE RD STE N100,BETHESDA,MD,20816
40 ROBERT PITT DR,MONSEY,NY,10952
520 EDENS RD,PICKENS,SC,29671
190 HANDLEY RD,TYRONE,GA,30290
5741 BEE RIDGE RD,SARASOTA,FL,34233
21 GRAND ST,HARTFORD,CT,06106
3181 SW JACKSON PARK BLVD,PORTLAND,OR,97239
10775 PIONEER TRL STE 215,TRUCKEE,CA,96161
79 DOYLE ST,TOCCOA,GA,30577
59 OLD ROAD TO 9 ACRE COR,CONCORD,MA,01742
414 VIRGINIA ST,BUFFALO,NY,14201
534 W 135TH ST,NEW YORK,NY,10031
590 MEDICAL CENTER ROAD,FORT HOOD,TX,76544
1155 E MOUNTAIN BLVD,WILKES BARRE,PA,18702
11760 SW 40 STREET,MIAMI,FL,33175
162-41 POWELLS COVE BLVD,WHITESTONE,NY,11357
520 UPPER CHESAPEAKE DR STE 301,BEL AIR,MD,21014
2522 N PROCTOR ST STE 169,TACOMA,WA,98406
2001 DWIGHT WAY,BERKELEY,CA,94704
11 UPPER OVERLOOK RD,SUMMIT,NJ,07901
3260 PROVIDENCE DR. STE. #425,ANCHORAGE,AK,99508
1407 W BITTERS RD STE 103,SAN ANTONIO,TX,78248
30 NEWCROSSING RD,READING,MA,01867
1901 S UNION AVE STE B3010,TACOMA,WA,98405
68 MCDOWELL STREET,ASHEVILLE,NC,28801
12303 NE 130TH LN STE CORAL320,KIRKLAND,WA,98034
5350 EASTERN AVE.,DAVENPORT,IA,52807
785 PRIMERA BLVD STE 1031,LAKE MARY,FL,32746
459 PATTERSON RD,HONOLULU,HI,96819
6403 BRIGGS RD,HAMILTON,NY,13346
1452 W LONG AVE,LITTLETON,CO,80120
580 NEW WAVERLY PL,CARY,NC,27518
1883 N 1120 W,PROVO,UT,84604
770 NORTHPOINT PKWY STE 200,WEST PALM BEACH,FL,33407
4181 HOSPITAL DR.,COVINGTON,GA,30014
2 H ST,SAN RAFAEL,CA,94901
1828 IMPERIAL RDG,LAS CRUCES,NM,88011
1647 WHITE WATER CT,TOMS RIVER,NJ,08755
4226 KING ST,ALEXANDRIA,VA,22302
1902 JEFFERSON ST,EUGENE,OR,97405
1901 RANDOLPH RD,CHARLOTTE,NC,28207
2026 LEE RD,CLEVELAND HEIGHTS,OH,44118
85 LAFAYETTE ST,NEW BRITAIN,CT,06051
4331 CHURCHMAN AVE STE 101,LOUISVILLE,KY,40215
10 CAMELIA AVE,CAMBRIDGE,MA,02139
7035 CONVOY CT,SAN DIEGO,CA,92111
303 EAST ROSEBORO ST,ROSEBORO,NC,28382
3036 NE MLK JR BLVD,PORTLAND,OR,97212
74 MAPLE ST,FLORENCE,MA,01062
145 APPLECROSS RD,PINEHURST,NC,28374
9141 GRANT ST,THORNTON,CO,80229
209 E CARVER ST,DURHAM,NC,27704
792 N MAIN ST STE 200,NORTH SYRACUSE,NY,13212
16580 HUEBNER RD,SAN ANTONIO,TX,78248
6 ROSEMOUNT DR,CONWAY,AR,72034
16045 1ST AVE S FL 2,BURIEN,WA,98148
3438 LAWTON RD STE 1A,ORLANDO,FL,32803
4602 N ARMENIA AVE STE 200,TAMPA,FL,33603
915 TATE BLVD SE STE 170,HICKORY,NC,28602
800 E DAWSON ST,TYLER,TX,75701
2636 S LOOP W STE 550,HOUSTON,TX,77054
106 WEST NORTH STREET,CORTEZ,CO,81321
8200 W SUNRISE BLVD STE A4,PLANTATION,FL,33322
UT SOUTHWESTERN OB-GYN 5323 HARRY HINES BLVD,DALLAS,TX,75390
911 W. HUDSON BLVD,GASTONIA,NC,28056
307 BOATNER RD SUITE 114,EGLIN AFB,FL,32542
6980 EASTONDALE AVE,LONG BEACH,CA,90805
2221 NORTH BLVD W,DAVENPORT,FL,33837
907 MAR WALT DR,FORT WALTON BEACH,FL,32547
165 ROUTE 73,VOORHEES,NJ,08043
220 CHURCH ST,NEW YORK,NY,10013
1451 HOSPITAL DR STE 202,FREDERICKSBURG,VA,22401
4545 CORDATA PKWY,BELLINGHAM,WA,98226
812 COURTYARD DR,HILLSBOROUGH,NJ,08844
400 W BLACKWELL ST,DOVER,NJ,07801
2183 OCEAN AVE,BROOKLYN,NY,11229
34433 BUILDINGSTONE ST,WEBSTER,FL,33597
2120 BLADENSBURG RD NE,WASHINGTON,DC,20018
3830 OLENTANGY RIVER RD,COLUMBUS,OH,43214
928 N GLENWOOD BLVD,TYLER,TX,75702
2400 N ROCKTON AVE,ROCKFORD,IL,61103
201 S 2ND ST,FULTON,NY,13069
206 CORNELIA ST STE 202,PLATTSBURGH,NY,12901
1701 SOUTH BLVD E,ROCHESTER HILLS,MI,48307
9750 LEVIN RD NW,SILVERDALE,WA,98383
1733 LAKELAND HILLS BLVD,LAKELAND,FL,33805
155 BRIDGETON PIKE,MULLICA HILL,NJ,08062
11351 S FRONTAGE RD,YUMA,AZ,85367
2152 S VINEYARD STE 138,MESA,AZ,85210
3660 W BETHANY HOME RD,PHOENIX,AZ,85019
2451 BEE RIDGE RD,SARASOTA,FL,34239
225 RABRO DRIVE EAST,HAUGGAUGE,NY,11788
BELLA VITA HEALTHCARE,COTTONWOOD,AZ,86326
195 SCHOOL ST,HYDEN,KY,41749
1548 MAIN ST,WILLIMANTIC,CT,06226
HALL HEALTH CTR,SEATTLE,WA,98195
ONE BROOKDALE PLAZA,BROOKLYN,NY,11212
1245 S CEDAR CREST BLVD STE 201,ALLENTOWN,PA,18103
18035 BROOKHURST STREET,FOUNTAIN VALLEY,CA,92708
797 W CHILDS AVE,MERCED,CA,95341
9702 BLACKFOOT DR,BAKERSFIELD,CA,93312
333 SE 7TH AVE STE 5500,HILLSBORO,OR,97123
1426 W IRVING PARK RD STE 1,CHICAGO,IL,60613
462 1ST AVE,NEW YORK,NY,10016
350 30TH ST STE 205,OAKLAND,CA,94609
1100 WESCOTT DR,FLEMINGTON,NJ,08822
250 MEMORIAL DR,JACKSONVILLE,NC,28546
101 E WOOD ST,SPARTANBURG,SC,29303
1106 4TH AVE,MOLINE,IL,61265
9578 TREVI CT UNIT 5116,NAPLES,FL,34113
1309 S UNIVERSITY DR,NACOGDOCHES,TX,75961
39 BEAM LN,FISHERSVILLE,VA,22939
111 RALEY BLVD,CHICO,CA,95928
328 W MAIN ST,LEWISVILLE,TX,75057
3838 CALIFORNIA ST RM 805,SAN FRANCISCO,CA,94118
1098 W BALTIMORE PIKE STE 3106,MEDIA,PA,19063
1314 S LINDEN RD,FLINT,MI,48532
13700 ST FRANCIS BLVD,MIDLOTHIAN,VA,23114
1622 E TURKEYFOOT LAKE RD,AKRON,OH,44312
2109 SUMNER AVE,ABERDEEN,WA,98520
315 WINN WAY,DECATUR,GA,30030
1407 N TRACY BLVD,TRACY,CA,95376
3130 HIGHLAND AVE,CINCINNATI,OH,45219
630 TURNPIKE ST,NORTH ANDOVER,MA,01845
3131 ALUM ROCK AVE,SAN JOSE,CA,95127
737 CHAUCER CIR,FORT MILL,SC,29708
6750 N PINE ISLAND RD,TAMARAC,FL,33321
8 BARRISTERS ROW,WAPPINGERS FALLS,NY,12590
NORTH FORK FAMILY PRACTICE,CUTCHOGUE,NY,11935
4000 GARTH RD STE 200,BAYTOWN,TX,77521
350 NW 84TH AVE STE 200,PLANTATION,FL,33324
409 E GREENVILLE AVE,WINCHESTER,IN,47394
106 S WHITCOMB AVE,TONASKET,WA,98855
2992 S GRAPE WAY,DENVER,CO,80222
240 PARSONS AVE,COLUMBUS,OH,43215
6332 GABRIELA TRL,KALAMAZOO,MI,49009
4500 CLARA ST,NEW ORLEANS,LA,70115
414 5TH AVE,ALBANY,GA,31701
2185 PACHECO ST,CONCORD,CA,94520
6261 N LA CHOLLA BLVD STE 2,TUCSON,AZ,85741
1672 81ST ST APT 3,BROOKLYN,NY,11214
91 E CONCORD ST,BOSTON,MA,02118
3070 11TH AVENUE DR SE,HICKORY,NC,28602
320 PELHAM AVE SW STE 301,HUNTSVILLE,AL,35801
1400 S POTOMAC,AURORA,CO,80012
401 E CHESTNUT ST UNIT 410,LOUISVILLE,KY,40202
949 NEW HOLLAND RD,READING,PA,19607
500 E 7TH ST,PLATTE,SD,57369
832 PRINCETON AVE SW,BIRMINGHAM,AL,35211
1305 1ST AVE SW,AUSTIN,MN,55912
200 MAIN ST STE 2&6,SETAUKET,NY,11733
141 MASCOMA ST,LEBANON,NH,03766
755 COMMERCE DR STE 301,DECATUR,GA,30030
14730 NE 8TH ST,BELLEVUE,WA,98007
715 S 3RD ST,MONTROSE,CO,81401
405 LONDONDERRY DR STE 204,WACO,TX,76712
50 E HOSPITAL ST,MANNING,SC,29102
198 NC HIGHWAY 45 N,PLYMOUTH,NC,27962
427 E CENTRAL AVE,WINTER HAVEN,FL,33880
13160 JERUSALEM HILL RD. NW,SALEM,OR,97304
1624 GUNBARREL RD,CHATTANOOGA,TN,37421
4017 HIGHWAY 17,MURRELLS INLET,SC,29576
960 JOHNSON FY RD NE STE 210,ATLANTA,GA,30342
ONE HOSPITAL RD,OAK BLUFFS,MA,02557
475 WEST 940 NORTH,PROVO,UT,84604
4001 FAIR RIDGE DR STE 304,FAIRFAX,VA,22033
23 UPPER PLAIN,BRADFORD,VT,05033
7450 S MASON MONTGOMERY RD UNIT 201,MASON,OH,45040
5842 RINGNECK RD,CHARLOTTE,NC,28216
50 UNION ST # 3200,ELLSWORTH,ME,04605
129 HIDEAWAY LOOP,MISSION VIEJO,CA,92692
1630 EUCLID ST NW,WASHINGTON,DC,20009
609 WASHINGTON ST FL 2,HOBOKEN,NJ,07030
9300 E 29TH ST N STE 201,WICHITA,KS,67226
901 HARRY S TRUMAN DR N,UPPER MARLBORO,MD,20774
1224 8TH AVE,BROOKLYN,NY,11215
520 WHITE PLAINS RD STE 500,TARRYTOWN,NY,10591
1720 NICHOLASVILLE RD STE 702,LEXINGTON,KY,40503
100 MADISON AVE,TOLEDO,OH,43604
128 MOTT STREET SUITE 501,NEW YORK,NY,10013
CORNER OF ROUTE N7 AND N12,FORT DEFIANCE,AZ,86504
1611 CAMBRIDGE ST,CAMBRIDGE,MA,02138
ADDRESS: 4422 3RD AVE,BRONX,NY,10457
1692 CHATHAM PARKWAY,SAVANNAH,GA,31405
30999 COUNTY ROAD 15,FT LYON,CO,81038
4208 EVERGREEN LN STE 213,ANNANDALE,VA,22003
2005 FRANKLIN ST,DENVER,CO,80205
88 MCGREGOR ST STE 204,MANCHESTER,NH,03102
2795 LOMA VISTA RD,VENTURA,CA,93003
170 MEDICAL PARK RD,MOORESVILLE,NC,28117
725 WELCH RD,PALO ALTO,CA,94304
3010 COLBY ST STE 210,BERKELEY,CA,94705
107 E CHESTNUT ST,ROME,NY,13440
1945 US HIGHWAY 22 W,UNION,NJ,07083
606 24TH AVE S STE 300,MINNEAPOLIS,MN,55454
3750 WOODWARD AVE,DETROIT,MI,48201
9 LIVINGSTON ST,BINGHAMTON,NY,13903
323 N PRAIRIE AVE # 21O,INGLEWOOD,CA,90301
161 ALPINE DR,SHELBYVILLE,KY,40065
PEOPLE'S COMMUNITY CLINIC,AUSTIN,TX,78722
3455 SW US VETERANS HOSPITAL RD,PORTLAND,OR,97239
902 FROSTWOOD DR,HOUSTON,TX,77024
2048 CROSS COUNTY RD,MINERAL,VA,23117
200 UNIVERSITY AVE E,SAINT PAUL,MN,55101
2580 HAYMAKER RD STE 201,MONROEVILLE,PA,15146
1780 W 45TH ST,JACKSONVILLE,FL,32209
36-11 21ST STREET,LONG ISLAND CITY,NY,11106
3732 NEW VISION DR,FORT WAYNE,IN,46845
2220 MARQUETTE RD,PERU,IL,61354
517 ROSE ST,LAS VEGAS,NV,89106
195 FORE RIVER PKWY,PORTLAND,ME,04102
50 CENTRACARE DR,LONG PRAIRIE,MN,56347
239 CRANSTON ST,PROVIDENCE,RI,02907
1860 PENNSYLVANIA AVE STE 300,FAIRFIELD,CA,94533
1201 E CENTENNIAL DR,PITTSBURG,KS,66762
1100 N PARROTT AVE,OKEECHOBEE,FL,34972
6939 COX RD,LIBERTY TOWNSHIP,OH,45069
411 DURHAM RD,MADISON,CT,06443
516 E NIZHONI BLVD,GALLUP,NM,87301
1167 NOSTRAND AVE,BROOKLYN,NY,11225
472 RANKIN DR,MARION,NC,28752
13640 STEELECROFT PKWY,CHARLOTTE,NC,28278
N6520 LUMBERJACK GUY RD,BLACK RIVER FALLS,WI,54615
921B JASONWAY AVE,COLUMBUS,OH,43214
4967 CROOKS RD,TROY,MI,48098
441 N LAKEVIEW AVE,ANAHEIM,CA,92807
30 STEVENS ST,NORWALK,CT,06850
353 BLAIR PARK RD,WILLISTON,VT,05495
1505 SOQUEL DR STE 5A,SANTA CRUZ,CA,95065
111 N ORANGE AVE STE 800,ORLANDO,FL,32801
1522 BUSH ST,SAN FRANCISCO,CA,94109
1900 10TH AVE STE 300,COLUMBUS,GA,31901
4820 MEDICAL CENTER DR STE 510,MCKINNEY,TX,75069
96 ARTS CIR,KINGSTON,NY,12401
409 HALSEY ST,BROOKLYN,NY,11233
7502 STATE RD STE 4410,CINCINNATI,OH,45255
1001 NW 13TH ST STE 101A,BOCA RATON,FL,33486
314 JEFFERSON AVE,BROOKLYN,NY,11216
2000 OLATHE BLVD,KANSAS CITY,KS,66160
335 KATHERINE AVE,SALINAS,CA,93901
LANDSTUHL MEDICAL CENTER,APO,AE,09180
3400 CALIFORNIA AVE SW,SEATTLE,WA,98116
20420 VICTORY CT,SANTA CLARITA,CA,91350
101 BACON ST,PAWTUCKET,RI,02860
8028 CARNEGIE BLVD STE 300,FORT WAYNE,IN,46804
15536 GUINN LN,CULPEPER,VA,22701
5831 FIRESTONE BLVD STE E,SOUTH GATE,CA,90280
1111 E END BLVD,WILKES BARRE,PA,18711
5130 SOUTHPORT SUPPLY RD SE,SOUTHPORT,NC,28461
4630 CAMPUS DR STE 112,NEWPORT BEACH,CA,92660
3 SIXTH STREET,POINT REYES,CA,94956
100 PEACH ST STE 300,ERIE,PA,16507
1026 7TH ST W,SAINT PAUL,MN,55102
600 S LAKEVIEW ST,STURGIS,MI,49091
100 CHURCH ST S,NEW HAVEN,CT,06519
147 N BRENT ST,VENTURA,CA,93003
12 S 8TH ST,YAKIMA,WA,98901
980 W IRONWOOD DR STE 306,COEUR D ALENE,ID,83814
2 TREE FARM RD,PENNINGTON,NJ,08534
1540 LAKE LANSING RD,LANSING,MI,48912
34 SYCAMORE AVE,LITTLE SILVER,NJ,07739
441 W HAY ST FL 1,DECATUR,IL,62526
2414 E PLAZA DR,TALLAHASSEE,FL,32308
8121 CENTER RUN DR,INDIANAPOLIS,IN,46250
1825 WOODWINDS DR,WOODBURY,MN,55125
10521 MERIDIAN AVE N,SEATTLE,WA,98133
2801 BAY PARK DR,OREGON,OH,43616
1575 HIGHLANDS DR STE 101,LITITZ,PA,17543
715 COOLIDGE ST STE B,LAFAYETTE,LA,70503
407 EAST AVE,PAWTUCKET,RI,02860
6500 EXCELSIOR BLVD,SAINT LOUIS PARK,MN,55426
550 PEACHTREE ST NE STE 1165,ATLANTA,GA,30308
1 MERCADO ST STE 145,DURANGO,CO,81301
9208 SW 24TH ST STE 408,OKLAHOMA CITY,OK,73128
250 EAST BLUE HILL ROAD,BLUE HILL,ME,04614
251 COHASSET RD,CHICO,CA,95926
1150 RESERVOIR AVE STE 300,CRANSTON,RI,02920
1459 47TH AVE,SAN FRANCISCO,CA,94122
2009 OLD LAFAYETTE RD,FT OGLETHORPE,GA,30742
622 HEMPHILL ST,FORT WORTH,TX,76104
1320 2ND AVE E,KALISPELL,MT,59901
1075 CAMINO DEL RIO S,SAN DIEGO,CA,92108
4660 KENMORE AVE STE 902,ALEXANDRIA,VA,22304
397 LOUISIANA ST,BUFFALO,NY,14204
2810 W CHARLESTON BLVD STE 78,LAS VEGAS,NV,89102
29 UPPER RIVERDALE RD SW,RIVERDALE,GA,30274
6441 W 81ST ST,TULSA,OK,74131
2500 ENGLISH CREEK AVE,EGG HARBOR TOWNSHIP,NJ,08234
993 JOHNSON FERRY RD NE # D,ATLANTA,GA,30342
4181 HOSPITAL DR NE STE 104,COVINGTON,GA,30014
325 N SAINT PAUL ST STE 3100,DALLAS,TX,75201
347 SMITH AVE N,SAINT PAUL,MN,55102
157 13TH ST # V10,BROOKLYN,NY,11215
5955 AIRPORT BLVD.,MOBILE,AL,36608
330 LAUREL ST STE 2300,DES MOINES,IA,50314
PO BOX 500409,SAIPAN,MP,96950
400 CELEBRATION PL,CELEBRATION,FL,34747
777 KNOWLES DR STE 11,LOS GATOS,CA,95032
3 ALUMNI DR STE 401,EXETER,NH,03833
7100 CAMINO REAL STE 301,BOCA RATON,FL,33433
3931 LOUISIANA AVE S,ST LOUIS PARK,MN,55426
1355 MADISON ST,HOLLYWOOD,FL,33019
183 TALCOTT RD,WILLISTON,VT,05495
8375 NW 53RD TER,DORAL,FL,33166
1701 W 72ND AVE,DENVER,CO,80221
RR 3 BOX 169,KUNKLETOWN,PA,18058
70-10 AUSTIN STREET,FOREST HILLS,NY,11375
583 SUMMERFIELD RD,SANTA ROSA,CA,95405
382 CENTRAL PARK W APT 14X,NEW YORK,NY,10025
1395 S STATE ROAD 7,WELLINGTON,FL,33414
74 ROUTE 9 STE 4,ENGLISHTOWN,NJ,07726
150 S BROADWAY,NYACK,NY,10960
6617 FM 2920 RD STE 200,SPRING,TX,77379
250 MAIN ST STE A,MADISON,NJ,07940
24511 W JAYNE AVE,COALINGA,CA,93210
22 WILSON AVE NE STE 205,SAINT CLOUD,MN,56304
2 S CASCADE,COLORADO SPRINGS,CO,80903
4918 W CLARK RD,YPSILANTI,MI,48197
10 S 2000 E # SLC,SALT LAKE CITY,UT,84112
1925B AILOR AVENUE,KNOXVILLE,TN,37921
840 E HILL AVE,MOSES LAKE,WA,98837
"2301 EVESHAM RD BLDG 800, STE 122",VOORHEES,NJ,08043
30 ATHOL RD,ATHOL,MA,01331
1871 SE TIFFANY AVE,PORT ST LUCIE,FL,34952
648 OLD MILL RD,MILLERSVILLE,MD,21108
309 HOLLY LN,MANKATO,MN,56001
1492 S. MILL AVE.,TEMPE,AZ,85281
833 CHESTNUT ST FL 1,PHILADELPHIA,PA,19107
4700 S I 10 SERVICE RD W,METAIRIE,LA,70001
20 POWELL AVE,NEWPORT,RI,02840
1500 CITYWEST BLVD,HOUSTON,TX,77042
2000 MEADE PARKWAY,SUFFOLK,VA,23434
215 WASHINGTON ST,GRAFTON,WI,53024
1001 MAIN ST STE 300,PEORIA,IL,61606
350 VIRGINIA AVE,SEAFORD,DE,19973
21 LEDGEBROOK DR,MANSFIELD CENTER,CT,06250
2801 S STAUNTON RD,HUNTINGTON,WV,25702
930 COMMONWEALTH AVE,BOSTON,MA,02215
RUSH CENTRAL CLINIC,MERIDIAN,MS,39301
7900 LEES SUMMIT RD,KANSAS CITY,MO,64139
719 RODEL CV,LAKE MARY,FL,32746
406 WELCH ST,SILVERTON,OR,97381
575 W PIKE ST STE 1,LAWRENCEVILLE,GA,30046
1505 DELAWARE AVE,FORT PIERCE,FL,34950
YALE SCHOOL OF NURSING,ORANGE,CT,06477
OAKWOOD HOSPITAL 18101 OAKWOOD BLVD,DEARBORN,MI,48124
501 E HAMPDEN AVE FL 5,ENGLEWOOD,CO,80113
1200 7TH AVE N STE 240,ST PETERSBURG,FL,33705
101 HILLSIDE AVE STE 101,WILLISTON PARK,NY,11596
1551 BISHOP ST STE B240,SAN LUIS OBISPO,CA,93401
26 BEACON ST APT 3,CONCORD,NH,03301
354 E 500 S,CLEARFIELD,UT,84015
5172 VILLAGE CREEK DR STE 101,PLANO,TX,75093
619 S CLARK AVE,LYONS,KS,67554
2613 8TH AVE,ALTOONA,PA,16602
2315 MYRTLE ST STE 290,ERIE,PA,16502
10 DUKE MEDICINE CIR,DURHAM,NC,27710
100 KINGSLEY LN,NORFOLK,VA,23505
1680 EAGLE HARBOR PKWY STE A,ORANGE PARK,FL,32003
3535 W 13 MILE RD STE 140,ROYAL OAK,MI,48073
3600 STELZER RD STE 220,COLUMBUS,OH,43219
1890 SILVER CROSS BLVD STE 420,NEW LENOX,IL,60451
3111 GUNDERSON RD,ONALASKA,WI,54650
20 HOUSTON ST,STATEN ISLAND,NY,10302
114 E CLINTON AVE,BERGENFIELD,NJ,07621
46 DAGGETT DR STE 2B,WEST SPRINGFIELD,MA,01089
403 N GRAND AVE STE 101,WAUKESHA,WI,53186
1010 PENSACOLA ST,HONOLULU,HI,96814
2761 FALLON CIR,SIMI VALLEY,CA,93065
1900 ELECTRIC RD STE 1030,SALEM,VA,24153
1428 CONSTELLATION DR,ALLEN,TX,75013
20 POWEL AVE,NEWPORT,RI,02840
46 PRINCE ST,NEW HAVEN,CT,06519
716 BROAD ST,CLIFTON,NJ,07013
8 E GATE DR,MOUNT SINAI,NY,11766
502A 9TH ST,BROOKLYN,NY,11215
9800 BROADWAY EXT STE 200,OKLAHOMA CITY,OK,73114
175 RAINIER LN STE 9,ST JOHNS,FL,32259
4500 SAN PABLO RD S,JACKSONVILLE,FL,32224
755 PULASKI RD,GREENLAWN,NY,11740
1580 COMMANCHE AVE,GREEN BAY,WI,54313
401 SAN MATEO BLVD SE,ALBUQUERQUE,NM,87108
18543 1ST AVE NE,SHORELINE,WA,98155
44 S MAIN ST,RANDOLPH,VT,05060
2590 VENTURE OAKS WAY STE 103,SACRAMENTO,CA,95833
436 & 5TH STREET TED STEVENS WAY,KOTZEBUE,AK,99752
700 ACADEMY ST S,AHOSKIE,NC,27910
3200 NW 33RD ST,OAKLAND PARK,FL,33309
4831 ANTIOCH RD,OVERLAND PARK,KS,66203
2156 CHAMBER CENTER DR,LAKESIDE PARK,KY,41017
859 MANKATO AVENUE,WINONA,MN,55987
920 N HAMILTON RD,GAHANNA,OH,43230
555 EAST VALLEY PARKWAY,ESCONDIDO,CA,92025
920 N 8TH ST,HOLLIS,OK,73550
125 LATTIMORE RD STE 200,ROCHESTER,NY,14620
1520 S BRYANT AVE,EDMOND,OK,73013
100 LAKE TRAVERSE DR,SISSETON,SD,57262
3122 BLACKISTON MILL RD,NEW ALBANY,IN,47150
143 ASHELAND AVE,ASHEVILLE,NC,28801
527 OCEAN AVE,PORTLAND,ME,04101
202 S PARK ST,MADISON,WI,53715
100 DUKE HEALTH CARY PL STE 310,CARY,NC,27519
300 CONGRESS ST STE 102,QUINCY,MA,02169
818 MADISON AVE,NEW YORK,NY,10065
494 N MAIN ST,KALISPELL,MT,59901
4515 N 199TH DR,LITCHFIELD PARK,AZ,85340
73 CLAWSON ST,STATEN ISLAND,NY,10306
40 PRINCE ST.,NEW HAVEN,CT,06519
25012 DUNTERRY CT,GAITHERSBURG,MD,20882
1638 OWEN DR,FAYETTEVILLE,NC,28304
5 TAMPA GENERAL CIR,TAMPA,FL,33606
2000 NORTH AVE,NORTHFIELD,MN,55057
6215 RAVENNA AVE NE,SEATTLE,WA,98115
900 HOPE WAY,ALTAMONTE SPRINGS,FL,32714
100 S. BOYLAN AVE,RALEIGH,NC,27603
3075 ADELINE ST STE 270,BERKELEY,CA,94703
1 ERIE CT STE 7120,OAK PARK,IL,60302
1151 ROBESON ST STE 201,FALL RIVER,MA,02720
5019 S WESTERN AVE STE 200,SIOUX FALLS,SD,57108
212 W DALE ST STE 402,WATERLOO,IA,50703
6179 S ARCHER AVE,CHICAGO,IL,60638
330 W 58TH ST,NEW YORK,NY,10019
829 F ST,FRESNO,CA,93706
123 3RD ST SE,MASSILLON,OH,44646
20 WINTER ST,PEMBROKE,MA,02359
260 S KIPLING ST,LAKEWOOD,CO,80226
3345 S HARVARD AVE STE 201,TULSA,OK,74135
202 E MORRIS DR,PHOENIX,AZ,85012
1650 COCHRANE CIR DEPT OF,FORT CARSON,CO,80913
4538 N HERMITAGE AVE,CHICAGO,IL,60640
11676 LITTLE RIVER WAY,PARRISH,FL,34219
365 EAST ST,TEWKSBURY,MA,01876
1373 E STATE ROAD 62 STE 2F,MADISON,IN,47250
19 TYLER ST,NASHUA,NH,03060
1090 S WADSWORTH BLVD UNIT C3183,LAKEWOOD,CO,80226
10524 MOSS PARK RD STE 204-603,ORLANDO,FL,32832
9210 GOLFCOURSE RD NW,ALBUQUERQUE,NM,87114
68 HARRIS BUSHVILLE RD,HARRIS,NY,12742
2503 S MAIN ST,STAFFORD,TX,77477
5303 OLD SAN JOSE RD,SOQUEL,CA,95073
16 HOSPITAL DR,YORK,ME,03909
3714 GUARDIAN AVE STE W,MOREHEAD CITY,NC,28557
1585 3RD ST,FORT POLK,LA,71459
170 VILLAGE CENTER BLVD,MYRTLE BEACH,SC,29579
5285 S 400 E,WASHINGTON TERRACE,UT,84405
121 MEDICAL CENTER DR STE 2700,BRUNSWICK,ME,04011
2502 MARBLE AVE NE,ALBUQUERQUE,NM,87131
2511 WESLEY ST,JOHNSON CITY,TN,37601
3638 MACON RD,MEMPHIS,TN,38122
777 N RAYMOND ST,BOISE,ID,83704
5395 JIMMY CARTER BLVD STE 500,NORCROSS,GA,30093
6610 TRIBUTARY ST,BALTIMORE,MD,21224
11 GETTY AVE,PATERSON,NJ,07501
114 CHIMNEY RD,RINCON,GA,31326
7459 STATE RD,CINCINNATI,OH,45230
214 COLLEGE AVE,TERRE HILL,PA,17581
620 CHURCHMANS RD,NEWARK,DE,19702
7001 A ST,LINCOLN,NE,68510
1301 COPPERFIELD AVE,JOLIET,IL,60432
4TH AMBULATORY CARE CTR,ALBUQUERQUE,NM,87131
2750 W. 5600 S.,WEST VALLEY CITY,UT,84120
1769 ELLIS HOLLOW RD,ITHACA,NY,14850
18 IMPERIAL PL UNIT 2D,PROVIDENCE,RI,02903
1873 LAZEAR ST,LOVELAND,CO,80538
221 N ACKLAND ST,GAMBIER,OH,43022
300 PALMETTO HEALTH PKWY STE 300,COLUMBIA,SC,29212
908 DANIELS DR,FIRCREST,WA,98466
30 S BROADWAY,YONKERS,NY,10701
113 BARREN SPOT MALL,CHRISTIANSTED,VI,00850
404 DR DB TODD JR BLVD,NASHVILLE,TN,37203
38 AMARAL ST,RIVERSIDE,RI,02915
1906 BLAKE AVE,GLENWOOD SPRINGS,CO,81601
401 CASTLE RDG STE 2400B,ASPEN,CO,81611
2045 FRANKLIN ST,DENVER,CO,80205
1600 UNIVERSITY DR E,COLLEGE STATION,TX,77840
1520 UNIVERSITY VLG,SALT LAKE CITY,UT,84108
334 ALPINE DR,CORTLANDT MANOR,NY,10567
919 E 32ND ST,AUSTIN,TX,78705
2000 OLATHE BLVD LEVEL 5B AND 5C,KANSAS CITY,KS,66160
220 NORTHSIDE DRIVE,VALDOSTA,GA,31602
33 CHANDLER AVE FL 3,BATAVIA,NY,14020
38882 MENTOR AVE,WILLOUGHBY,OH,44094
5125 SKYWAY,PARADISE,CA,95969
14601 BURBRIDGE RD SE,CUMBERLAND,MD,21502
2809 OLIVE HWY STE 320,OROVILLE,CA,95966
59 JOCKEY CT,BOZEMAN,MT,59718
9576 S US HIGHWAY 1,PORT ST LUCIE,FL,34952
2220 RIVERSIDE AVE S,MINNEAPOLIS,MN,55454
605 E COURT ST,VIROQUA,WI,54665
880 LAS GALLINAS AVE STE 2,SAN RAFAEL,CA,94903
916 PACIFIC AVE FL 2,EVERETT,WA,98201
655 W PINON ST,FARMINGTON,NM,87401
223 LAFAYETTE AVE.,SUFFERN,NY,10901
258 PATTERSON RD,WESTMINSTER,SC,29693
6829 N 72ND ST STE 4500,OMAHA,NE,68122
3045 OLENTANGY RIVER RD,COLUMBUS,OH,43202
1724 WESTON BRENT LN,EL PASO,TX,79935
2120 N MAYS ST,ROUND ROCK,TX,78664
170 CURTIS PKWY NE STE 1,CALHOUN,GA,30701
222 PERRY HWY STE 206,HAWKINSVILLE,GA,31036
6740 DAVIDSON ST APT 449,THE COLONY,TX,75056
12201 RENFERT WAY STE 250,AUSTIN,TX,78758
1125 N COLLEGE AVE,FAYETTEVILLE,AR,72703
15132 E HAMPDEN AVE,AURORA,CO,80014
15195 NATIONAL AVE,LOS GATOS,CA,95032
2404 39TH ST,MISSOULA,MT,59803
117 COMMONS WAY,GREENVILLE,SC,29611
PO BOX 555191,CAMP PENDLETON,CA,92055
UCSF MEDICAL CENTER,SAN FRANCISCO,CA,94158
118 CENTRAL AVE,SEARCY,AR,72143
7800 SHERIDAN STREET,PEMBROKE PINES,FL,33024
1400 S LAKE PARK AVE,HOBART,IN,46342
3213 STEIN BLVD,EAU CLAIRE,WI,54701
2900 STATE ST,MEDFORD,OR,97504
148 W RIVER ST STE 8,PROVIDENCE,RI,02904
34 S 500 E STE 207,SALT LAKE CITY,UT,84102
7500 FANNIN ST STE 260,HOUSTON,TX,77054
LANDSTUHL REGIONAL MEDICAL CENTER,LANDSTUHL/KIRCHBERG,RHINELAND-PFALZ,66849
2275 S BABCOCK STREET,MELBOURNE,FL,32901
1430 PASADENA BLVD,PASADENA,TX,77502
1900 S JACKSON RD STE 4,MCALLEN,TX,78503
4500 47TH AVE STE 5,SACRAMENTO,CA,95824
912 W MAIN ST,NEW HOLLAND,PA,17557
1601 SW ARCHER RD,GAINESVILLE,FL,32608
53 PROSPECT ST,WELLESLEY HILLS,MA,02481
7933 WREN AVE,GILROY,CA,95020
600.5 FLORA STREET,MARTINEZ,CA,95355
2102 N PEARL ST STE 405,TACOMA,WA,98406
7801 ACADEMY RD NE,ALBUQUERQUE,NM,87109
5440 LAUREL HILLS DR,SACRAMENTO,CA,95841
1801 INWOOD RD FL 6,DALLAS,TX,75235
2803 WRIGHTSBORO RD STE 24,AUGUSTA,GA,30909
123 FRANKLIN CORNER RD STE 214,LAWRENCEVILLE,NJ,08648
1818 KANSAS AVE,WOODWARD,OK,73801
845 FISHBURN ROAD,HERSHEY,PA,17033
285 W SIDE AVE STE 270,JERSEY CITY,NJ,07305
750 BROADWAY,FORT WAYNE,IN,46802
20 RAVENSCROFT DR,ASHEVILLE,NC,28801
24850 SE STARK ST STE 200,GRESHAM,OR,97030
3700 W 10TH ST,SEDALIA,MO,65301
500 W THOMAS RD STE 720&730,PHOENIX,AZ,85013
1444 FLORIDA AVE,MODESTO,CA,95350
1150 HAMMOND DR STE 310,ATLANTA,GA,30328
75-6081 ALII DR APT J104,KAILUA KONA,HI,96740
70 W BURNSIDE,BRONX,NY,10453
1866 B ST,HAYWARD,CA,94541
1701 SALMON CREEK LN,JUNEAU,AK,99801
915 TATE BLVD SE,HICKORY,NC,28602
44274 GEORGE CUSHMAN CT STE 208,TEMECULA,CA,92592
4170 WINTER FOREST CIR,BEAVERCREEK,OH,45432
46 PRINCE ST STE 207,NEW HAVEN,CT,06519
2911 CHANTICLEER AVE,SANTA CRUZ,CA,95065
212 3RD ST,CHERAW,SC,29520
15137 ROSEWOOD DR,LEAWOOD,KS,66224
2920 S MCINTIRE DR,BLOOMINGTON,IN,47403
424 W 34TH ST,NEW YORK,NY,10001
5501 OLD YORK RD FL LIFTER1,PHILADELPHIA,PA,19141
1301 W DEVON AVE,CHICAGO,IL,60660
ATTN: DQS-CR,FORT LENOARD WOOD,MO,65473
163 VAN BUREN RD,CARIBOU,ME,04736
408 SILVERMOON HTS,DIVIDE,CO,80814
4709 76TH AVE NE,OLYMPIA,WA,98516
14 MAPLE ST STE 7,TERRYVILLE,CT,06786
85 SEYMOUR ST STE 1019,HARTFORD,CT,06106
1065 SOUTHERN BLVD,BRONX,NY,10459
4801 SLEEPY RIDGE CIR,FORT WORTH,TX,76133
2400 NE NEFF RD STE A,BEND,OR,97701
520 BROADWAY FL 7,NEW YORK,NY,10012
4119 W SHAMROCK LN,MCHENRY,IL,60050
4840 RIVERBEND RD STE 100,BOULDER,CO,80301
150 N SYKES CREEK PKWY STE 300,MERRITT ISLAND,FL,32953
1353 OLD TEMESCAL RD,CORONA,CA,92881
415 JEFFERSON ST N,WADENA,MN,56482
3750 W OGDEN AVE,CHICAGO,IL,60623
538 44TH ST APT 3,BROOKLYN,NY,11220
2410 8TH AVE S,NASHVILLE,TN,37204
508 W WISCONSIN AVE STE A,APPLETON,WI,54911
5000 W NATIONAL AVE,MILWAUKEE,WI,53295
351 CENTRE VIEW BLVD,CRESTVIEW HILLS,KY,41017
1215 MICHIGAN ST,SANDPOINT,ID,83864
2376 N 400 E STE 203,TOOELE,UT,84074
325 BUTTS AVENUE,TOMAH,WI,54660
13525 EAST FWY,HOUSTON,TX,77015
332 W BOYNTON BEACH BLVD STE 3,BOYNTON BEACH,FL,33435
4245 ROOSEVELT WAY NE,SEATTLE,WA,98105
4502 DITMARS BLVD,ASTORIA,NY,11105
3375 OCEAN BEACH HWY,LONGVIEW,WA,98632
253 APPLEGATE RD N,ITHACA,NY,14850
80 68TH ST SE,GRAND RAPIDS,MI,49548
130 KATE IRELAND DRIVE,HYDEN,KY,41749
1408 POMERELLE AVE STE H,BURLEY,ID,83318
4075 E 128TH AVE,THORNTON,CO,80241
1600 S ANDREWS AVE,FT LAUDERDALE,FL,33316
108 WEST FRANKLIN AVE,PENNINGTON,NJ,08534
1600 E RIVERVIEW AVE,NAPOLEON,OH,43545
134 GRANDVIEW AVE,WATERBURY,CT,06708
8110 ROYAL PALM BLVD STE 108,CORAL SPRINGS,FL,33065
1454 BALTIMORE ANNAPOLIS BLVD,ARNOLD,MD,21012
415 N. 85TH ST,SEATTLE,WA,98103
4630 AMBASSADOR CAFFERY PKWY STE 206,LAFAYETTE,LA,70508
1005 PARTRIDGE PL STE 5,HELENA,MT,59602
5150 HILL RD E STE C,LAKEPORT,CA,95453
930 N BROADWAY,EVERETT,WA,98201
8300 HOUGH AVENUE,CLEVELAND,OH,44103
9850 W ST LUKES DR,NAMPA,ID,83687
544 W PERSHING RD STE A,DECATUR,IL,62526
399 FARMINGTON AVE,FARMINGTON,CT,06032
3007 HARBOR LN N STE 1600,PLYMOUTH,MN,55447
8423 MARKET ST FL 3,BOARDMAN,OH,44512
1806 W LINCOLN AVE,YAKIMA,WA,98902
671 E 57TH ST,BROOKLYN,NY,11234
501 FRONT ST,ELMER,NJ,08318
2050 HILLPOINT BLVD N,SUFFOLK,VA,23434
49 CRESCENT ST,MIDDLETOWN,CT,06457
108 NEWTOWN ROAD,DANBURY,CT,06810
503 KING FARM BLVD,ROCKVILLE,MD,20850
700 S STANFIELD RD,TROY,OH,45373
615 S NEW BALLAS RD STE 1400,SAINT LOUIS,MO,63141
2455 JEFFERSON BLVD,WEST SACRAMENTO,CA,95691
7677 OAKPORT ST,OAKLAND,CA,94621
4514 BAYONNE AVE,BALTIMORE,MD,21206
4000 COLISEUM DR STE 280,HAMPTON,VA,23666
25448 E RIVER RD,GROSSE ILE,MI,48138
2701 MEREDYTH DR,ALBANY,GA,31707
400 E 3RD ST,DULUTH,MN,55805
417 S EAST ST,CORYDON,IA,50060
1348 LAKEVIEW DR,WOLVERINE LAKE,MI,48390
1630 SE 18TH ST,OCALA,FL,34471
1544 WEST US 421,DELPHI,IN,46923
312 9TH ST SW STE 3300,WAVERLY,IA,50677
144 PICKERINGTON RIDGE DR,PICKERINGTON,OH,43147
1800 N WILLIAMS ST STE 200,DENVER,CO,80218
1115 E KAGY BLVD,BOZEMAN,MT,59715
3648 W ANTHEM WAY STE A100,ANTHEM,AZ,85086
10240 PARK MEADOWS DRIVE,LONE TREE,CO,80124
2419 W CORNERSTONE CT,PEORIA,IL,61614
1107 S LEMAY AVE STE 300,FORT COLLINS,CO,80524
1100 JOHNSON FERRY RD,ATLANTA,GA,30342
1221 S GEAR AVE STE 208,WEST BURLINGTON,IA,52655
17 SHERMAN ST,JAMESTOWN,NY,14701
127 NORTH ST,BATAVIA,NY,14020
801 OCEAN AVE APT 9,BROOKLYN,NY,11226
1326 ALVERSER PLZ,MIDLOTHIAN,VA,23113
9 RICHLAND MEDICAL PARK DR STE 620,COLUMBIA,SC,29203
444 N PLEASANT AVE,CENTRALIA,IL,62801
1558 DAVISSON RUN RD,CLARKSBURG,WV,26301
57 US HIGHWAY 46 STE 300,HACKETTSTOWN,NJ,07840
712 HOWARD AVE,BROOKLYN,NY,11212
4510 FRANKFORD AVE,PHILADELPHIA,PA,19124
55 WHITCHER ST NE STE 130,MARIETTA,GA,30060
1525 CHATTANOOGA RD,DALTON,GA,30720
2500 CHARLOTTE AVE,NASHVILLE,TN,37209
545 NE 47TH AVE STE 102,PORTLAND,OR,97213
220 S PALISADE DR STE 203,SANTA MARIA,CA,93454
1411 MONTANA AVE,EL PASO,TX,79902
665 CAMINO DE LOS MARES,SAN CLEMENTE,CA,92673
8091 TOWNSHIP LINE RD STE 206,INDIANAPOLIS,IN,46260
100 INDEPENDENCE BLVD,SICKLERVILLE,NJ,08081
1416 EL CENTRO ST STE 100,SOUTH PASADENA,CA,91030
525 N GARLAND AVE,FAYETTEVILLE,AR,72701
2 CHURCH ST S,NEW HAVEN,CT,06519
1231 116TH AVE NE STE 750,BELLEVUE,WA,98004
118 N COUNTRY RD,PORT JEFFERSON,NY,11777
1 E OAKHILL DR STE 100,WESTMONT,IL,60559
1329 MISSION RD,KODIAK,AK,99615
1215 LAWN AVE STE 100,ELKHART,IN,46514
WOMACK ARMY MEDICAL CTR,FORT BRAGG,NC,28310
664 MICHIGAN AVE,HOLLAND,MI,49423
2825 FORT MISSOULA RD,MISSOULA,MT,59804
33 4TH ST NW,SIOUX CENTER,IA,51250
825 S SHIELDS ST,FORT COLLINS,CO,80521
5640 MEMORIAL AVE N,STILLWATER,MN,55082
560 CARROLL ST APT 7C,BROOKLYN,NY,11215
44 BIRCH ST,DERRY,NH,03038
242 KING AVENUE STE 120,ATHENS,GA,30606
8430 STEVENS RD,OWINGS,MD,20736
4 WYDA CT,COLONIA,NJ,07067
74 HARRISON SCHOOL RD,GRANTVILLE,PA,17028
134 ANSLEY DR,DAHLONEGA,GA,30533
16372 W ALAMEDA RD,SURPRISE,AZ,85387
135 NEWTON SPARTA RD,NEWTON,NJ,07860
870 SEVEN HILLS DR STE 103,HENDERSON,NV,89052
"18035 BROOKHURST ST., STE. 2100",FOUNTAIN VALLEY,CA,92708
4700 LAS VEGAS BLVD N,NELLIS AFB,NV,89191
1101 9TH ST SE,SIOUX CENTER,IA,51250
1175 58TH AVE,GREELEY,CO,80634
1794 N LAPEER RD.,LAPEER,MI,48446
602 1ST ST NE,WESSINGTON SPRINGS,SD,57382
1658 ST VINCENTS WAY STE 130,MIDDLEBURG,FL,32068
1213 WESTMORELAND RD,COLORADO SPRINGS,CO,80907
18101 OAKWOOD BLVD,DEARBORN,MI,48124
3967 W UNIONDALE CT,SOUTH JORDAN,UT,84009
2511 NE 100TH ST,SEATTLE,WA,98125
1015 DUFF AVE,AMES,IA,50010
THOMSON STUDENT HEALTH CENTER,COLUMBIA,SC,29208
2800 L ST STE 710,SACRAMENTO,CA,95816
9825 HOSPITAL DR,MAPLE GROVE,MN,55369
3201 S CARROLLTON AVE,NEW ORLEANS,LA,70118
15962 MOONFLOWER AVE,CHINO,CA,91708
1300 HOSPITAL DR STE 270,MOUNT PLEASANT,SC,29464
1535 GULL RD,KALAMAZOO,MI,49048
225 MARLBOROUGH ROAD,BROOKLYN,NY,11226
268 SOUTHLAND DR STE 120,LEXINGTON,KY,40503
11921 ROCKVILLE PIKE STE 400,ROCKVILLE,MD,20852
CMR 402,APO,AE,09180
87 WESTCOTT RD,DANIELSON,CT,06239
4567 E 9TH AVE,DENVER,CO,80220
361 THIRD STREET SUITE E,SAN RAFAEL,CA,94901
101 N EVERGREEN RD,SPOKANE VALLEY,WA,99216
1264 RIBAUT RD STE 200,BEAUFORT,SC,29902
123 MONTE CRESTA AVE,OAKLAND,CA,94611
506 SUMMIT CIR,ROCKWALL,TX,75032
175 TRYON RD,RUTHERFORDTON,NC,28139
5922 S WINWOOD DR,JOHNSTON,IA,50131
24 MAXWELL RD,SIMPSONVILLE,SC,29681
1860 TOWN CENTER DR STE 110,RESTON,VA,20190
1950 ARLINGTON ST,SARASOTA,FL,34239
6911 E US HIGHWAY 36,AVON,IN,46123
206 CORNELIA ST,PLATTSBURGH,NY,12901
300 HEALTH PARK BLVD,ST. AUGUSTINE,FL,32086
7450 W 63RD ST,SUMMIT,IL,60501
1526 UTE BLVD STE 212,PARK CITY,UT,84098
1 SHIELDS AVE,DAVIS,CA,95616
130 KATE IRELAND DR,HYDEN,KY,41749
105 S HUNTERS RDG,WARSAW,IN,46582
106 2ND ST NW,BOGATA,TX,75417
158 WHISPERING WAY,FREEPORT,FL,32439
555 FOOTHILL DR,SALT LAKE CITY,UT,84112
1200 OLD YORK RD FL TOLL,ABINGTON,PA,19001
MAY-GRANT ASSOCIATES,LANCASTER,PA,17601
44 N CHESTNUT ST,NEW PALTZ,NY,12561
3652 NEW LAIR RD,CYNTHIANA,KY,41031
574 FRANKLIN RD,FRANKLIN,TN,37069
28 SAINT PAUL AVE,NEWARK,NJ,07106
10046 N METRO PKWY W,PHOENIX,AZ,85051
2100 WASHINGTON ST,HANOVER,MA,02339
PENDING,MEMPHIS,TN,38103
"8170 33RD AVE S, C/O PHYSICIAN SERVICES",MINNEAPOLIS,MN,55440
104 GLENWOOD RD,SOMERVILLE,MA,02145
1061 MEDICAL CENTER DR STE 102,ORANGE CITY,FL,32763
7339 MADISON ST,FOREST PARK,IL,60130
416 21ST AVE S,NASHVILLE,TN,37203
101 JORDAN RD,TROY,NY,12180
400 NE MOTHER JOSEPH PL,VANCOUVER,WA,98664
1869 BRENTWOOD RD,BRENTWOOD,NY,11717
999 SILVER LN,TRUMBULL,CT,06611
4800 HOSPITAL PKWY,BEATRICE,NE,68310
1700 CENTER ST,MOBILE,AL,36604
4200 W MEMORIAL RD STE 901,OKLAHOMA CITY,OK,73120
444 MAIN RD # 593,MONTEREY,MA,01245
6 WESTPORT CT,BLOOMINGTON,IL,61704
1319 NE 134TH ST,VANCOUVER,WA,98685
221 E COLLEGE ST,IOWA CITY,IA,52240
1224 E LOWELL ST BLDG 95,TUCSON,AZ,85721
112 GAINSBOROUGH SQ STE 200,CHESAPEAKE,VA,23320
905 HIGHLAND BLVD STE 4500,BOZEMAN,MT,59715
2907 EL CAMINO REAL,REDWOOD CITY,CA,94061
3833 FAIRFAX DR STE 360,ARLINGTON,VA,22203
505 OAKFIELD DR,BRANDON,FL,33511
620 W SENECA ST,ITHACA,NY,14850
19250 SW 65TH AVE STE 300,TUALATIN,OR,97062
570 E 115TH ST,CHICAGO,IL,60628
475 ROUTE 70 STE 101,LAKEWOOD,NJ,08701
589 S STATE ST,PROVO,UT,84606
408 MAIN ST STE 401A,BOONTON,NJ,07005
2229 KNAPP ST APT 4B,BROOKLYN,NY,11229
1805 ATTAYA RD,LAKEWOOD,NJ,08701
621 MEMORIAL DR STE 403,SOUTH BEND,IN,46601
3142 HORIZON RD STE 209,ROCKWALL,TX,75032
9501 FARRELL RD,FORT BELVOIR,VA,22060
11440 N KENDALL DR,MIAMI,FL,33176
825 EUCLID AVENUE,KANSAS CITY,MO,64124
980 MEDICAL DR,BRIGHAM CITY,UT,84302
951 MARINERS ISLAND BLVD STE 300,SAN MATEO,CA,94404
4526 FEDERAL AVE,EVERETT,WA,98203
1 CLARA MAASS DR,BELLEVILLE,NJ,07109
905C S FRONTAGE RD,MERIDIAN,MS,39301
65 BERGEN ST,NEWARK,NJ,07107
323 E 27TH ST,LOVELAND,CO,80538
555 CEDAR ST,SAINT PAUL,MN,55101
420 COBBLESTONE DR APT 109,FREDERICKSBURG,VA,22401
3643 N ROXBORO ST,DURHAM,NC,27704
800 W CENTRAL TEXAS EXPY,HARKER HEIGHTS,TX,76548
1000 CONEY ST W,PERHAM,MN,56573
2214 BRECKENBRIDGE AVE,AUGUSTA,GA,30904
1207 FAIRCHILD CT,WOODLAND,CA,95695
8020 LIBERTY WAY,WEST CHESTER,OH,45069
2401 W TURNER RD STE 450,LODI,CA,95242
15 MESSIMER DR,NEWARK,OH,43055
4697 MAIN ST,BRIDGEPORT,CT,06606
PO BOX 160,SHIPROCK,NM,87420
1414 S MILLER ST,SANTA MARIA,CA,93454
6600 BRUCEVILLE RD,SACRAMENTO,CA,95823
2945 LOMA VISTA RD,VENTURA,CA,93003
1627 W CHEW ST,ALLENTOWN,PA,18102
245 ROCHESTER HILL RD STE 1A,ROCHESTER,NH,03867
4625 LINDELL BLVD FL 2,SAINT LOUIS,MO,63108
1046 N MONROE ST,MONROE,MI,48162
2001 N JEFFERSON AVE,MOUNT PLEASANT,TX,75455
3501 N MACARTHUR BLVD SUITE 500,IRVING,TX,75062
2238 E GINTER ROAD,TUCSON,AZ,85706
1321 ORTEGA ST,CHULA VISTA,CA,91913
548 SOUTH MARINE CORPS DRIVE,TAMUNING,GU,96913
935 GARFIELD AVE,JERSEY CITY,NJ,07304
1660 BONNIE LN,CORDOVA,TN,38016
1715 61ST AVE,GREELEY,CO,80634
215 E LEXINGTON AVE,PHOENIX,AZ,85012
LANDSTUHL REGIONAL MEDICAL CENTER UNIT 3100,APO,AE,09180
4900 BROAD RD,SYRACUSE,NY,13215
1305 N ELM ST,HENDERSON,KY,42420
4181 HOSPITAL DR NE STE 104&100,COVINGTON,GA,30014
819 S SALINA ST,SYRACUSE,NY,13202
3250 ZEMKE AVE,TAMPA,FL,33621
2291 EVELYN BYRD AVE,HARRISONBURG,VA,22801
920 N. HAMILTON RD,GAHANNA,OH,43230
2146 HALLMARK DRIVE,GAMBRILLS,MD,21054
1249 SUNCREST TOWNE CENTRE,MORGANTOWN,WV,26505
"1860 TOWN CENTER DRIVE, SUITE 140",RESTON,VA,20190
305 W COUNTRY CLUB RD,ROSWELL,NM,88201
322 N DUNLAP AVE,VIROQUA,WI,54665
451 JUNCTION RD,MADISON,WI,53717
6320 RIVERSIDE PLAZA LN NW STE A,ALBUQUERQUE,NM,87120
800 E 28TH ST FL ST6,MINNEAPOLIS,MN,55407
30 STEVENS ST,NORWALK,CT,06856
180 E HAMPDEN AVE STE 100,ENGLEWOOD,CO,80113
128 MOTT ST,NEW YORK,NY,10013
1091 KIRKPATRICK RD,BURLINGTON,NC,27215
671 VANDALIA ST,SAINT PAUL,MN,55114
344 MACDONOUGH ST APT 3,BROOKLYN,NY,11233
60 SECOND ST,AUBURN,ME,04210
1300 W TERRELL AVE,FORT WORTH,TX,76104
2299 MOWRY AVE STE 3-C94538,FREMONT,CA,94538
1019 BROADWAY,WEST LONG BRANCH,NJ,07764
14355 MIRANDA WAY,LOS ALTOS HILLS,CA,94022
10557 ROCCA PL,LOS ANGELES,CA,90077
8640 TOZER CT,PORTAGE,MI,49024
500 OSBORN BLVD,SAULT SAINTE MARIE,MI,49783
301 PROSPECT AVE,SYRACUSE,NY,13203
8 ATWOOD DR,NORTHAMPTON,MA,01060
130 LA CASA VIA STE 112,WALNUT CREEK,CA,94598
4 CYRUS AVE,BROOKLYN,NY,11229
300 HEBRON AVE STE 113,GLASTONBURY,CT,06033
144 E 1ST AVE,COLVILLE,WA,99114
800 SAINTE GENEVIEVE DR,SAINTE GENEVIEVE,MO,63670
1450 MATTHEWS TOWNSHIP PKWY STE 300,MATTHEWS,NC,28105
13153 PASEO DEL VERANO,SAN DIEGO,CA,92128
3291 LOMA VISTA RD,VENTURA,CA,93003
1303 E 331ST ST,EASTLAKE,OH,44095
2900 12TH AVE N STE 245W,BILLINGS,MT,59101
10700 N KENDALL DR STE 401,MIAMI,FL,33176
2692 POPE RD,IVANHOE,VA,24350
26614 OAK RIDGE DR,THE WOODLANDS,TX,77380
5301 E GRANT RD,TUCSON,AZ,85712
2045 S VINEYARD,MESA,AZ,85210
12129 GRAHAM MEADOWS DR,RICHMOND,VA,23233
720 S 333RD ST STE 130,FEDERAL WAY,WA,98003
210 LITTLE LAKE DR STE 10,ANN ARBOR,MI,48103
1201 WALTER REED RD,FAYETTEVILLE,NC,28304
3441 SE WILLOGHBY BLVD,STUART,FL,34994
24015 COPPER HILL DR APT 9109,VALENCIA,CA,91354
GEORGIA CENTER FOR FEMALE HEALTH,DECATUR,GA,30034
407 S MAIN ST,VIROQUA,WI,54665
700 ATTUCKS LN,HYANNIS,MA,02601
1661 A SOQUEL DR,SANTA CRUZ,CA,95065
2020 SUTTER PL,DAVIS,CA,95616
101 ELLIOT DR. NW,ROME,GA,30165
906 SUNNINGDALE CIR,GARLAND,TX,75044
NAVAL HOSPITAL BREMERTON,BREMERTON,WA,98312
6500 SOQUEL DR,APTOS,CA,95003
2450 NORTHPARK DR,COLUMBUS,IN,47203
5201 CHARLOTTE AVE,NASHVILLE,TN,37209
WAMC 2817 REILLY RD,FORT BRAGG,NC,28310
2000 N STATE ST,CLARKSDALE,MS,38614
720 WOOD ST,EUREKA,CA,95501
126 MAPLE AVE,TROY,NY,12180
3140 FLORIDA BLVD,BATON ROUGE,LA,70806
701 W HIGH ST,JEFFERSON CITY,MO,65101
1205 LANGHRN NWTWN RD STE 108,LANGHORNE,PA,19047
395 SOUTHAMPTON RD,WESTFIELD,MA,01085
2026 CLIFF DR,SANTA BARBARA,CA,93109
1131 WEST ST,SOUTHINGTON,CT,06489
2700 HEALING WAY STE 100,WESLEY CHAPEL,FL,33543
145 HOLLIS ST,MANCHESTER,NH,03101
1050 N STATE ST,UKIAH,CA,95482
22 WHITE ST,ROCKLAND,ME,04841
574 FRANKLIN RD STE 215,FRANKLIN,TN,37069
2455 DEAN ST STE 3G,ST CHARLES,IL,60175
1560 OPOSSUMTOWN PIKE,FREDERICK,MD,21702
1391 PARKRIDGE CT,CRYSTAL LAKE,IL,60014
1299 INDUSTRIAL PKWY N STE 110,BRUNSWICK,OH,44212
1 AKRON GENERAL AVE,AKRON,OH,44307
200 15TH AVE E,SEATTLE,WA,98112
1800 SE 17TH ST STE 300,OCALA,FL,34471
2810 S JONES BLVD,LAS VEGAS,NV,89146
72 PLAZA WAY NW,MARIETTA,GA,30060
229 W LEMON AVE,MONROVIA,CA,91016
535 MIDLAND AVE,GARFIELD,NJ,07026
1031 N SIERRA BONITA AVE,WEST HOLLYWOOD,CA,90046
880 E END RD,HOMER,AK,99603
785 18TH STREET,ARCATA,CA,95521
1 S MAISH RD RM A016,FRANKFORT,IN,46041
4301 W MARKHAM ST # 783,LITTLE ROCK,AR,72205
1264 RIBAUT RD,BEAUFORT,SC,29902
27777 INKSTER RD STE 100,FARMINGTON HILLS,MI,48334
24902 MOULTON PKWY,LAGUNA HILLS,CA,92637
80 JESSE HILL JR DR SE # 26105,ATLANTA,GA,30303
214 STATE ST,HACKENSACK,NJ,07601
9710 ROSEHILL RD,LENEXA,KS,66215
522 CYNWOOD DR,EASTON,MD,21601
910 RUIE RD,N TONAWANDA,NY,14120
35670 KENAI SPUR HWY,SOLDOTNA,AK,99669
3150 N WICKHAM RD STE 1,MELBOURNE,FL,32935
600 IVY ST,ELMIRA,NY,14905
336 E 77TH ST APT 19,NEW YORK,NY,10075
1610 COLLINS ST,WEBSTER CITY,IA,50595
100 E LEFEVRE RD,STERLING,IL,61081
599 W STATE ST STE 301,DOYLESTOWN,PA,18901
1281 E MAIN ST STE 200,STAMFORD,CT,06902
1708 YAKIMA AVE STE 203,TACOMA,WA,98405
40 AIRPORT RD,WATERVILLE,ME,04901
2233 STATE ROUTE 86,SARANAC LAKE,NY,12983
914 S POST OAK RD,SULPHUR,LA,70663
1141 N ROAD ST,ELIZABETH CITY,NC,27909
401 PURDY ST,EASTON,MD,21601
407 E 3RD ST,DULUTH,MN,55805
1501 S CALIFORNIA AVE,CHICAGO,IL,60608
20304 130TH ST SE,MONROE,WA,98272
114C MEMORIAL DR,JACKSONVILLE,NC,28546
2821 OPRYLAND DR,NASHVILLE,TN,37214
1100 NEW JERSEY AVE SE STE 500,WASHINGTON,DC,20003
WILLIAM BEAUMONT ARMY MEDICAL CENTER,EL PASO,TX,79920
516 NIZHONI BLVD,GALLUP,NM,87301
4769 W CERMAK RD,CICERO,IL,60804
10000 SW INNOVATION WAY,PORT ST LUCIE,FL,34987
64 DOCTORS PARK,CAPE GIRARDEAU,MO,63703
3655 E GRANT RD,TUCSON,AZ,85716
2222 E. HIGHLAND AVE STE. 220,PHOENIX,AZ,85016
1550 N 115TH ST,SEATTLE,WA,98133
146 BERKTEN LN,LAWRENCEVILLE,GA,30043
4325 THUNDER PASS,EDMOND,OK,73034
46 PRINCE ST STE 408,NEW HAVEN,CT,06519
10511 GOLF COURSE RD NW,ALBUQUERQUE,NM,87114
2727 WESTMOOR CT SW,OLYMPIA,WA,98502
17000 MEDICAL CENTER DR,BATON ROUGE,LA,70816
168 PROSPECT PL APT 5,BROOKLYN,NY,11238
1550 PROFESSIONAL DR,PETALUMA,CA,94954
930 CARONDELET DR,KANSAS CITY,MO,64114
4226 HARTLEY BRIDGE RD STE 103,MACON,GA,31216
7061 GRAND MONTECITO PKWY,LAS VEGAS,NV,89149
6002 WESTGATE BLVD STE 274,TACOMA,WA,98406
107 INSTITUTE ST,JAMESTOWN,NY,14701
319 8TH ST STE C,HENDERSON,KY,42420
195 COMMONS LOOP STE F,KALISPELL,MT,59901
22590 SHADY CT,CALIFORNIA,MD,20619
94125 4TH STREET,GOLD BEACH,OR,97444
1565 57TH ST,BROOKLYN,NY,11219
1 MERCADO ST,DURANGO,CO,81301
2974 E CLARENDON AVE,PHOENIX,AZ,85016
4535 S 5600 W,WEST VALLEY CITY,UT,84120
9900 BREN ROAD EAST,MINNETONKA,MN,55343
601 E HAMPDEN AVE,ENGLEWOOD,CO,80113
6015 MOUNT RUSHMORE RD,RAPID CITY,SD,57701
2500 MILVIA ST,BERKELEY,CA,94704
UNIT 7200 BOX 85,DPO,AE,09974
390 S FRENCH BROAD AVE,ASHEVILLE,NC,28801
787 37TH ST,VERO BEACH,FL,32960
700 LILLY RD NE,OLYMPIA,WA,98506
965 MATTOX DR,SULLIVAN,MO,63080
7601 STONERIDGE DR,PLEASANTON,CA,94588
1301 N COURTHOUSE RD APT 1801,ARLINGTON,VA,22201
895 DETTLOFF DR,ARCADIA,WI,54612
1124 WHITEHALL ST,JACKSON,TN,38301
7301A W PALMETTO PARK RD STE 200B,BOCA RATON,FL,33433
1817 JESSUP DR,FORT COLLINS,CO,80525
10209 W CENTRAL AVE STE 1,WICHITA,KS,67212
1415 N ACACIA AVE STE 101,REEDLEY,CA,93654
"1415 NORTH BROAD STREET, SUITE 224",PHILADELPHIA,PA,19122
602 W. UNIVERSITY AVENUE,URBANA,IL,81801
301 40TH ST,LUBBOCK,TX,79404
555 DAYTON ST STE A3,EDMONDS,WA,98020
1721 E CAMPUS CENTER DR,SALT LAKE CITY,UT,84112
"4745 OGLETOWN STANTON RD, MAP 1, SUITE 106",NEWARK,DE,19713
3280 BLAZER PKWY,LEXINGTON,KY,40509
2800 FOLSOM ST,BOULDER,CO,80304
2920 S MCINTIRE DR STE 250,BLOOMINGTON,IN,47403
1575 HIGHLANDS DR,LITITZ,PA,17543
500 DOYLE PARK DR SUITE 103,SANTA ROSA,CA,95405
455 SCHOOL ST,TOMBALL,TX,77375
105 W 8TH AVE STE 120C,SPOKANE,WA,99204
238 COLLINS CORNER RD,NORTH DARTMOUTH,MA,02747
34800 BOB WILSON DR NAVAL MEDICAL CENTER SAN DIEGO,SAN DIEGO,CA,92134
1150 FOSTER AVE,ARCATA,CA,95521
401 S MADISON ST,ALBANY,GA,31701
250 12TH AVE NE,NORMAN,OK,73071
606 OAKWOOD DR,ANOKA,MN,55303
1400 29TH ST S,GREAT FALLS,MT,59405
5840 W CYPRESS ST,TAMPA,FL,33607
117 HAWLEY ST,BINGHAMTON,NY,13901
2030 CAPULIN DR,COLORADO SPRINGS,CO,80910
820 LILAC DR N STE 140,GOLDEN VALLEY,MN,55422
1011 HONOR HEIGHTS DR,MUSKOGEE,OK,74401
8211 W BROWARD BLVD STE 330,PLANTATION,FL,33324
42 KENWOOD DR,BLUFFTON,SC,29910
320 BRISTOL WEST BLVD STE 2C,BRISTOL,TN,37620
80 JESSE HILL JR DRIVE SE,ATLANTA,GA,30303
2901 N. KNOXVILLE AVE.,PEORIA,IL,61603
543 NORTH MAIN STREET,NEW BEDFORD,MA,02740
32 E. RACINE STREET,JANESVILLE,WI,53545
1225 WILSHIRE BLVD,LOS ANGELES,CA,90017
1 PARK AVE FL 4,NEW YORK,NY,10016
1285 LIBERTY ST SE,SALEM,OR,97302
15 HOSPITAL DR STE 501,HOLYOKE,MA,01040
5849 W 59TH ST,CHICAGO,IL,60638
918 W FOOTHILL BLVD STE A,UPLAND,CA,91786
575 COAL VALLEY RD STE 209,CLAIRTON,PA,15025
1222 S ORANGE AVE,ORLANDO,FL,32806
3832 N LINCOLN AVE,CHICAGO,IL,60613
426 13TH ST APT 2B,BROOKLYN,NY,11215
545 PLAINFIELD RD STE C,WILLOWBROOK,IL,60527
1545 NORTHBROOK DR,ANN ARBOR,MI,48103
4201 SAINT ANTOINE ST STE 4C,DETROIT,MI,48201
150 LOCKWOOD AVE STE LL-1,NEW ROCHELLE,NY,10801
968 GRAND AVE,SAINT PAUL,MN,55105
1111 AMSTERDAM AVE,NEW YORK,NY,10025
16051 KASOTA RD,APPLE VALLEY,CA,92307
4864 JACKSON ST,MONROE,LA,71202
1405 MAGNOLIA AVE,CHICO,CA,95926
1509 CORNWALL AVE,BELLINGHAM,WA,98225
194 HOWARD ST,NEW LONDON,CT,06320
6837 GERMANTOWN AVE,PHILADELPHIA,PA,19119
3530 S VAL VISTA DR STE A111,GILBERT,AZ,85297
11975 MORRIS RD STE 300,ALPHARETTA,GA,30005
9029 OLD CREEDMOOR RD,RALEIGH,NC,27613
221 PARK HILL DR,FREDERICKSBURG,VA,22401
650 N FULTON ST,FRESNO,CA,93728
502 9TH ST,BROOKLYN,NY,11215
175 SUNDANCE DR,HOLLISTER,CA,95023
330 MT AUBURN ST,CAMBRIDGE,MA,02138
2831 PENN AVE,PITTSBURGH,PA,15222
2330 N KANSAS AVE,LIBERAL,KS,67901
394 STONEY BROOK RD,NEW LONDON,NH,03257
105 HALL ST,TRAVERSE CITY,MI,49684
21 DIVISION ST,PAWTUCKET,RI,02860
2000 MALLORY LN STE 290,FRANKLIN,TN,37067
12600 CANTRELL RD,LITTLE ROCK,AR,72223
1535 GULL RD STE 250,KALAMAZOO,MI,49048
653-1 W 8TH ST,JACKSONVILLE,FL,32209
527 W 400 N STE 4,OREM,UT,84057
301 HEALTH PARK BLVD STE 219,ST AUGUSTINE,FL,32086
7100 E BELLEVIEW AVE STE G10,GREENWOOD VILLAGE,CO,80111
1801 PANORAMA DR,BAKERSFIELD,CA,93305
200 WYCKOFF RD STE 4600,EATONTOWN,NJ,07724
490 ZIEGLER ROAD,CHATTANOOGA,TN,37421
1225 E FORT UNION BLVD,COTTONWOOD HEIGHTS,UT,84047
5000 E MAIN ST,COLUMBUS,OH,43213
1765 GOLDEN PL,MONDAMIN,IA,51557
310 15TH AVE E,SEATTLE,WA,98112
1050 W PERIMETER RD,ANDREWS AIR FORCE BASE,MD,20762
2005 WILSHIRE BLVD,LOS ANGELES,CA,90057
222 GORDON ST,BREMEN,GA,30110
127 CYPRESS POND TRL,INTERLACHEN,FL,32148
2175 CHAMBLISS AVE NW,CLEVELAND,TN,37311
760 E 5TH AVE,SALT LAKE CITY,UT,84103
904 NEW HOPE LN,JONESBORO,AR,72404
3455 SW US VETERANS HOSPITAL RD. MAILCODE: SN-5S,PORTLAND,OR,97239
520 UPPER CHESAPEAKE DR,BEL AIR,MD,21014
2303 W 113TH CT S,JENKS,OK,74037
330 TURNER MCCALL BLVD SW,ROME,GA,30165
150 55TH ST,BROOKLYN,NY,11220
91-1295 LIKOLEHUA LOOP,EWA BEACH,HI,96706
770 NORTHPOINT PKWY STE 100,WEST PALM BEACH,FL,33407
11206 KENILWORTH AVENUE,GARRETT PARK,MD,20896
736 CAMBRIDGE ST FL 5,BRIGHTON,MA,02135
108 BILBY RD,HACKETTSTOWN,NJ,07840
12027 15TH AVE NE APT 201,SEATTLE,WA,98125
3911 AVENUE B # 3100,SCOTTSBLUFF,NE,69361
10 GEL CT,MONSEY,NY,10952
1810 HAYES ST,NASHVILLE,TN,37203
4930 S 30TH ST,OMAHA,NE,68107
777 AVENUE H,POWELL,WY,82435
860 OMNI BLVD STE 110,NEWPORT NEWS,VA,23606
1000 HEALTH CARE WAY,WANBLEE,SD,57577
7557B DANNAHER DR,POWELL,TN,37849
333 E CAMPUS MALL,MADISON,WI,53715
1417 2ND ST STE D,SANTA MONICA,CA,90401
201 W KENYON RD,CHAMPAIGN,IL,61820
5780 PEACHTREE DUNWOODY RD STE 195,ATLANTA,GA,30342
70 WOODFIN PL STE WW3B,ASHEVILLE,NC,28801
980 W IRONWOOD DR,COEUR D ALENE,ID,83814
3104 ACTON ST,BERKELEY,CA,94702
2269 W 25TH AVE,GARY,IN,46404
2 PRINCESS RD,LAWRENCEVILLE,NJ,08648
1250 E MICHIGAN AVE,GRAYLING,MI,49738
30 W MCCREIGHT AVE,SPRINGFIELD,OH,45504
425 241ST ST,BALATON,MN,56115
1313 FISH HATCHERY RD,MADISON,WI,53715
1250 39TH ST,DES MOINES,IA,50311
390 TOLL GATE RD STE 204,WARWICK,RI,02886
7997 EUCLID AVE,CLEVELAND,OH,44103
2203 MIRA VISTA AVE,MONTROSE,CA,91020
3223 PALMER WASILLA HWY,WASILLA,AK,99654
800 WEST AVE S,LA CROSSE,WI,54601
502 PLAZA HEIGHTS RD,MARSHALLTOWN,IA,50158
8990 WASHINGTON ST,THORNTON,CO,80229
3401 CIVIC CENTER BLVD,PHILADELPHIA,PA,19104
4750 W OAKEY BLVD,LAS VEGAS,NV,89102
CRHP-713 TROY-SCHENECTADY RD,LATHAM,NY,12110
9914 18TH AVE W UNIT C,EVERETT,WA,98204
2300 SUTTER ST STE 301,SAN FRANCISCO,CA,94115
200 EMILIO LOPEZ RD NW,LOS LUNAS,NM,87031
3537 S INTERSTATE 35 E STE 214,DENTON,TX,76210
601 W STATE HIGHWAY 6 STE 101,WACO,TX,76710
15-2866 PAHOA VILLAGE RD,PAHOA,HI,96778
900 E WALNUT ST STE 10,CARBONDALE,IL,62901
3441 SE WILLOUGHBY BLVD,STUART,FL,34994
219 W CHICAGO AVE,CHICAGO,IL,60654
1751 GUNBARREL RD STE 200,CHATTANOOGA,TN,37421
2602 SHERWOOD ST,DENTON,TX,76209
3370 S MERCY RD STE 314,GILBERT,AZ,85297
16000 JOHNSTON MEMORIAL DR STE 200,ABINGDON,VA,24211
108 W MEDICAL PARK DR,LEXINGTON,NC,27292
25 FIRST PARK DR,OAKLAND,ME,04963
748 QUINCY AVE,SCRANTON,PA,18510
671 HOES LN,PISCATAWAY,NJ,08854
4100 DUVAL ROAD,AUSTIN,TX,78759
900 N HIGHWAY 41 STE 2,POST FALLS,ID,83854
3630 ENTERPRISE ST,SAN DIEGO,CA,92110
405 BRIARWOOD DR STE 303,JACKSON,MS,39206
559 HARMON RD,BLUFFTON,OH,45817
1400 BELLINGER ST,EAU CLAIRE,WI,54703
444 WILLIAM ST,EAST ORANGE,NJ,07017
BASSETT ARMY COMMUNITY HOSPITAL,FORT WAINWRIGHT,AK,99703
1250 N BELLFLOWER BLVD,LONG BEACH,CA,90840
585 E 32ND ST APT A10,BROOKLYN,NY,11210
272 FRONTAGE ROAD,MINERAL WELLS,WV,26150
210 TACOMA ST,GRANTS PASS,OR,97526
237 ELDRIDGE ST APT 10,NEW YORK,NY,10002
4555 W MARTIN LUTHER KING JR BLVD APT 229,LOS ANGELES,CA,90016
502 6TH BAXTER XING,FORT MILL,SC,29708
36000 DARNALL LOOP,FT HOOD,TX,76544
402 W JEFFERSON ST,KIRKSVILLE,MO,63501
25 RALPH ST,BEACON,NY,12508
46900 OCEAN DR,GUALALA,CA,95445
4091 SOTOL DR,LAS CRUCES,NM,88011
6256 W ANDERS RIDGE WAY,WEST VALLEY CITY,UT,84128
261 CONNECTICUT DR,BURLINGTON,NJ,08016
2525 COURT DR,GASTONIA,NC,28054
2828 CHICAGO AVE,MINNEAPOLIS,MN,55407
1705 AMHERST ST,WINCHESTER,VA,22601
21720 INDIAN CREEK DR,FARMINGTON HILLS,MI,48335
4650 TAYLOR RD BLDG 17A,BETHESDA,MD,20889
525 E 11TH ST,SUPERIOR,NE,68978
506 LENOX AVE,NEW YORK,NY,10037
263 MAIN ST,OLD SAYBROOK,CT,06475
660 SW 39TH ST STE 150,RENTON,WA,98057
2855 CANDLER RD STE 14,DECATUR,GA,30034
1224 E WARDLOW RD,LONG BEACH,CA,90807
4701 MEDICAL CENTER DR UNIT 1A,MCKINNEY,TX,75069
4875 SUNRISE HWY STE 200,BOHEMIA,NY,11716
425 E 1ST ST,BLOOMSBURG,PA,17815
743 PISMO ST,SAN LUIS OBISPO,CA,93401
4473 PAHEE ST,LIHUE,HI,96766
1300 W TERRELL AVE STE 320,FORT WORTH,TX,76104
4305 W MADISON ST,CHICAGO,IL,60624
2494 BERNVILLE RD STE 100,READING,PA,19605
420 W 15TH AVE,EMPORIA,KS,66801
2301 E EVESHAM RD,VOORHEES,NJ,08043
115 PORTER DR,MIDDLEBURY,VT,05753
770 HOST RD,WOMELSDORF,PA,19567
955 S BAILEY AVE STE 200,SOUTH HAVEN,MI,49090
28 2ND PLACE,BROOKLYN,NY,11231
WALTER REED NATIONAL MILITARY CTR,BETHESDA,MD,20889
504 S BONNER AVE,TYLER,TX,75702
3625 CALIFORNIA ST,SAN FRANCISCO,CA,94118
2620 TUXEDO LN NW,ROCHESTER,MN,55901
113 BEAR TRAK,NASHVILLE,TN,37221
1331 STATE ST,LA PORTE,IN,46350
3222 BEECHWOOD BLVD,PITTSBURGH,PA,15217
1500 DELHI ST,DUBUQUE,IA,52001
1066 SAN PASQUAL ST APT 14,PASADENA,CA,91106
226 ASHVILLE AVE,CARY,NC,27518
4477 W EMERALD ST STE C200,BOISE,ID,83706
770 BALGREEN DR STE 207,MANSFIELD,OH,44906
521 HAMILTON ST,EVANSTON,IL,60202
975 RYLAND ST STE 105,RENO,NV,89502
1360 UPPER HEMBREE RD STE 101,ROSWELL,GA,30076
110 TRIEBLE RD,TUNKHANNOCK,PA,18657
330 N LORETTO RD STE 500A,LEBANON,KY,40033
1676 COLUMBIA TPKE,CASTLETON ON HUDSON,NY,12033
607 N SALES ST,MERRILL,WI,54452
120 2ND ST S,WAITE PARK,MN,56387
1324 W MAIN ST,FRANKLIN,TN,37064
6770 DIXIE HWY STE 310,CLARKSTON,MI,48346
92 MAIN ST,FLORENCE,MA,01062
202 US ROUTE ONE,FALMOUTH,ME,04105
2960 N STATE ROAD 7 STE 200,MARGATE,FL,33063
7559 263RD ST,GLEN OAKS,NY,11004
201 CEDAR SE #405,ALBUQUERQUE,NM,87106
2003 STULTS RD STE 215,HUNTINGTON,IN,46750
2811 JOHN T LN,MIDLOTHIAN,TX,76065
441 HIGHWAY 71 W,BASTROP,TX,78602
3357 HARRISON ST,JOHNSON CITY,NY,13790
625 E RIVER STREET,CAVE JUNCTION,OR,97523
1501 N CAMPBELL AVE RM 3324,TUCSON,AZ,85724
1100 N PALM CANYON DR STE 212,PALM SPRINGS,CA,92262
180 MIDDLETON MILLS LN,PALMYRA,VA,22963
710 RIVERSIDE DR,WAUPACA,WI,54981
7607 DIXIE HWY,FLORENCE,KY,41042
1415 NORTH BROAD STREET,PHILADELPHIA,PA,19122
300 MOUNT AUBURN ST STE 507,CAMBRIDGE,MA,02138
160 EAST 34 STREET,NEW YORK,NY,10016
31 MAIN RD STE 7,RIVERHEAD,NY,11901
4201 MARATHON BLVD STE 300,AUSTIN,TX,78756
90 BEAVER DR,DU BOIS,PA,15801
8709 FLOWER AVE,SILVER SPRING,MD,20901
134 STATE ST,MERIDEN,CT,06450
1515 HAZEL ST,CARTHAGE,MO,64836
90 GLEN COVE RD,GREENVALE,NY,11548
4705 ALT 19,PALM HARBOR,FL,34683
700 SPRUCE STREET,PHILIADELPHIA,PA,19106
2100 ERWIN ROAD,DURHAM,NC,27710
CHINLE SERVICE UNIT IHS,CHINLE,AZ,86503
60 CALHOUN AVENUE,NEW ROCHELLE,NY,10801
173 MOUNT AUBURN ST,WATERTOWN,MA,02472
700 MCCLELLAN ST,SCHENECTADY,NY,12304
151 EVERETT AVE,CHELSEA,MA,02150
821 S KING ST STE B,LEESBURG,VA,20175
780 STATE ROUTE 369 LOT 58,PORT CRANE,NY,13833
BLANCHFIELD ARMY COMMUNITY HOSPITAL,FT. CAMPBELL,KY,42223
1560 KINGSLEY AVE STE 4,ORANGE PARK,FL,32073
249 NORTH AVE,NEW ROCHELLE,NY,10801
719 RODEL CV STE 1015,LAKE MARY,FL,32746
520 W SANTA MONICA AVE,DEDEDO,GU,96929
HILLTOWN COMMUNITY HEALTH CENTER - SCHOOL-BASED PROGRAM,HUNTINGTON,MA,01050
400 GRESHAM DR,NORFOLK,VA,23507
1408 N ELLWOOD AVE,BALTIMORE,MD,21213
530 N MAIN ST,PROVIDENCE,RI,02904
2997 BROADMOOR VALLEY RD,COLORADO SPRINGS,CO,80906
3 HEMPHILL PL STE 112,BALLSTON SPA,NY,12020
132 INDIAN CREEK RD,ITHACA,NY,14850
403 E MEEKER ST STE 200,KENT,WA,98030
1917 SOUTH MAIN ST,FINDLAY,OH,45840
103 PINE HILL DR,CARRBORO,NC,27510
257 GRAND ST # 1114,BROOKLYN,NY,11211
220 13TH ST,BROOKLYN,NY,11215
227 RIVERSTONE DR,CANTON,GA,30114
855 N WESTHAVEN DR,OSHKOSH,WI,54904
14121 E VIA DEL ABRIGO,VAIL,AZ,85641
47 TOWN ST,NORWICH,CT,06360
1910 SOUTH AVE,LA CROSSE,WI,54601
4061 KIRKPATRICK LN STE 110,FLOWER MOUND,TX,75028
882 S HAMILTON RD,COLUMBUS,OH,43213
2121 NE 139TH ST STE 120,VANCOUVER,WA,98686
748 HARRISON AVE,PANAMA CITY,FL,32401
12105 ROUTE 35 S,MIFFLIN,PA,17058
3210 STRAWBERRY RD,PASADENA,TX,77504
1493 KENNEDY RD STE A,TIFTON,GA,31794
247 QUAIL HAVEN DR,COLUMBUS,OH,43235
227 MADISON ST,NEW YORK,NY,10002
1560 GARRETT RD,UPPER DARBY,PA,19082
165 N VILLAGE AVE,ROCKVILLE CENTRE,NY,11570
1165 IMPERIAL DR STE 300,HAGERSTOWN,MD,21740
2000 EMPIRE BLVD,WEBSTER,NY,14580
6370 W UNION HILLS DR,GLENDALE,AZ,85308
15204 OMEGA DR STE 200,ROCKVILLE,MD,20850
12 QUARRY LN APT 3122,MALDEN,MA,02148
2380 N 400 E STE A,NORTH LOGAN,UT,84341
2831 FORT MISSOULA RD STE 206,MISSOULA,MT,59804
900 PACIFIC AVE,EVERETT,WA,98201
5 CUBA HILL RD,GREENLAWN,NY,11740
6000 EXECUTIVE BLVD,NORTH BETHESDA,MD,20852
1890 W COUNTY ROAD 419,OVIEDO,FL,32765
3300 W CENTRE AVE,PORTAGE,MI,49024
527 W WORKMAN ST,COVINA,CA,91723
1024 NORTH BLVD STE 208,OAK PARK,IL,60301
152 ZEMAN DR,EBENSBURG,PA,15931
2938 CRUSADER ST,FORT COLLINS,CO,80524
100 SHATTUCK WAY STE 100,NEWINGTON,NH,03801
228 W BIRCH ST,WALLA WALLA,WA,99362
15403 PARK AVE E,VICTORVILLE,CA,92392
20 POWEL AVENUE,NEWPORT,RI,02840
14 KING ST,CLARK,NJ,07066
1479 N RIVER RD,FREMONT,OH,43420
11875 S SUNSET DR,OLATHE,KS,66061
3620 JOSEPH SIEWICK DR STE 307,FAIRFAX,VA,22033
6009 OVERLAND DR,SILOAM SPRINGS,AR,72761
3700 W SOVEREIGN PATH,LECANTO,FL,34461
401 W GERMANTOWN PIKE,EAST NORRITON,PA,19403
252 S 10TH AVE FL 1,MOUNT VERNON,NY,10550
215 E. MANSION STREET,MARSHALL,MI,49068
10859 WESTON DR,CARMEL,IN,46032
1633 N CAPITOL AVE STE 500,INDIANAPOLIS,IN,46202
7639 KING MEMORIAL RD,MENTOR,OH,44060
115 W MCDOWELL RD,PHOENIX,AZ,85003
250 SCOTT LN STE 105,JACKSON,WY,83001
220 HAMBURG TPKE,WAYNE,NJ,07470
3727 W WISCONSIN AVE,MILWAUKEE,WI,53208
200 WEDGEWOOD DR,MORGANTOWN,WV,26505
535 W SUNNYSIDE RD,IDAHO FALLS,ID,83402
825 NE 173RD TER,NORTH MIAMI BEACH,FL,33162
624 SMITH AVE S,SAINT PAUL,MN,55107
207 W WASHINGTON ST,BOISE,ID,83702
700 COLUMBUS AVE,NEW YORK,NY,10025
7500 IRON BAR LN,GAINESVILLE,VA,20155
4769 W OLD CHURCH CT,WEST JORDAN,UT,84084
3190 N SWAN RD,TUCSON,AZ,85712
309 23RD ST STE 220,MIAMI BEACH,FL,33139
2350 N OCOEE ST,CLEVELAND,TN,37311
955 WONDER RD STE E,STAFFORD,VA,22554
1430 HWY 96 E - MAIL STOP 32300A,SAINT PAUL,MN,55110
2719 FELTON DR STE A,EAST POINT,GA,30344
1076 E LOS EBANOS BLVD,BROWNSVILLE,TX,78520
5450 KNOLL NORTH DR,COLUMBIA,MD,21045
1490 ROYAL PALM BEACH BLVD,ROYAL PALM BEACH,FL,33411
1900 REDROCK DR,GALLUP,NM,87301
106 LANGTREE VILLAGE DR STE 200,MOORESVILLE,NC,28117
19505 76TH AVE W,LYNNWOOD,WA,98036
410 CARRIAGE DR,BECKLEY,WV,25801
1225 GERARD AVE,BRONX,NY,10452
6145 SHALLOWFORD RD STE 102,CHATTANOOGA,TN,37421
6301 S MCCLINTOCK DR STE 215,TEMPE,AZ,85283
1836 EUCLID AVE,CLEVELAND,OH,44115
617 SAXONY PL STE 103,ENCINITAS,CA,92024
530 DUVAL AVE,HOUMA,LA,70364
6900 GONZALES RD SW,ALBUQUERQUE,NM,87121
1021 N HOUSTON RD,WARNER ROBINS,GA,31093
150 W 100 N STE GL02,VERNAL,UT,84078
311A RADIO PARK DR,RICHMOND,KY,40475
1100 WILFORD HALL LOOP BLDG 4554,JBSA LACKLAND,TX,78236
4801 E LINWOOD BLVD,KANSAS CITY,MO,64128
850 S MAIN ST,HOLLY SPRINGS,NC,27540
3232 E MURDOCK,WICHITA,KS,67208
209 MARTIN LUTHER KING JR WAY,TACOMA,WA,98405
"24430 STONE SPRINGS BLVD., SUITE 550",DULLES,VA,20166
515 S 300 E,SAINT GEORGE,UT,84770
391 N MAIN ST,KISSIMMEE,FL,34744
1207 N WEST ST,JACKSON,MS,39202
PSC 475,FPO,AP,96350
307 BOATNER RD,EGLIN AFB,ZZ,
966 W. 21ST STREET,CHICAGO,IL,60608
2376 CYPRESS CIR STE 200,CONWAY,SC,29526
305 W JACKSON ST STE 100,CARBONDALE,IL,62901
1651 GUNBARREL RD STE 201,CHATTANOOGA,TN,37421
85 E CONCORD ST,BOSTON,MA,02118
3834 JOHNS ST,MADISON,WI,53714
19001 SOULSBYVILLE RD,SONORA,CA,95370
720 N 3RD ST,TEMPLE,TX,76501
119 DOWNEY ST,SAN FRANCISCO,CA,94117
821 BEVERLEY RD # 1,BROOKLYN,NY,11218
8588 ARABELLA AVE,BATON ROUGE,LA,70820
15 MADISON PROFESSIONAL PARK,REXBURG,ID,83440
1103 W LIBERTY ST,FARMINGTON,MO,63640
4439 STATE ROUTE 159 STE 120,CHILLICOTHE,OH,45601
201 W LAYTON PKWY STE 2B,LAYTON,UT,84041
5495 S 500 E STE 320,OGDEN,UT,84405
7155 E 38TH AVE,DENVER,CO,80207
3820 BARR CT,BOULDER,CO,80305
2720 STONE PARK BLVD,SIOUX CITY,IA,51104
16045 1ST AVE S,BURIEN,WA,98148
760 RENZ LN,GILROY,CA,95020
5327 DETROIT RD,SHEFFIELD VILLAGE,OH,44054
1650 COCHRANE CIR UNIT MEDDAC,FORT CARSON,CO,80913
1500 GALEN ST SE,WASHINGTON,DC,20020
770 NORTHPOINT PKWY STE 700,WEST PALM BEACH,FL,33407
4040 MEMORIAL PKWY SW,HUNTSVILLE,AL,35802
6 ROBERTS AVE,RUTLAND,VT,05701
3200 BENSALEM BLVD,BENSALEM,PA,19020
406 E MAIN ST STE A,GRASS VALLEY,CA,95945
541 RAVEN AVE APT 2102,GAITHERSBURG,MD,20877
280 W MACARTHUR BLVD,OAKLAND,CA,94611
167 NORTH MAIN STREET,TUBA CITY,AZ,86045
301 DR CARTER BLVD,BUNNELL,FL,32110
522 E 11TH ST,ANNISTON,AL,36207
2232 GRAND AVE,FORT MYERS,FL,33901
160 NW FRANKLIN BLVD,GRANTS PASS,OR,97526
1181 WEAVER DAIRY RD,CHAPEL HILL,NC,27514
22 CLEMATIS LN,BELLINGHAM,WA,98229
1777 HAMBURG TPKE,WAYNE,NJ,07470
1106 E PROSPECT RD,FORT COLLINS,CO,80525
425 N 1800 W,MAPLETON,UT,84664
2100 MACK BLVD FL 4,ALLENTOWN,PA,18103
600 E ALLEN ST STE A,KNOB NOSTER,MO,65336
2951 DOCTORS PARK DR,MEDFORD,OR,97504
15500 W HWY 71 STE 100,BEE CAVE,TX,78738
2525 CUMBERLAND PKWY SE,ATLANTA,GA,30339
401 E PARADISE RD,MODESTO,CA,95351
59 HOSPITAL RD,NEWNAN,GA,30263
819 WOODMERE DR,LAFAYETTE,IN,47905
626 WEST PARK ST,HONESDALE,PA,18431
7915 LAKE MANASSAS DR STE 101,GAINESVILLE,VA,20155
12500 CUTSHIN RD,YEADDISS,KY,41777
15251 ROSCOE BLVD,PANORAMA CITY,CA,91402
150 CROSS ST,AKRON,OH,44311
3803 N ELM ST,GREENSBORO,NC,27455
15808 MILL CREEK BLVD STE 200,MILL CREEK,WA,98012
PO BOX 160184,BIG SKY,MT,59716
3031 NEW BERN AVE,RALEIGH,NC,27610
900 S 4TH ST,MONTROSE,CO,81401
1919 NICOLLET AVE,MINNEAPOLIS,MN,55403
501 EAST LOCUST STREET,LONE PINE,CA,93545
347 SMITH AVENUE NORTH,ST. PAUL,MN,55102
311 NE 3RD ST,COUPEVILLE,WA,98239
6475 WALL ST STE 120,COLORADO SPRINGS,CO,80918
71 PROSPECT AVE,HUDSON,NY,12534
930 MARTIN LUTHER KING JR BLVD STE 202,CHAPEL HILL,NC,27514
374 GRAND AVE,NEW HAVEN,CT,06513
1000 HEALTH CENTER ROAD,KYLE,SD,57752
1917 S MAIN ST,FINDLAY,OH,45840
4110 WARRENSVILLE CENTER RD,BEACHWOOD,OH,44122
4400 NE HALSEY ST STE 285,PORTLAND,OR,97213
233 E 2ND ST,SALIDA,CO,81201
1201 LAKEMARY DR,PAOLA,KS,66071
213 S ADAMS ST,CARTHAGE,IL,62321
705 S UNIVERSITY AVE STE 300,BEAVER DAM,WI,53916
2225 CIVIC CENTER DR,NORTH LAS VEGAS,NV,89030
100 BRICKHILL AVE STE 304,SOUTH PORTLAND,ME,04106
17 LANSING ST,AUBURN,NY,13021
2800 SYMPHONY WAY,DAYTON,OH,45449
1660 MEDICAL BLVD STE 300,NAPLES,FL,34110
163 STATE AVE,ROGERS,CT,06263
4422 9TH AVE,BROOKLYN,NY,11220
7301 GARLAND AVE,TAKOMA PARK,MD,20912
1302 PENNSYLVANIA AVE,HAGERSTOWN,MD,21742
5373 W LAKE PARK BLVD,SALT LAKE CITY,UT,84120
7013 OAKHURST RIDGE RD,CLARKSTON,MI,48348
1308 QUINCY ST NE,ALBUQUERQUE,NM,87110
1513 S GRAND AVE STE 220&250,LOS ANGELES,CA,90015
507 EDINBURGH DR,BURLINGTON,NC,27215
2003 MEDICAL PKWY STE G50,ANNAPOLIS,MD,21401
4640 JEFFERSON LN NE,ALBUQUERQUE,NM,87109
24411 HEALTH CENTER DR STE 200,LAGUNA HILLS,CA,92653
10330 MERIDIAN AVE N #190.,SEATTLE,WA,98133
9475 BRIAR VILLAGE PT,COLORADO SPRINGS,CO,80920
207 S 1ST ST APT 4B,BROOKLYN,NY,11211
1660 W ANTELOPE DR STE 205,LAYTON,UT,84041
1005 W GREEN ST,HASTINGS,MI,49058
1008 HOPE MILLS RD,FAYETTEVILLE,NC,28304
1375 E 19TH AVE,DENVER,CO,80218
2826 FM 2683 E,JEFFERSON,TX,75657
110 RYNDA RD,SOUTH ORANGE,NJ,07079
1300 UPPER HEMBREE RD STE C,ROSWELL,GA,30076
10550 QUIVIRA RD,OVERLAND PARK,KS,66215
6030 ROOSEVELT RD,OAK PARK,IL,60304
1031 BELLEVUE AVE STE 400,SAINT LOUIS,MO,63117
500 HEALTH BLVD,DAYTONA BEACH,FL,32114
161 RIVERSIDE DR,BINGHAMTON,NY,13905
2020 ROCK SPRINGS RD,SMYRNA,TN,37167
2825 CAPITOL AVE,SACRAMENTO,CA,95816
1561 LONG POND RD STE 404,ROCHESTER,NY,14626
5294 BELT LINE RD STE 200,DALLAS,TX,75254
2160 BRONX PARK E APT 4J,BRONX,NY,10462
201 CEDAR ST SE STE 405,ALBUQUERQUE,NM,87106
1145 TARGEE ST,STATEN ISLAND,NY,10304
7227 STATE PARK RD,FOX LAKE,IL,60020
2530 CHAMBERLAIN ST,AMES,IA,50014
2175 SOUTH AVE,SOUTH LAKE TAHOE,CA,96150
1501 N MILFORD RD STE 200,MILFORD,MI,48381
910 LIBERTY BELL DR,AMHERST,OH,44001
100 CAMPUS DR STE 125,SCARBOROUGH,ME,04074
728 S BEAVER ST,YORK,PA,17401
5449 S SEMORAN BLVD,ORLANDO,FL,32822
900 PACIFIC AVE FL 5,EVERETT,WA,98201
101 S. NEWELL DRIVE,GAINESVILLE,FL,32611
4690 MILLENNIUM DR STE 300,BELCAMP,MD,21017
6 AITKEN AVE,HUDSON,NY,12534
7355 S HOUGHTON RD STE 208,TUCSON,AZ,85747
5503 SW 9TH AVE STE A,AMARILLO,TX,79106
5661 OCHELTREE LN,WILMINGTON,DE,19808
133 SCOVILL ST,WATERBURY,CT,06706
4229 CASS AVE,DETROIT,MI,48201
"8645 N. MILITARY TRAIL, SUITE 508",PALM BEACH GARDENS,FL,33410
6610 W CORDIA LN,PHOENIX,AZ,85083
1500 S OLIVE ST,LOS ANGELES,CA,90015
3791 SOUTHERN BLVD SE STE 100,RIO RANCHO,NM,87124
301 HOSPITAL DR,GLEN BURNIE,MD,21061
279 E 3RD ST,NEW YORK,NY,10009
1424 GREENVIEW DR,GRAND BLANC,MI,48439
115 N PARKSIDE AVE,CHICAGO,IL,60644
1762 MARS HILL RD NW,ACWORTH,GA,30101
2418 W DIVISION ST,CHICAGO,IL,60622
4444 S 86TH ST,LINCOLN,NE,68526
120 ALISO DR SE,ALBUQUERQUE,NM,87108
188 W B ST STE O,SPRINGFIELD,OR,97477
7716 115TH PL NE,KIRKLAND,WA,98033
4601 DALE RD,MODESTO,CA,95356
500 E CENTRAL AVE,WINTER HAVEN,FL,33880
247 COUNTRYHAVEN RD,ENCINITAS,CA,92024
8302 COUNTY ROAD 1740,PEACE VALLEY,MO,65788
3579 FRANKLIN BLVD,EUGENE,OR,97403
110 W 7TH ST STE 2520,TULSA,OK,74119
1400 BROADFIELD BLVD STE 200,HOUSTON,TX,77084
7235 PLEASANTVIEW RD SE,BREMEN,OH,43107
3066 E COMMERCE ST,SAN ANTONIO,TX,78220
5045 ROUTE 130,DELRAN,NJ,08075
25495 MEDICAL CENTER DR,MURRIETA,CA,92562
1411 BRADLEY AVE,BEAUMONT,MS,39423
540 E JEFFERSON ST STE 201,IOWA CITY,IA,52245
2700 152ND AVE NE,REDMOND,WA,98052
9880 ANGIES WAY STE 410,LOUISVILLE,KY,40241
225 GRANDVIEW AVE STE 302,CAMP HILL,PA,17011
10905 PROVIDENCE RD W STE 260,CHARLOTTE,NC,28277
5225 NORTH LAKE BLVD,CARNELIAN BAY,CA,96140
916 S BROAD ST,THOMASVILLE,GA,31792
2553 E SILVER SPRINGS BLVD,OCALA,FL,34470
7501 SURRATTS RD STE 207,CLINTON,MD,20735
425 S GRAND AVE,PULLMAN,WA,99163
1001 POTRERO AVE RM 6D-24,SAN FRANCISCO,CA,94110
1 LEMOYNE SQ,LEMOYNE,PA,17043
844 OLD TUNNEL RD,GRASS VALLEY,CA,95945
1101 WILSON BLVD FL 6,ARLINGTON,VA,22209
25080 MICHIGAN AVE,DEARBORN,MI,48124
7000 OLD WOLF BAY RD,PALATKA,FL,32177
840 LEFFERTS AVE,BROOKLYN,NY,11203
1650 MEDICAL LN,FORT MYERS,FL,33907
1000 JOHNSON FERRY RD,SANDY SPRINGS,GA,30342
20 SE NINTH STREET,LONG PRAIRIE,MN,56347
16902 SOUTHWEST FWY STE 100,SUGAR LAND,TX,77479
4774 KIDRON RD,KIDRON,OH,44636
129 GREENWICH RD,CHARLOTTE,NC,28211
105 HOSPITAL AVE,TULIA,TX,79088
2401 ALMONT AVE SE,GRAND RAPIDS,MI,49507
1400 US HIGHWAY 61,FESTUS,MO,63028
3705 MISSION BLVD,SAN DIEGO,CA,92109
201 N VICTORY DR,MANKATO,MN,56001
3434 ELLIOTT BLVD,OCEANSIDE,NY,11572
50 N MEDICAL DR,SLC,UT,84132
17 NOXON STREET,POUGHKEEPSIE,NY,12601
36375 N GANTZEL RD,SAN TAN VALLEY,AZ,85140
771 OLD NORCROSS RD,LAWRENCEVILLE,GA,30046
1221 W ELIZABETH ST,FORT COLLINS,CO,80521
300 HALKET ST STE 5770,PITTSBURGH,PA,15213
628 I ST,RAMONA,CA,92065
720 LAKESIDE AVE S APT 204,SEATTLE,WA,98144
HARTFOD HOSPITAL OB/GYN DEPT,HARTFORD,CT,06102
777 NORTH ST,PITTSFIELD,MA,01201
1139 CANTERBURY CT APT B,INDIANAPOLIS,IN,46260
289 ELM RD,LITITZ,PA,17543
1721 NEW HANOVER MEDICAL PARK DR,WILMINGTON,NC,28403
4710 BELLAIRE BLVD STE 175,BELLAIRE,TX,77401
4100 S FERDON BLVD,CRESTVIEW,FL,32536
4951 S WHITE MOUNTAIN RD BLDG A,SHOW LOW,AZ,85901
1010 RIO GRANDE AVE,MONTROSE,CO,81401
500 S 11TH AVE,POCATELLO,ID,83201
5150 TIMUQUANA RD,JACKSONVILLE,FL,32210
100 1ST ST NW,MASON CITY,IA,50401
220 ROSLYN HILLS DR,HENRICO,VA,23229
1126 S. FEDERAL HWY,FORT LAUDERDALE,FL,33316
113 E MADISON ST,GOSHEN,IN,46526
94 MAIN ST,HYANNIS,MA,02601
811 W. BROADWAY AVE.,MEDFORD,WI,54451
935 OCEAN VIEW AVE,ENCINITAS,CA,92024
600 FITCH ST STE 206,ELMIRA,NY,14905
7547 MEDICAL DR STE 1200,GLOUCESTER,VA,23061
1100 ROUTE 72 W STE 305,MANAHAWKIN,NJ,08050
503 MUIR ST STE A,CAMBRIDGE,MD,21613
1925 AILOR AVE,KNOXVILLE,TN,37921
1960 N OGDEN ST STE 320,DENVER,CO,80218
800 E 55TH ST,CHICAGO,IL,60615
264 MAIN ST,NEW PALTZ,NY,12561
25 S RIVER RD,BEDFORD,NH,03110
15 VINE ST,BARRE,VT,05641
1000 W COLLEGE AVE STE 147,SILVER CITY,NM,88061
2152 N 22ND ST UNIT A,LARAMIE,WY,82072
1117 TIETON DR,YAKIMA,WA,98902
620 MADISON ST,SYRACUSE,NY,13210
2207 W WISCONSIN AVE,MILWAUKEE,WI,53233
MEADOWS REGIONAL MEDICAL CENTER,VIDALIA,GA,30474
9209 W 110TH ST BLDG 36,OVERLAND PARK,KS,66210
1505 TEXAS OAK WAY,CEDAR PARK,TX,78613
1 MERCADO ST # 145,DURANGO,CO,81301
3181 SW SAM JACKSON PARK ROAD,PORTLAND,OR,97239
1989 MIAMISBURG CENTERVILLE RD,CENTERVILLE,OH,45459
127 LINCOLN RD,HEMPSTEAD,NY,11550
1318 HARRISON AVE,MCCOMB,MS,39648
505 GOPHER DR,TOMAH,WI,54660
1801 SALMON CREEK LN,JUNEAU,AK,99801
TALLMAN AVE NW,SEATTLE,WA,98107
2 TAMPA GENERAL CIR FL 6,TAMPA,FL,33606
2 DUDLEY ST STE 580,PROVIDENCE,RI,02905
450 CLARENCE KING PKWY,CALHOUN,GA,30701
100 W ROSS BLVD STE 1A,DODGE CITY,KS,67801
195 PLEASANT ST UNIT 2,BRADFORD,PA,16701
127A FIDELITY ST,CARRBORO,NC,27510
343 DELA VINA AVE,MONTEREY,CA,93940
7721 CALINA WAY,CARLSBAD,CA,92009
115 E PIERSON RD,FLINT,MI,48505
7067 TIFFANY BLVD STE 220,POLAND,OH,44514
501 N GRAHAM ST STE 550,PORTLAND,OR,97227
1221 71ST STREET,MIAMI BEACH,FL,33141
1320 MENDOTA ST STE 120,MADISON,WI,53714
100 HIGHLAND ST,MILTON,MA,02186
34 LAVELLE COURT,UNALASKA,AK,99685
16151 19 MILE RD STE 300,CLINTON TOWNSHIP,MI,48038
3331 STREET RD STE 140,BENSALEM,PA,19020
4300 BARTLETT ST,HOMER,AK,99603
2020 SUTTER PL STE 230,DAVIS,CA,95616
6130 N LA CHOLLA BLVD STE 250,TUCSON,AZ,85741
45 SANDCREEK CT,DECATUR,IL,62521
761 OLD NORCROSS RD,LAWRENCEVILLE,GA,30045
853 BYPASS 72 NW,GREENWOOD,SC,29649
200 GENTILLY BLVD,CARTERSVILLE,GA,30120
3130 STATE HWY,WELLFLEET,MA,02667
168 BETTY POND RD,HOPE,RI,02831
810 ELLIS AVE,ASHLAND,WI,54806
4630 EUBANK BLVD NE,ALBUQUERQUE,NM,87111
7001 SPANISH WOOD DR,CORPUS CHRISTI,TX,78414
10240 W INDIAN SCHOOL RD,PHOENIX,AZ,85037
529 CLINTON ST,BROOKLYN,NY,11231
398 S GREEN VALLEY RD,WATSONVILLE,CA,95076
125 DAUGHERTY DR STE 401,MONROEVILLE,PA,15146
WOMENS HEALTH CARE,HAVERHILL,MA,01830
1000 NW 9TH CT STE 103,BOCA RATON,FL,33486
325 9TH AVE,SEATTLE,WA,98104
12607 S.E. MILL PLAIN BLVD.,VANCOUVER,WA,98684
2520 S TELEGRAPH RD STE 100,BLOOMFIELD HILLS,MI,48302
2955 IVY RD STE 104,CHARLOTTESVILLE,VA,22903
1600 S 25TH E,IDAHO FALLS,ID,83404
3025 LAKEHOUSE COVE ISLE APT 302,PLANT CITY,FL,33566
2928 N 18TH PL,PHOENIX,AZ,85016
3803 MANCHESTER ST,COLO SPGS,CO,80907
2811 QUEENS PLZ N,LONG ISLAND CITY,NY,11101
4004 BEYER BLVD,SAN YSIDRO,CA,92173
110 CONNECTICUT BLVD,EAST HARTFORD,CT,06108
2057-2 WATCHMAN DRIVE,FORT DEFIANCE,AZ,86504
6584 ELDERBERRY CT,RANCHO CUCAMONGA,CA,91739
1200 B GALE WILSON BLVD,FAIRFIELD,CA,94533
35 N ESTRELLA PKWY,GOODYEAR,AZ,85338
106 BLANCA AVE,ALAMOSA,CO,81101
1127 WILSHIRE BLVD STE 1000,LOS ANGELES,CA,90017
301 N CENTER ST,HARTFORD,MI,49057
6565 FANNIN ST STE B452,HOUSTON,TX,77030
2031 ROOSEVELT RD,VALPARAISO,IN,46383
1900 WARDENBURG DRIVE 119 UCB,BOULDER,CO,80309
1301 N WEST ST STE 4,WICHITA,KS,67203
2216 MCGEE AVE,BERKELEY,CA,94703
3650 JOSEPH SIEWICK DR,FAIRFAX,VA,22033
11601 IRON BRIDGE RD,CHESTER,VA,23831
2412 N OAK ST,VALDOSTA,GA,31602
UNIVERSITY OF COLORADO BOULDER,BOULDER,CO,80309
106 SW WOODS ST,PORTLAND,OR,97201
2726 BUTTON WILLOW PKWY,ABILENE,TX,79606
2717 POINSETTIA AVE,WEST PALM BEACH,FL,33407
3909 ORANGE PLACE,BEACHWOOD,OH,44122
3343 4TH AVE,SAN DIEGO,CA,92103
33 WASHINGTON AVE,BROOKLYN,NY,11205
453 W NORTON AVE,NORTON SHORES,MI,49444
210 HOSPITAL DRIVE,VALLEJO,CA,84589
1625 SE 3RD AVE # 502,FORT LAUDERDALE,FL,33316
9209 W. 110TH STREET,OVERLAND PARK,KS,66210
9620 COUNTY ROAD 16,CANASERAGA,NY,14822
4800 MEXICO RD,SAINT PETERS,MO,63376
701 8TH AVE,BROOKLYN,NY,11215
905 E CENTRAL AVE,LA FOLLETTE,TN,37766
5451 HAMPTON PL,SAGINAW,MI,48604
1275 E COLLEGE ST STE 1,PULASKI,TN,38478
131 NW 88TH WAY,CORAL SPRINGS,FL,33071
325 MAMARONECK AVE,WHITE PLAINS,NY,10605
1245 16TH ST STE 312,SANTA MONICA,CA,90404
13615 VOLAND CT,DAYTON,MD,21036
912 N HENRIETTA ST,EFFINGHAM,IL,62401
3338 COUNTRY CLUB RD,VALDOSTA,GA,31605
327 BEACH 19TH ST,FAR ROCKAWAY,NY,11691
665 SARATOGA RD,GANSEVOORT,NY,12831
3959 BEN WALTERS,HOMER,AK,99603
38 PLATTEKILL DR,MOUNT MARION,NY,12456
500 OSBORNE RD NE STE 150,FRIDLEY,MN,55432
1 LYONS ST,DEDHAM,MA,02026
19701 KINGWOOD DR BLDG 5,KINGWOOD,TX,77339
9333 SW 152ND ST,VILLAGE OF PALMETTO BAY,FL,33157
JOHNS HOPKINS UNIVERSITY DEPT OF OTOLARYNGOLOGY,BALTIMORE,MD,21287
209 MARTIN LUTHER KING JR WAY # 35645,TACOMA,WA,98405
2008 CORBETT RD,MONKTON,MD,21111
25 JUNE ST,SANFORD,ME,04073
530 NW 27TH ST,CORVALLIS,OR,97330
580 SAINT JOHNSBURY RD,LITTLETON,NH,03561
228 PARK AVE S # 49409,NEW YORK,NY,10003
104 MEDICAL DR,DOTHAN,AL,36303
107 PARK PLACE BLVD,AVON,IN,46123
260 NEW LUDLOW ROAD,CHICOPEE,MA,01020
8908 RIGGS RD,ADELPHI,MD,20783
634 EDDY AVE,MISSOULA,MT,59812
817 GREENBRIER PKWY STE B,CHESAPEAKE,VA,23320
100 W DEAN KEETON ST,AUSTIN,TX,78712
470 PLEASANT ST,WORCESTER,MA,01609
602 W. UNIVERSITY AVENUE,URBANA,IL,61801
375 76TH ST APT 5H,BROOKLYN,NY,11209
926 N MICHIGAN AVENUE,SAGINAW,MI,48602
1171 GATEWOOD DR,AUBURN,AL,36830
500 COHASSET RD STE 15,CHICO,CA,95926
HIGHWAY 191 HOSPITAL DRIVE,CHINLE,AZ,86503
12462 PUTNAM ST,WHITTIER,CA,90602
180 E PULASKI RD STE E1-200,HUNTINGTON STATION,NY,11746
214 S 1ST ST STE 203,ROGERS,AR,72756
614 E EMMA AVE STE 300,SPRINGDALE,AR,72764
712 N ELM ST,HIGH POINT,NC,27262
394 W MAIN ST STE 206,LEHI,UT,84043
1116 KIMBALL AVE APT 1,HAYWARD,CA,94541
1511 GUNBARREL RD STE 111,CHATTANOOGA,TN,37421
1323 TANWOOD DR.,BALDWIN,NY,11510
307 N OLYMPIC AVE STE 206,ARLINGTON,WA,98223
1720 EL CAMINO REAL STE 120,BURLINGAME,CA,94010
625 CLARK AVE STE 17B,KING OF PRUSSIA,PA,19406
6789 RIDGE RD STE 102,PARMA,OH,44129
16001 W 9 MILE RD,SOUTHFIELD,MI,48075
303 E ROSEBORO ST,ROSEBORO,NC,28382
"2296 OPTIZ BLVD, SUITE 440",WOODBRIDGE,VA,22191
240 LUCY DR,HARRISONBURG,VA,22801
2700 LIPAN HWY LOT 39,GRANBURY,TX,76048
CLARA MAASS MEDICAL CENTER,BELLEVILLE,NJ,07109
1000 HEALTH CENTER DR STE 201,MATTOON,IL,61938
2150 PENNSYLVANIA AVE NW FL 5,WASHINGTON,DC,20037
4040 PALM BEACH BLVD STE F,FORT MYERS,FL,33916
8715 VILLAGE DR STE 305,SAN ANTONIO,TX,78217
531 E THOMAS RD STE 100,PHOENIX,AZ,85012
1087 E MONTAGUE AVE,NORTH CHARLESTON,SC,29405
336 DEERFIELD RD,BOONE,NC,28607
741 HOLDER RD,FORRESTON,TX,76041
4090 E GALBRAITH RD,CINCINNATI,OH,45236
1700 MYRTLE AVE,PLAINFIELD,NJ,07063
4700 UNION DEPOSIT ROAD,HARRISBURG,PA,17111
110 CHESTNUT RD,MANHASSET,NY,11030
"4650 AMBASSADOR CAFFERY PKWY, BLDG C STE 204",LAFAYETTE,LA,70508
40291 BELLEVUE DR,TEMECULA,CA,92591
1412 SW 6TH AVE,TOPEKA,KS,66606
1703 S ONEIDA ST,APPLETON,WI,54915
157 ROUTE 73,VOORHEES,NJ,08043
373 BROADWAY,KINGSTON,NY,12401
39400 PASEO PADRE PKWY,FREMONT,CA,94538
3450 NE RALPH POWELL RD,LEES SUMMIT,MO,64064
1908 N BEALE RD STE E,MARYSVILLE,CA,95901
720 HIGHWAY 99,WAYNESBORO,TN,38485
1160 W BROAD ST,COLUMBUS,OH,43222
5088 66TH ST N,ST PETERSBURG,FL,33709
2015 NW 1ST AVE,MIAMI,FL,33127
324 E 35TH ST,MINNEAPOLIS,MN,55408
108 NEW LONDON TPKE,NORWICH,CT,06360
270 MOHEGAN AVE,NEW LONDON,CT,06320
6901 BROADWAY,MERRILLVILLE,IN,46410
4390 LINDELL BLVD,SAINT LOUIS,MO,63108
175 MADISON AVE FL 2,MOUNT HOLLY,NJ,08060
8200 W. SILVER SPRING DRIVE,MILWAUKEE,WI,53216
301 HEALTH PARK BLVD STE 219,SAINT AUGUSTINE,FL,32086
2211 LOMAS NE,ALBUQUERQUE,NM,87131
3142 NORTHSIDE DR,KEY WEST,FL,33040
10 UNION SQUARE EAST,NEW YORK,NY,10003
140 HOSPITAL DRIVE,BENNINGTON,VT,05201
118 BARLOW WAY,OWENS CROSS ROADS,AL,35763
325 N BUFFALO ST,PORTLAND,OR,97217
3010 COLBY ST,BERKELEY,CA,94705
"WOMEN'S HOSPITAL CENTER, ET 3003",MIAMI,FL,33136
545 SCHULTZ CIRCLE,NEWLAND,NC,28657
770 MASON ST,VACAVILLE,CA,95688
11637 224TH ST,CAMRIA HEIGHTS,NY,11411
637 W 20TH ST,HOUSTON,TX,77008
827 LINDEN AVE,BALTIMORE,MD,21201
3117 AVENUE W,BROOKLYN,NY,11229
2030 W PICO BLVD,LOS ANGELES,CA,90006
2109 15TH ST,TROY,NY,12180
700 CENTRAL AVE,ST PETERSBURG,FL,33701
3535 S LAFAYETTE ST STE 100,ENGLEWOOD,CO,80113
4480 KING ST,ALEXANDRIA,VA,22302
3821 FORRESTGATE DR,WINSTON SALEM,NC,27103
8111 E LOWRY BLVD STE 230,DENVER,CO,80230
1010 1ST ST N STE 350,ALABASTER,AL,35007
"21 BELMONT AVENUE, GANNETT BUILDING 1ST FLOOR",BRATTLEBORO,VT,05301
1082 CEDAR CROSS RD STE 1002,DUBUQUE,IA,52003
306 4TH ST N,FARGO,ND,58102
KABGAYI SCHOOL OF NURSING,KABGAYI,SOUTHERN PROVINCE,BP 66
111 CLARA BARTON ST,DANSVILLE,NY,14437
37 S 2ND E,REXBURG,ID,83440
6030 WATER CANYON RD,WINNEMUCCA,NV,89445
2595 N WYATT DR,TUCSON,AZ,85712
2932 N HIGHWAY 25 W,WILLIAMSBURG,KY,40769
4244 HAMILTON AVE,CINCINNATI,OH,45223
8905 W LINCOLN AVE,WEST ALLIS,WI,53227
1630 S CONGRESS AVE,PALM SPRINGS,FL,33461
700 S WASHINGTON ST STE 330,ALEXANDRIA,VA,22314
295 S 1470 E STE 300,ST GEORGE,UT,84790
751 NE BLAKELY DR,ISSAQUAH,WA,98029
4458 MEDICAL DR STE 470,SAN ANTONIO,TX,78229
1700 HOSPITAL SOUTH DR. SUITE 500,AUSTELL,GA,30106
9100 BELVEDERE RD STE 105,ROYAL PALM BEACH,FL,33411
3650 NW 82ND AVE,DORAL,FL,33166
77 NEALY AVE,HAMPTON,VA,23665
500 COHASSET RD,CHICO,CA,95926
700 SPRUCE ST STE 200,PHILADELPHIA,PA,19106
1000 VALE TERRACE DR # CA92084,VISTA,CA,92084
100 PARK PL FL 2,CHAGRIN FALLS,OH,44022
1204 N MOUND ST,NACOGDOCHES,TX,75961
3537 S I-5 E,DENTON,TX,76210
4202 E BROADWAY RD UNIT 87,MESA,AZ,85206
3807 TURTLE RUN BLVD APT 1633,CORAL SPRINGS,FL,33067
1029 NICHOLS RD STE A,OSAGE BEACH,MO,65065
5245 E KNIGHT DR,TUCSON,AZ,85712
1700 6TH AVE S,BIRMINGHAM,AL,35233
200 NW 7TH AVE,FORT LAUDERDALE,FL,33311
527 W 400 N,OREM,UT,84057
620 LEE ST,WINSLOW,AZ,86047
4948 W KOOTENAI ST STE 100,BOISE,ID,83705
2202 HARLEM RD,LOVES PARK,IL,61111
242 KING AVENUE SUITE 120,ATHENS,GA,30606
1700 S TAMIAMI TRL,SARASOTA,FL,34239
4545 POINT FOSDICK DR NW,GIG HARBOR,WA,98335
UNIVERSITY OF COLORADO AT DENVER & HEALTH SCIENCES,DENVER,CO,80262
2500 FAIRWAY ST,DICKINSON,ND,58601
2229 N COMMERCE PKWY STE 220,WESTON,FL,33326
1678 JOBETH AVE SE,ATLANTA,GA,30316
530 N 108TH PL,WAUWATOSA,WI,53226
3400 AVENUE OF THE ARTS,COSTA MESA,CA,92626
3303 W 26TH ST,CHICAGO,IL,60623
1411 W BADDOUR PKWY,LEBANON,TN,37087
"MEADOW PROGRAM, JULIA PHILLIPPI PI",NASHVILLE,TN,37240
475 POLK ST STE F,TWIN FALLS,ID,83301
2301 FOREST RIDGE PKWY,NEW CASTLE,IN,47362
430 OB-GYN CONSULTATION,LOS ANGELES,CA,90095
2055 W HOSPITAL DR,TUCSON,AZ,85704
3611 SWISS AVE # 200,DALLAS,TX,75204
871 PROSPECT AVE,BRONX,NY,10468
70 N STURMER ST,BELINGTON,WV,26250
8360 RED OAK ST,RANCHO CUCAMONGA,CA,91730
7 MUNICIPAL WAY,ALBUQUERQUE,NM,87109
2929 E THOMAS RD,PHOENIX,AZ,85016
191 THEATER RD,ONALASKA,WI,54650
559 PORTSMOUTH AVE,GREENLAND,NH,03840
1032 MCCALLIE AVE,CHATTANOOGA,TN,37403
11730 BRIDGE HAMPTON,SAN ANTONIO,TX,78251
1606 GOLDEN ASPEN DR STE 105,AMES,IA,50010
8920 WILSHIRE BLVD STE 525,BEVERLY HILLS,CA,90211
918 EASTERN PKWY,BROOKLYN,NY,11213
473 CABRILLO ST,PRESIDIO OF MONTEREY,CA,93944
2936 AUSTIN RD,CLINTON,NY,13323
1105 DIVISION AVE STE 101,TACOMA,WA,98403
800 11TH ST,CHARLES CITY,IA,50616
127 E PARTRIDGE LN,CHERRY HILL,NJ,08003
UNIT 5024 BOX MDG,APO,AP,96319
11097 HEARTH RD,SPRING HILL,FL,34608
23 LAKEWOOD AVE,MONTICELLO,NY,12701
10651 E ST,CORPUS CHRISTI,TX,78419
501 NW LAKE WHITNEY PL STE 106,PORT ST LUCIE,FL,34986
101 HARRIS INDUSTRIAL BLVD STE C,VIDALIA,GA,30474
10692 MEDLOCK BRIDGE RD STE 100,JOHNS CREEK,GA,30097
3760 PIPER ST,ANCHORAGE,AK,99508
261 S MAIN ST,SNOWFLAKE,AZ,85937
1589 SPARTA ST STE 306,MCMINNVILLE,TN,37110
4749 LOREN DR,CEDAR FALLS,IA,50613
107 UPPER RIVERDALE RD SW STE B,RIVERDALE,GA,30274
1830 BLAKE AVENUE SUITE 208,GLENWOOD SPRINGS,CO,81601
975 SOLOMONS ROAD NORTH,PRINCE FREDERICK,MD,20678
133 COUNTRY LN,HURLEY,NY,12443
5153 N 9TH AVE STE 307,PENSACOLA,FL,32504
4147 HENSHAW DR,NORTH DINWIDDIE,VA,23803
1186 KING ST,RYE BROOK,NY,10573
5605 W EUGIE AVE STE 11,GLENDALE,AZ,85304
685 SE 3RD ST,BEND,OR,97702
4300 TALBOT RD S,RENTON,WA,98055
601 E 15TH ST,AUSTIN,TX,78701
9475 BRIAR VILLAGE PT STE 100,COLORADO SPRINGS,CO,80920
210 HOSPITAL DR,VALLEJO,CA,94589
1707 W CHARLESTON BLVD # VD,LAS VEGAS,NV,89102
1720 UNIVERSITY BLVD,BIRMINGHAM,AL,35233
1800 N CAPITOL AVE,INDIANAPOLIS,IN,46202
13429 TELEGRAPH RD,WHITTIER,CA,90605
2603 ELECTRIC AVE STE 2,PORT HURON,MI,48060
140 ACADEMY ST,PRESQUE ISLE,ME,04769
109 MONTAGUE ST,BROOKLYN,NY,11201
304 BECKETT DR,PRINCETON,NC,27569
1779 DOMINICAN WAY,SANTA CRUZ,CA,95065
1108 VESTER AVE,SPRINGFIELD,OH,45503
6329 UNITY ST STE A,THOMASVILLE,NC,27360
5035 COPPER BAR RD,LAS CRUCES,NM,88011
2011 WILSHIRE BLVD STE 300,LOS ANGELES,CA,90057
139 CENTRE ST PH 120,NEW YORK,NY,10013
120 N LAKE DR,LEXINGTON,SC,29072
2115 EXECUTIVE DR,HAMPTON,VA,23666
2250 WEHRLE DR,WILLIAMSVILLE,NY,14221
10 OBRIEN AVE,APALACHIN,NY,13732
1150 YALE STREET,SANTA MONICA,CA,90403
224 NEEDLE CT,ROSEVILLE,CA,95678
545 PLAINFIELD RD,WILLOWBROOK,IL,60527
5115 LIBERTY HEIGHTS AVE,BALTIMORE,MD,21207
600 W SPRING ST,COLUMBUS,OH,43215
7509 PROVIDENCE RD STE 200,CHARLOTTE,NC,28270
3930 W ANN RD STE 100,NORTH LAS VEGAS,NV,89031
111 FRANKLIN HEALTH CMNS,FARMINGTON,ME,04938
14 MORSE LOOP,WARNER,NH,03278
1937 W HARVARD AVE,ROSEBURG,OR,97471
35 6TH ST,STAMFORD,CT,06905
1509 STATE ST,LA PORTE,IN,46350
LANDSTUHL REGIONAL MEDICAL CENTER,APO,AE,09180
9040 JACKSON AVE DEPT OBGYN,TACOMA,WA,98431
1115 SE 164TH AVE,VANCOUVER,WA,98683
950 VICTORS WAY STE 100,ANN ARBOR,MI,48108
443 CONGRESS ST,PORTLAND,ME,04101
1001 POTRERO AVE # 6D-21,SAN FRANCISCO,CA,94110
3955 56TH ST S STE D,FARGO,ND,58104
1303 N MAIN ST,CEDAR CITY,UT,84720
4338 W THOMAS RD,PHOENIX,AZ,85031
725 RODEL COVE,LAKE MARY,FL,32746
5002 W LEMON ST,TAMPA,FL,33609
11256 N 128TH ST,SCOTTSDALE,AZ,85259
1824 W 8TH ST,CEDAR FALLS,IA,50613
1651 GUNBARREL RD STE 101A,CHATTANOOGA,TN,37421
2373 G RD STE 240,GRAND JCT,CO,81505
755 MAIN ST,HAVERHILL,MA,01830
14655 GALAXIE AVE,APPLE VALLEY,MN,55124
2485 SE 1ST ST,WEST DES MOINES,IA,50265
600 FITCH ST.,ELMIRA,NY,14905
3455 PEACHTREE RD NE STE 500,ATLANTA,GA,30326
606 BLACK RIVER RD STE 300,GEORGETOWN,SC,29440
183 TALCOTT RD STE 206,WILLISTON,VT,05495
2535 MINER LAKE DR,ALLEGAN,MI,49010
400 E FIRST ST,MORRIS,MN,56267
4333 MAIN ST,DOWNERS GROVE,IL,60515
3200 CANYON LAKE DR,RAPID CITY,SD,57702
802 NEW HOLLAND AVE STE 200,LANCASTER,PA,17602
9850 GENESEE AVE STE 600,LA JOLLA,CA,92037
1020 CRAFT RD STE C,ITHACA,NY,14850
200 HOSPITAL DR # 300,GLEN BURNIE,MD,21061
109 FOREST ST,BEREA,KY,40403
1108 CALLICUTT RD,BEAR CREEK,NC,27207
1000 JD ANDERSON DR,MORGANTOWN,WV,26505
1801 WEST TAYLOR STREET,CHICAGO,IL,60612
208 W CASABLANCA CANNON AFB,CLOVIS,NM,88103
304 LYNN ST,SEATTLE,WA,98109
903 CANYON CREEK DRIVE,TEMPLE,TX,76502
333 E COUNTY LINE RD,GREENWOOD,IN,46143
210 CLOVER REACH,PEACHTREE CITY,GA,30269
14648 INDIANA ST,DETROIT,MI,48238
N 10565 GRANDVIEW LANE,IRONWOOD,MI,49938
2296 OPITZ BLVD STE 440,WOODBRIDGE,VA,22191
200 LILLY RD NE,OLYMPIA,WA,98506
918 COUNTY LINE ROAD,BYRN MAWR,PA,19010
3251 N MCMULLEN BOOTH RD,CLEARWATER,FL,33761
1224 N ANDOVER RD STE 300,ANDOVER,KS,67002
400 LAKE STREET,ITHACA,NY,14850
1607 WINFIELD RD,MIDLAND,TX,79705
110 CENTRAL AVE,OWEGO,NY,13827
1720 KNOWLES RD,PHENIX CITY,AL,36869
300 STONECREST BLVD STE 310,SMYRNA,TN,37167
75 BICKFORD STREET,JAMAICA PLAIN,MA,02130
7205 W CENTER RD STE 200,OMAHA,NE,68124
4047 HILLCREST DR,WARREN,MI,48092
4401 VENTNOR AVE,ATLANTIC CITY,NJ,08401
811 S HAMILTON ST,CHANDLER,AZ,85225
534 SPRATT ST,CHARLOTTE,NC,28206
821 E KING ST,KINGS MOUNTAIN,NC,28086
500 N 9TH ST STE C,MODESTO,CA,95350
HIGHWAY 163 BLDG KA 2010,KAYENTA,AZ,86033
4449 STATE ROUTE 159,CHILLICOTHE,OH,45601
313 E 12TH ST,AUSTIN,TX,78701
201 E MORRISSY DR,ELKHORN,WI,53121
2211 LOMAS BLVD NE STE 211,ALBUQUERQUE,NM,87106
1000 E 1ST ST STE LL,DULUTH,MN,55805
153 WASHINGTON ST,MILFORD,CT,06460
3751 WASATCH AVE,LOS ANGELES,CA,90066
201 CHARLOTTE ST,ASHEVILLE,NC,28801
1003 OLDE WATERFORD WAY STE 1C,LELAND,NC,28451
345 N RIVERVIEW ST STE 500,WICHITA,KS,67203
2500 STARLING ST STE 305,BRUNSWICK,GA,31520
960 LEARNING WAY,TALLAHASSEE,FL,32306
546 WINTER ST,WOOSTER,OH,44691
2376 CYPRESS CIR,CONWAY,SC,29526
601 JOHN ST STE N1200,KALAMAZOO,MI,49007
8579 COMMERCE DR STE 102,EASTON,MD,21601
850 HARRISON AVE FL 4YAWKEY,BOSTON,MA,02118
851 MAIN STREET,NUCLA,CO,81424
254 N STATE ST,CONCORD,NH,03301
302 N JACKSON ST,MILWAUKEE,WI,53202
11110 MEDICAL CAMPUS RD STE 249,HAGERSTOWN,MD,21742
1510 SUNSET DR,VANDALIA,IL,62471
PSC 819 BOX 18,FPO,AE,
9 CRANBROOK BLVD,ENFIELD,CT,06082
45 SNELLING AVE N,SAINT PAUL,MN,55104
405 LINDSAY ST,HIGH POINT,NC,27262
1301 15TH AVE W,WILLISTON,ND,58801
1022 UNIVERSITY VLG # 1022,SALT LAKE CITY,UT,84108
449 NOSTRAND AVE,BROOKLYN,NY,11216
3819 AVENUE D FL 2,BROOKLYN,NY,11203
19 E MARKET ST STE 201,LEESBURG,VA,20176
3930 S BROADWAY,SAINT LOUIS,MO,63118
7777 W 38TH AVE,WHEAT RIDGE,CO,80033
480 DAISY CT,VERONA,WI,53593
2215 1/4 FLORENCITA AVE,MONTROSE,CA,91020
1220 E POLSTON AVE,POST FALLS,ID,83854
PSC 475 BOX 1,FPO,AP,96350
300 EXEMPLA CIR STE 470,LAFAYETTE,CO,80026
3950 N A W GRIMES BLVD STE N301A,ROUND ROCK,TX,78665
NORTH SHORE BIRTH CENTER,BEVERLY,MA,01915
1217 FAIRVIEW AVE,BLUE BELL,PA,19422
2398 MOUNT VERNON RD,DUNWOODY,GA,30338
2770 CAPITAL MEDICAL BLVD STE 200,TALLAHASSEE,FL,32308
1 LEMOYNE SQ STE 201,LEMOYNE,PA,17043
2410 MCCONNELL CIR APT A26,PINE BLUFF,AR,71602
215 E MANSION ST,MARSHALL,MI,49068
535 S EMPORIA AVE STE 103,WICHITA,KS,67202
2355 S WESTERN AVE,CHICAGO,IL,60608
27A LEDGEWOOD DR,ALBANY,NY,12205
200 PORTER DR,SAN RAMON,CA,94583
625 S BERRETTA LN,SIOUX FALLS,SD,57106
6855 SPRING VALLEY DR,HOLLAND,OH,43528
97 WHITE OAK RIDGE RD,LINCROFT,NJ,07738
5933 BLAKENEY PARK DR,CHARLOTTE,NC,28277
2850 N FEDERAL HWY # 300,LIGHTHOUSE POINT,FL,33064
1125 W JEFFERSON ST STE S200,FRANKLIN,IN,46131
1613 S VERMONT AVE,SEDALIA,MO,65301
601 S FLOYD ST STE 500,LOUISVILLE,KY,40202
"419 30TH STREET ,SUITE 2",OAKLAND,CA,94609
1 BROOKDALE PLAZA BROOKDALE UNIVERSITY HOSPITAL,BROOKLYN,NY,11212
5651 12TH AVE NE,SEATTLE,WA,98105
700 W LEA BLVD STE 201,WILMINGTON,DE,19802
10330 MERIDIAN AVE N STE 190,SEATTLE,WA,98133
3530 S VAL VISTA DR STE 203,GILBERT,AZ,85297
6903 WILHELMINA DR,SACHSE,TX,75048
1001 HART BLVD STE 100,MONTICELLO,MN,55362
1480 EAST AVE,BRONX,NY,10462
185 S 400 E,BOUNTIFUL,UT,84010
6638 GARLINGHOUSE LN,DALLAS,TX,75252
6550 W WARREN AVE,DETROIT,MI,48210
600 WESTAGE BUSINESS CTR DR,FISHKILL,NY,12524
1130 2ND ST,ENCINITAS,CA,92024
4646 JOHN R ST,DETROIT,MI,48201
436 TED STEVENS WAY,KOTZEBUE,AK,99752
RIVERBEND MEDICAL GROUP,CHICOPEE,MA,01020
1048 W FULTON MARKET APT 4,CHICAGO,IL,60607
198 FAIRVIEW RD,SHIPPENSBURG,PA,17257
1381 MEDICAL CENTER DR,ROANOKE RAPIDS,NC,27870
44155 15TH ST W,LANCASTER,CA,93534
"130 MALCOM X BLVD , APT 720",NEW YORK,NY,10026
100 MICHIGAN ST NE # MC104,GRAND RAPIDS,MI,49503
1597 E 350 S,LAYTON,UT,84040
KAISER PERMANENTE SAN MARCOS MEDICAL OFFICES OBGYN,SAN MARCOS,CA,92078
10129 CROSSING WAY STE D-404,DENHAM SPRINGS,LA,70726
38 HIGHLAND RD,MONTVALE,NJ,07645
1119 HIGHLAND AVE STE 2,CLARKSTON,WA,99403
3611 SWISS AVE STE 200,DALLAS,TX,75204
253 MAIN ST,EAST AURORA,NY,14052
219 STATE AVE N UNIT 200,KENT,WA,98030
430 FRANKLIN ST,RUMFORD,ME,04276
1050 REID PKWY STE 220,RICHMOND,IN,47374
100 MERCY WAY STE 510,JOPLIN,MO,64804
1000 HEALTH CENTER DR,MATTOON,IL,61938
1600 HADDON AVE FL 4,CAMDEN,NJ,08103
2356 MEADOWS BLVD STE 310B,CASTLE ROCK,CO,80109
1964 VIA CTR,VISTA,CA,92081
69618 N MAIN ST,RICHMOND,MI,48062
36 E 2ND ST,RIVERHEAD,NY,11901
2500 W WILLIAM CANNON DR STE 503,AUSTIN,TX,78745
215 10TH AVE S UNIT 813,MINNEAPOLIS,MN,55415
5320 W SUNSET AVE STE 157,SPRINGDALE,AR,72762
2400 E 42ND AVE,ANCHORAGE,AK,99508
134 ROUTE 59,SUFFERN,NY,10901
5141 BROADWAY,NEW YORK,NY,10034
1114 W MAIN ST,LEWISTOWN,MT,59457
8383 W ALAMEDA AVE,LAKEWOOD,CO,80226
1000 SOUTH COLUMBIA ROAD,GRAND FORKS,ND,58206
500 MEDICAL CENTER BLVD STE 190,LAWRENCEVILLE,GA,30046
"BLDG 50, FARENHOLT AVENUE",AGANA HEIGHTS,GU,96910
10465 PARK MEADOWS DR STE 104,LONE TREE,CO,80124
741 BROADWAY,NEWARK,NJ,07104
120 E ANTON AVE,COEUR D ALENE,ID,83815
131 SAVANNAH WOOD RD,HOPKINS,SC,29061
1208 LUTHER STREET,EADS,CO,81036
5310 COUNTY ROAD 200,LIBERTY HILL,TX,78642
1492 W ANTELOPE DR STE 206,LAYTON,UT,84041
1082 CROSSWINDS CT,WENTZVILLE,MO,63385
3933 MOUNT VERNON RD SE,CEDAR RAPIDS,IA,52403
8010 TOWERS CRESCENT DR FL 5,VIENNA,VA,22182
1454 MADISON AVE W,IMMOKALEE,FL,34142
1106 NW FRAZIER CT,PORTLAND,OR,97229
1901 SOUTH BLVD,CHARLOTTE,NC,28203
6859 SW 18TH ST,BOCA RATON,FL,33433
144 N. ORCHARD HEIGHTS WAY,NAMPA,ID,83651
798 CENTERTON RD,PITTSGROVE,NJ,08318
316 N MAIN ST STE 200,SALINAS,CA,93901
543 E MAIN ST,HOHENWALD,TN,38462
430 N PLEASANT AVE,CENTRALIA,IL,62801
1322 MAPLEWOOD AVE,RONCEVERTE,WV,24970
1350 N 500 E,LOGAN,UT,84341
200 S MERIDIAN ST,INDIANAPOLIS,IN,46225
9201 E MOUNTAIN VIEW RD,SCOTTSDALE,AZ,85258
"220 CHURCH ST, 5TH FLOOR",NEW YORK,NY,10013
201 RIDGE ST STE 312,COUNCIL BLUFFS,IA,51503
206 BUCHER DR,MOUNTAIN HOME,AR,72653
1011 COLLEGE AVE,JACKSONVILLE,TX,75766
1283 RECORD CROSSING RD,DALLAS,TX,75235
801 N 29TH ST,BILLINGS,MT,59101
1220 E ELM ST STE 101,LIMA,OH,45804
945 FOREST ST,DOVER,DE,19904
3035 E PALMER WASILLA HWY STE 401,WASILLA,AK,99654
1100 BEECH ST BLDG 7,NORMAL,IL,61761
1071 CARE WAY STE 101,FREDERICKSBURG,VA,22401
332 CALLE JOSE C BARBOSA,MOCA,PR,00676
12074 CANYON ROCK LN,SAN ANTONIO,TX,78254
34509 9TH AVE S STE 207,FEDERAL WAY,WA,98003
210 WISCONSIN AMERICAN DR,FOND DU LAC,WI,54937
5802 CITRUS VILLAGE BLVD,WINTER GARDEN,FL,34787
7092 MAPLE ST APT 1,WESTMINSTER,CA,92683
2016 VADALABENE DR,MARYVILLE,IL,62062
12 CASE ST,NORWICH,CT,06360
1276 N CLYBOURN AVE,CHICAGO,IL,60610
5322 CEDAR SPRINGS DR,SIERRA VISTA,AZ,85635
1241 MAMARONECK AVE,WHITE PLAINS,NY,10605
6327 SE MILWAUKIE AVE,PORTLAND,OR,97202
222 ELM ST,WEST HEMPSTEAD,NY,11552
423A NEW KARNER RD,ALBANY,NY,12205
212 E 106TH ST,NEW YORK,NY,10029
50 EASTDALE AVE N,POUGHKEEPSIE,NY,12603
429 ALABAMA ST,LAWRENCE,KS,66044
1411 N TAYLOR DR,SHEBOYGAN,WI,53081
3841 GREEN HILLS VILLAGE DR STE 200,NASHVILLE,TN,37215
3420 CHANATE RD,SANTA ROSA,CA,95404
100 INDEPENDENCE BLVD STE 100,SICKLERVILLE,NJ,08081
4379 RIDGEWOOD CENTER DR,WOODBRIDGE,VA,22192
621 ROXBURY RD,ROCKFORD,IL,61107
368 ELMHURST ST,MORGANTOWN,WV,26505
824 FRANKLIN PK DR,E SYRACUSE,NY,13057
9000 FRANKLIN SQUARE DR,BALTIMORE,MD,21237
323 N BONNIE BRAE ST,DENTON,TX,76201
46 OBERY ST STE 200,PLYMOUTH,MA,02360
1210 W BRAKER LANE,AUSTIN,TX,78758
612 MADISON ST SE,HUNTSVILLE,AL,35801
NMRTC/NAVHOSP 29 PALMS/EMF BRAVO,TWENTYNINE PALMS,CA,92278
4920 S 30TH ST,OMAHA,NE,68107
795 EASTERN BYP STE 5,RICHMOND,KY,40475
304 W DELAWARE AVE,URBANA,IL,61801
1700 HOSPITAL SOUTH DR STE 500,AUSTELL,GA,30106
110 E ROUTT AVE,PUEBLO,CO,81004
1310 E 7TH ST,AUBURN,IN,46706
10520 BARKLEY ST STE 140,OVERLAND PARK,KS,66212
5 PALISADES DR,ALBANY,NY,12205
3333 BURNET AVE,CINCINNATI,OH,45229
10737 CAMINO RUIZ,SAN DIEGO,CA,92126
22567 SUMMIT DR,WATERTOWN,NY,13601
1506 N LIMESTONE ST,GAFFNEY,SC,29340
6850 HILLTOP RD,SHAWNEE,KS,66226
2825 FORT MISSOULA RD STE 217,MISSOULA,MT,59804
150 MOUNTAIN AVE,HACKETTSTOWN,NJ,07840
185 TILLEY DR,SOUTH BURLINGTON,VT,05403
125 EAST TOWNSHIP STREET,FAYETTEVILLE,AR,72703
520 S EAGLE RD STE 3213,MERIDIAN,ID,83642
2005 CERRO CT,ANTIOCH,CA,94509
3500 2ND AVE STE 1,DES MOINES,IA,50313
1705 NW 6TH STREET,GAINESVILLE,FL,32609
338 E COLUMBIA AVE STE B,BATESBURG LEESVILLE,SC,29070
70 COHANSEY ST,BRIDGETON,NJ,08302
1215 TRINITY PL,MISHAWAKA,IN,46545
43 GABRIEL DR,AUGUSTA,ME,04330
310 NEW BRIDGE ST,JACKSONVILLE,NC,28540
1611 POND RD STE 301,ALLENTOWN,PA,18104
4113 CAPITOL ST STE B,DURHAM,NC,27704
2211 NW PROFESSIONAL DR STE 202,CORVALLIS,OR,97330
1339 E COURT ST STE 210,SEGUIN,TX,78155
2244 COLLINGWOOD BLVD,TOLEDO,OH,43620
1756 W ANTELOPE DR BSMT,LAYTON,UT,84041
24 MAINLAND RD,HARLEYSVILLE,PA,19438
8501 ARLINGTON BLVD,FAIRFAX,VA,22031
7691 5 MILE RD,CINCINNATI,OH,45230
7040 BRIDGEPORT DR,NASHVILLE,TN,37221
601 W VILLARD ST,BOZEMAN,MT,59715
2460 NW STEWART PKWY,ROSEBURG,OR,97470
225 SAN ANTONIO RD,MOUNTAIN VIEW,CA,94040
"1010 SPRUCE ST 3RD, FL AREA 2 ESPANOLA, NM 87532-2724","ESPANOLA,",NM,87532
9133 TIMBER ST,NORTH CHARLESTON,SC,29406
34503 9TH AVE S STE 330,FEDERAL WAY,WA,98003
3039 JOHNSON ST,HOLLYWOOD,FL,33021
635 MAYSVILLE RD # A,MOUNT STERLING,KY,40353
2958 STATE ST,SANTA BARBARA,CA,93105
2501 TARRYTOWN MALL,HOUSTON,TX,77057
2055 HIGH ST,DENVER,CO,80205
1441 N TRACY BLVD,TRACY,CA,95376
8120 LA MIRADA PL NE,ALBUQUERQUE,NM,87109
445 W 9TH AVE,ANCHORAGE,AK,99501
1000 36TH ST,VERO BEACH,FL,32960
509 W MAHONE DR STE B,ARTESIA,NM,88210
4076 NEELY ROAD,FORT WAINWRIGHT,AK,99703
1248 E 90 N # 300,AMERICAN FORK,UT,84003
2520B WALTON RD,HUNTINGDON VALLEY,PA,19006
374 STOCKHOLM ST,BROOKLYN,NY,11237
4624 330TH ST,SHELDON,IA,51201
9809 CANDELARIA RD NE BLDG 2,ALBUQUERQUE,NM,87112
420 W 4TH ST,MISHAWAKA,IN,46544
200 THEDA CLARK MEDICAL PLZ STE 130,NEENAH,WI,54956
1715 N GEORGE MASON DR,ARLINGTON,VA,22205
800 CLINTON ST,WOONSOCKET,RI,02895
90 SOUTH STREET,GLENS FALLS,NY,12801
111 W LEWIS ST STE 205,GREENSBORO,NC,27406
2265 MARKET ST,WARREN,PA,16365
3195 SOUTH MAIN STREET,SALT LAKE CITY,UT,84115
404 N MAIN ST STE 612,OSHKOSH,WI,54901
1921 NEW RD.,NORTHFIELD,NJ,08225
90 LIBBEY PARKWAY,S WEYMOUTH,MA,02189
833 BUFFALO ST,FARMVILLE,VA,23901
573 FAIRVIEW RD STE 6,ASHEVILLE,NC,28803
301 PROSPECT AVE STE 706,SYRACUSE,NY,13203
7495 STATE RD,CINCINNATI,OH,45255
316 W MILLER ST,NEWARK,NY,14513
3886 PRINCETON LAKES WAY SW STE 280,ATLANTA,GA,30331
20 ASHWOOD KNL,ROCHESTER,NY,14624
621 MEMORIAL DR,SOUTH BEND,IN,46601
695 EDDY ST,PROVIDENCE,RI,02903
2239 S 108TH ST,WEST ALLIS,WI,53227
1 WELLNESS BLVD STE 200,IRMO,SC,29063
1300 HOSPITAL LOOP,BELCOURT,ND,58316
3737 RED BLUFF RD STE 150,PASADENA,TX,77503
487 KING RD,SEAGROVE,NC,27341
5830 KNAUTH RD,BEAUMONT,TX,77705
5622 W PALMAIRE AVE,GLENDALE,AZ,85301
10123 SE MARKET ST,PORTLAND,OR,97216
3001 HOSPITAL DR,CHEVERLY,MD,20785
2410 FRANKLIN ROAD,NASHVILLE,TN,37204
7235 PROCTOR RD,SARASOTA,FL,34241
1202 SW 14TH ST,BENTONVILLE,AR,72712
113 MAIN ST,BROOKVILLE,PA,15825
115 LARIAT COURT,STEPHENS CITY,VA,22655
7940 FLOYD CURL DR STE 900,SAN ANTONIO,TX,78229
4250 HATTON ROGERS LN,NORTH FORT MYERS,FL,33903
6140 S BROADWAY,LORAIN,OH,44053
1115 S WALDRON RD STE 107,FORT SMITH,AR,72903
1458 CHURCH ST STE B,DECATUR,GA,30030
623 DUNKIRK CT,LAWRENCEVILLE,GA,30046
2500 HORTON BLVD SW,WILSON,NC,27893
10440 LITTLE PATUXENT PKWY,COLUMBIA,MD,21044
2019 GALISTEO ST,SANTA FE,NM,87505
1447 MEDICAL PARK BLVD STE 300,WELLINGTON,FL,33414
#9 DUNWOODY PARK,ATLANTA,GA,30338
12265 SW HALL BLVD,PORTLAND,OR,97223
9160 CAROTHERS PKWY STE 201,FRANKLIN,TN,37067
3900 GREYSTONE AVE,BRONX,NY,10463
5100 BUCKEYSTOWN PIKE,FREDERICK,MD,21704
90 JACKSON PIKE,GALLIPOLIS,OH,45631
446A GUY PARK AVE,AMSTERDAM,NY,12010
1000 N 16TH ST STE 250,NEW CASTLE,IN,47362
1301 HODGES DR,TALLAHASSEE,FL,32308
6871 BELFORT OAKS PL,JACKSONVILLE,FL,32216
820 N THOMPSON LN STE 1A,MURFREESBORO,TN,37129
1247 DONALD LEE HOLLOWELL PKWY NW,ATLANTA,GA,30318
305 E NICOLLET BLVD STE 393,BURNSVILLE,MN,55337
118 W MAIN ST,THORNTOWN,IN,46071
2605 KENTUCKY AVE STE 103,PADUCAH,KY,42003
3231 MCMULLEN BOOTH RD,SAFETY HARBOR,FL,34695
20 SOUTH BROADWAY,YONKERS,NY,10701
2301 LEXINGTON AVE STE 125,ASHLAND,KY,41101
NAVAL MEDICAL CENTER,CAMP LEJEUNE,NC,28547
8101 PARALLEL PKWY STE 200,KANSAS CITY,KS,66112
215 HOLLAND ST,ERIE,PA,16507
LLC/ 300 HEALTH PARK BOULEVARD,SAINT AUGUSTINE,FL,32086
1651 E MARKET,WARREN,OH,44483
1201 EAST HIGHWAY 18,PINE RIDGE,SD,57770
1735 WEYMOUTH DR SE,WYOMING,MI,49508
707 N MINNESOTA ST STE C,CARSON CITY,NV,89703
1760 E PECOS RD STE 516,GILBERT,AZ,85295
7225 RAINBOW DR.,SAN JOSE,CA,95129
235 E NORTH ST,CAREY,OH,43316
2403 W WRANGLER BLVD,SEMINOLE,OK,74868
9501 FERRELL RD,FORT BELVOIR,VA,22060
724 NW 43RD STREET,GAINESVILLE,FL,32607
1081 HIGH FALLS RD,CATSKILL,NY,12414
184 JEFFERSON PKWY STE B,NEWNAN,GA,30263
40 TEMPLE ST STE 7A,NEW HAVEN,CT,06510
41 OAKLAND RD STE 200,ASHEVILLE,NC,28801
654 COLUSA AVE,BERKELEY,CA,94707
2344 SUNNYSIDE RD,MANHEIM,PA,17545
UM PRINCE GEORGE'S HOSPITAL CENTER,CHEVERLY,MD,20785
1532 W 32ND ST STE 301,JOPLIN,MO,64804
514 9TH ST,BROOKLYN,NY,11215
1874 PIEDMONT AVE NE STE 500E,ATLANTA,GA,30324
163 DOVERSIDE DR,COLUMBIA,SC,29212
172 RED COVE ROAD,SAND POINT,AK,99661
4030 W BOYSCOUT BLVD. SUITE 800,TAMPA,FL,33607
420 W HIGH ST,DOWAGIAC,MI,49047
555 QUINCE ORCHARD RD STE 410,GAITHERSBURG,MD,20878
5701 BOW POINTE DR STE 350,CLARKSTON,MI,48346
630 E NORTH AVE,CAROL STREAM,IL,60188
2055 W HOSPITAL DR STE 115,TUCSON,AZ,85704
851 LEONARD FULGHUM DR STE 201,MOUNT PLEASANT,SC,29464
168 CANAL STREET,NEW YORK,NY,10001
550 BROAD ST STE 606,NEWARK,NJ,07102
124 W 109TH ST APT 3A,NEW YORK,NY,10025
1616 EVANS RD STE 205,CARY,NC,27513
7920 OLD CEDAR AVE S,BLOOMINGTON,MN,55425
800 S CHURCH ST,JONESBORO,AR,72401
1301 SIGMAN RD NE,CONYERS,GA,30012
907 E LAMAR ALEXANDER PKWY,MARYVILLE,TN,37804
3640 SW SAMARITAN DR,CORVALLIS,OR,97330
6095 PROFESSIONAL PKWY STE A210,DOUGLASVILLE,GA,30134
2700 NAPOLEON AVE FL 4,NEW ORLEANS,LA,70115
2020 SUNDANCE PKWY STE A1,NEW BRAUNFELS,TX,78130
424 SAVANNAH RD,LEWES,DE,19958
3780 HOLCOMB BRIDGE RD,NORCROSS,GA,30092
9105 ROCKAWAY BEACH BLVD,ROCKAWAY BEACH,NY,11693
9450 S 1300 E,SANDY,UT,84094
551D WEST PORT RD,ELIZABETHTOWN,KY,42701
2601 WEST END AVENUE,NASHVILLE,TN,37203
206 CORNELIA ST STE 306,PLATTSBURGH,NY,12901
13160 JERUSALEM HILL RD NW,SALEM,OR,97304
1125 ATLANTIC AVE,ATLANTIC CITY,NJ,08401
5100 SW MACADAM AVE,PORTLAND,OR,97239
338 1ST AVE NW,SIOUX CENTER,IA,51250
1900 NW COPPER OAKS CIR,BLUE SPRINGS,MO,64015
3212 WEST END AVENUE,NASHVILLE,TN,37203
911 S MAIN ST,TRENTON,FL,32693
1005 DR. D. B. TODD BLVD,NASHVILLE,TN,37208
2732 FOREST LAKE DR,JACKSON,MI,49203
2911 MARINA DR,MIDDLETON,WI,53562
300 COLORADO AVE,PUEBLO,CO,81004
TODEE JUNCTION ROAD,KAKATA,MONTSERRADO,1000
5525 GROSSMONT CENTER DR,LA MESA,CA,91942
15901 BASS RD,FORT MYERS,FL,33908
4500 W MIDWAY RD,FORT PIERCE,FL,34981
5716 MICHIGAN AVE,DETROIT,MI,48210
402 E 2ND ST,WICHITA,KS,67202
2945 HAZELWOOD ST,MAPLEWOOD,MN,55109
9880 N 77TH AVE,PEORIA,AZ,85345
2400 ROCKTON AVE,ROCKFORD,IL,61103
1621 TONGASS AVE STE 207,KETCHIKAN,AK,99901
14106 58TH ST N,CLEARWATER,FL,33760
275 BRONSON WAY NE,RENTON,WA,98056
777 BANNOCK ST # 7782,DENVER,CO,80204
327 MEDICAL PARK DR 4 EAST,BRIDGEPORT,WV,26330
1102 FOXWOOD DRIVE,SEVIERVILLE,TN,37862
349 PENNY LN,CONCORD,NC,28025
2199 N MERRITT CREEK LOOP,COEUR D ALENE,ID,83814
13441 S HIGHWAY 13,HIGGINSVILLE,MO,64037
896 MANHATTAN AVE,BROOKLYN,NY,11222
1151 MAIN ST.,SWAN QUARTER,NC,27885
119 WINDSOR ST,CAMBRIDGE,MA,02139
6700 BELLAIRE BLVD,HOUSTON,TX,77074
988102 NEBRASKA MEDICAL CTR,OMAHA,NE,68198
3550 AIRPORT WAY STE 5,FAIRBANKS,AK,99709
1550 CAROLINA AVE,ORANGEBURG,SC,29115
2679 MAURY ST,DES MOINES,IA,50317
2000 CAROMONT PKWY,BELMONT,NC,28012
4629 CALLE DE CASITAS,OCEANSIDE,CA,92057
901 45TH STREET,WEST PALM BEACH,FL,33407
121 CONGRESSIONAL LN STE 201,ROCKVILLE,MD,20852
1425 PECOS ST.,MESQUITE,TX,75150
6129 LEESBURG PIKE APT NO710,FALLS CHURCH,VA,22041
3624 FLETCHER CIR,AMES,IA,50010
120 KING ST,JACKSONVILLE,FL,32204
72 W STAFFORD RD # III,STAFFORD SPRINGS,CT,06076
5226 OGDEN RD,WEST SALEM,OH,44287
12881 N IH 35,LIVE OAK,TX,78233
360 HOSPITAL DR,CLYDE,NC,28721
2311 KENTUCKY AVE,PADUCAH,KY,42003
5171 S CUB LAKE RD STE 340,SHOW LOW,AZ,85901
1300 N VERMONT AVE STE 407,LOS ANGELES,CA,90027
206 SALOLI TRACE,LOUDON,TN,37774
7735 WADSWORTH BLVD UNIT D,ARVADA,CO,80003
200 NASH MEDICAL ARTS MALL,ROCKY MOUNT,NC,27804
82 PRINCESS DR,NORTH BRUNSWICK,NJ,08902
3725 RENEE DR,MYRTLE BEACH,SC,29579
374 GRAND AVE # 3733,NEW HAVEN,CT,06513
675 N SAINT CLAIR ST STE 14-200,CHICAGO,IL,60611
BARRIO SIERRA BAJA,GUAYANILLA,PR,00656
1518 MULBERRY AVE STE 203,MUSCATINE,IA,52761
490 LIBERTY ST,CHESAPEAKE,VA,23324
4919 W EVA ST,GLENDALE,AZ,85302
3601 GENDER RD,CANAL WINCHESTER,OH,43110
417 N MAIN ST,KENANSVILLE,NC,28349
9230 W OLYMPIC BLVD,BEVERLY HILLS,CA,90212
2400 N 71ST ST APT T,SCOTTSDALE,AZ,85257
1180 BRIGHTON BEACH AVE STE 1,BROOKLYN,NY,11235
9209 COLIMA RD STE 4100,WHITTIER,CA,90605
27B TALISMAN DR UNIT 3,PAGOSA SPRINGS,CO,81147
102 GOLD AVE SW # 548,ALBUQUERQUE,NM,87102
19500 SE STARK ST,PORTLAND,OR,97233
59 CHEEVER PL,BROOKLYN,NY,11231
763 79TH PL,WEST DES MOINES,IA,50266
3903 WOODHAVEN LN,BOWIE,MD,20715
3303 S BOND AVE FL 10,PORTLAND,OR,97239
6116 SHALLOWFORD RD,CHATTANOOGA,TN,37421
5883 1/2 DOVERWOOD DR,CULVER CITY,CA,90230
"DEPT. OF HEALTH, FAMILY PLANNING PROGRAM, ELAINCO BLDG.",ST. THOMAS,VI,00802
450 ALASKAN WAY S STE 200,SEATTLE,WA,98104
22400 SALAMO RD STE 201,WEST LINN,OR,97068
990 HARTFORD AVE,AKRON,OH,44320
1001 W RANDOL MILL RD,ARLINGTON,TX,76012
129 BARTON RD,STOW,MA,01775
113 FITZPATRICK CT,NASHVILLE,TN,37214
947 CASITAS VISTA RD,VENTURA,CA,93001
2744 EWING AVE S,MINNEAPOLIS,MN,55416
4212 NORTH 16TH STREET,PHOENIX,AZ,85016
302 UNIVERSITY PKWY,AIKEN,SC,29801
8268 164TH ST,JAMAICA,NY,11432
12900 W 94TH ST,PROSSER,NE,68883
800 S FILLMORE ST,OSCEOLA,IA,50213
2373 WINDSOR MEADOW BLVD,WILDWOOD,MO,63038
33255 9TH ST,UNION CITY,CA,94587
200 MAITLAND AVE APT 142,ALTAMONTE SPRINGS,FL,32701
PRESTON PLACE I 5180 CHAPPEL DRIVE,PERRYSBURG,OH,43551
403 N 3RD ST,MARSHALL,MN,56258
1001 COAL AVE SE,ALBUQUERQUE,NM,87106
9555 SW BARNES RD STE 100,PORTLAND,OR,97225
101 MADISON AVE,MORRISTOWN,NJ,07960
7735 WADSWORTH BLVD,ARVADA,CO,80003
590 NORTH LEAVITT ROAD,AMHERST,OH,44001
16802 145TH AVE,MILACA,MN,56353
2955 TRIVERTON PIKE DR,FITCHBURG,WI,53711
7156 GRACE LN,SEALY,TX,77474
5507 THOMAS SIM LEE TER,UPPER MARLBORO,MD,20772
FREDERIKSTED HEALTH CENTER,ST.CROIX,VI,00840
400 W CAMPUS DR,ORANGE,CT,06477
289 IRELAND AVE,FORT KNOX,KY,40121
500 W THOMAS RD STE 720 AND 730,PHOENIX,AZ,85013
6846 KINGS HARBOR DR,RANCHO PALOS VERDES,CA,90275
3803 MANCHESTER ST,COLORADO SPRINGS,CO,80907
2323 S WENTWORTH AVE,CHICAGO,IL,60616
2773 HARRIS ST,EUREKA,CA,95503
3025 BERKMAR DR,CHARLOTTESVILLE,VA,22901
7301A W PALMETTO PARK RD,BOCA RATON,FL,33433
15285 AMBERLY DR,TAMPA,FL,33647
7142 CHIMNEY HILL DR APT 3210,WEST BLOOMFIELD,MI,48322
11921 ROCKVILLE PIKE,ROCKVILLE,MD,20852
6615 LELAND WAY,LOS ANGELES,CA,90028
317 SALEM PL,FAIRVIEW HEIGHTS,IL,62208
15305 OLIVE ST,LOS ANGELES,CA,90015
175 SPENCER ST APT 4A,BROOKLYN,NY,11205
5460 63RD ST E,BRADENTON,FL,34203
58 E OAKLAND AVE,DOYLESTOWN,PA,18901
8005 SE TOWHEE CT,MILWAUKIE,OR,97267
328 LINDEN AVE,WILMETTE,IL,60091
7950 KIPLING ST,ARVADA,CO,80005
941 S 4TH ST,LA CONNER,WA,98257
4650 AMBASSADOR CAFFERY PKWY BLDG C,LAFAYETTE,LA,70508
136 W 81ST ST,NEW YORK,NY,10024
688 PRESIDENT ST,BROOKLYN,NY,11215
13930 BELLAIRE BLVD,HOUSTON,TX,77083
6350 76TH AVE N,PINELLAS PARK,FL,33781
3408 OFFICE PARK DR,MARION,IL,62959
464 PARKER ST,NEWARK,NJ,07104
128 N RANDOLPH ST,GARRETT,IN,46738
3620 BUCKEYSTOWN PIKE UNIT 69,BUCKEYSTOWN,MD,21717
1120 15TH STREET AUGUSTA UNIVERSITY,AUGUSTA,GA,30912
1500 E 17TH AVE,COLUMBUS,OH,43219
14901 RINALDI ST STE 320,MISSION HILLS,CA,91345
5126 W DAYBREAK PKWY,SOUTH JORDAN,UT,84009
120 SIMSBURY RD STE B,AVON,CT,06001
1303 N MAIN ST STE E,CEDAR CITY,UT,84721
331 UPPER PLAIN,BRADFORD,VT,05033
1800 NW MYHRE RD,SILVERDALE,WA,98383
70 LUNDY LANE,CLEVELAND,UT,84518
2155 IRON POINT RD,FOLSOM,CA,95630
1275 SUMMER ST,STAMFORD,CT,06905
5673 PEACHTREE DUNWOODY RD STE 870,ATLANTA,GA,30342
969 E HIGHWAY 33,CRETE,NE,68333
5810 HIGHWAY 189 N,BAKER,FL,32531
1017 SCHOOL STREET,VEAZIE,ME,04401
15-17 WARREN ST,LOWELL,MA,01854
300 OAK ST,KELSO,WA,98626
7425 MISSION VALLEY RD,SAN DIEGO,CA,92108
642 ULUKAHIKI ST,KAILUA,HI,96734
11339 CAMP CREEK TRL,SAN ANTONIO,TX,78245
104 MEDICAL DR # 104,DOTHAN,AL,36303
5430 TAYLOR AVE,BETTENDORF,IA,52722
112 JEFFERSON ST,WEST UNION,IA,52175
2151 W FAIR AVE,LANCASTER,OH,43130
23141 MOULTON PKWY STE 108,LAGUNA HILLS,CA,92653
930 MARTIN LUTHER KING JR. BLVD,CHAPEL HILL,NC,27514
131 SHIVERTOWN RD,NEW PALTZ,NY,12561
1195 NORTH MAIN STREET,PROVIDENCE,RI,02904
5606 WILLOW SPRINGS CT,FORT COLLINS,CO,80528
1111 LIGHTHOUSE LANE,GOSHEN,IN,46526
200 BLUE MOON XING STE 102,POOLER,GA,31322
OB HOSPITALIST GROUP,GREENVILLE,SC,29607
3716 HILLSDALE RD,BALTIMORE,MD,21207
1983 SLOAN PL,SAINT PAUL,MN,55117
30 E 3000 S,HEBER CITY,UT,84032
721 MIAMI CHAPEL RD,DAYTON,OH,45417
12620 COBALT RD,VICTORVILLE,CA,92392
265 GRIFFIN ST E,AMERY,WI,54001
375 E TABERNACLE ST,ST GEORGE,UT,84770
1301 SAM PERRY BLVD,FREDERICKSBURG,VA,22401
615 S ARAPEEN DR STE 100,SALT LAKE CITY,UT,84108
1225 E MARKET ST,YORK,PA,17403
3132 S LITUANICA AVE # 1W,CHICAGO,IL,60608
2010 ZONAL AVE,LOS ANGELES,CA,90089
3112 N MOUNTAIN VIEW DR,FARMINGTON,NM,87401
305 N KEENE ST,COLUMBIA,MO,65201
303 E NICOLLET BLVD,BURNSVILLE,MN,55337
1360 UPPER HEMBREE ROAD,ROSWELL,GA,30076
626 N MULLAN RD STE 2,SPOKANE VALLEY,WA,99206
2001 WESTON PKWY,CARY,NC,27513
235 E ROWAN AVE STE 102,SPOKANE,WA,99207
5353 WAYZATA BLVD STE 510,ST LOUIS PARK,MN,55416
2065 E 17TH ST STE A,IDAHO FALLS,ID,83404
111 DOCTOR CIR,COLUMBIA,SC,29203
119 N 51ST ST STE 200,OMAHA,NE,68132
1201 E FLORENCE AVE,LOS ANGELES,CA,90001
3375 GALLERIA DR UNIT 9,FAYETTEVILLE,NC,28303
11034 70TH RD,FOREST HILLS,NY,11375
1 N COLLEGE ST,NORTHFIELD,MN,55057
1340 BOYLSTON ST,BOSTON,MA,02215
5134 W MELLOW WAY,SOUTH JORDAN,UT,84009
143 KENNEDY DR,MARTIN,TN,38237
42 WASHINGTON ST,WELLESLEY,MA,02481
1518 W MASON ST,GREEN BAY,WI,54303
4450 ARAPAHOE AVE STE 100,BOULDER,CO,80303
220 NORTHSIDE DR,VALDOSTA,GA,31602
3960 N STUDEBAKER RD STE 102,LONG BEACH,CA,90808
2628 E GLENWOOD ST,SPRINGFIELD,MO,65804
10 VALE ST,NATICK,MA,01760
1 SAINT VINCENT CIR STE 440,LITTLE ROCK,AR,72205
3333 N CALVERT ST STE 650,BALTIMORE,MD,21218
13944 EUCLID AVE,EAST CLEVELAND,OH,44112
1279 HIGHWAY 54 WEST,FAYETTEVILLE,GA,30214
1201 CALEDONIA ST,LA CROSSE,WI,54603
5819 N FM 88,WESLACO,TX,78596
14601 SE DIVISION ST,PORTLAND,OR,97236
380 NASSAU RD,ROOSEVELT,NY,11575
5080 RAMBLING MEADOWS DR,BROWNS SUMMIT,NC,27214
1774 TONINI DR APT 7,SAN LUIS OBISPO,CA,93405
"2972 INDIAN TRAIL, STE.",AURORA,IL,60502
201 N HAMILTON ST,RICHMOND,VA,23221
716 SOUTH 7TH STREET,MINNEAPOLIS,MN,55415
3 HARRY S TRUMAN PKWY,ANNAPOLIS,MD,21401
828 HEALTHY WAY,VIRGINIA BEACH,VA,23462
701 E HAMPDEN AVE,ENGLEWOOD,CO,80113
460 NORTHWEST PKWY,AZLE,TX,76020
1301 E MAIN ST,MURFREESBORO,TN,37132
5557 CASS AVE,DETROIT,MI,48202
711 TROY SCHENECTADY RD STE 208,LATHAM,NY,12110
680 AVIATOR CT,VANDALIA,OH,45377
1560 KINGSLEY AVE STE A,ORANGE PARK,FL,32073
231 W HANCOCK ST,MILLEDGEVILLE,GA,31061
16708 FISCHER RD,LAKEWOOD,OH,44107
191 BERKELEY PL APT 10,BROOKLYN,NY,11217
58 FREEMAN HOLW,LEWIS RUN,PA,16738
7300 YORK RD STE 200,TOWSON,MD,21204
410 LOCKERMAN ST,DENTON,MD,21629
6452 CITY WEST PARKWAY,EDEN PRAIRIE,MN,55344
950 WASHINGTON BLVD,BEAUMONT,TX,77705
98 RIDGE AVE,NORTH PLAINFIELD,NJ,07060
3 ALLEN RD,MIMBRES,NM,88049
162 GLEN AVE,COUNCIL BLUFFS,IA,51503
278 MAIN ST STE 307A,GREENFIELD,MA,01301
36000 DARNEALL LOOP,FORT HOOD,TX,76544
10 S 2000 E STE 3525B,SALT LAKE CITY,UT,84112
901 DETROIT CT # 5258,MORTON,IL,61550
34 DUNCAN ST,WARSAW,NY,14569
1500 KANAKANAK RD,DILLINGHAM,AK,99576
702 BRYAN DR STE 100,DURANT,OK,74701
4115 W SPRUCE ST STE 205,TAMPA,FL,33607
837 PUTNAM AVE,BROOKLYN,NY,11221
6020 35TH AVE SW,SEATTLE,WA,98126
200 NW 7TH AVE,FT LAUDERDALE,FL,33311
970 CLIFTON AVE,CLIFTON,NJ,07013
2501 E ENTERPRISE AVE,APPLETON,WI,54913
3344 BARTLETT AVE,ROSEMEAD,CA,91770
1044 N FRANCISCO AVE,CHICAGO,IL,60622
445 CENTENNIAL AVE,BUTTE,MT,59701
9 W 130TH ST,HINCKLEY,OH,44233
39 DRACUT ST,DORCHESTER CENTER,MA,02124
411 OAK STREET,CINCINNATI,OH,45219
UNIVERSITY HEALTH SERVICES,MADISON,WI,53715
3403 E RAYMOND ST,INDIANAPOLIS,IN,46203
19016 STONE OAK PKWY STE 205,SAN ANTONIO,TX,78258
10180 SE SUNNYSIDE RD,CLACKAMAS,OR,97015
415 GLEN RD,SPARTA,NJ,07871
5050 NE HOYT ST STE 210,PORTLAND,OR,97213
1900 E BAY DR,LARGO,FL,33771
11 KINGSBURY WAY,YARMOUTH PORT,MA,02675
8160 WALNUT HILL LN STE LL-006,DALLAS,TX,75231
9607 122ND AVE SE,RENTON,WA,98056
315 MARTIN L KING JR WAY,TACOMA,WA,98405
1985 MAIN ST,SPRINGFIELD,MA,01103
1315 HOSPITAL DR FL 3,ST JOHNSBURY,VT,05819
9273 COLLINS AVE APT 409,SURFSIDE,FL,33154
4 FAWN LN,SUFFERN,NY,10901
1651 W LAKE LANSING RD STE 300,EAST LANSING,MI,48823
3816 COOPER SQUARE CT APT 12204,INDIANAPOLIS,IN,46205
1315 ARLINGTON ST,MARSHFIELD,WI,54449
4011 N 51ST AVE,PHOENIX,AZ,85031
2000 PINNACLE DR,WEATHERFORD,OK,73096
620 DAVIS ST,EUGENE,OR,97402
247 WHITE ST,MANCHESTER,KY,40962
2401 E EVESHAM RD STE A,VOORHEES,NJ,08043
118 E 102ND ST,NEW YORK,NY,10029
353 E. 17TH ST,NEW YORK,NY,10003
1441 CHAPEL ST,NEW HAVEN,CT,06511
2001 BLOOMINGTON AVE,MINNEAPOLIS,MN,55404
460 CREST CIR,MOHNTON,PA,19540
59 LYNBROOK AVE,STATEN ISLAND,NY,10309
3571 ROAD 212,CHEYENNE,WY,82009
5 PIXIE GRV,FREEPORT,ME,04032
15400 W MCNICHOLS RD,DETROIT,MI,48235
60 11TH ST NE,ATLANTA,GA,30309
"3396 STATE ROAD 96,",COYOTE,NM,87012
1551 BISHOP ST,SAN LUIS OBISPO,CA,93401
440 N FLATHEAD LN,IDAHO FALLS,ID,83401
2246 KEENLAND COMMERCIAL BLVD,MURFREESBORO,TN,37127
278 LASALLE LAFALL DR,QUINCY,FL,32351
950 E MAIN ST BLDG B,SOMERTON,AZ,85350
3714 INGERSOLL AVE,DES MOINES,IA,50312
203 E 4TH AVE,RANSON,WV,25438
100 ERDMAN WAY,LEOMINSTER,MA,01453
333 N 1ST ST STE 240,BOISE,ID,83702
36 E 2ND ST STE 204,RIVERHEAD,NY,11901
1200 W. STATE STREET,ROCKFORD,IL,61102
21509 SPRINGFIELD CENTER RD,HARLAN,IN,46743
8425 DORSEY CIR STE 102,MANASSAS,VA,20110
2945 HAZELWOOD ST STE 100,MAPLEWOOD,MN,55109
590 BOGACHIEL WAY,FORKS,WA,98331
2054 30TH AVE,FAIRBANKS,AK,99701
"993 JOHNSON FERRY ROAD NE, BLDG F",ATLANTA,GA,30342
1850 E EGBERT ST,BRIGHTON,CO,80601
13 GINGER LAKE DR W,GLEN CARBON,IL,62034
84 NY-59,SUFFERN,NY,10901
111 W 7 MILE RD,DETROIT,MI,48203
126 ASHTON PARK,PEACHTREE CITY,GA,30269
MARY KELLER,LINTHICUM HEIGHTS,MD,21090
VANDERBILT DEPT OF OBGYN 1161 21ST AVE S,NASHVILLE,TN,37232
4011 OLD CLINIC BUILDING,CHAPEL HILL,NC,27599
285 W END AVE,NEW YORK,NY,10023
1717 E. CHICAGO ROAD,STURGIS,MI,49091
3515 BROADWAY BLVD,KANSAS CITY,MO,64111
7010 GIRARD ST,MC LEAN,VA,22101
1439 JESSE JEWELL PKWY NE STE 102,GAINESVILLE,GA,30501
1200 SIXTH ST STE 200,TRAVERSE CITY,MI,49684
530 WASHINGTON HIGHWAY,MORRISVILLE,VT,05661
725 IRVING AVE,SYRACUSE,NY,13210
122 FECHET DR,BILOXI,MS,39531
16 N WABASH AVE,CHICAGO,IL,60602
2040 SUTTER PL,DAVIS,CA,95616
1825 WOODWINDS DR STE 200,WOODBURY,MN,55125
3510 N HIGHWAY 17 STE 110,MT PLEASANT,SC,29466
17 CENTRAL ST UNIT 1,RANDOLPH,VT,05060
1791 MULKEY RD,AUSTELL,GA,30106
4621 MARELLEN PL,LA CRESCENTA,CA,91214
143 NORTH ST STE 2,AUBURN,NY,13021
1901 W HARRISON,CHICAGO,IL,60612
2700 REMINGTON AVE STE 2000,BALTIMORE,MD,21211
6640 E MCDOWELL RD APT 3013,SCOTTSDALE,AZ,85257
12911 W 40TH AVE,GOLDEN,CO,80401
601 E 20TH ST APT 14E,NEW YORK,NY,10010
1601 N CAYUGA ST,ITHACA,NY,14850
HUNTERDON DEVELOPMENTAL PEDIATRIC ASSOCIATES,FLEMINGTEN,NJ,08822
123 E ALVARADO ST,FALLBROOK,CA,92028
105 E HACK ST,CULLOM,IL,60929
300 20TH AVE N,NASHVILLE,TN,37203
1037 CHAMPIONS WAY,SUFFOLK,VA,23435
9291 MEDICAL PLAZA DR,NORTH CHARLESTON,SC,29406
9430 TROPICO DR,LA MESA,CA,91941
184 LUTZ AVE,MARTINSBURG,WV,25404
650 JOEL DRIVE,FORT CAMPBELL,KY,42223
285 BOULEVARD NE STE 110,ATLANTA,GA,30312
2130 W SYCAMORE ST STE 260,KOKOMO,IN,46901
91-216 WAAKEA PL APT A,KAPOLEI,HI,96707
11701 SAN JOSE BLVD,JACKSONVILLE,FL,32223
49650 CHERRY HILL RD STE 220,CANTON,MI,48187
927 KENTON STATION DR,MAYSVILLE,KY,41056
1 PARK WEST BLVD.,AKRON,OH,44320
10547 MONTGOMERY RD STE 500-3,MONTGOMERY,OH,45242
201 29TH ST,SACRAMENTO,CA,95816
226 HARVARD ST,ALLSTON,MA,02134
22347 NORTHWESTERN PIKE,ROMNEY,WV,26757
502 MAIN ST,BLACK RIVER FALLS,WI,54615
32169 - 2050 N AVE,ARLINGTON,IL,61312
315 WILLOUGHBY BLVD,GREENSBORO,NC,27408
1300 HOSPITAL DRIVE CHARLESTON BIRTH PLACE,MT. PLEASANT,SC,29464
262 22ND ST,BROOKLYN,NY,11215
1122 S ROBERTSON BLVD,LOS ANGELES,CA,90035
12000 SHAKER BLVD,CLEVELAND,OH,44120
1815 HENDERSONVILLE RD STE 102,ASHEVILLE,NC,28803
354 SANTA FE DR,ENCINITAS,CA,92024
784 14TH AVE,LONGVIEW,WA,98632
4514 38TH STREET,SAN DIEGO,CA,92105
20 ARMORY LANE,VERGENNES,VT,05491
4230 HEMPSTEAD TPKE STE 208,BETHPAGE,NY,11714
523 BEAVERKILL RD,OLIVEBRIDGE,NY,12461
25 DEGRANDPRE WAY,PLATTSBURGH,NY,12901
"100 WILLOW PLAZA, SUITE 201",VISALIA,CA,93291
1024 NORTH BLVD,OAK PARK,IL,60301
1411 E 31ST ST # 4,OAKLAND,CA,94602
333 S 3RD ST,DANVILLE,KY,40422
7703 FLOYD CURL DR RM 1.422,SAN ANTONIO,TX,78229
900 N 1ST ST,SPRINGFIELD,IL,62702
3001 W HALLANDALE BEACH BLVD,HALLANDALE,FL,33009
87 CHURCH ST,EAST HARTFORD,CT,06108
304 JEFFERSON ST,WHITEVILLE,NC,28472
61 MEDFORD ST,SOMERVILLE,MA,02143
TEHAMA COUNTY HEALTH SERVICES CLINIC DIVISON,RED BLUFF,CA,96080
1111 SONOMA AVE STE 202,SANTA ROSA,CA,95405
660 S 200 E STE 250,SALT LAKE CITY,UT,84111
1564 N DAMEN AVE STE 207,CHICAGO,IL,60622
140 WESTWOODS DR,LIBERTY,MO,64068
2960 TONGASS AVE,KETCHIKAN,AK,99901
201 CEDAR ST SE STE 5600,ALBUQUERQUE,NM,87106
2000 SE BLUE PKWY STE 270,LEES SUMMIT,MO,64063
4710 NE STALLINGS DR,NACOGDOCHES,TX,75965
35670 KENAI SPUR HWY STE 101A,SOLDOTNA,AK,99669
825 BLOOMFIELD AVE,VERONA,NJ,07044
1625 N GEORGE MASON DR,ARLINGTON,VA,22205
70 DOCTORS DR,PANAMA CITY,FL,32405
1726 POPLAR AVE,MEMPHIS,TN,38104
325 HANCOCK ST,BROOKLYN,NY,11216
1881 BUSINESS CENTER DR STE 8A,SAN BERNARDINO,CA,92408
439 PORT RICHMOND AVE,STATEN ISLAND,NY,10302
1341 WALTER REED RD,FAYETTEVILLE,NC,28304
143 PEYTON STREET,BARBOURSVILLE,WV,25504
4500 HARLEM RD,AMHERST,NY,14226
3412 GLACIER HWY,JUNEAU,AK,99801
19455 DEERFIELD AVENUE,LEESBURG,VA,20176
1590 DREW AVE STE 210,DAVIS,CA,95618
108 CARLSON LOOP,FORT HUACHUCA,AZ,85613
3401 E RAYMOND ST,INDIANAPOLIS,IN,46203
101 CARING WAY,REDWOOD FALLS,MN,56283
148 W RIVER ST STE 5A,PROVIDENCE,RI,02904
3730 RHONE CIRCLE,ANCHORAGE,AK,99508
2321 COMMONWEALTH DR,CHARLOTTESVILLE,VA,22901
7800 W 127TH ST,PALOS PARK,IL,60464
1260 S CAMPBELL AVE,GREEN VALLEY,AZ,85614
121 E BAKER ST,INDIANOLA,MS,38751
1428 N WATERMAN AVE STE B,SAN BERNARDINO,CA,92404
1635 AURORA COURT,AUORA,CO,80045
148 TERRY RD,SMITHTOWN,NY,11787
6525 FRANCE AVE S,EDINA,MN,55435
393 E TOWN ST STE 116,COLUMBUS,OH,43215
1901 S VENTURA AVE STE B,SPRINGFIELD,MO,65804
8 CUSUMANO PROFESSIONAL PLAZA DR,MOUNT VERNON,IL,62864
1100 1ST ST NW,WASHINGTON,DC,20001
400 PLAZA DRIVE,VESTAL,NY,13850
2323 OAK PARK LN,SANTA BARBARA,CA,93105
100 BURGOYNE RD,SCHUYLERVILLE,NY,12871
29 S GREENE ST,BALTIMORE,MD,21201
1490 2ND AVE,NEW YORK,NY,10021
4714 16TH AVE,BROOKLYN,NY,11204
230 MAPLE STREET,HOLYOKE,MA,01040
4130 HUNT PL NE,WASHINGTON,DC,20019
845 S. DAMEN (MC 802,CHICAGO,IL,60612
6450 MAPLE ST,DEARBORN,MI,48126
152 ZEMAN DR STE 102,EBENSBURG,PA,15931
386 STRAWBERRY LN,BIG COVE TANNERY,PA,17212
17675 S MUSKOGEE AVE,TAHLEQUAH,OK,74464
1510 VALLEY CENTER PKWY,BETHLEHEM,PA,18017
17 N STATE ST STE 500,CHICAGO,IL,60602
75-5851 KUAKINI HWY # 461,KAILUA KONA,HI,96740
500 W COURT ST,KANKAKEE,IL,60901
1120 S UTICA AVE,TULSA,OK,74104
1053 CENTER STREET,WEST COLUMBIA,SC,29169
211 W 1ST AVE,SPOKANE,WA,99202
BASSETT MEDICAL CENTER,COOPERSTOWN,NY,13326
200 CRESCENT CENTRE PARK,TUCKER,GA,30084
16105 SAND CANYON AVE STE 200,IRVINE,CA,92618
669 N. LOS ROBLES AVENUE,PASADENA,CA,91101
4200 BECKNER RD,SANTA FE,NM,87507
1600 6TH AVE STE 114,YORK,PA,17403
300 STONECREST BLVD,SMYRNA,TN,37167
3301 ARMAR DR,MARION,IA,52302
120 LA CASA VIA STE 208,WALNUT CREEK,CA,94598
29101 HEALTH CAMPUS DR STE 250,WESTLAKE,OH,44145
2659 N ASH ST,SPOKANE,WA,99205
1418 10TH ST APT 7,SANTA MONICA,CA,90401
57 US HIGHWAY 46,HACKETTSTOWN,NJ,07840
1525 E 6000 S,SO OGDEN,UT,84405
1525 E 23RD ST S,INDEPENDENCE,MO,64055
2001 BLAISDELL AVE,MINNEAPOLIS,MN,55404
WOMEN'S BIRTH & WELLNESS CENTER,CHAPEL HILL,NC,27514
818 5TH AVE,DES MOINES,IA,50309
72 SHELDON BLVD SE,GRAND RAPIDS,MI,49503
2560 TRACY DRIVE,HELENA,MT,59601
980 W IRONWOOD DR STE 201,COEUR D ALENE,ID,83814
21 DUPONT AVE,WHITE PLAINS,NY,10605
12607 SE MILL PLAIN BLVD,VANCOUVER,WA,98684
2073 OLYMPIC STREET,SPRINGFIELD,OR,97477
LA RED HEALTH CENTER,GEORGETOWN,DE,19947
2525 E BROADWAY ST,HELENA,MT,59601
20941 NEZ PERCE TRL,LOS GATOS,CA,95033
300 PROFESSIONAL VIEW DR,FREEHOLD,NJ,07728
18 S MICHIGAN AVE,CHICAGO,IL,60603
2600 MACDONALD AVE,RICHMOND,CA,94804
500 W BERKELEY ST,UNIONTOWN,PA,15401
"JANELLE KOMOROWSKI, DNP, CNM",ADDY,WA,99101
N8150 AMUNDSON COULEE RD,HOLMEN,WI,54636
8620 WILLOW OAKS CORP DRIVE,FAIRFAX,VA,22031
SCHOOL OF NURSING CBX 063,MILLEDGEVILLE,GA,31061
530 WASHINGTON HWY,MORRISVILLE,VT,05661
320 SUPERIOR AVE STE 360,NEWPORT BEACH,CA,92663
101 SE 27TH AVE,BOYNTON BEACH,FL,33435
1905 BLAKE AVE,GLENWOOD SPRINGS,CO,81601
280 EXEMPLA CIR,LAFAYETTE,CO,80026
3650 LAKE OTIS PKWY,ANCHORAGE,AK,99508
1232 GREENSPRINGS DR,YORK,PA,17402
1431 MCHENRY AVE STE 100,MODESTO,CA,95350
14311 RAMONA BLVD,BALDWIN PARK,CA,91706
725 SKIPPACK PIKE STE 220,BLUE BELL,PA,19422
62 BIG HILL RD,LEXINGTON,VA,24450
2866 1ST AVE,HUNTINGTON,WV,25702
880 KEMPSVILLE RD STE 2200,NORFOLK,VA,23502
4700 UNION DEPOSIT RD,HARRISBURG,PA,17111
320 FEDERAL ST,LYNCHBURG,VA,24504
615 N WOLFE ST,BALTIMORE,MD,21205
270 W 231ST ST STE 101,BRONX,NY,10463
2460 NW STEWART PKWY,ROSEBURG,OR,97471
2151 E 14 MILE RD STE 200,BIRMINGHAM,MI,48009
N20302 SUNSET RIDGE LN,GALESVILLE,WI,54630
140 HOSPITAL DR,BENNINGTON,VT,05201
250 PARK ST,BOWLING GREEN,KY,42101
21 E HOLLIS ST,NASHUA,NH,03060
615 W MORELAND BLVD,WAUKESHA,WI,53188
11750 SW BARNES ROAD,PORTLAND,OR,97225
568 BROADWAY,NEW YORK,NY,10012
30200 TELEGRAPH RD STE 236,BINGHAM FARMS,MI,48025
1003 PLUMAS ST,YUBA CITY,CA,95991
2675 N DECATUR RD,DECATUR,GA,30033
332 S FREEWAY RD,TUCSON,AZ,85745
6817 SOUTHPOINT PKWY,JACKSONVILLE,FL,32216
720 S VAN BUREN ST STE 101,GREEN BAY,WI,54301
29160 CENTER RIDGE RD STE M,WESTLAKE,OH,44145
7255 OLD OAK BLVD STE C112,MIDDLEBURG HEIGHTS,OH,44130
595 HAMPTON RD,SOUTHAMPTON,NY,11968
700 N SAM HOUSTON PKWY W,HOUSTON,TX,77067
12076 N 75TH ST,LONGMONT,CO,80503
1375 CHERRY WAY DR STE 100,GAHANNA,OH,43230
700 CHIEF EDDIE HOFFMAN HWY,BETHEL,AK,99559
336 CHARDONNAY AVE STE B,PROSSER,WA,99350
2150 CENTRAL AVE,TOLEDO,OH,43606
801 17TH ST SE,WASHINGTON,DC,20002
16 WOODS EDGE RD,MILFORD,NJ,08848
135 N UNION ST,OLEAN,NY,14760
1800 N MAIN ST,WHEATON,IL,60187
955 E WONDER RD,STAFFORD,VA,22554
4928 EDMONDSON PIKE STE 205,NASHVILLE,TN,37211
10601 CHURCH ST,RANCHO CUCAMONGA,CA,91730
HWY 160/163 BUILDING KA2010,KAYENTA,AZ,86033
4013 CAMINO LINDO,SAN DIEGO,CA,92122
24017 N 35TH DR,GLENDALE,AZ,85310
3851 PIPER ST,ANCHORAGE,AK,99508
3474 PARIS RD,CENTER POINT,IA,52213
1801 SE 32ND AVE,OCALA,FL,34471
1020 NUT TREE RD # 270,VACAVILLE,CA,95687
UNIVERSITY HEALTH SERVICES,UNIVERSITY PARK,PA,16802
9836 US HIGHWAY 441,LEESBURG,FL,34788
928 S BROADWAY APT 1010,LOS ANGELES,CA,90015
600 ABERDEEN DR,SOMERSET,PA,15501
982 EAST MAIN STREET,BRIDGEPORT,CT,06608
476 E CAMPBELL AVE,CAMPBELL,CA,95008
6225 BRANDON AVE STE 175,SPRINGFIELD,VA,22150
650 HUEBNER RD FL 2,FORT RILEY,KS,66442
8301 GOLDEN VALLEY RD,GOLDEN VALLEY,MN,55427
2150 W CENTRAL AVE STE A,TOLEDO,OH,43606
1100 NORTH AVE,GRAND JUNCTION,CO,81501
1330 E WASHINGTON ST,SYRACUSE,NY,13210
7932 HONEY FIG RD,CHARLOTTE,NC,28277
54 S STATE ST,PAINESVILLE,OH,44077
2370 GABLE RD,SAINT HELENS,OR,97051
5801 DEAUVILLE,MIDLAND,TX,79706
"UNIT 6108,BOX 245",APO,AE,
65-1267 KAWAIHAE RD,KAMUELA,HI,96743
15244,APO,AP,96205
225 S CONGRESS AVE,DELRAY BEACH,FL,33445
80 WOODRUFF AVE APT 6A,BROOKLYN,NY,11226
7582 ANNAPOLIS RD,HYATTSVILLE,MD,20784
2913 E RED ROCK RD,HUTCHINSON,KS,67501
PO BOX 860,WHITERIVER,AZ,85941
1950 GREENFIELD AVE,LOS ANGELES,CA,90025
6525 FRANCE AVE S STE 100,EDINA,MN,55435
1 VAN WYCK PLZ,JAMAICA,NY,11418
565 OLD NORCROSS RD STE 200,LAWRENCEVILLE,GA,30046
6030 W HIGHWAY 74,INDIAN TRAIL,NC,28079
CAMPUS RIDGE BUILDING 4401 CAMPUS RIDGE DRIVE,MIDLAND,MI,48640
7094 PEACHTREE INDUSTRIAL BLVD STE 170-2,PEACHTREE CORNERS,GA,30071
350 PARRISH ST,CANANDAIGUA,NY,14424
5126 W DAYBREAK PKWY,SOUTH JORDAN,UT,84095
21 DIVISION STREET,PAWTUCKET,RI,02860
2769 CHERRY POINT RD,WADMALAW ISLAND,SC,29487
330 WESTERN BLVD STE 102,GLASTONBURY,CT,06033
1245 HIGHLAND AVE STE 109,ABINGTON,PA,19001
6900 PEARL RD,MIDDLEBURG HEIGHTS,OH,44130
21 ELM ST,NEW MILFORD,CT,06776
5053A MAIN ST,MANCHESTER CENTER,VT,05255
7300 N PERIMETER RD,MALMSTROM A F B,MT,59402
6600 BLACKBERRY RD,EDMOND,OK,73034
5590 LINKSVIEW WAY,GLADWIN,MI,48624
2043 W THOMAS ST,CHICAGO,IL,60622
1500 GARNER RD,RALEIGH,NC,27610
5460 BLANDING BLVD,JACKSONVILLE,FL,32244
1718 E 22ND ST,BROOKLYN,NY,11229
1600 SAN FERNANDO RD.,SAN FERNANDO,CA,91340
13721 PIERCE ST,PACOIMA,CA,91331
1614 NC HIGHWAY 56,CREEDMOOR,NC,27522
4415 ALBANY POST RD,HYDE PARK,NY,12538
611 WILSON AVE,POCATELLO,ID,83201
9600 S 1300 E,SANDY,UT,84094
26227 RAMPART ST,SALVO,NC,27972
310 WASHINGTON AVE SW,ROANOKE,VA,24016
2992 W 12825 S,RIVERTON,UT,84065
40 MARGARET RD # 2,MONROE,NY,10950
1525 14TH ST NW,WASHINGTON,DC,20005
213 MADISON AVE STE 1A,NEW YORK,NY,10016
100 INDEPENDENCE CIR,CHICO,CA,95973
3840 WOODLEY RD,TOLEDO,OH,43606
2908 ELLSWORTH ST,BERKELEY,CA,94705
625 HEMPSTEAD PL,COLORADO SPRINGS,CO,80906
3000 MEDICAL PARK DR,TAMPA,FL,33613
803 S MORGAN AVE,BROUSSARD,LA,70518
7109 NW 11TH PL STE B,GAINESVILLE,FL,32605
761 MAIN AVE STE 201,NORWALK,CT,06851
1727 SOUTH ST,REDDING,CA,96001
301 LAKEHURST RD,TOMS RIVER,NJ,08755
5425 W LAKE ST,CHICAGO,IL,60644
401 CORBETT ST,BELLEAIR,FL,33756
13170 RAVENNA RD STE 116,CHARDON,OH,44024
8923 SOPER HILL RD,MARYSVILLE,WA,98270
56 NEW DRIFTWAY,SCITUATE,MA,02066
1795 ALYSHEBA WAY STE 1204,LEXINGTON,KY,40509
5200 HARROUN RD,SYLVANIA,OH,43560
11212 STATE HIGHWAY 151 STE 350,SAN ANTONIO,TX,78251
4625 LINDELL BOULEVARD,ST.LOUIS,MO,63108
1723 BROADWAY ST STE 315,CAPE GIRARDEAU,MO,63701
6708 N KNOXVILLE AVE,PEORIA,IL,61614
1309 S HALSTED ST STE 240,CHICAGO,IL,60607
615 1ST AVE NE STE 310,MINNEAPOLIS,MN,55413
22344 LAKE SHORE BLVD,CLEVELAND,OH,44123
1701 HARDEE AVE SW,FT. MCPHERSON,GA,30330
120 KINGS WAY STE 3400,WILLIAMSBURG,VA,23185
1156 PALACE AVE,SAINT PAUL,MN,55105
131 E CHELTEN AVE,PHILADELPHIA,PA,19144
2311 S BONNIE BROOK LN,WAUKEGAN,IL,60087
105 W 8TH AVE,SPOKANE,WA,99204
2298 GILT EDGE STAGE,LEWISTOWN,MT,59457
18077 OUTER HWY 18 STE 100,APPLE VALLEY,CA,92307
266 E BRIDGE ST,REDWOOD FALLS,MN,56283
1001 HART BLVD,MONTICELLO,MN,55362
640 JACKSON STREET,ST PAUL,MN,55101
10277 N 92ND ST,SCOTTSDALE,AZ,85258
9613 SANDIFUR PKWY STE A,PASCO,WA,99301
57 WATER ST,BLUE HILL,ME,04614
511 UNIVERSITY DR E STE 210,COLLEGE STATION,TX,77840
13 TAMMY ST,SALEM,NH,03079
3 SHAWS CV,NEW LONDON,CT,06320
6002 NO WESTGATE BLVD,TACOMA,WA,98406
1446 W PLEASANT GROVE BLVD.,PLEASANT GROVE,UT,84062
3200 NORTHLINE AVE.,GREENSBORO,NC,27408
7120 CLEARVISTA DR STE 5900,INDIANAPOLIS,IN,46256
45 SPRING ST,FLORENCE,MA,01062
715 LAKE ST STE 273,OAK PARK,IL,60301
1230 N 30TH ST,BILLINGS,MT,59101
4616 NE 98TH AVE,PORTLAND,OR,97220
1409 N ABILENE PL,PORTALES,NM,88130
1501 S PINELLAS AVE,TARPON SPRINGS,FL,34689
500 S JACKSON ST,JACKSON,MI,49203
3975 US HWY 93 N,STEVENSVILLE,MT,59870
59 FOREST RIDGE RD,PLEASANT VALLEY,NY,12569
10654 LORAIN AVE,CLEVELAND,OH,44111
3401 CAPITAL MEDICAL BLVD,TALLAHASSEE,FL,32308
755 NEW YORK AVE,HUNTINGTON,NY,11743
52 MARKET ST APT A,VENICE,CA,90291
1010 HIGHWAY 172,KEATCHIE,LA,71046
1005 WALNUT ST,ELMIRA,NY,14901
8040 PRINCETON-GLENDALE RD,WEST CHESTER,OH,45069
335A W COLLEGE AVE,SHELBY,NC,28152
1508 DIVISION ST,OREGON CITY,OR,97045
2700 SE STRATUS AVE UNIT 301,MCMINNVILLE,OR,97128
2800 S STATE ROAD 135 STE 250,GREENWOOD,IN,46143
837 ADDISON ST,BERKELEY,CA,94710
3000 ROGERS AVE,FORT SMITH,AR,72901
1315 HOSPITAL DR,ST JOHNSBURY,VT,05819
1928 ALCOA HWY STE B205,KNOXVILLE,TN,37920
275 VERDE VALLEY SCHOOL RD,SEDONA,AZ,86351
3531 NE 15TH AVE STE B,PORTLAND,OR,97212
1330 PENN AVE,WYOMISSING,PA,19610
3396 PERSHALL RD,FERGUSON,MO,63135
1498 JESSE JEWELL PKWY SE,GAINESVILLE,GA,30501
44 N 5TH ST,ALLEGANY,NY,14706
505 W 400 N,OREM,UT,84057
1 CROSFIELD AVE STE 104,WEST NYACK,NY,10994
8744 WHITTAKER ROAD,YPSILANTI,MI,48197
2101 ELM ST N,FARGO,ND,58102
4090 S RIDGEWOOD AVE,PORT ORANGE,FL,32127
747 BROADWAY BLDG STE 920,SEATTLE,WA,98122
211 NORTH JEFFERSON ST.,ALBANY,GA,31701
7936 E ARAPAHOE CT STE 2600,CENTENNIAL,CO,80112
306 STONERIDGE BLVD,ASHEVILLE,NC,28804
411 OAK ST,CINCINNATI,OH,45219
3330 MONTE VILLA PKWY,BOTHELL,WA,98021
18 W BLACKWELL ST,DOVER,NJ,07801
675 N SAINT CLAIR ST STE 19-100,CHICAGO,IL,60611
520 ADAMSTOWN RD,REINHOLDS,PA,17569
153 PIONEER LN STE B,BISHOP,CA,93514
611 SINGLETON AVE,TITUSVILLE,FL,32796
10102 COUNTRY CLUB RD SE,CUMBERLAND,MD,21502
1403 LOMITA BLVD,HARBOR CITY,CA,90710
"KO'OLAU WOMEN'S HEALTH CARE, INC",KAILUA,HI,96734
18040 SW LOWER BOONES FERRY RD STE 100,TIGARD,OR,97224
12501 WILLOWBROOK RD,CUMBERLAND,MD,21502
3400 FOREST HILL BLVD,WEST PALM BEACH,FL,33406
4815 JOHNSTON OEHLER RD STE 200,CHARLOTTE,NC,28269
590 MEDICAL CENTER ROAD,FORT CAVAZOS,TX,76544
2032 SIROCO LN,MELBOURNE,FL,32934
1200 STELLY LN,SULPHUR,LA,70663
1411 E AMARILLO BLVD,AMARILLO,TX,79107
1527 E 11TH AVE,SPOKANE,WA,99202
8325 SWAN LAKE AVE,LAS VEGAS,NV,89128
68 COLUMBINE LN,PARACHUTE,CO,81635
1220 E ELM ST,LIMA,OH,45804
HIGHWAY 191 AND HOSPITAL ROAD,CHINLE,AZ,86503
7695 CARDINAL CT STE 240,SAN DIEGO,CA,92123
100 MICHIGAN ST NE # MC020,GRAND RAPIDS,MI,49503
301 HEALTH PARK BLVD,SAINT AUGUSTINE,FL,32086
23 MILLS AVE,GREENVILLE,SC,29605
1793 NEWMAN TER,BENTON HARBOR,MI,49022
5818 W CAPITOL DR,MILWAUKEE,WI,53216
1326 STATE ROAD 100,GRANDIN,FL,32138
617 RIVERSIDE AVE,BURLINGTON,VT,05401
780 ALBANY ST,BOSTON,MA,02118
2500 W WILLIAM CANNON DR,AUSTIN,TX,78745
8837 N CITRUS AVE,CRYSTAL RIVER,FL,34428
3501 CADILLAC AVENUE,COSTA MESA,CA,92626
10440 LITTLE PATUXENT PKWY STE 300,COLUMBIA,MD,21044
167 MARTIN LUTHER KING JR DR,FORSYTH,GA,31029
7 TROY LN,POUGHKEEPSIE,NY,12603
445 HURFFVILLE CROSSKEYS RD STE A,SEWELL,NJ,08080
294 6TH ST,BROOKLYN,NY,11215
22316 BERRY DR,ROCKY RIVER,OH,44116
ONE HOSPITAL ROAD,OAK BLUFFS,MA,02557
223 E MAIN ST APT 2,PENN YAN,NY,14527
320 E BROADWAY,JACKSON,WY,83001
22 MILL ST STE 204,ARLINGTON,MA,02476
4251 FOREST PARK AVE,SAINT LOUIS,MO,63108
6TH AVENUE & SPRUCE STREET,WEST READING,PA,19611
903 SHEPPARD RD,VOORHEES,NJ,08043
1111 SUPERIOR ST STE 101,MELROSE PARK,IL,60160
1880 KENNETH RD STE 3,YORK,PA,17408
5616 LONE STAR PKWY,SAN ANTONIO,TX,78253
MSC 09 5350,ALBUQUERQUE,NM,87131
608 RIVER ROAD,NEWCASTLE,ME,04553
2301 E EVESHAM RD STE 122,VOORHEES,NJ,08043
17 MEADOW LN,ACCORD,NY,12404
1032 A ST,HAYWARD,CA,94541
U.S. EMBASSY BEIJING,FPO,AP,96521
2620 COMMERCIAL WAY STE 140,ROCK SPRINGS,WY,82901
1 RESEARCH RD,RIDGE,NY,11961
550 N MAPLE AVE,RIDGEWOOD,NJ,07450
1406 16TH AVE SW,GREAT FALLS,MT,59404
15190 FOX RIDGE DR,FONTANA,CA,92336
540 CATALINA DR,ASHLAND,OR,97520
197 E AIKEN RD,EDEN,NC,27288
1990 ALLEN RD,GREENVILLE,NC,27834
809 N BETHLEHEM PIKE,LOWER GWYNEDD,PA,19002
657 SKYLINE DR,JACKSON,TN,38305
46961 VAN DYKE AVE,SHELBY TOWNSHIP,MI,48317
461 21ST AVE S,NASHVILLE,TN,37240
200 SWINBURNE STREET,RALEIGH,NC,27610
221 NORTH ACKLAND STREET,GAMBIER,OH,43022
405 BRIARWOOD DR,JACKSON,MS,39206
361 HAMILTON RD,JACKSONVILLE,OR,97530
1008 N GRAND AVE,PUEBLO,CO,81003
10700 N KENDALL DR STE 200,MIAMI,FL,33176
260 ELM ST,CUMMING,GA,30040
"STONY BROOK UNIVERSITY HOSPITAL HSC LEVEL 9, ROOM 090",STONY BROOK,NY,11794
700 MOUNT HOPE AVE STE 420,BANGOR,ME,04401
1635 NC HIGHWAY 66 S STE 245,KERNERSVILLE,NC,27284
2485 HOSPITAL DR STE 330,MOUNTAIN VIEW,CA,94040
944 LENNOX ST,ANN ARBOR,MI,48103
395 FLATBUSH AVENUE EXT,BROOKLYN,NY,11201
2671 HIGHWAY 70,MANASQUAN,NJ,08736
833 NW BUCHANAN AVE STE 7,CORVALLIS,OR,97330
301 HEMPSTEAD AVE,MALVERNE,NY,11565
1000 WINDERLEY PL,MAITLAND,FL,32751
3701 PERKIOMEN AVE,READING,PA,19606
1602 ROCK PRAIRIE RD STE 3400,COLLEGE STATION,TX,77845
2831 FORT MISSOULA RD BLDG 2,MISSOULA,MT,59804
4530 EVERETT DR,NASHVILLE,TN,37215
115 W ATLAS AVE,OOLOGAH,OK,74053
301 OLD SAN FRANCISCO RD,SUNNYVALE,CA,94086
1970 WHITNEY AVE STE 4,HAMDEN,CT,06517
"401 BROADWAY, SUITE 2075",SEATTLE,WA,98104
35103 EVANSTON AVE,STERLING HEIGHTS,MI,48312
800 WHEELING AVE,GLEN DALE,WV,26038
2501 E 42ND AVE,ANCHORAGE,AK,99508
11 OVERLOOK RD STE 210,SUMMIT,NJ,07901
"143 NORTH STREET, SUITE #4",AUBURN,NY,13021
222 OAK AVE,TOMS RIVER,NJ,08753
584 HOSPITAL DR,BOLIVIA,NC,28422
2151 CENTURY LN,JOHNSON CITY,TN,37604
1065 BUCKS LAKE RD,QUINCY,CA,95971
9 OAK DR,SAG HARBOR,NY,11963
3970 N OAKLAND AVE STE 703,SHOREWOOD,WI,53211
2550 BUSINESS PARK DR NE,CLEVELAND,TN,37311
2429 E NORTH ALTAMONT BLVD,SPOKANE,WA,99202
694 GOOD DR STE 11,LANCASTER,PA,17601
78 CROMWELL AVE,STATEN ISLAND,NY,10304
337 NOTCH HILL RD,NORTH BRANFORD,CT,06471
1860 E EGBERT ST,BRIGHTON,CO,80601
310 W KAAHUMANU AVE,KAHULUI,HI,96732
911 W 38TH ST,AUSTIN,TX,78705
201 KINGWOOD MEDICAL DR STE B300,KINGWOOD,TX,77339
100 KINGSLEY LN STE 200,NORFOLK,VA,23505
3231 S NATIONAL AVE STE 230,SPRINGFIELD,MO,65807
3433 AGLER RD,COLUMBUS,OH,43219
916 S 3RD ST,MOUNT VERNON,WA,98273
3998 VISTA WAY,OCEANSIDE,CA,92056
205 LEXINGTON AVE,NEW YORK,NY,10016
349 ROUTE 31 UNIT 503,FLEMINGTON,NJ,08822
600 W ARTEMOS DR,MISSOULA,MT,59803
151 N EAGLE CREEK DR STE 320,LEXINGTON,KY,40509
6097 W CHAMPLAIN WAY,HERRIMAN,UT,84096
770 W RESERVE DR STE 3,KALISPELL,MT,59901
5225 ROUTE 347 STE 70,PORT JEFFERSON STATION,NY,11776
477 COOPER RD,WESTERVILLE,OH,43081
2751 BAY PARK DR STE 300,OREGON,OH,43616
11757 HOBDAY RD,WILTON,CA,95693
7525 ZUNI RD SE,ALBUQUERQUE,NM,87108
112 LA CASA VIA,WALNUT CREEK,CA,94598
428 W ONONDAGA ST,SYRACUSE,NY,13202
MMG - GRAND CONCOURSE,BRONX,NY,10458
240 SHOTWELL ST,SAN FRANCISCO,CA,94110
4470 KNOX LN,COOKEVILLE,SD,78260
200 WASHINGTON AVE STE 414,TOWSON,MD,21204
4407 MEDICAL PKWY,AUSTIN,TX,78756
904 CAMPBELL ST,WILLIAMSPORT,PA,17701
2727 N WASHINGTON BLVD,NORTH OGDEN,UT,84414
110 W 97TH ST,NEW YORK,NY,10025
4403 HARRISON BLVD STE 4815,OGDEN,UT,84403
"20 YORK STREET, CB-2041",NEW HAVEN,CT,06510
113 AIRPORT RD,SULPHUR SPRINGS,TX,75482
204 E BEACH ST,WATSONVILLE,CA,95076
817 FRANKLIN ST,JOHNSTOWN,PA,15901
201 KINGWOOD MEDICAL DR.,KINGWOOD,TX,77339
1231 116TH AVE NE,BELLEVUE,WA,98004
825 BEECHER ST SW STE 115,ATLANTA,GA,30310
1122 MONTGOMERY AVE,NARBERTH,PA,19072
484 HIGHLAND AVENUE,FALL RIVER,MA,02720
2240 WINROW RD,FORT HUACHUCA,AZ,85613
2011 PINTO LN STE 200,LAS VEGAS,NV,89106
4361 WOODWARD AVE,NORCO,CA,92860
2215 TRUXTUN AVE,BAKERSFIELD,CA,93301
1520 S MAIN ST,DAYTON,OH,45409
2500 W ILLINOIS AVE # 100,MIDLAND,TX,79701
3180 THOMASINA MCPHERSON BLVD,NORTH CHARLESTON,SC,29405
4288 HUSTONVILLE RD,DANVILLE,KY,40422
1840 COUNTY ROAD 203,BURNET,TX,78611
96799 TURNER DRIVE,PAGO PAGO,AS,96799
1450 BELLE AVE STE 300,LAKEWOOD,OH,44107
1305 W 34TH ST,AUSTIN,TX,78705
25 MARSTON ST APT 203,LAWRENCE,MA,01841
1921 WALDEMERE ST,SARASOTA,FL,34239
16036 84TH PL,TINLEY PARK,IL,60487
2600 SAINT MICHAEL DR,TEXARKANA,TX,75503
200 SE HOSPITAL AVE,STUART,FL,34994
1001 POTRERO AVE BLDG 252ND,SAN FRANCISCO,CA,94110
6400 PROSPECT AVE,KANSAS CITY,MO,64132
920 LINDEN AVE,CRETE,NE,68333
1468 MADISON AVE,NEW YORK,NY,10029
1941 JOHNSON AVE STE 202,SAN LUIS OBISPO,CA,93401
4604 N FEDERAL HWY,FORT LAUDERDALE,FL,33308
5045 QUITMAN ST,DENVER,CO,80212
524 W HOOSIER ST,BERNE,IN,46711
2200 E PARRISH AVE BLDG B,OWENSBORO,KY,42303
880 EASTPORT CENTRE DR STE 200,VALPARAISO,IN,46383
10690 NE CORNELL RD STE 220,HILLSBORO,OR,97124
1350 W 106TH ST,BLOOMINGTON,MN,55431
126 43RD AVE SW,VERO BEACH,FL,32968
2914 CHEROKEE ST NW STE 1A,KENNESAW,GA,30144
411 FORTUYN RD,GRAND COULEE,WA,99133
2902 S QUITMAN ST,DENVER,CO,80236
1862 ROUTE 9,GARRISON,NY,10524
10444 S DIMPLE DELL RD,SANDY,UT,84092
600 E GENESEE ST STE 104,SYRACUSE,NY,13202
3228 ANGELUS AVE,ROSEMEAD,CA,91770
3512 TODD HILLS RD,CEDAR RAPIDS,IA,52411
6040 PUBLIC LANDING ROAD,SNOW HILL,MD,21863
1524 ATWOOD AVE,JOHNSTON,RI,02919
17 LIVERMORE DR,PEMBROKE,NC,28372
1809 NATIONAL AVE,SAN DIEGO,CA,92113
717 HUMBOLDT ST,BROOKLYN,NY,11222
912 W 21ST ST,CLOVIS,NM,88101
4400 W 95TH ST STE 207,OAK LAWN,IL,60453
3110 WEST 300 NORTH,WEST POINT,UT,84015
1011 W BALTIMORE PIKE STE 208,WEST GROVE,PA,19390
FORT DEFIANCE PHS HOSPITAL,FORT DEFIANCE,AZ,86504
7 BISBEE RD,BISBEE,AZ,85603
7106 W NORTH AVE,MILWAUKEE,WI,53213
79 GRAND AVE,MASSAPEQUA,NY,11758
515 N LAFAYETTE BLVD,SOUTH BEND,IN,46601
2709 BROADWAY ST,PEKIN,IL,61554
285 JAMES STREET,HOLLAND,MI,49424
850 N MAIN STREET EXT BLDG 2,WALLINGFORD,CT,06492
655 W 8TH ST,JACKSONVILLE,FL,32209
12 STILLWATER AVE STE 1,BANGOR,ME,04401
901 BIESTERFIELD RD STE 105,ELK GROVE VILLAGE,IL,60007
3600 PRYTANIA ST STE 35,NEW ORLEANS,LA,70115
901 EL CAMINO REAL,SAN BRUNO,CA,94066
300 N 4TH AVE E STE 200,NEWTON,IA,50208
164 DELTA LN,ARCADIA,CA,91007
2500 W ILLINOIS AVE STE 100,MIDLAND,TX,79701
515 N 162ND AVE STE 102,OMAHA,NE,68118
1151 E 3900 S,SALT LAKE CITY,UT,84124
13 CORNFIELD LN,WHITEHOUSE STATION,NJ,08889
51 PARK WEST BLVD STE 200,AKRON,OH,44320
1101 MADISON ST STE 950,SEATTLE,WA,98104
1201 N 175TH ST,SHORELINE,WA,98133
18650 NW CORNELL ROAD SUITE 220,HILLSBORO,OR,97124
407 S MAIN ST STE 400,VIROQUA,WI,54665
2470 BLOOMINGDALE AVE STE 260,VALRICO,FL,33596
16795 MESA RD,STERLING,CO,80751
AMERICAN ADDICTION TREATMENT CENTER,NEWPORT NEWS,VA,23602
7102 WESTWIND DR,EL PASO,TX,79912
911 WEST HENDERSON STREET,SALISBURY,NC,28144
700 W MAIN ST,LIVINGSTON,TN,38570
6208 4TH AVE,BROOKLYN,NY,11220
19160 COSHOCTON RD,MOUNT VERNON,OH,43050
335 PARRISH ST,CANANDAIGUA,NY,14424
10 WAYMAN LANE,BAR HARBOR,ME,04609
6620 PARKDALE PL,INDIANAPOLIS,IN,46254
19476 PAUMA VALLEY DR,PORTER RANCH,CA,91326
4011 OLD CLINIC BLDG CB#7570,CHAPEL HILL,NC,27599
6553 CALIFORNIA AVE SW STE B,SEATTLE,WA,98136
93 SOUTHWESTERN DR,JAMESTOWN,NY,14701
5000 WOODLAND AVE,PHILADELPHIA,PA,19143
300 RICHLAND WEST CIR,WACO,TX,76712
12200 WARWICK BLVD STE 510,NEWPORT NEWS,VA,23601
56 THE NEW DRIFTWAY,SCITUATE,MA,02066
2100 ERWIN RD,DURHAM,NC,27710
300 STEAM PLANT RD STE 270,GALLATIN,TN,37066
724 S MASON ST MSC 7901,HARRISONBURG,VA,22807
110 PARK ST,HONESDALE,PA,18431
455 S WASHINGTON ST,GETTYSBURG,PA,17325
4300 TALBOT RD S STE 402,RENTON,WA,98055
1801 FAIRVIEW ST,BERKELEY,CA,94703
1535 STATE ST,SALEM,OR,97301
398 NEPONSET AVE,DORCHESTER,MA,02122
137 MEDICAL PARK LOOP,SYLVA,NC,28779
2555 N DR MARTIN LUTHER KING JR DR,MILWAUKEE,WI,53212
38 S MAIN ST,CONCORD,NH,03301
825 COUNTY ROAD 4511,HONDO,TX,78861
8140 CASTLETON RD,INDIANAPOLIS,IN,46250
4745 ARAPAHOE AVE STE 140,BOULDER,CO,80303
26005 RIDGE ROAD,DAMASCUS,MD,20872
621 S NEW BALLAS RD STE 1015B,SAINT LOUIS,MO,63141
3 SHAWS COVE,NEW LONDON,CT,06320
7050 N RECREATION AVE,FRESNO,CA,93720
4433 N THORNE AVE,FRESNO,CA,93704
19365 SW 65TH AVE STE 105,TUALATIN,OR,97062
1924 CLIFF VALLEY WAY NE,ATLANTA,GA,30329
4745 OGLETOWN STANTON RD STE 105,NEWARK,DE,19713
19136 COUNTY ROAD 3590,ADA,OK,74820
ALASKA NATIVE MEDICAL CENTER,ANCHORAGE,AK,99508
891 HARBOR AVE,HENDERSON,NV,89002
220 EUCLID AVE STE 30,SAN DIEGO,CA,92114
597 CENTER AVE,MARTINEZ,CA,94553
2024 SE CLINTON ST,PORTLAND,OR,97202
4111 194TH ST SW,LYNNWOOD,WA,98036
874 MICHIE LN,MIDWAY,UT,84049
7965 SIERRA AVE,FONTANA,CA,92336
5300 EMERSON ST,JACKSONVILLE,FL,32207
4997 TALL OAKS DR,MONROVIA,MD,21770
1177 BOSTON PROVIDENCE TPKE,NORWOOD,MA,02062
25 LINDSLEY DR,MORRISTOWN,NJ,07960
7150 CLEARVISTA DR,INDIANAPOLIS,IN,46256
465 E 24TH ST FL 3,BROOKLYN,NY,11210
433 1ST AVE,NEW YORK,NY,10010
3331 ROWLAND DR,LAFAYETTE,CA,94549
7000 S COUNTY LINE RD,BURR RIDGE,IL,60527
10240 W INDIAN SCHOOL RD STE 155,PHOENIX,AZ,85037
3621 1/2 S DIXIE HWY,WEST PALM BCH,FL,33405
111 W OLD COUNTRY RD STE 102,HICKSVILLE,NY,11801
105 E MAIN ST,WAUKON,IA,52172
601 W ATLANTIC BLVD,POMPANO BEACH,FL,33060
3917 WEST RD,LOS ALAMOS,NM,87544
1878 MOUNTAIN RD,STOWE,VT,05672
5141 BROADWAY # 1RW097,NEW YORK,NY,10034
8101 SANDY SPRING RD STE 300,LAUREL,MD,20707
4053 LONE TREE WAY,ANTIOCH,CA,94531
1831 HARTFORD ST,SALINAS,CA,93906
230 MAPLE ST,HOLYOKE,MA,01040
516 E NIZHONI BLVD STE 350,GALLUP,NM,87301
US 491,SHIPROCK,NM,87420
4201 W MICHIGAN AVE,KALAMAZOO,MI,49006
545 E SANTA FE ST,OLATHE,KS,66061
1907 BROADWAY ST,BELLINGHAM,WA,98225
3959 BROADWAY,NEW YORK,NY,10032
1137 MCHENRY RD,BUFFALO GROVE,IL,60089
514 BANGS AVE,ASBURY PARK,NJ,07712
2809 OLIVE HWY STE 310,OROVILLE,CA,95966
4700 LADY MOON DR UNIT C,FORT COLLINS,CO,80528
6070 STANLEY CT,SAN JOSE,CA,95123
311 ROUTE 108,SOMERSWORTH,NH,03878
85 NEW MAIN ST,HAVERSTRAW,NY,10927
301 W STATE ST,ITHACA,NY,14850
640 FLORMANN ST,RAPID CITY,SD,57701
560 WEST 168TH ST,NEW YORK,NY,10032
7050 N RECREATION AVE STE 101,FRESNO,CA,93720
6210 SCOTT ST,PUNTA GORDA,FL,33950
1026 GUNDERSON AVE,OAK PARK,IL,60304
490 ILLINOIS ST,SAN FRANCISCO,CA,94143
600 FISHERS STATION DR STE 117,VICTOR,NY,14564
1718 S INGRAM AVE,SEDALIA,MO,65301
1805 SCOTTSVILLE RD,BOWLING GREEN,KY,42104
617 SAXONY PL,ENCINITAS,CA,92024
2110 CREEKS FARM LN,CROWNSVILLE,MD,21032
1049 E 12TH ST,BROOKLYN,NY,11230
1145 N POINSETTIA AVE,MANHATTAN BEACH,CA,90266
2621 GREENHAVEN RD,ANOKA,MN,55303
229 S KIMBERLY AVE,SOMERSET,PA,15501
PROVIDENT HOSPITAL OF COOK COUNTY,CHICAGO,IL,60615
3700 FLEET ST,BALTIMORE,MD,21224
6TH AVE & SPRUCE ST,WEST READING,PA,19611
5511 VIRGINIA WAY,BRENTWOOD,TN,37027
7237 BAY RD,RHINELANDER,WI,54501
508 KENNEDY ST NW,WASHINGTON,DC,20011
100 QUAKER CHURCH RD,RANDOLPH (NEW JERSEY),NJ,07869
982 E MAIN ST,BRIDGEPORT,CT,06608
1051 W RAND RD STE 101,ARLINGTON HEIGHTS,IL,60004
104 S FRONT AVE,PRESTONSBURG,KY,41653
412 EWAN RD # E1,MULLICA HILL,NJ,08062
10510 JEFFERSON AVE STE D,NEWPORT NEWS,VA,23601
11 ROBLE RD,SUFFERN,NY,10901
14701 LEE HWY,CENTREVILLE,VA,20121
3 SCENIC DR,SUFFERN,NY,10901
3121 E LINCOLN DR,PHOENIX,AZ,85016
130 EAST ST STE 2,ONEONTA,NY,13820
1525 EAST 6000 SOUTH,SOUTH OGDEN,UT,84405
413 W 100 N,VALPARAISO,IN,46385
2160 S 1ST AVE,MAYWOOD,IL,60153
4458 MEDICAL DR,SAN ANTONIO,TX,78229
1815 E LAKE MEAD BLVD,NORTH LAS VEGAS,NV,89030
1760 OLD MEADOW RD STE 210,MC LEAN,VA,22102
15 TURNER PL,BROOKLYN,NY,11218
111 WORTH ST APT 6K,NEW YORK,NY,10013
506 MALCOLM X BLVD,NEW YORK,NY,10037
1908 N BEALE RD,MARYSVILLE,CA,95901
220 RUSKIN DR,COLORADO SPRINGS,CO,80910
5500 BLANDING BLVD,JACKSONVILLE,FL,32244
408 BRIERWOOD TRL,HAMPSTEAD,NC,28443
170 FORD RD,JOHN DAY,OR,97845
4231 MONROE ST STE 1B,TOLEDO,OH,43606
44546 S AIRPORT RD STE F,HAMMOND,LA,70403
101 CIRCLE DR,HILLSBORO,TX,76645
5002 COWHORN CREEK RD STE 2109,TEXARKANA,TX,75503
1 PRIME CARE DR,SELMER,TN,38375
325E KENNEDY MEMORIAL DR,WATERVILLE,ME,04901
2603 KAISER BLVD,WYOMISSING,PA,19610
4000 CAMBRIDGE ST OBGYN DEPARTMENT,KANSAS CITY,KS,66160
602 OLIVE SPRINGS RD,SOQUEL,CA,95073
320 E TEXAS BLVD,DALHART,TX,79022
520 ORCHARD BROOK CT,FLORENCE,MS,39073
9302 OLDE 8 RD,NORTHFIELD,OH,44067
401 E GOLD COAST RD STE 340,PAPILLION,NE,68046
1929 W LINCOLN AVE,GOSHEN,IN,46526
G1069 N BALLENGER HWY,FLINT,MI,48504
1 GALLERIA BLVD,METAIRIE,LA,70001
830 S MAIN ST,ORRVILLE,OH,44667
1316 S MAIN ST,CLARION,IA,50525
1097 E 58TH ST,BROOKLYN,NY,11234
1201 TERRY AVE,SEATTLE,WA,98101
939 EMERALD AVE,KNOXVILLE,TN,37917
202 W WILLOW AVE STE 502,VISALIA,CA,93291
845 S DAMEN AVE,CHICAGO,IL,60612
173 CHELSEA ST,EVERETT,MA,02149
"28-11 QUEENS PLAZZA NORTH,",LONG ISLAND CITY,NY,11101
200 MAIN ST STE 2,SETAUKET,NY,11733
1235 SAINT PAUL AVE,SAINT PAUL,MN,55116
301 W MAIN ST,WAVERLY,TN,37185
4123 DUTCHMANS LN STE 601,LOUISVILLE,KY,40207
80 PAVILION AVE,LONG BRANCH,NJ,07740
5905 O ST,LINCOLN,NE,68510
21321 E OCOTILLO RD STE 133,QUEEN CREEK,AZ,85142
2525 W BELVEDERE AVE,BALTIMORE,MD,21215
4 TOWER PL FL 8,ALBANY,NY,12203
2500 CENTENNIAL BLVD,SPRINGFIELD,OR,97477
2814 DREAMCATCHER LOOP,CASTLE ROCK,CO,80109
4060 FAIRMOUNT AVE,SAN DIEGO,CA,92105
119 UNIVERSITY BLVD STE B,HARRISONBURG,VA,22801
2210 MESA DR,OCEANSIDE,CA,92054
5970 CHURCHVIEW DR,ROCKFORD,IL,61107
DEPT OF OB GYN MIDWIFERY DIVISION,CHAPEL HILL,NC,27599
608 JACKSON ST,FREDERICKSBURG,VA,22401
19991 HALL RD STE 105,MACOMB,MI,48044
2495 SAWDUST RD APT 1101,SPRING,TX,77380
3525 S MICHIGAN AVE,CHICAGO,IL,60653
34TH STREET AND CIVIC CENTER BOULEVARD,PHILADELPHIA,PA,19104
1658 ST VINCENTS WAY,MIDDLEBURG,FL,32068
NORTHERN NAVAJO MEDICAL CENTER,SHIPROCK,NM,87420
874 UNION AVE RM 325,MEMPHIS,TN,38103
813 MARTIN LUTHER KING JR WAY,TACOMA,WA,98405
4881 SUGAR MAPLE DR BLDG 830,WRIGHT PATTERSON AFB,OH,45433
5833 MILTON AVE,WHITTIER,CA,90601
700 MAIN ST STE 3,BANGOR,ME,04401
METRO PUBLIC HEALTH DEPARTMENT,NASHVILLE,TN,37203
560 RIVERSIDE DR,SALISBURY,MD,21801
465 SAINT MICHAELS DR,SANTA FE,NM,87505
580 COURT ST,KEENE,NH,03431
790 VETERANS WAY,PENSACOLA,FL,32507
2781 S 242ND ST,DES MOINES,WA,98198
2817 ROCK MERRITT AVE,FORT BRAGG,NC,28303
400 MATTHEW ST,MARIETTA,OH,45750
200 PORTLAND ST,COLUMBIA,MO,65201
5225 NESCONSET HWY STE 70,PORT JEFFERSON STATION,NY,11776
401 E SCHOOL AVE,VISALIA,CA,93291
1500 WALTER ST SE,ALBUQUERQUE,NM,87102
43 ROSEDALE APARTMENTS,HERSHEY,PA,17033
290 COUNTRY CLUB DR STE 210,STOCKBRIDGE,GA,30281
91 MADISON ST,BROOKLYN,NY,11216
100 E LOUISIANA ST,MCKINNEY,TX,75069
50 LECH WALESA,SAN FRANCISCO,CA,94102
393 E WALNUT ST,PASADENA,CA,91188
7 CHARLESTON CT,CORAM,NY,11727
1630 13TH AVE,HUNTINGTON,WV,25701
4 BRIGHTON RD,CLIFTON,NJ,07012
1978 CROMPOND RD,CORTLANDT MANOR,NY,10567
1420 MAIN ST STE 124,GLASTONBURY,CT,06033
726 N MEDICAL CENTER DR E STE 221,CLOVIS,CA,93611
US NAVAL HOSPITAL OKINAWA,FPO,AP,96362
825 N MAIN ST STE 7,HARRISON,AR,72601
119 E PARLIAMENT ST,SMITH CENTER,KS,66967
1692 HOSPITAL DR,SANTA FE,NM,87505
57 MASCOMA ST,LEBANON,NH,03766
686 W LINE ST,BISHOP,CA,93514
930 ELLESMERE DR,FAIRBANKS,AK,99709
2751 BAY PARK DR.,OREGON,OH,43616
533 WASHINGTON AVE,BRIDGEVILLE,PA,15017
16 SHADY LN,ROCKLEDGE,PA,19046
9209 W 110TH ST STE 36,OVERLAND PARK,KS,66210
111 W WASHINGTON ST,GOSHEN,IN,46526
904 CAMPBELL STREET,WILLIAMSPORT,PA,17701
702 CEDAR POINT BLVD,CEDAR POINT,NC,28584
363 DELAWARE AVE,DELMAR,NY,12054
285 OLD WESTPORT RD,NORTH DARTMOUTH,MA,02747
516 ROUTE 303,ORANGEBURG,NY,10962
6900 PEARL RD.,MIDDLEBURG HTS.,OH,44130
205 S WABASHA ST,SAINT PAUL,MN,55107
3311 BROADVIEW RD,CLEVELAND,OH,44109
34730 BOB WILSON DR STE 100,SAN DIEGO,CA,92134
623 RUSSELL BLVD,NACOGDOCHES,TX,75965
10465 PARK MEADOWS DRIVE,LONE TREE,CO,80124
1115 WOODLAND DR,ELIZABETHTOWN,KY,42701
801 E CAPITOL DR,MILWAUKEE,WI,53212
5302 VILLAGE PKWY,ROGERS,AR,72758
451 HIDDEN MEADOWS DR STE 220,HILLSDALE,MI,49242
13313 N MERIDIAN AVE STE C,OKLAHOMA CITY,OK,73120
2402 ATHERHOLT RD,LYNCHBURG,VA,24501
1525 FAIRFIELD AVE STE 569,SHREVEPORT,LA,71101
688 SAINT MARKS AVE APT 3,BROOKLYN,NY,11216
801 GOLDSMITH RD,PARAGOULD,AR,72450
769 BROADWAY STE 1019,NEW YORK,NY,10003
875 OAK ST SE STE 5030,SALEM,OR,97301
1010 W 2ND ST,BLOOMINGTON,IN,47403
690 DALLAS HWY,VILLA RICA,GA,30180
120 CONNECTICUT AVE,NORWALK,CT,06854
3902 E STATE ROAD 64,BRADENTON,FL,34208
2211 W MAGNOLIA BLVD,BURBANK,CA,91506
116 PINEHURST AVE,NEW YORK,NY,10033
58887 BREMEN HWY,MISHAWAKA,IN,46544
2202 N JOHN B DENNIS HWY STE 204,KINGSPORT,TN,37660
6620 PARKDALE PL STE K,INDIANAPOLIS,IN,46254
1601 MAPLE ST,CARROLLTON,GA,30118
6565 ARLINGTON BLVD STE 420,FALLS CHURCH,VA,22042
25 MYERS CORNER DR,STAUNTON,VA,24401
4308 EVERGREEN LN STE F,ANNANDALE,VA,22003
271 NORTH L STREET,DINUBA,CA,93618
119 B UNIVERSITY BLVD,HARRISONBURG,VA,22801
4400 EMILE ST,OMAHA,NE,68198
5150 LINTON BLVD STE 201,DELRAY BEACH,FL,33484
305 6TH STREET,CRESTED BUTTE,CO,81224
998 CROOKED HILL RD,WEST BRENTWOOD,NY,11717
17722 TALBOT RD S,RENTON,WA,98055
559 VINCENT ST STE 605,COLORADO SPRINGS,ZZ,
3707 STATE PARK RD,GREENVILLE,SC,29609
170 HAZARD AVE,ENFIELD,CT,06082
321 MIDDLEFIELD RD,MENLO PARK,CA,94025
10491 COMANCHE,WILLS POINT,TX,75169
233 VOLD DR,WATERLOO,IA,50703
165 PRINCETON AVE,WEST DEPTFORD,NJ,08096
361 THIRD STREET,SAN RAFAEL,CA,94901
493 MYRTLE AVE APT 401,BROOKLYN,NY,11205
2 TREE FARM RD STE A110,PENNINGTON,NJ,08534
3200 VINE ST,CINCINNATI,OH,45220
599 SHORE RD,SOMERS POINT,NJ,08244
6400 FANNIN ST STE 1900,HOUSTON,TX,77030
3701 MARKET ST FL 3,PHILADELPHIA,PA,19104
1290 ATHENS ST,GAINESVILLE,GA,30507
6 GARDEN CTR,BROOMFIELD,CO,80020
152 CENTRAL AVE,JERSEY CITY,NJ,07306
54 HOSPITAL DR STE 201,OSAGE BEACH,MO,65065
506 W JACKMAN ST,LANCASTER,CA,93534
1815 S KANNER HWY,STUART,FL,34994
20328 FM 2252,SAN ANTONIO,TX,78266
455 S MAIN ST STE 203,HINESVILLE,GA,31313
5609 E ROCKTON RD,ROSCOE,IL,61073
855 MONTGOMERY ST,FORT WORTH,TX,76107
25 LINDSLEY DR STE 201A,MORRISTOWN,NJ,07960
2023 VALE RD,SAN PABLO,CA,94806
287 E 17TH ST,BROOKLYN,NY,11226
2074 GALISTEO ST STE B1,SANTA FE,NM,87505
400 N PEPPER AVE,COLTON,CA,92324
5422 US HIGHWAY 19,NEW PORT RICHEY,FL,34652
89 BARTLETT ST,BROOKLYN,NY,11206
29135 ELLENSBURG AVE,GOLD BEACH,OR,97444
SELECT SPECIALTY HOSPITAL,MADISON,WI,53715
HELEN LEVY CLINIC,NEW ORLEANS,LA,70126
5027 MIDNIGHT VISTA AVE NW,ALBUQUERQUE,NM,87114
11925 PEARL RD STE 402,STRONGSVILLE,OH,44136
812 GORMAN AVE,ELKINS,WV,26241
18 15 S KANNER HWY,STUART,FL,34994
902 7TH ST STE 101,ANACORTES,WA,98221
123 S CHRISTIAN ST,LANCASTER,PA,17602
1519 N 9TH ST,STROUDSBURG,PA,18360
1201 WALSH ST SE,RIO RANCHO,NM,87124
253 MAIN ST,DANSVILLE,NY,14437
5770 S 1500 W,TAYLORSVILLE,UT,84123
155 MEDICAL WAY,RIVERDALE,GA,30274
48 MDG / RAF LAKENHEATH,APO,AE,09461
2831 FORT MISSOULA RD STE 232,MISSOULA,MT,59804
1525 EDGEWATER BEACH DR,LAKELAND,FL,33805
1041 BROOKSIDE RD,STOCKTON,CA,95211
3268 HOSPITAL DR STE B,JUNEAU,AK,99801
4057 WEST RD,CORTLAND,NY,13045
5653 DULUTH ST,GOLDEN VALLEY,MN,55422
168 N BRENT ST,VENTURA,CA,93003
1980 CROMPOND RD STE 212,CORTLANDT MANOR,NY,10567
111 MADISON AVE STE 308,MORRISTOWN,NJ,07960
230 E MARYDALE AVE,SOLDOTNA,AK,99669
350 KINGWOOD MEDICAL DR STE 350,KINGWOOD,TX,77339
10571 BARREN SPOT,KINGSHILL,VI,00850
310 CTY X,LIVINGSTON,WI,53554
1100 F AVE,DOUGLAS,AZ,85607
3005 HYDE CT,CARROLLTON,TX,75007
241 CARR DR,VENTURA,CA,93001
10 TOWER DR,SUN PRAIRIE,WI,53590
1200 N NORTHGATE WAY,SEATTLE,WA,98133
714 N BETHLEHEM PIKE STE 203,AMBLER,PA,19002
18810 SELAH WAY,NORMAN,OK,73072
23191 FRONT STREET,ACCOMAC,VA,23301
600 BEDFORD AVE,BEDFORD,VA,24523
355 WAVERLEY OAKS RD,WALTHAM,MA,02452
544 MERRIMACK AVE,DRACUT,MA,01826
1177 N ROAD ST,ELIZABETH CITY,NC,27909
8340 BLACKNEY RD,SEBASTOPOL,CA,95472
42 MEADOW GLN,IRVINE,CA,92602
21 EASTMAN AVE,BEDFORD,NH,03110
1700 SHATTUCK AVE # 75,BERKELEY,CA,94709
130 BUFORD RD,NORTH CHESTERFIELD,VA,23235
511 LEHIGH,MCALESTER,OK,74547
3050 ORCHARD PARK RD,WEST SENECA,NY,14224
88 MAPLE AVE,SMITHTOWN,NY,11787
136 SHERMAN AVE STE 502,NEW HAVEN,CT,06511
464 SUGARLANDS DR,WAXAHACHIE,TX,75165
2471 E FIR AVE,FRESNO,CA,93720
4517 WILLET DR,ANNANDALE,VA,22003
140 ACADEMY ST STE 4,PRESQUE ISLE,ME,04769
680 BROADWAY,PATERSON,NJ,07514
603 HEMLOCK ST STE 3B,BROOKINGS,OR,97415
15 W 19TH ST,ANDERSON,IN,46016
4542 BONNEY RD STE B,VIRGINIA BEACH,VA,23462
5850 LANDERBROOK DR,MAYFIELD HEIGHTS,OH,44124
1435 N RANDALL RD,ELGIN,IL,60123
600 S MAIN ST STE 105,OSHKOSH,WI,54902
6855 SPRING VALLEY DR STE 220,HOLLAND,OH,43528
969 PLUMAS ST,YUBA CITY,CA,95991
8630 FENTON ST STE 1200,SILVER SPRING,MD,20910
112 MAVERICK CT,GRANBURY,TX,76049
2828 INTERNATIONAL CIR,COLORADO SPRINGS,CO,80910
1816 LEE WAY,MILPITAS,CA,95035
65 W JIMMIE LEEDS RD,GALLOWAY,NJ,08205
1201 E HWY 18,PINE RIDGE,SD,57770
18462 W FULTON ST,GOODYEAR,AZ,85338
920 STANTON L. YOUNG,OKLAHOMA CITY,OK,73104
1001 PYRAMID WAY STE 206,SPARKS,NV,89431
8380 N TULLIS AVE STE 300,KANSAS CITY,MO,64158
233 E SUPERIOR ST,CHICAGO,IL,60611
569 SHORELY DR,BARRINGTON,IL,60010
926 W. SUNSET RD. WELL HEAKTH QUALITY CARE,LAS VEGAS,NV,89148
3033 EXCELSIOR BLVD,MINNEAPOLIS,MN,55416
79 VALLEY RD APT 4,CLIFTON,NJ,07013
11725 N ILLINOIS ST,CARMEL,IN,46032
719 VINCENT BLVD,ALLIANCE,OH,44601
6850 HILLTOP RD,SHAWNEE MISSION,KS,66226
951 ALBANY SHAKER RD,LATHAM,NY,12110
112 GLENWOOD AVE,CHARLESTON,WV,25302
760 MAGNOLIA AVE,PIEDMONT,CA,94611
2221 LEVIN CREST LN,DUPO,IL,62239
4600 NEW LINDEN HILL RD,WILMINGTON,DE,19808
611 S DUPONT HIGHWAY,DOVER,DE,19901
203 S CANDY LN STE 6AB,COTTONWOOD,AZ,86326
419 6TH ST SUITE 202,CRESTED BUTTE,CO,81224
MATERNITY INFANT CARE,ALBUQUERQUE,NM,87131
1111 VAN VOORHIS RD STE 2,MORGANTOWN,WV,26505
4745 OGLETOWN STANTON RD STE 106,NEWARK,DE,19713
915 NOBLES FERRY RD,LIVE OAK,FL,32064
UK MOREHEAD WOMEN'S HEALTHCARE,MOREHEAD,KY,40351
6100 PAN AMERICAN FWY NE SUITE 450,ALBUQUERQUE,NM,87109
132 5TH AVE W,JEROME,ID,83338
1775 THOMPSON RD,COOS BAY,OR,97420
10521 ROSEHAVEN ST STE LL100,FAIRFAX,VA,22030
10144 CREEK RD,OAK VIEW,CA,93022
2515 SOUTH RD,POUGHKEEPSIE,NY,12601
1100 CENTRAL PARK DR,STEAMBOAT SPRINGS,CO,80487
61 LOCUST ST,NORTHAMPTON,MA,01060
8000 5 MILE RD,CINCINNATI,OH,45230
2909 N I H 35,AUSTIN,TX,78722
2112 W 23RD PL,CHICAGO,IL,60608
2900 E 136TH AVE STE 110,THORNTON,CO,80241
580 W 5TH ST,RENO,NV,89503
4212 N 16TH STREET,PHOENIX,AZ,85016
1451 HIGH ST STE 213,WASHINGTON,MO,63090
732 WALNUT HILL RD,CENTRALIA,IL,62801
15B VIA CONTENTA,CARMEL VALLEY,CA,93924
400 N INGALLS ST,ANN ARBOR,MI,48109
10440 LITTLE PATUXENT PKWY STE 800,COLUMBIA,MD,21044
3876 TURKEYFOOT RD,ELSMERE,KY,41018
19490 SANDRIDGE WAY STE 350,LANSDOWNE,VA,20176
4001 LAKE OTIS PKWY STE 101,ANCHORAGE,AK,99508
406 W. MAIN ST.,ALLEN,TX,75013
813 MARTIN LURTHER KING JR WAY,TACOMA,WA,98405
373 SUMMIT ST STE 104,ELGIN,IL,60120
3226 19TH AVE S,MINNEAPOLIS,MN,55407
9040 A FITZSIMMONS,TACOMA,WA,98431
838 S BARRINGTON AVE APT 204,LOS ANGELES,CA,90049
659 W WASHINGTON BLVD,CHICAGO,IL,60661
3333 NEW HYDE PARK RD STE 100,NEW HYDE PARK,NY,11042
7495 W 29TH AVE,WHEAT RIDGE,CO,80033
119 BEACH 129 ST,ROCKAWAY PARK,NY,11694
2401 FRIST BLVD,FORT PIERCE,FL,34950
4700 W 95TH ST STE 303,OAK LAWN,IL,60453
14008 SHADOWGLEN BLVD STE 302,MANOR,TX,78653
"UNIVERSITY ASSOCIATES IN OB/GYN HSC LEVEL 9, ROOM 020",STONY BROOK,NY,11794
111 S 12TH ST,MOUNT VERNON,WA,98274
9210 COLIMA RD STE 108,WHITTIER,CA,90605
256 HONEYSUCKLE RD STE 10,DOTHAN,AL,36305
1190 5TH AVE # GP2W,NEW YORK,NY,10029
1101 SPRING CREEK RD,EAST RIDGE,TN,37412
404 E MAIN ST,BATTLE GROUND,WA,98604
1515 S GREEN BAY RD STE 2,MOUNT PLEASANT,WI,53406
4175 S ALAMO AVE,TUCSON,AZ,85707
1900 WARDENBURG DR.,BOULDER,CO,80309
14700 NORTHVIEW DR,MIDDLEFIELD,OH,44062
2 IVY BROOK RD STE 125,SHELTON,CT,06484
1311 FORT ST.,BARLING,AR,72923
2 BENNETT CIR,BILLERICA,MA,01821
500 4TH ST NW,ALBUQUERQUE,NM,87102
330 LEWIS ST,SAN DIEGO,CA,92103
THE GUIRGUIS OBSTETRICS & GYNECOLOGY GROUP,BROOKLYN,NY,11215
1501 TATE BLVD SE STE 201,HICKORY,NC,28602
1515 17TH AVE S,GREAT FALLS,MT,59405
S10505 TROY RD,SAUK CITY,WI,53583
409 W 400 S,SALT LAKE CITY,UT,84101
3421 W 9TH ST,WATERLOO,IA,50702
30 MEDICAL CENTER BLVD,UPLAND,PA,19013
20 MERCY CIRCLE,CAMP PENDLETON,CA,92055
UNIT 33100 BOX LANDSTUHL,APO,AE,09180
1322 TROY AVE,BROOKLYN,NY,11203
25 1ST AVE NE,BUFFALO,MN,55313
2101 ADELBERT RD,CLEVELAND,OH,44106
6401 YORK RD,BALTIMORE,MD,21212
5341 GRAND BLVD STE 105,NEW PORT RICHEY,FL,34652
654 S 900 E,SALT LAKE CITY,UT,84102
1931 INDUSTRIAL PARK RD,CONWAY,SC,29526
609 N HIGHLAND ST,GASTONIA,NC,28052
8 MAPLE LN,BREMEN,ME,04551
4 E ROLLING XRDS STE 110,CATONSVILLE,MD,21228
1901 44TH AVE N,MINNEAPOLIS,MN,55412
273 CROW VALLEY RD.,EASTSOUND,WA,98245
1229 E PLEASANT RUN RD,DESOTO,TX,75115
1261 E TULSA AVE,KANSAS,OK,74347
15 N BROADWAY,WHITE PLAINS,NY,10601
1881 NANI ST,WAILUKU,HI,96793
1301 S MILLSTREAM DR,NAMPA,ID,83686
1423 R ST NW APT 301,WASHINGTON,DC,20009
12 MCGUINNESS BLVD S APT PH7,BROOKLYN,NY,11222
124 MULBERRY AVE,STATEN ISLAND,NY,10314
14132 PEPPERBOX RD,DELMAR,DE,19940
4910 S 30TH ST FL 1,OMAHA,NE,68107
5350 EASTERN AVENUE,DAVENPORT,IA,52807
921 E 3RD ST,CHATTANOOGA,TN,37403
901 EAST BRADY STREET,BUTLER,PA,16001
801 BROADWAY ST,FAIRFIELD,CA,94533
82 INAOKACHO,YOKOSUKA,KANAGAWA,23800
603 BILTMORE AVE,ASHEVILLE,NC,28801
1930 PRIME CT STE 105,TROY,OH,45373
19314 YOLIE LN,TARZANA,CA,91356
5333 MCAULEY DR RM 2110,YPSILANTI,MI,48197
3 W OLIVE ST,SCRANTON,PA,18508
1890 SILVER CROSS BLVD STE 210,NEW LENOX,IL,60451
9040A JACKSON AVE,JOINT BASE LEWIS MCCHORD,WA,98431
220 J L WHITE DR STE 120,JASPER,GA,30143
1374 W NORTH AVE,BALTIMORE,MD,21217
12 METRO PARK RD STE 208,ALBANY,NY,12205
168 S HOWELL ST,HILLSDALE,MI,49242
59241 REBEL DR,SLIDELL,LA,70461
8501 WADE BLVD STE 630,FRISCO,TX,75034
13614 CRADLE HILL RD,MIDLOTHIAN,VA,23112
374 GRAND AVENUE,NEW HAVEN,CT,06513
2402 FRIST BLVD STE 202,FORT PIERCE,FL,34950
655 S DOBSON RD,CHANDLER,AZ,85224
17175 GILLETTE AVE,IRVINE,CA,92614
1400 PEHHAM PKWY SO.,BRONX,NY,10461
340 PRINTERS PKWY,COLORADO SPRINGS,CO,80910
2401 RICE BLVD,HOUSTON,TX,77005
574 MANZANITA AVE,CHICO,CA,95926
301 HEALTH CENTER DR,CLANTON,AL,35045
11730 SUDLEY MANOR DRIVE,MANASSAS,VA,20109
600 E GENESEE ST STE 323,SYRACUSE,NY,13202
425 20TH AVE S,MINNEAPOLIS,MN,55454
3830 E VAN BUREN ST,PHOENIX,AZ,85008
201 PRESIDENTS CIR,SALT LAKE CITY,UT,84112
500 OSBORNE RD NE STE 150,MINNEAPOLIS,MN,55432
2201 S GETTY ST,MUSKEGON,MI,49444
7520 ARROYO CIR,GILROY,CA,95020
4212 N. 16TH STREET,PHOENIX,AZ,85016
1222 W. POPLAR,ROGERS,AR,72756
8888 LADUE ROAD,ST LOUIS,MO,63124
401 N 11TH ST,RICHMOND,VA,23219
100 NAVARRE PL STE 4470,SOUTH BEND,IN,46601
3000 EAST TREMONT AVENUE -ROOM B 34,BRONX,NY,11361
735 S BREA BLVD,BREA,CA,92821
2802 N ALVERNON WAY STE 100,TUCSON,AZ,85712
24411 HEALTH CENTER DR STE 620,LAGUNA HILLS,CA,92653
1400 EMELINE AVE,SANTA CRUZ,CA,95060
87 N MAIN ST,LEOMINSTER,MA,01453
580 BROADWAY,NEW YORK,NY,10012
16868 QUARTZ LN,WILDER,ID,83676
1630 LAFAYETTE RD STE 400,CRAWFORDSVILLE,IN,47933
14434 AMBAUM BLVD SW,BURIEN,WA,98166
7901 BROADWAY # C5-10,ELMHURST,NY,11373
3772 TIBBETTS ST,RIVERSIDE,CA,92506
11275 ALLEN RD,SOUTHGATE,MI,48195
148 HARRISON ST,OCEANSIDE,CA,92057
735 SHELBY ST STE 104,INDIANAPOLIS,IN,46203
48 MDG/RAF LAKENHEATH,APO,AE,09461
111 PARK ST,HARTFORD,CT,06106
4815 SWEETGRASS PL UNIT 201,JACKSONVILLE,FL,32224
1250 BROADWAY FL 7,NEW YORK,NY,10001
90 WASHINGTON ST,BARRE,VT,05641
2060 W 24TH ST,YUMA,AZ,85364
1150 VARNUM STREET. NE,WASHINGTON,DC,20017
260 E 188TH ST,BRONX,NY,10458
12 HIGH ST STE 301,LEWISTON,ME,04240
165 COMMONS LOOP STE A,KALISPELL,MT,59901
41715 WINCHESTER RD,TEMECULA,CA,92590
31 S LIME ST,LANCASTER,PA,17602
15 PARKMAN ST,BOSTON,MA,02114
2113 CRESCENT CORAL DR,LEAGUE CITY,TX,77573
78 S ST,SLC,UT,84103
1401 OAK ST,GRENADA,MS,38901
8146 SELDON TRL,SAN ANTONIO,TX,78244
4118 WINNEMAC AVE,MADISON,WI,53711
269 S CANDY LN,COTTONWOOD,AZ,86326
1313 PENN AVENUE NORTH,MINNEAPOLIS,MN,55441
17 N STATE ST FL 5,CHICAGO,IL,60602
201 E HURON ST,CHICAGO,IL,60611
301 ANDREWS AVE.,FT. RUCKER,AL,36362
33-57 HARRISON ST,JOHNSON CITY,NY,13790
4102 PINION DR,US AIR FORCE,CO,80840
2611 WEST END AVENUE,NASHVILLE,TN,37203
IRWIN ARMY COMMUNITY HOSPITAL (ATTN MCSS-MDC-QM),FORT RILEY,KS,66442
324 10TH AVE,SALT LAKE CITY,UT,84103
1860 PENNSYLVANIA AVE,FAIRFIELD,CA,94533
2510 E MAIN ST # 206,ALICE,TX,78332
668 COLEMAN ST,AUBREY,TX,76227
3700 FLEET ST STE 200,BALTIMORE,MD,21224
2650 E BROADVIEW AVE,WASILLA,AK,99654
607 AVENUE G,POWELL,WY,82435
1200 MAIN ST,POINT PLEASANT,WV,25550
25 NEWELL RD,BRISTOL,CT,06010
4220 LUNA PIER RD.,LUNA PIER,MI,48157
3917 LANDMARK LN,BREA,CA,92823
3105 CLEARWATER DR,PRESCOTT,AZ,86305
5651 N 7TH ST,PHOENIX,AZ,85014
3917 W ROAD,LOS ALAMOS,NM,87544
351 CARLTON AVE,BROOKLYN,NY,11238
1775 THOMPSON RD.,COOS BAY,OR,97420
706 PEACH ST,CORNING,CA,96021
5123 W 98TH ST # 134,MINNEAPOLIS,MN,55437
13020 LANDALE ST,STUDIO CITY,CA,91604
733 HIGHWOOD DR,BALTIMORE,MD,21212
2 PRINCESS RD STE C,LAWRENCEVILLE,NJ,08648
534 WASHINGTON ST,ASHLAND,OR,97520
3217 CAPITAL MEDICAL BLVD,TALLAHASSEE,FL,32308
"569 32 ROAD, UNIT 12",GRAND JUNCTION,CO,81504
2792 S 2ND ST STE B,CABOT,AR,72023
2301 E ALLEGHENY AVE,PHILA,PA,19134
PIEDMONT HEALTH DISTRICT,FARMVILLE,VA,23901
55 N MILFORD DR,FRANKLIN,IN,46131
2500 N STATE ST,JACKSON,MS,39216
12555 NAVAJO RD,APPLE VALLEY,CA,92308
2112 25TH AVE,ROCK ISLAND,IL,61201
122 MAPLE ST,BRISTOL,CT,06010
7182 BRADFORD HICKS DR,LIVINGSTON,TN,38570
330 LAUREL ST STE 1100,DES MOINES,IA,50314
1622 WESTGATE CIR,BRENTWOOD,TN,37027
1192 MORRIS AVE,UNION,NJ,07083
260 S PEARL ST,ALBANY,NY,12202
121 BELMONT RD,LACONIA,NH,03246
1570 S MAIN ST,SAINT CHARLES,MO,63303
107 W 4TH STREET,MOUNT VERNON,NY,10550
2251 N SHORE DR,RHINELANDER,WI,54501
3260 PROVIDENCE DR # C-425,ANCHORAGE,AK,99508
1401 HENDERSON ST,FORT WORTH,TX,76102
19 E MARKET ST STE 204,LEESBURG,VA,20176
112 MOREY DR,MARYSVILLE,OH,43040
4403 RENAISSANCE DR,LOUISVILLE,KY,40299
600 ELM ST,MONTPELIER,VT,05602
305 BROWNS CROSSING DR,FAYETTEVILLE,GA,30215
1520 S DOBSON RD STE 316,MESA,AZ,85202
2317 N COOLWATER DR,POST FALLS,ID,83854
1300 W TERRELL AVE STE 340,FORT WORTH,TX,76104
231 N BREIEL BLVD,MIDDLETOWN,OH,45042
387 CANAL ST,BRATTLEBORO,VT,05301
2116 APALACHEE PKWY,TALLAHASSEE,FL,32301
701 PARK AVE # O4,MINNEAPOLIS,MN,55415
3008 E CHELTENHAM PL APT 706,CHICAGO,IL,60649
2781 N 900TH ST,ANNAPOLIS,IL,62413
19000 ST JOES PKWY STE 220,LIVONIA,MI,48152
3024 NEW BERN AVENUE,RALEIGH,NC,27610
19600 E ROSS ST,TAHLEQUAH,OK,74464
2600 SOLOMONS ISLAND RD,EDGEWATER,MD,21037
439 WALTON ST,WEST HEMPSTEAD,NY,11552
5515 W 38TH ST,INDIANAPOLIS,IN,46254
1201 SHAFFER RD BLDG 1,SANTA CRUZ,CA,95060
1515 MARTIN LUTHER KING JR WAY,TACOMA,WA,98405
1 MEDICAL VILLAGE DR,EDGEWOOD,KY,41017
42 SPRING VALLEY ST,BEACON,NY,12508
"270-05 76TH AVENUE,",NEW HYDE PARK,NY,11040
304 LAINHART RD,OWEGO,NY,13827
1140 ROUTE 72 W,MANAHAWKIN,NJ,08050
CENTER FOR MIDWIFERY AND WOMEN'S HEALTH,NEW HAVEN,CT,06519
2315 MYRTLE ST STE G30,ERIE,PA,16502
777 HOSPITAL WAY,POCATELLO,ID,83201
308 HARVARD ST SE,MINNEAPOLIS,MN,55455
1162 WILLAMETTE ST,EUGENE,OR,97401
6420 CLAYTON RD,SAINT LOUIS,MO,63117
646 E 11TH STREET,NEW YORK,NY,10009
10117 SPRING THAW CT,ELLICOTT CITY,MD,21042
1 ANGWIN AVE,ANGWIN,CA,94508
1794 N LAPEER RD,LAPEER,MI,48446
10426 ROOSEVELT AVE,CORONA,NY,11368
811 GRAND AVE STE D,SACRAMENTO,CA,95838
2023 VADALABENE DR STE 200,MARYVILLE,IL,62062
15300 WEST AVE STE 120,ORLAND PARK,IL,60462
4091 MALLORY LN,FRANKLIN,TN,37067
1603 E 9 MILE RD,FERNDALE,MI,48220
2559 MEDICAL DR,ALAMOGORDO,NM,88310
11365 DORSETT RD,MARYLAND HEIGHTS,MO,63043
121 WASHINGTON AVE N FL 2,MINNEAPOLIS,MN,55401
9209 W 110TH ST # 36,OVERLAND PARK,KS,66210
860 S WHITE HORSE PIKE,HAMMONTON,NJ,08037
6800 FARMINGTON RD,MIAMISBURG,OH,45342
280 HOMEOLU PLACE,KAUNAKAKAI,HI,96748
16402 S VERMONT AVE,GARDENA,CA,90247
960 COUNTY ROUTE 17,MONTGOMERY,NY,12549
555 TOWNER ST,YPSILANTI,MI,48198
451 ANDOVER ST,NORTH ANDOVER,MA,01845
8304 NW 35TH ST,BETHANY,OK,73008
3003 TIETON DR,YAKIMA,WA,98902
527 GOTT RD BLDG 810,ENID,OK,73705
1619 SIXTH STREET,ST. THOMAS,VI,00802
9209 PHOENIX VILLAGE PKWY,O FALLON,MO,63368
47 N HURON ST,YPSILANTI,MI,48197
442 W HIGH ST STE 3,BRYAN,OH,43506
30 STEVENS ST STE F,NORWALK,CT,06850
ALL ABOUT WOMEN OB/GYN ASSOCIATES,HACKETTSTOWN,NJ,07840
7560 GLENVIEW DR,RICHLAND HILLS,TX,76180
7904 S NORDIC TRAIL LN,BRIGHTON,UT,84121
226 HARVARD AVE STE 3,ALLSTON,MA,02134
255 E PACES FERRY RD NE,ATLANTA,GA,30305
2847 WEBSTER AVE,BRONX,NY,10458
390 S FRENCH BROAD AVE STE C,ASHEVILLE,NC,28801
243 ATLANTIC HWY,NORTHPORT,ME,04849
5 HATHAWAY RD,WINTHROP,ME,04364
8401 MARKET ST,BOARDMAN,OH,44512
1501 CORPORATE DR STE 100S8A,BOYNTON BEACH,FL,33426
695 S SANTA FE AVE APT 611,LOS ANGELES,CA,90021
78 VILLA WAY,HENDERSONVILLE,TN,37075
"145 N 6TH ST, 2ND FL",READING,PA,19601
629 S PLUMMER AVE,CHANUTE,KS,66720
838 E WOOSTER ST,BOWLING GREEN,OH,43402
13470 N 83RD AVE STE 300,PEORIA,AZ,85381
1951 CHARBRAY PT,CASTLE ROCK,CO,80108
2675 30TH AVE,SAN FRANCISCO,CA,94116
813 S MARENGO AVE,PASADENA,CA,91106
585 N 500 W,PROVO,UT,84601
600 MONTAUK HWY STE C,CENTER MORICHES,NY,11934
870 PALISADE AVE,TEANECK,NJ,07666
466 NEW BRUNSWICK AVE,PERTH AMBOY,NJ,08861
2 TRAP FALLS RD,SHELTON,CT,06484
305 RIVERSIDE DRIVE,NEW YORK CITY,NY,10025
19531 COCHRAN BLVD,PORT CHARLOTTE,FL,33948
105 E 9TH ST,IOWA CITY,IA,52241
21134 US HIGHWAY 59,NEW CANEY,TX,77357
3600 W FULLERTON AVE,CHICAGO,IL,60647
1247 W 18TH ST,SAFFORD,AZ,85546
18059 TRIANGLE PLAZA,DUMFRIES,VA,22026
190 PARK AVE,WEST HARRISON,NY,10604
1259 ROUTE 46,PARSIPPANY,NJ,07054
1130 N JAMESTOWN RD APT 206,DECATUR,GA,30033
306 NIAGARA AVE,SAN FRANCISCO,CA,94112
DEPARTMENT OB GYN,STONY BROOK,NY,11794
19250 SW 65TH AVE,TUALATIN,OR,97062
100 E LANCASTER AVE # AREAB5,WYNNEWOOD,PA,19096
4112 CASCADIA AVE S,SEATTLE,WA,98118
645 W FERN DR,MIDVALE,UT,84047
13001 FOUNDERS SQUARE DR FL 2,ORLANDO,FL,32828
228 PARK AVE S,NEW YORK,NY,10003
18 S MICHIGAN AVE FL 6,CHICAGO,IL,60603
27 SMITH STREET,MARBLEHEAD,MA,01945
7470 N FIGUEROA ST,LOS ANGELES,CA,90041
2855 VALMONT RD,BOULDER,CO,80301
46-001 KAMEHAMEHA HWY STE 301,KANEOHE,HI,96744
5500 BLANDING BLVD STE 1,JACKSONVILLE,FL,32244
10 SEVERANCE CIR,CLEVELAND HEIGHTS,OH,44118
9040 REID ST,TACOMA,WA,98431
50 GRAND AVE,NEW HAVEN,CT,06513
94A09 ROAD 111,BRIDGEPORT,NE,69336
17 SYDNEY AVE,FARMINGVILLE,NY,11738
UNIVERSITY OF MINNESOTA PHYSICIANS,MINNEAPOLIS,MN,55454
1455 MAIN ST STE 150,WINDSOR,CO,80550
15537 WHISPERING FIR DR,JACKSONVILLE,FL,32218
1875 DEMPSTER ST STE 360,PARK RIDGE,IL,60068
2055 S PACHECO ST STE 300,SANTA FE,NM,87505
333 N GREEN BAY RD,NEENAH,WI,54956
400 ASHVILLE AVE,CARY,NC,27511
10692 MEDLOCK BRIDGE RD STE 100A,JOHNS CREEK,GA,30097
1920 SW 8TH DR,GAINESVILLE,FL,32601
751 W. LEGION RD,BRAWLEY,CA,92227
337 11TH ST SW,SPENCER,IA,51301
803 VANDERCOOK WAY STE 2,LONGVIEW,WA,98632
3855 S US HIGHWAY 1,FORT PIERCE,FL,34982
951 MARINERS ISLAND BLVD,SAN MATEO,CA,94404
3840 BELFORT RD STE 102,JACKSONVILLE,FL,32216
2001 BROOK AVE,WICHITA FALLS,TX,76301
1212 S MAIN ST,SALINAS,CA,93901
3175 PROFESSIONAL DRIVE,BAY CITY,MI,48706
3100 MARTIN LUTHER KING JR PKWY,SPRINGFIELD,OR,97477
4649 SUNSET DR,SACRAMENTO,CA,95822
375 N WALL ST,KANKAKEE,IL,60901
729 NUCLEUS AVE STE A,COLUMBIA FALLS,MT,59912
195 SUNSET WAY,MUIR BEACH,CA,94965
7305 SE CIRCUIT DR STE 260,HILLSBORO,OR,97129
124 DANIEL DR,DANVILLE,KY,40422
3319 W BELVEDERE AVE,BALTIMORE,MD,21215
1260 S ELISEO DR,GREENBRAE,CA,94904
7895 CURRIER DR,PORTAGE,MI,49002
35 HOPE DR STE 202&204,HERSHEY,PA,17033
26 BANK ST,LEBANON,NH,03766
410 LAKEVILLE RD,NEW HYDE PARK,NY,11042
9001 SUMMA AVE,BATON ROUGE,LA,70809
375 W MAIN ST,LEXINGTON,OH,44904
1508 GLENN AVE,COLUMBUS,OH,43212
435 E HENRIETTA RD,ROCHESTER,NY,14620
201 E BEN WHITE BLVD STE A,AUSTIN,TX,78704
1301 MIDDLEFORD RD,SEAFORD,DE,19973
7777 W 38TH AVE STE 130,WHEAT RIDGE,CO,80033
1420 S CENTRAL AVE,GLENDALE,CA,91204
9813 PHEASANT RUN CT,LAUREL,MD,20708
40 PEACHTREE VALLEY RD NE APT 1813,ATLANTA,GA,30309
4844 ALBEMARLE RD,CHARLOTTE,NC,28205
15640 NW LAIDLAW RD STE 102,PORTLAND,OR,97229
3815 S OTHELLO ST,SEATTLE,WA,98118
850 HARRISON AVE # YACC5,BOSTON,MA,02118
1994 PALOMA ST.,PASADENA,CA,91104
1780 POIPU AINA PL LOT A,KOLOA,HI,96756
160 E VIRGINIA ST STE 100,SAN JOSE,CA,95112
"88 MDG/SGHJ, 4881 SUGAR MAPLE DR.",WRIGHT PATTERSON AIR FORCE BASE,OH,45433
4252 WOODBINE RD,PACE,FL,32571
1660 EUREKA RD,ROSEVILLE,CA,95661
1525 W 2100 S,SALT LAKE CITY,UT,84119
321 MIDDLEFIELD RD STE 165,MENLO PARK,CA,94025
9606 VERMILION RD,KNOXVILLE,TN,37922
805 QUAIL RIDGE COURT,ELIZABETHTON,TN,37643
413 W CLINTON ST,ITHACA,NY,14850
11123 PARKVIEW PLAZA DR STE 101,FORT WAYNE,IN,46845
477 18TH ST,BROOKLYN,NY,11215
565 COAL VALLEY RD STE 209A,JEFFERSON HILLS,PA,15025
55 BRENNAN ST RM 201,WATSONVILLE,CA,95076
1006 STONECROP CT,FORT COLLINS,CO,80526
719 OKATIE HWY # 170,OKATIE,SC,29909
90 HEALTH PARK DR STE 290,LOUISVILLE,CO,80027
5063 COTTONWOOD ST STE 130,MURRAY,UT,84107
1310 E 7TH ST STE M,AUBURN,IN,46706
5 FEDERAL ST,BATH,ME,04530
509 PARK AVE,BRIDGEPORT,CT,06604
2980 VZ COUNTY ROAD 2316,EUSTACE,TX,75124
4212 N. 16TH ST,PHOENIX,AZ,85016
700 W BEALE ST,KINGMAN,AZ,86401
175 E BROWN ST,EAST STROUDSBURG,PA,18301
1050 DIVISION ST,MAUSTON,WI,53948
1000 NE 10TH ST,OKLAHOMA CITY,OK,73117
342 MONMOUTH AVE S,MONMOUTH,OR,97361
2555 N DR MARTIN LUTHER KING DR,MILWAUKEE,WI,53212
121 MEDICAL CENTER DR,BRUNSWICK,ME,04011
220 N MILLEDGE AVE,ATHENS,GA,30601
50 HOSPITAL DR STE 4A,HENDERSONVILLE,NC,28792
1520 S 4TH ST,GREENVILLE,IL,62246
9908 COULOAK DR,CHARLOTTE,NC,28216
105 VINEYARD WAY,WEST GROVE,PA,19390
411 RUGBY RD,BROOKLYN,NY,11226
430 W SUNSET RD STE 301,SAN ANTONIO,TX,78209
124 GROUSE RD,PIERRE,SD,57501
1000 E 1ST ST,DULUTH,MN,55805
794 MCDONOUGH RD,JACKSON,GA,30233
6 HIGH ST,BRATTLEBORO,VT,05301
717 N 190TH PLZ,ELKHORN,NE,68022
"509 MDG, 331 SIJAN AVENUE",WHITEMAN AFB,MO,65305
116 18TH AVE S,NAMPA,ID,83651
125 LATTIMORE RD STE 270,ROCHESTER,NY,14620
14817 MIAMI ST,OMAHA,NE,68116
2400 S 48TH ST,SPRINGDALE,AR,72762
9897 W MCDOWELL RD STE 320,TOLLESON,AZ,85353
1500 W COMMERCE CT,TUCSON,AZ,85746
20800 CENTER RIDGE RD,ROCKY RIVER,OH,44116
1600 SAN FERNANDO RD,SAN FERNANDO,CA,91340
390 TOLLGATE ROAD,WARWICK,RI,02886
107 W 4TH ST,MOUNT VERNON,NY,10550
CORNER OF ROUTE N12 AND N7,FT DEFIANCE,AZ,86504
3590 LUCILLE DR,CINCINNATI,OH,45213
4011 OLD CLINIC BLDG CB# 7570,CHAPEL HILL,NC,27599
24200 CHAGRIN BLVD,BEACHWOOD,OH,44122
16950 VIA TAZON,SAN DIEGO,CA,92127
230 NORTH RD,POUGHKEEPSIE,NY,12601
2093 MEDICAL ARTS DR,HEBRON,KY,41048
261 E CAMDEN WYOMING AVE,CAMDEN,DE,19934
1028 LOMA DR,HERMOSA BEACH,CA,90254
2127 E BASELINE RD,TEMPE,AZ,85283
1370 MEDICAL CENTER DR,ROHNERT PARK,CA,94928
6518 GIFT HL,ST JOHN,VI,00830
65 MAIN ST N,WELLS RIVER,VT,05081
10405 MLK BLVD STE 110,DENVER,CO,80238
969 N MASON RD,SAINT LOUIS,MO,63141
10407 AIRPORT RD,EVERETT,WA,98204
1911 5TH ST,SANTA FE,NM,87505
138 DECATUR ST APT 3,BROOKLYN,NY,11216
22455 FLORA PARKE XING,FERNANDINA BEACH,FL,32034
515 N 162ND AVE STE 102B,OMAHA,NE,68118
126 CATES RD,PARKMAN,ME,04443
1220 DEWEY AVE,WAUWATOSA,WI,53213
2222 S 17TH ST,WILMINGTON,NC,28401
600 HAVERFORD RD STE G104,HAVERFORD,PA,19041
106 SW WOODS ST STE A,PORTLAND,OR,97201
3530 SE 88TH AVE,PORTLAND,OR,97266
200 OLD COUNTRY RD,MINEOLA,NY,11501
301 NP AVE N,FARGO,ND,58102
201 W PRESTON ST,BALTIMORE,MD,21201
1235 N MULFORD RD STE 210,ROCKFORD,IL,61107
15-2866 PAHOA VILLAGE RD BLDG C,PAHOA,HI,96778
5234 SW PHILOMATH BLVD,CORVALLIS,OR,97333
890 EASTLAKE PKWY STE 301,CHULA VISTA,CA,91914
101 SE 27TH AVENUE,BOYNTON BCH,FL,33445
714 BERGEN AVE,JERSEY CITY,NJ,07306
450 S WASHINGTON ST,GETTYSBURG,PA,17325
598 WALNUT AVE,GREENFIELD,CA,93927
506 CAMPUS DR,HANCOCK,MI,49930
752 MEDICAL CENTER CT,CHULA VISTA,CA,91911
4973 COLUMBIA RD APT 303,COLUMBIA,MD,21044
981 WOOSTER RD,MILLERSBURG,OH,44654
3890 RICHARD RD,MIDLOTHIAN,TX,76065
2820 SELWYN AVE UNIT 619,CHARLOTTE,NC,28209
10000 COOMBS FARM RD STE 106,MORGANTOWN,WV,26508
900 BROADWAY BLDG 5,BANGOR,ME,04401
2015 MARSHALLFIELD LN UNIT B,REDONDO BEACH,CA,90278
372 SW 4TH AVE,OAK HARBOR,WA,98277
770 10TH ST,ARCATA,CA,95521
14406 MANORBIER LN,SUGAR LAND,TX,77498
431 S BATAVIA ST STE 100,ORANGE,CA,92868
920 MATTHEW DR,WAYNESBORO,MS,39367
4-1558 KUHIO HWY,KAPAA,HI,96746
123 SUMMER ST # 587,WORCESTER,MA,01608
738 BANCROFT RD,WALNUT CREEK,CA,94598
801 E WHEELER RD,MOSES LAKE,WA,98837
12860 MAHAN RD,SAINT PARIS,OH,43072
9837 SNOW BIRD LN,LAUREL,MD,20723
6232 N 7TH ST STE 101,PHOENIX,AZ,85014
360 DOGWOOD TRL SE,MARIETTA,GA,30067
11235 DUNSTAN HILL DR,RICHMOND,TX,77407
105 MILLS AVE STE 200,LAS VEGAS,NM,87701
22714 SHERIDAN ST,DEARBORN,MI,48128
2200 W TOUHY AVE,CHICAGO,IL,60645
19831 GOVERNORS HWY,FLOSSMOOR,IL,60422
2481 MORGAN AVE,CORPUS CHRISTI,TX,78405
"5555 RESERVOIR DRIVE, SUITE 307",SAN DIEGO,CA,92120
281 W 4TH ST,INDEPENDENCE,LA,70443
205 GRAND AVE NW,FORT PAYNE,AL,35967
974 BERGEN ST APT B,BROOKLYN,NY,11216
222 TONGASS DR,SITKA,AK,99835
1900 CENTRACARE CIRCLE #2300,ST CLOUD,MN,56303
2918 COLBY AVE STE 206,EVERETT,WA,98201
3769 1ST AVE APT 14,SAN DIEGO,CA,92103
831 SANDHURST DR,SANDWICH,IL,60548
2200 WHITNEY AVE,HAMDEN,CT,06518
1 CVS DR,WOONSOCKET,RI,02895
3750 E COUNTRY FIELD CIR,WASILLA,AK,99654
6300 HARRY HINES BLVD STE 600,DALLAS,TX,75235
41 SEAYS DR,DILLWYN,VA,23936
BETHESDA MEDICAL CENTER WISCONSIN AVE,BETHESDA,MD,20889
306 W EDGEWOOD DR STE B,FRIENDSWOOD,TX,77546
5200 SAN FRANCISCO BLVD,SACRAMENTO,CA,95820
2601 OCEAN PARKWAY CONEY ISLAND HOSPITAL,BROOKLYN,NY,11235
980 W. IRONWOOD,COEUR D'ALENE,ID,83814
990 SOUTH AVE STE 103,ROCHESTER,NY,14620
1700 HOSPITAL SOUTH DR STE 504,AUSTELL,GA,30106
3901 LAS POSAS RD STE 207,CAMARILLO,CA,93010
2440 M ST NW,WASHINGTON,DC,20037
1910 E BARNETT RD STE 102,MEDFORD,OR,97504
26005 RIDGE RD STE 200,DAMASCUS,MD,20872
214 AVANT AVE,SAN ANTONIO,TX,78210
745 BUENA VISTA DR,LANDER,WY,82520
31 HANOVER ST,LEBANON,NH,03766
550 PEACHTREE ST NE STE 1470,ATLANTA,GA,30308
473-625 STURGILL ST.,LITCHFIELD,CA,96117
20 PORTSMOUTH AVENUE STE 1,STRATHAM,NH,03885
1001 LYNCH ST,SAINT LOUIS,MO,63118
15 N CRANE RD,MOUNTAIN LAKES,NJ,07046
6221 VIA AVENTURA DR,EL PASO,TX,79912
121 CALLE DEL PRESIDENTE,BERNALILLO,NM,87004
127 WINDCHIME,IRVINE,CA,92603
OCHILTREE GENERAL HOSPITAL DISTRICT,PERRYTON,TX,79070
2344 OLD SONOMA RD,NAPA,CA,94559
225 MAPLEWOOD AVE,SYRACUSE,NY,13205
400 COLUMBUS AVE,NEW HAVEN,CT,06519
4605 MCCLUSKY ROAD,LAFAYETTE,NY,13084
90 W TWISTED OAK DR,SIMI VALLEY,CA,93065
18733 THOMASINE ST,CLINTON TOWNSHIP,MI,48036
1200 N HOWARD ST,ALEXANDRIA,VA,22304
630 59TH ST,BROOKLYN,NY,11220
441 GORMAN HOLLOW RD,HAZARD,KY,41701
2900 DOOLITTLE DR,ELLSWORTH AFB,SD,57706
34800 BOB WILSON DR FL 1,SAN DIEGO,CA,92134
263 PEARSON DR,PORTERVILLE,CA,93257
7308 HILLMONT DR,OAKLAND,CA,94605
52 GOLF COURSE RD,MADISON,WI,53704
3401 CIVIC CENTER BLVD,PHILA,PA,19104
1370 116TH AVE NE STE 201,BELLEVUE,WA,98004
507 S MAIN ST,VIROQUA,WI,54665
288 LINWOOD AVE,BUFFALO,NY,14209
1235 BOSTON RD,SPRINGFIELD,MA,01119
350 FULTON ST,BROOKLYN,NY,11201
603 7TH ST S STE 300,ST PETERSBURG,FL,33701
550 S MAPLE ST,WACONIA,MN,55387
49725 COUNTY 83,STAPLES,MN,56479
315 E GROVER ST,SHELBY,NC,28150
1000 E VICTORIA ST,CARSON,CA,90747
1725 MONTGOMERY ST STE 200,SAN FRANCISCO,CA,94111
315 LEHMAN AVE,TOPEKA,IN,46571
LRMC,APO,AE,
762 14TH ST,ELKO,NV,89801
103 S OWEN ST,ELIZABETHTOWN,NC,28337
712 HILLCREST DR,TOPANGA,CA,90290
12800 MISSISSIPPI PKWY STE B200,CROWN POINT,IN,46307
34 WINDSOR PL FL 2,BROOKLYN,NY,11215
114 BRADY CT,CARY,NC,27511
120 GREYSTONE POWER BLVD STE 100,DALLAS,GA,30157
520 DELAWARE AVE,BUFFALO,NY,14202
609 MCFARLAND ST STE 201,MORRISTOWN,TN,37814
4000 W MERCURY BLVD,HAMPTON,VA,23666
336 CHARDONNAY AVE BLDG B,PROSSER,WA,99350
20 LAUREL LN,SHIRLEY,NY,11967
1937 W. HARVARD AVE.,ROSEBURG,OR,97471
1711 FORTVIEW RD.,AUSTIN,TX,78704
1701 N SENATE BLVD # A5231,INDIANAPOLIS,IN,46202
14548 CALUSA PALMS DR,FORT MYERS,FL,33919
301 E 1ST AVE,APPLETON,WI,54911
4701 SANGAMORE RD,BETHESDA,MD,20816
4134 CITY VIEW DR,SAN ANTONIO,TX,78228
11175 COUNTY LINE RD,SPRING HILL,FL,34609
1563 MISSION ST,SAN FRANCISCO,CA,94103
123 E INDIANA AVE STE 100,SPOKANE,WA,99207
8453 HOWARD DR STE B,HOUSTON,TX,77017
160 CAPP ST,SAN FRANCISCO,CA,94110
2285 VICTORY BLVD,STATEN ISLAND,NY,10314
1201 S MAIN ST,FORT WORTH,TX,76104
5481 WILLOW POINT PKWY,MARIETTA,GA,30068
600 N MOUNTAIN AVE STE A104,UPLAND,CA,91786
300 STONECREST BLVD STE 320,SMYRNA,TN,37167
930 MLK BLVD,CHAPEL HILL,NC,27514
4705 OLD POST RD UNIT A,CHARLESTOWN,RI,02813
6390 E 31ST ST STE I,TULSA,OK,74135
48 MARKET ST,NEW YORK,NY,10002
502 W STATE ST,O FALLON,IL,62269
868 43RD ST,OAKLAND,CA,94608
11 UPPER RIVERDALE RD SW,RIVERDALE,GA,30274
165 DARTMOUTH ST,BOSTON,MA,02116
108 WASHINGTON ST W STE 201,CHARLESTON,WV,25302
907 LESLIE CT,SAN CARLOS,CA,94070
3865 JACKSON ST,RIVERSIDE,CA,92503
889 BEARS DEN RD,YOUNGSTOWN,OH,44511
375 FOUR LEAF LN STE 103,CHARLOTTESVILLE,VA,22903
600 12TH ST APT 906,PALISADES PARK,NJ,07650
7135 SYLVANIA AVE,SYLVANIA,OH,43560
1101 N ALLEN ST,ROBINSON,IL,62454
1700 PARKWAY PLAZA DR,NORMAL,IL,61761
555 N COURT ST,ROCKFORD,IL,61103
796 OAK ST,ASHLAND,OR,97520
7 E MAIN ST,GOSPORT,IN,47433
396 HISTORIC HWY 441 N,DEMOREST,GA,30535
833 CAMPBELL HILL ST NW # ST400,MARIETTA,GA,30060
1701 14TH ST NW,WASHINGTON,DC,20009
4017 HIGHWAY 17 STE 100,MURRELLS INLET,SC,29576
19825 N COVE RD STE B,CORNELIUS,NC,28031
1046 MAR WALT DR STE 200,FORT WALTON BEACH,FL,32547
OFF HWY 191 HOSPITAL ROAD,CHINLE,AZ,86503
201 PARK ST,BOWLING GREEN,KY,42101
1575 POND RD,ALLENTOWN,PA,18104
2627 RIVERSIDE AVE STE 300,JACKSONVILLE,FL,32204
700 FETTLER PARK,DUMFRIES,VA,22025
7556 TEAGUE RD STE 430,HANOVER,MD,21076
195 COMMONS LOOP,KALISPELL,MT,59901
9600 DEWITT LOOP,FORT BELVOIR,VA,22060
8701 SHORE RD APT 126,BROOKLYN,NY,11209
18836 BENT WILLOW CIR APT 246,GERMANTOWN,MD,20874
95 PARK TER W,NEW YORK,NY,10034
75 WILLIAMS RD,CHESTNUT RIDGE,NY,10977
19761 BEAVERCREEK RD,OREGON CITY,OR,97045
1551 CLAY ST,WINTER PARK,FL,32789
66 LYDIA DR,GUTTENBERG,NJ,07093
3303 N. BROADWAY ST.,BOULDER,CO,80304
73 CARLTON AVE APT 3,BROOKLYN,NY,11205
640 E CHERRY ST,SPRINGFIELD,MO,65897
8900 VAN WYCK EXPRESSWAY,JAMAICA,NY,11418
1050 CROWN POINTE PKWY STE 450,ATLANTA,GA,30338
21 LYNN GAYLE ROBERTSON RD,RAYVILLE,LA,71269
15812 E INDIANA AVE,SPOKANE VALLEY,WA,99216
4870 BARRANCA PKWY STE 350,IRVINE,CA,92604
1617 ESPLANADE,CHICO,CA,95926
300 BAKER AVE STE 300,CONCORD,MA,01742
715 2ND AVE S,HOPKINS,MN,55343
437 1ST ST APT 4A,BROOKLYN,NY,11215
200 OLD POND RD STE 107,BRIDGEVILLE,PA,15017
401 IRVING PKWY STE 310,HOLLY SPRINGS,NC,27540
1344 22ND ST S,SAINT PETERSBURG,FL,33712
918 SOUTH MILL AVENUE,TEMPE,AZ,85281
4302 S SUGAR RD STE 201,EDINBURG,TX,78539
4208 OLLIE RD,LAKELAND,FL,33810
407 S WHITE ST STE 103,MT PLEASANT,IA,52641
550 S PEORIA AVE,TULSA,OK,74120
5601 LOCH RAVEN BLVD,BALTIMORE,MD,21239
2929 ELLIOTT ST,BALTIMORE,MD,21224
300 STONECREST BLVD STE 250,SMYRNA,TN,37167
2340 E 10TH ST,INDIANAPOLIS,IN,46201
3348 E GEDDES DR,CENTENNIAL,CO,80122
3511 HAZELTON RD,EDINA,MN,55435
9280 W SUNSET RD STE 400,LAS VEGAS,NV,89148
820 SCENIC DR,MODESTO,CA,95350
415 COLUMBIA ROAD,BOSTON,MA,02125
614 MICHIGAN AVE W,WALKER,MN,56484
8450 SEASONS PARKWAY,WOODBURY,MN,55125
142 EAST DEARBORN,UNION,OR,97883
800 N STATE COLLEGE BLVD,FULLERTON,CA,92831
8170 33RD AVE S - MS 21110Q,MINNEAPOLIS,MN,55440
17232 PICKWICK DR,PURCELLVILLE,VA,20132
21024 COUNTY ROAD 95,WOODLAND,CA,95695
5205 BURLINGAME AVE,RICHMOND,CA,94804
118 NORTHPORT AVE,BELFAST,ME,04915
350 WALTON ST,FITCHBURG,MA,01420
5350 TALLMAN AVE NW,SEATTLE,WA,98107
178 CHURCH ST,POUGHKEEPSIE,NY,12601
10301 GRAND CENTRAL AVE APT 228,OWINGS MILLS,MD,21117
1150 N 35TH AVE,HOLLYWOOD,FL,33021
1012 HALLWOOD,BRANDON,FL,33511
5777 W MAPLE RD,WEST BLOOMFIELD,MI,48322
1046 MAR WALT DR # 200,FORT WALTON BEACH,FL,32547
8316 ARLINGTON BLVD STE 610,FAIRFAX,VA,22031
520 W 10TH AVE,COLUMBUS,OH,43210
4824 ALBERTA AVE,EL PASO,TX,79905
125 PLAIN ST,BRAINTREE,MA,02184
302 E SPENCER LN,GALLOWAY,NJ,08205
1703 1/2 LENA ST,SANTA FE,NM,87505
14445 OLIVE VIEW DR RM 3A113,SYLMAR,CA,91342
2615 E CLINTON AVE,FRESNO,CA,93703
1111 AMSTERDAM AVENUE,NEW YORK,NY,10025
2400 HOOK ST,CLERMONT,FL,34711
2500 ENGLISH CREEK AVE,EGG HARBOR TWP,NJ,08234
51 STREET OF DREAMS,MARTINSBURG,WV,25401
21 HIGHLAND AVE SE,ROANOKE,VA,24013
432 N 6TH ST,PHILADELPHIA,PA,19123
91 VIKING DRIVE WEST,LITTLE CANADA,MN,55117
JACKSON MEMORIAL HOSPITAL,MIAMI,FL,33136
1019 N JEFFERSON ST,HUNTINGTON,IN,46750
1500 E MEDICAL CENTER DR FL 9,ANN ARBOR,MI,48109
1017 S PRESA ST,SAN ANTONIO,TX,78210
667 KINGSBOROUGH SQ STE 200,CHESAPEAKE,VA,23320
3627 UNIVERSITY BLVD S STE 700,JACKSONVILLE,FL,32216
7076 N 1700TH AVE,OSCO,IL,61274
"BLDG H100, SANTA MARGARITA ROAD",CAMP PENDLETON,CA,92055
12502 WILLOWBROOK RD STE 660,CUMBERLAND,MD,21502
223 W COLE BLVD,CALEXICO,CA,92231
103 N MAIN ST,ATTICA,OH,44807
1509 32ND ST,EVERETT,WA,98201
126 POPLAR GROVE CONNECTOR,BOONE,NC,28607
1875 4TH STREET,SAN FRANCISCO,CA,94143
2549 41ST ST,SACRAMENTO,CA,95817
21 E STATE ST OFC 233,COLUMBUS,OH,43215
601 W LEOTA ST,NORTH PLATTE,NE,69101
MADIGAN ARMY MEDICAL CTR 9040 JACKSON AVE,TACOMA,WA,98431
930 CARONDELET DR STE 300,KANSAS CITY,MO,64114
1477 TINY TOWN RD STE 252,CLARKSVILLE,TN,37042
AMPHITHEATER PUBLIC SCHOOLS,TUCSON,AZ,85705
30 LUNA DR,BUFFALO,WY,82834
615 HOPE RD,EATONTOWN,NJ,07724
249 S 9TH ST FL 1,PITTSBURGH,PA,15203
317 GOLDEN CHERRY DR,GROVER,MO,63040
1687 E DIVISION ST,RIVER FALLS,WI,54022
"9427 SW BARNES RD, STE 395",PORTLAND,OR,97225
468 LONESOME DOVE LN,TENSED,ID,83870
242 S COASTAL HWY,MIDWAY,GA,31320
6911 VAN DORN ST,LINCOLN,NE,68506
1229 C AVE E,OSKALOOSA,IA,52577
609 S 100 E,BOUNTIFUL,UT,84010
1524 SHEEPSHEAD BAY RD APT 6A,BROOKLYN,NY,11235
10260 191ST ST STE 100,MOKENA,IL,60448
254 MEMORIAL DRIVE,JACKSONVILLE,NC,28546
22725 44TH AVE W STE 101,MOUNTLAKE TERRACE,WA,98043
13473 BENBOW CT,SAN DIEGO,CA,92129
7650 ZANE AVE N,BROOKLYN PARK,MN,55443
780 E WASHINGTON BLVD,CRESCENT CITY,CA,95531
4401 CAMPUS RIDGE DR STE LL110,MIDLAND,MI,48640
975 ROYCE ST,PENSACOLA,FL,32503
1959 NE PACIFIC ST # 350,SEATTLE,WA,98195
1401 STEFFEN AVE,CINCINNATI,OH,45215
320 WESTLAKE AVE N,SEATTLE,WA,98109
1650 HASLETT RD,HASLETT,MI,48840
809 WHITE POND DR STE B,AKRON,OH,44320
1032 KINGSHIGHWAY ST,ROLLA,MO,65401
2601 OCEAN PARKWAY,BROOKLYN,NY,11235
1200 LAKEWAY DR STE 4,BELLINGHAM,WA,98229
1300 N HIGHLAND AVE,AURORA,IL,60506
MERCY MEDICAL CENTER,SPRINGFIELD,MA,01102
8075 GATE PKWY W STE 305,JACKSONVILLE,FL,32216
2222 BANCROFT WAY,BERKELEY,CA,94720
43911 RUNNING BROOK CIR,TEMECULA,CA,92592
1397 MEDICAL PARK BLVD STE 140,WELLINGTON,FL,33414
3453 SAINT FRANCIS AVE,DALLAS,TX,75228
4015 DAVISON RD,BURTON,MI,48509
530 N 108TH PL STE 100,WAUWATOSA,WI,53226
1290 TREMONT ST,ROXBURY,MA,02120
7455 MIRAMAR AVE,LA JOLLA,CA,92037
2918 5TH AVE STE 300,SAN DIEGO,CA,92103
390 S FRENCH BROAD AVE STE 2,ASHEVILLE,NC,28801
1600 AVONDALE CIR,WEST MEMPHIS,AR,72301
371 STOCKHOLM ST,BROOKLYN,NY,11237
5555 E ARAPAHOE RD,LITTLETON,CO,80122
598 CYNWOOD DR,EASTON,MD,21601
1381 UNIVERSITY ST,HEALDSBURG,CA,95448
789 EASTERN BYPASS,RICHMOND,KY,40475
1245 S CEDAR CREST BLVD STE 301,ALLENTOWN,PA,18103
531 W PARK ST STE 2,PASCO,WA,99301
1244 CHICAGO ST,GREEN BAY,WI,54301
2 TAMPA GENERAL CIR FL 4,TAMPA,FL,33606
23548 LYONS AVE STE B,NEWHALL,CA,91321
42 PARK PL,PAWTUCKET,RI,02860
434 GROVE AVE,WINTER PARK,FL,32789
664 STONELEIGH AVE,CARMEL,NY,10512
163 CARLTON TER,TEANECK,NJ,07666
130 FISHER RD STE 1-1,BERLIN,VT,05602
701 HEWITT BLVD,RED WING,MN,55066
1313 RED RIVER ST,AUSTIN,TX,78701
1100 BROADWAY,ROCKFORD,IL,61104
1300 E WOODFIELD RD STE 308,SCHAUMBURG,IL,60173
1726 DISCOVERY RD,PORT TOWNSEND,WA,98368
630 MIX AVE APT 5H,HAMDEN,CT,06514
4221 RIDGECREST RD STE 109,GREENVILLE,TX,75402
140 S HOLLY ST,MEDFORD,OR,97501
3025 MARKET ST STE A,CAMP HILL,PA,17011
765 KENILWORTH TER NE,WASHINGTON,DC,20019
1495 W 8TH,FLORENCE,OR,97439
61 SPIT BROOK RD STE 202,NASHUA,NH,03060
923 MANOR DR,FIRCREST,WA,98466
8239 MEADOWBRIDGE RD STE A,MECHANICSVILLE,VA,23116
484 HIGHLAND AVE,FALL RIVER,MA,02720
560 W MITCHELL ST STE 185,PETOSKEY,MI,49770
220 W GARFIELD AVE,CHARLEVOIX,MI,49720
79 COVENTRY ST,NEWPORT,VT,05855
1601 N DICKINSON,RUSK,TX,75785
200 W. HOSPITAL DR.,WHITERIVER,AZ,85901
3410 TAMIAMI TRL,PORT CHARLOTTE,FL,33952
2815 S SHERIDAN RD,TULSA,OK,74129
301 S PERIMETER PARK DR STE 100,NASHVILLE,TN,37211
7 ARVIN AVE,BARRINGTON,RI,02806
35150 N BELL ROAD,QUEEN CREEK,AZ,85144
330 N. LORETTO RD,LEBANON,KY,40033
2702 NAVARRE AVE STE 305,OREGON,OH,43616
816 MAIN ST,MARGARETVILLE,NY,12455
4465 CORDATA PKWY STE C,BELLINGHAM,WA,98226
4802 10TH AVE,BROOKLYN,NY,11219
2545 SCHOENERSVILLE RD,BETHLEHEM,PA,18017
777 NORTH ST STE 301,PITTSFIELD,MA,01201
100 STONEY HILL RD,FAIRMONT,WV,26554
4932 W STATE ROAD 46,SANFORD,FL,32771
500 W MARKET ST,TIFFIN,OH,44883
3100 TONGASS AVE,KETCHIKAN,AK,99901
769 W TERRA LN,O FALLON,MO,63366
2030 E BROADWAY BLVD STE 113,TUCSON,AZ,85719
3458 NEELY RD,TRENTON,NJ,08641
108 LONE OAK CIR,FORT GIBSON,OK,74434
39 NW LOUISIANA AVE,BEND,OR,97703
1100 ROUTE 72 W,MANAHAWKIN,NJ,08050
850966 US HIGHWAY 17,YULEE,FL,32097
2120 HOXIE AVE,RICHLAND,WA,99354
1006 E 35TH ST APT 3,BROOKLYN,NY,11210
5510 PROMENADE POINT PKWY NW # 160,MADISON,AL,35758
621 S NEW BALLAS RD,SAINT LOUIS,MO,63141
530 3RD ST NW,ELK RIVER,MN,55330
9870 GATEWAY N BLVD B1,EL PASO,TX,79924
1991 SARANAC AVE STE 104,LAKE PLACID,NY,12946
32 N LINCOLN AVE,NEWTOWN,PA,18940
7862 BYRON RD,BYRON,NY,14422
76 NE 12TH ST,MADRAS,OR,97741
3 FABYAN PT,NEWINGTON,NH,03801
7870 E KEMPER RD STE 150,CINCINNATI,OH,45249
180 E 111TH ST APT 4,NEW YORK,NY,10029
1171 COUNTY ROAD 610,SHUBUTA,MS,39360
1540 LAKE LANSING RD 205,LANSING,MI,48912
5051 CARPENTER CREEK DR,PENSACOLA,FL,32503
2333 W 57TH ST STE 103,SIOUX FALLS,SD,57108
444 NW ELKS DR,CORVALLIS,OR,97330
129 ONEIDA VALLEY RD STE 211,BUTLER,PA,16001
330 MOUNT AUBURN ST FL 1,CAMBRIDGE,MA,02138
11217 LAKEVIEW AVE,LENEXA,KS,66219
3305 CROOKED BED WAY,FOLSOM,CA,95630
3 VISTA DR,GREENVILLE,SC,29617
10523 ROLLING PEAKS DR,PEYTON,CO,80831
1200 SPARTANBURG HWY STE 100,HENDERSONVILLE,NC,28792
1500 E MEDICAL CENTER DRIVE UNIVERSITY HOSPITAL,ANN ARBOR,MI,48109
1087 HIGHVIEW DR,ERIE,CO,80516
1121 BOSWELL RD,HARTFORD,KY,42347
331 MEETING HOUSE LN,MERION STATION,PA,19066
4200 E 9TH AVE,DENVER,CO,80262
101 HOSPITAL LOOP NE STE 105,ALBUQUERQUE,NM,87109
48184 MORRIS RD,HAMMOND,LA,70401
330 ARKANSAS ST,LAWRENCE,KS,66044
1416 EL CENTRO ST,SOUTH PASADENA,CA,91030
5401 OLD YORK RD BLDG SUITE410,PHILADELPHIA,PA,19141
4255 MIDWAY RD,HERMANTOWN,MN,55811
2 NORMANSKILL BLVD STE 206,DELMAR,NY,12054
1305 ESCALANTE DR STE 202,DURANGO,CO,81303
423 N 21ST ST STE 202,CAMP HILL,PA,17011
2206B 11TH AVE W,SEATTLE,WA,98119
254 WATERTOWN ST,NEWTON,MA,02458
1769 W 13TH ST,BROOKLYN,NY,11223
689 BROADWAY,BANGOR,ME,04401
297 W FRANCISCAN DR,CROWN POINT,IN,46307
1140 W LA VETA AVE STE 770,ORANGE,CA,92868
12251 JAMES ST STE 500,HOLLAND,MI,49424
8 SHERIDAN SQ,KINGSPORT,TN,37660
600 CAISSON HILL ROAD,FORT RILEY,KS,66442
903 NW WASHINGTON BLVD STE A,HAMILTON,OH,45013
161 JACKSON ST,LOWELL,MA,01852
3154 N CLARK ST,CHICAGO,IL,60657
7232 VAN NUYS BLVD STE 101,VAN NUYS,CA,91405
900 S CATON AVE,BALTIMORE,MD,21229
4220 N SALEM DR,ARLINGTON HEIGHTS,IL,60004
201 N BREWER ST,PARIS,TN,38242
700 S TUSTIN ST,ORANGE,CA,92866
4201 TORRANCE BLVD STE 480,TORRANCE,CA,90503
50 COLLEGE ST,SOUTH HADLEY,MA,01075
321 EUCLID AVE,DES MOINES,IA,50313
694 GOOD DR SUITE 112,LANCASTER,PA,17601
98 PARADISE RD,CENTRAL SQUARE,NY,13036
702 GREEN ST APT 8,CAMBRIDGE,MA,02139
9663 ROUTE 19,HOUGHTON,NY,14744
3050 NORTHWINDS PKWY STE 103,ALPHARETTA,GA,30009
712 BABETTA AVE,PARK RIDGE,IL,60068
12980 FREDERICK ST,MORENO VALLEY,CA,92553
5 MANHATTAN SQ,HAMPTON,VA,23666
827 E COLONIAL AVE,MOSES LAKE,WA,98837
2350 LEHIGH AVE,GLENVIEW,IL,60026
1176 N COUNTY RD 300 W,BRAZIL,IN,47834
8207 SIERRA COLLEGE BLVD,ROSEVILLE,CA,95661
36001 EUCLID AVE STE C7,WILLOUGHBY,OH,44094
190 NONOTUCK ST,FLORENCE,MA,01062
1805 HENNEPIN AVE. NORTH,GLENCOE,MN,55336
234 E 149TH ST STE 5A,BRONX,NY,10451
938 MEZZANINE DR STE B,LAFAYETTE,IN,47905
717 S STATE ST STE 900,FAIRMONT,MN,56031
211 PARK ST,ATTLEBORO,MA,02703
1158 LEXINGTON RD,GEORGETOWN,KY,40324
2080 CHILD ST,JACKSONVILLE,FL,32214
14 DEKALB AVE FL 2,BROOKLYN,NY,11201
405 UMBERGER ST,WYTHEVILLE,VA,24382
20412 SAWGRASS DR,GAITHERSBURG,MD,20886
1519 NYE RD,LYONS,NY,14489
382 N MAIN ST STE 205,EAST LONGMEADOW,MA,01028
545 1ST AVE,NEW YORK,NY,10016
6847 N CHESTNUT ST STE 300,RAVENNA,OH,44266
500 NE A ST STE 102,MADRAS,OR,97741
41 E POST RD,WHITE PLAINS,NY,10601
1 NAVY HILL ROAD,SAIPAN,MP,96950
932 S 60TH ST,WEST ALLIS,WI,53214
110 S GOULD ST,SHERIDAN,WY,82801
1103 CORPORATE DR STE A,GREENVILLE,NC,27858
4 ETHEL RD,EDISON,NJ,08817
1717 W COWLES,FAIRBANKS,AK,99701
403 STAGELINE RD,HUDSON,WI,54016
4076 NEELY RD,FT WAINWRIGHT,AK,99703
880 CHESTNUT RIDGE RD,CHESTNUT RIDGE,NY,10977
186 SOUTHERN OAK DR,PONTE VEDRA,FL,32081
10075 HUGHES PL,HIGHLANDS RANCH,CO,80126
393 HIGHWAY 21 STE 525,MADISONVILLE,LA,70447
65-1206 MAMALAHOA HWY STE 2-204,KAMUELA,HI,96743
11212 STATE HIGHWAY 151,SAN ANTONIO,TX,78251
841 N YORK ST APT 422,ELMHURST,IL,60126
9100 W 74TH ST,SHAWNEE MISSION,KS,66204
305 E 86TH ST,NEW YORK,NY,10028
974 ROUTE 45 STE 1000,POMONA,NY,10970
9825 HOSPITAL DR#205,MAPLE GROVE,MN,55369
2002 BROOKSIDE DR STE 300,KINGSPORT,TN,37660
600 N HIATUS RD STE 105,PEMBROKE PINES,FL,33026
5100 N 26TH ST STE 200,LINCOLN,NE,68521
2741 LITITZ PIKE,LANCASTER,PA,17601
321 SAN CARLO RD,DAVENPORT,FL,33896
12222 MERIT DR,DALLAS,TX,75251
980 JOHNSON FY RD NE STE 620,ATLANTA,GA,30342
1050 37TH PL STE 101,VERO BEACH,FL,32960
1601 LIBERTY ST STE A,RICHMOND,TX,77469
4100 DUVAL RD,AUSTIN,TX,78759
274 BIG A RD,TOCCOA,GA,30577
910 W MERCURY BLVD,HAMPTON,VA,23666
3000 N TRIUMPH BLVD STE 210,LEHI,UT,84043
17811 ROMELLE AVE,SANTA ANA,CA,92705
585 NEW LOUDON ROAD,LATHAM,NY,12110
300 68TH ST SE,GRAND RAPIDS,MI,49548
2185 GALLOWAY RD,BENSALEM,PA,19020
1000 N MAIN ST,RICHFIELD,UT,84701
195 W HIGHWAY 246,BUELLTON,CA,93427
9133 TIMBER STREET,NORTH CHARLESTON,SC,29406
921 S WALNUT ST,LA HABRA,CA,90631
800 PRUDENTIAL DR STE 1100,JACKSONVILLE,FL,32207
312 STEPHENSON RD,RIPLEY,OH,45167
3737 CAMINO DEL RIO S STE 109,SAN DIEGO,CA,92108
1220 MISSOURI AVE,JEFFERSONVILLE,IN,47130
112 N EWING ST,LANCASTER,OH,43130
10 WAYMAN LN,BAR HARBOR,ME,04609
900 TOWNE LAKE PKWY,WOODSTOCK,GA,30189
8700 BEVERLY BLVD,WEST HOLLYWOOD,CA,90048
16110 E 14TH ST,ASHLAND,CA,94578
135 W 27TH ST FL 4,NEW YORK,NY,10001
1622 8TH AVE,BROOKLYN,NY,11215
4405 DON DR,MANSFIELD,TX,76063
146 LAWSON RD,KENSINGTON,CA,94707
1850 SPRING RIDGE DR,SUSANVILLE,CA,96130
755 N 11TH ST STE P4200,BEAUMONT,TX,77702
125 MEDICAL PARK LN STE C,HUNTSVILLE,TX,77340
2116 N 42ND ST,SEATTLE,WA,98103
435 MAPLE ST,OMAK,WA,98841
1301 PALM AVE STE 700,JACKSONVILLE,FL,32207
8111 TOWNSHIP LINE RD,INDIANAPOLIS,IN,46260
8060 WOLF RIVER BLVD,GERMANTOWN,TN,38138
9969 S 27TH ST # 3100,FRANKLIN,WI,53132
20 ARMORY LN,VERGENNES,VT,05491
1744 PAYNE AVE,CLEVELAND,OH,44114
15275 STATE ROUTE 31,ALBION,NY,14411
1532 W 32ND ST STE 201,JOPLIN,MO,64804
1027 TAYLORS BRIDGE RD,TOWNSEND,DE,19734
109 TEJAS DR STE 100,TERRELL,TX,75160
2502 MARBLE AVE,ALBUQUERQUE,NM,87131
2098 S CENTRAL AVE,LOS ANGELES,CA,90011
1650 W. MAGNOLIA,FORT WORTH,TX,76104
320 W WILLOW ST,WALLA WALLA,WA,99362
137 W HIGH ST STE 3B,ELKTON,MD,21921
460 GREENFIELD AVE STE 1,HANFORD,CA,93230
311 S LEWIS ST,LAGRANGE,GA,30240
311 KALANIANAOLE AVE,HILO,HI,96720
101 N PARKWAY DR,PEKIN,IL,61554
314 W JUNIPERO ST,SANTA BARBARA,CA,93105
554 N PLYMOUTH BLVD,LOS ANGELES,CA,90004
1801 W. TAYLOR ST.,CHICAGO,IL,60612
140 HOSPITAL DR STE 307,BENNINGTON,VT,05201
840 MERCY DR,ORLANDO,FL,32808
188 THROOP AVE STE 1R,BROOKLYN,NY,11206
44 OGDEN AVE,CORTLANDT MNR,NY,10567
140 E 56TH ST,NEW YORK,NY,10022
275 COLLIER RD NW STE 300,ATLANTA,GA,30309
1650 GRAND CONCOURSE BRONX LEBANON HOSPITAL CENTER,BRONX,NY,10457
334 BACKBONE RD E,PRINCETON,IL,61356
855 MANKATO AVE,WINONA,MN,55987
67 CORPORATE DR BLDG A,PORTSMOUTH,NH,03801
4438 TELEGRAPH RD,SAINT LOUIS,MO,63129
1120 RAINTREE CIR,ALLEN,TX,75013
201 16TH AVE E MSC CWB-2,SEATTLE,WA,98112
10 SUNNYBROOK RD,RALEIGH,NC,27610
824 FRANKLIN PARK DR.,EAST SYRACUSE,NY,13057
15651 HOOPER RIDGE RD,MILLFIELD,OH,45761
183 DONAX AVE,IMPERIAL BEACH,CA,91932
330 BARCLAY AVE NE STE 304,GRAND RAPIDS,MI,49503
4700 LAS VEGAS BLVD N,LAS VEGAS,NV,89191
3113 E WASHINGTON AVE,MADISON,WI,53704
1118 HAMPSHIRE ST,QUINCY,IL,62301
ONE BOONE ROAD,BREMERTON,WA,98312
334 MILL CREEK RD STE B,CARTHAGE,NC,28327
1000 E CROSS ST,FINDLAY,OH,45840
1284 S ABILENE ST,AURORA,CO,80012
2550 S FLAT ROCK RD,BLOOMINGTON,IN,47403
333 ROEBLING ST,BROOKLYN,NY,11211
6545 FRANCE AVE S STE 100,EDINA,MN,55435
1 MILE N HIGHWAY 41,PINON,AZ,86510
7051 DR PHILLIPS BLVD,ORLANDO,FL,32819
16818 HALE MOUNTAIN RD,MORROW,AR,72749
906 HAMPTON RD,MCDONOUGH,GA,30253
999 N MAIN ST,AKRON,OH,44310
101 PINE ST,SYRACUSE,NY,13210
19465 DEERFIELD AVE,LANSDOWNE,VA,20176
1945 W 24TH ST,YUMA,AZ,85364
14421 DUPONT CT,OMAHA,NE,68144
210 MEDICAL PAVILION DR,RAEFORD,NC,28376
311 23RD AVE N,NASHVILLE,TN,37203
2525 RIVERSIDE AVE,JACKSONVILLE,FL,32204
2239 E COOK ST,SPRINGFIELD,IL,62703
1501 EAST AVE,ROCHESTER,NY,14610
310 NEW BRIDGE STREET,JACKSONVILLE,NC,28540
1285 LIBERTY ST SE,SALEM,OR,97301
2 JARVIS CT,FAR ROCKAWAY,NY,11691
3100 US HIGHWAY 1 S,ST AUGUSTINE,FL,32086
1551 PROFESSIONAL LN UNIT 200,LONGMONT,CO,80501
1330 BOILING SPRINGS RD STE 2500,SPARTANBURG,SC,29303
620 NW 11TH ST STE M106,HERMISTON,OR,97838
415 N 85TH ST,SEATTLE,WA,98103
79 VAIL AVE,BEACON,NY,12508
580 COURT STREET THE CHESHIRE MEDICAL CENTER,KEENE,NH,03431
1660 DELAWARE ST,LONGVIEW,WA,98632
115 ACADEMY AVENUE,GREENWOOD,SC,29646
8160 WALNUT HILL LN STE 316,DALLAS,TX,75231
17 EASTWOOD RD,GROTON,CT,06340
2200 RINGLING BLVD DEPT OF,SARASOTA,FL,34237
4704 WHITESBURG DR SW STE 201,HUNTSVILLE,AL,35802
10 FREE ST,PORTLAND,ME,04101
165 MONTGOMERY RD,ALTAMONTE SPRINGS,FL,32714
2600 CLIFTON AVE,CINCINNATI,OH,45220
6720 FRANK LLOYD WRIGHT AVE,MIDDLETON,WI,53562
2000 ALAMEDA DE LAS PULGAS,SAN MATEO,CA,94403
6701 NORTH CHARLES STREET,BALTIMORE,MD,21204
86 WREN ST,BARNWELL,SC,29812
1267 HIGHWAY 54 W STE 2200,FAYETTEVILLE,GA,30214
59 ORNAC,CONCORD,MA,01742
42 N SAINT JOSEPH AVE STE 201,NILES,MI,49120
2325 COLSTON DR,CLARKSVILLE,TN,37042
2231 W GENTRY PKWY,TYLER,TX,75702
670 PARK AVE,SHELBY,MT,59474
2430 20TH SWST 8,JAMESTOWN,ND,58401
622 WASHINGTON ST,WATERTOWN,NY,13601
1265 NEW GERMANY RD,SUMMERHILL,PA,15958
890 BELTLINE RD,SPRINGFIELD,OR,97477
331 USHERS RD STE 7,BALLSTON LAKE,NY,12019
2972 INDIAN TRAIL ROAD,AURORA,IL,60502
1140 SONOMA AVE STE 3,SANTA ROSA,CA,95405
715 LAKE ST,OAK PARK,IL,60301
439 E 1ST ST,BLOOMSBURG,PA,17815
2041 GEORGIA AVENUE,WASHINGTON,DC,20059
4324 N MCCOLL RD,MCALLEN,TX,78504
1200 GRANT BLVD W,WABASHA,MN,55981
2331 N STATE ROAD 7 STE 207,LAUDERDALE LAKES,FL,33313
11914 ASTORIA BLVD STE 510,HOUSTON,TX,77089
9070 E PERSIMMON RD,BLOOMFIELD,IN,47424
4924 CAMPBELL BLVD STE 225,NOTTINGHAM,MD,21236
2751 BAY PARK DR,OREGON,OH,43616
8715 VILLAGE DR STE 605,SAN ANTONIO,TX,78217
777 SEAVIEW AVE,STATEN ISLAND,NY,10305
235 8TH AVE W,CRESCO,IA,52136
319 SOUTH MANNING BLVD,ALBANY,NY,12208
2345 W HILLSBORO BLVD,DEERFIELD BEACH,FL,33442
1513 DEAN ST.,ROME,GA,30161
5161 S COTTONWOOD ST,MURRAY,UT,84157
1540 KIDWELL RIDGE RD,MORRISTOWN,TN,37814
1288 W GRAND RIVER RD,WILLIAMSTON,MI,48895
2730 COUNTY ROAD E E,WHITE BEAR LAKE,MN,55110
19490 SANDRIDGE WAY STE 350,LEESBURG,VA,20176
402 HAILEY RD,BERRYVILLE,AR,72616
750 TWIN CREEKS XING APT A,CENTRAL POINT,OR,97502
9000 QUANTRELLE AVE NE STE 200,OTSEGO,MN,55330
559 MILLER AVE,CLAIRTON,PA,15025
312 PROFESSIONAL VIEW DR BLDG 3002ND,FREEHOLD,NJ,07728
101 DATES DR,ITHACA,NY,14850
9850 W ST LUKES DR STE 229,NAMPA,ID,83687
3229 W 47TH PL,CHICAGO,IL,60632
800 SCENIC DR,MODESTO,CA,95350
CARR.173 RAMAL 792,AGUAS BUENAS,PR,00703
1125 S ALMA SCHOOL RD STE 210,CHANDLER,AZ,85286
3831 HUGHES AVE STE 604,CULVER CITY,CA,90232
7625 S 24TH ST,PHOENIX,AZ,85042
1495 FOREST HILL BLVD STE D,WEST PALM BEACH,FL,33406
34TH AND CIVIC CENTER BLVD,PHILADELPHIA,PA,19104
27 MOUNTAIN BLVD,WARREN,NJ,07059
230 MAPLE ST STE 1,HOLYOKE,MA,01040
34 GORDON ST APT 3,QUINCY,MA,02171
3440 BURNETT AVE.,CINCINNATI,OH,45229
161 CAREY RD,QUEENSBURY,NY,12804
1400 SW HUNTOON,TOPEKA,KS,66604
2100 ERWIN RD,DURHAM,NC,27705
2100 BULL ST,COLUMBIA,SC,29201
1813 W. HARVARD AVE.,ROSEBURG,OR,97471
2777 E 1700 N,LAYTON,UT,84040
180 S KENTUCKY AVE,WEST PLAINS,MO,65775
1761 BEALL AVE STE 3A,WOOSTER,OH,44691
18077 US HIGHWAY 18,APPLE VALLEY,CA,92307
1500 E DOWNING ST,TAHLEQUAH,OK,74464
3749 S KING ST,DENVER,CO,80236
4605 RIVER DR,PLOVER,WI,54467
771 BUSCHMANN RD,PARADISE,CA,95969
4444 THE PLZ,CHARLOTTE,NC,28215
276 HOMER LN,COOPERSVILLE,MI,49404
1148 GRAND AVENUE,ST. PAUL,MN,55105
326 W 64TH ST,CHICAGO,IL,60621
3011 NORTH BROADWAY,BOULDER,CO,80302
9100 CONROY WINDERMERE RD STE 200,WINDERMERE,FL,34786
520 GRIFFIN AVE,VALDOSTA,GA,31601
1230 CLARK ST,CAMBRIDGE,OH,43725
645 10TH AVE,NEW YORK,NY,10036
1600 PROVIDENCE DR,WACO,TX,76707
5653 FRIST BLVD,HERMITAGE,TN,37076
24920 104TH AVE SE,KENT,WA,98030
520 UPPER CHESAPEAKE DRIVE,BEL AIR,MD,21014
8 WAYMAN LN,BAR HARBOR,ME,04609
6400 UPTOWN BLVD NE STE 360,ALBUQUERQUE,NM,87110
3545 RIDGE RD,CLEVELAND,OH,44102
2933 UNIVERSITY BLVD. NORTH,JACKSONVILLE,FL,32211
551 W LANCASTER AVE STE 306,HAVERFORD,PA,19041
1017 W HEBRON PKWY,CARROLLTON,TX,75010
2067 NW LOVEJOY ST,PORTLAND,OR,97209
36650 GRAND RIVER AVE STE 101,FARMINGTON,MI,48335
41 MAIN ST,NEW PALTZ,NY,12561
6446 STATE ROUTE 179,SEDONA,AZ,86351
8416 OLD MCGREGOR RD,WOODWAY,TX,76712
11212 STATE HIGHWAY 151 STE 150,SAN ANTONIO,TX,78251
20655 W LEGEND TRL,BUCKEYE,AZ,85396
3024 SNELLING AVE,MINNEAPOLIS,MN,55406
1502 S LAYTON BLVD,MILWAUKEE,WI,53215
450 CLARKSON AVE; SUNY DOWNSTATE MEDICAL CENTER,BROOKLYN,NY,11203
1832 DOCTORS DR,SANFORD,NC,27330
1221 E 2400 N,LAYTON,UT,84040
2614 W VINE DR,FORT COLLINS,CO,80521
19809 TAMMANY CREEK RD,LEWISTON,ID,83501
44405 WOODWARD AVE,PONTIAC,MI,48341
2115 N KANSAS AVE STE 204,HASTINGS,NE,68901
904 WOLLARD BLVD,RICHMOND,MO,64085
720 WINDING CREEK TER,BRENTWOOD,CA,94513
3690 S PARK AVE STE 805,TUCSON,AZ,85713
5937 MADISON ST,MORTON GROVE,IL,60053
2208 SUMAC DR,OJAI,CA,93023
1223 S GEAR AVE,WEST BURLINGTON,IA,52655
22711 S ELLSWORTH RD STE 104,QUEEN CREEK,AZ,85142
600 UNIVERSITY OFFICE BLVD BLDG 4,PENSACOLA,FL,32504
8008 WESTPARK DR,MC LEAN,VA,22102
257 E MAIN ST STE B,SMITHTOWN,NY,11787
30 STATE ROUTE 34 N,COLTS NECK,NJ,07722
3512 SW 93RD AVE,MIRAMAR,FL,33025
200 S DAWSON ST APT 206,RALEIGH,NC,27601
106 HOSPITAL DR STE 6,CHATSWORTH,GA,30705
75-5995 KUAKINI HWY,KAILUA KONA,HI,96740
990 SONOMA AVE STE 18,SANTA ROSA,CA,95404
10725 INTERNATIONAL DR,RANCHO CORDOVA,CA,95670
1100 HIGHWAY 71 S STE 101,HOT SPRINGS,SD,57747
1430 SPILLERS LN,HOUSTON,TX,77043
1208 BONITA AVE,GRANTS,NM,87020
25 LINDSLEY DRIVE,MORRISTOWN,NJ,07960
1000 N HIATUS RD STE 160,PEMBROKE PINES,FL,33026
15001 SHADY GROVE RD,ROCKVILLE,MD,20850
5214 DISNEY AVE,BROOKLYN PARK,MD,21225
1701 BARCLAY ST,BALTIMORE,MD,21202
2229 BROAD AVE,ALTOONA,PA,16601
325 BUTTS AVE,TOMAH,WI,54660
7016 BRYANT IRVIN RD STE 100,FORT WORTH,TX,76132
604 ANN ST,PARKERSBURG,WV,26101
100 E LANCASTER AVE STE B5,WYNNEWOOD,PA,19096
75 LYNN DR,CHRISTIANSBURG,VA,24073
1698 OLD LEBANON RD,CAMPBELLSVILLE,KY,42718
4086 COUNTRY CLUB RD STE 2,DUNCAN,OK,73533
600 MACINNES DR,HOUGHTON,MI,49931
102 MOLINA COURT,MANCHESTER,NJ,08759
21 AUDUBON AVE FPC,NEW YORK,NY,10032
212 LINDEN BLVD APT 8A,BROOKLYN,NY,11226
13 CAREFREE LN,SUFFERN,NY,10901
699 92ND ST,BROOKLYN,NY,11228
310 S LIMESTONE,LEXINGTON,KY,40508
798 CENTERTON RD,ELMER,NJ,08318
4487 3RD AVE,BRONX,NY,10457
6 MARBLEDALE CT,REISTERSTOWN,MD,21136
14281 E KENTUCKY PL # 18-104,AURORA,CO,80012
260 E 67TH ST,NEW YORK,NY,10065
2175 ROSALINE AVE,REDDING,CA,96001
505 N MAIN,PERRY,MI,48872
9970 CENTRAL PARK BLVD.,BOCA RATON,FL,33428
568 E 31ST ST,BROOKLYN,NY,11210
5635 W FORT ST,DETROIT,MI,48209
320 E MAIN ST STE 205,ASHLAND,OR,97520
10821 8TH AVE SW,SEATTLE,WA,98146
20 FIRST AVE,NYACK,NY,10960
9021 JOSEPH CAMPAU ST,HAMTRAMCK,MI,48212
603 3RD ST SE,KASSON,MN,55944
5211 NEVADA AVE,NASHVILLE,TN,37209
4417 VESTAL PKWY E,VESTAL,NY,13850
8015 W ALAMEDA AVE STE 20,LAKEWOOD,CO,80226
UNIVERSITY OF CALIFORNIA IRVINE,IRVINE,CA,92697
96 CAMPUS AVE STE 214,LEWISTON ME,ME,04240
7950 N SHADELAND AVE STE 350,INDIANAPOLIS,IN,46250
5627 ALLENTOWN RD STE 101-102,SUITLAND,MD,20746
11840 NICHOLAS STREET SUITE 215,OMAHA,NE,68154
1701 W SUPERIOR ST FL 2,CHICAGO,IL,60622
340 ARNETT BLVD,ROCHESTER,NY,14619
VALLEY OBSTETRICS & GYNECOLOGY MEDICAL GROUP,COLTON,CA,92324
8700 N KENDALL DR,MIAMI,FL,33176
4221 SW JUNEAU ST,SEATTLE,WA,98136
49869 CALHOUN ST,COACHELLA,CA,92236
10 BAKER ST,WINCHESTER,VA,22601
1535 SAVANNAH RD,LEWES,DE,19958
7045 N MAPLE AVE STE 108,FRESNO,CA,93720
4920 SO. 30TH STREET,OMAHA,NE,68107
8320 W BLUEMOUND RD STE 125,MILWAUKEE,WI,53213
124 E BANDERA RD # 102,BOERNE,TX,78006
80 MAHALANI ST,WAILUKU,HI,96793
71777 SAN JACINTO DR STE 202,RANCHO MIRAGE,CA,92270
4141 AMBASSADOR DR,ANCHORAGE,AK,99508
1111 OLD RAILROAD BED RD # 23,TAFT,TN,38488
1235 EIGHTH ST.,LAS VEGAS,NM,87701
63660 HIGH STANDARD DR,BEND,OR,97701
33501 1ST WAY S,FEDERAL WAY,WA,98003
2405 W LEXINGTON AVE,ELKHART,IN,46514
1310 W STEWART DR,ORANGE,CA,92868
845 N 10TH ST STE 3,SANTA PAULA,CA,93060
895 7TH ST E,SAINT PAUL,MN,55106
701 E HAMPDEN AVE STE 130,ENGLEWOOD,CO,80113
200 HOSPITAL AVE,JEFFERSON,NC,28640
6845 LEE AVE N,BROOKLYN CENTER,MN,55429
660 SINGLETON RIDGE ROAD,CONWAY,SC,29526
730 BIDDLE RD,MEDFORD,OR,97504
1111 E MELBOURNE AVE,PEORIA,IL,61603
4745 OGLETOWN-STANTON RD,NEWARK,DE,19713
500 W FORT ST BLDG 114,BOISE,ID,83702
501 KINGS HWY E,FAIRFIELD,CT,06825
4001 FAIR RIDGE DR,FAIRFAX,VA,22033
1500 S MAIN ST FL 2,FORT WORTH,TX,76104
2222 PHILADELPHIA DR,DAYTON,OH,45406
1846 E INNOVATION PARK DR STE 100,ORO VALLEY,AZ,85755
US HIGHWAY 191 HOSPITAL DRIVE,CHINLE,AZ,86503
PSC 482 BOX 53,FPO,AP,96362
2708 GRAND AVE,DES MOINES,IA,50312
155 PRINTERS PKWY STE 200,COLORADO SPRINGS,CO,80910
1204 HIGHWAY 60 # 1009,SOCORRO,NM,87801
353 FAIRMONT BOULVEVARD,RAPID CITY,SD,57701
6115 NIEMAN RD,SHAWNEE,KS,66203
2194 GREENCREST WAY,LANCASTER,OH,43130
7050 CARROLL AVE,TAKOMA PARK,MD,20912
85 LINCOLN ST,FRAMINGHAM,MA,01702
2700 BAKER ST FL 3,MUSKEGON,MI,49444
1315 JESSE JEWELL PKWY NE # 200,GAINESVILLE,GA,30501
200 E 2ND ST STE 102,NEWBERG,OR,97132
355 GRAND ST,JERSEY CITY,NJ,07302
134 GRAND AVE,BILLINGS,MT,59101
2000 CLEARVIEW AVE STE 111,DORAVILLE,GA,30340
1358 PALOMAR PL,VISTA,CA,92084
1204 MEDICAL PARK DRIVE,OXFORD,MS,38655
752 E 9TH ST,BROOKLYN,NY,11230
701 COTTAGE GROVE RD STE C110,BLOOMFIELD,CT,06002
1 BLACKSTONE STREET,PROVIDENCE,RI,02903
9823 N 95TH ST STE 101,SCOTTSDALE,AZ,85258
59-17 JUNCTION BLVD,CORONA,NY,11368
2040 DAN PROCTOR DR STE 120,SAINT MARYS,GA,31558
300 W 80TH PL STE B,MERRILLVILLE,IN,46410
2015 GRAND CONCOURSE,BRONX,NY,10453
6835 BROADWAY AVE,CLEVELAND,OH,44105
22 EUCLID AVE,BINGHAMTON,NY,13903
268 W MAIN ST,FREDONIA,NY,14063
1111 NORTH CHARLES STREET,BALTIMORE,MD,21201
406 WELCH STREET,SILVERTON,OR,97381
2226 WOODS EDGE CT,TOLEDO,OH,43615
1703 N LOOP 1604 W APT 6204,SAN ANTONIO,TX,78258
11520 S REDWOOD RD,SOUTH JORDAN,UT,84095
117 MARYS AVENUE,KINGSTON,NY,12401
4875 SUNRISE HIGHWAY,BOHEMIA,NY,11716
"C/O CHARLES A PERKINS JR, MEDICAL CREDENTIALS ASST.",SCOTT AFB,IL,62225
126 MONROE ST,LAWRENCE,NY,11559
1530 7TH ST APT 304,SANTA MONICA,CA,90401
2322 GREYSOLON RD,DULUTH,MN,55812
2803 BOILERMAKER CT.,VALPARAISO,IN,46383
18933 E SAN TAN BLVD STE 125,QUEEN CREEK,AZ,85142
9998 W 1350 NORTH,NAPPANEE,IN,46550
227 VALLEY VIEW DR,WAVERLY,OH,45690
7901 S SHERIDAN RD,TULSA,OK,74133
650 LAUREL ST,CULPEPER,VA,22701
79 S MAIN ST,WHITE RIVER JUNCTION,VT,05001
124 WREN ST,BARNWELL,SC,29812
635 S WESTLAKE AVE,LOS ANGELES,CA,90057
8645 N MILITARY TRL STE 508,WEST PALM BEACH,FL,33410
154 BOW ST STE C,FAYETTEVILLE,NC,28301
430 N MONTE VISTA ST,ADA,OK,74820
17251 SW 86TH AVE,PALMETTO BAY,FL,33157
4494 W PEORIA AVE # 115A-13,GLENDALE,AZ,85302
MCLEOD WOMEN'S HEALTH,MANNING,SC,29102
800 ZEAGLER DR STE 320,PALATKA,FL,32177
2010 DOCTOR OATES DR STE 105,MARTINSBURG,WV,25401
17007 LISETTE ST,GRANADA HILLS,CA,91344
1809 19TH ST,SACRAMENTO,CA,95811
2600 TAMARACK AVE,SOUTH WINDSOR,CT,06074
3075 ADELINE ST STE 280,BERKELEY,CA,94703
7503 SAINT PHILLIP ST,AUSTIN,TX,78757
LOVELACE WOMEN'S HOSPITAL,ALBUQUERQUE,NM,87109
815 STOCKTON ST,JACKSONVILLE,FL,32204
KATAHDIN VALLEY HEALTH CENTER,MILLINOCKET,ME,04462
19 OLT AVE,PEKIN,IL,61554
2435 MARSHALL AVE,IMPERIAL,CA,92251
55 VILCOM CENTER DR,CHAPEL HILL,NC,27514
2901 4TH ST,LONGVIEW,TX,75605
2450 W. HUNTING PARK AVE,PHILADELPHIA,PA,19129
9855 HOSPITAL DR STE 275,MAPLE GROVE,MN,55369
2500 ENGLISH CREEK AVE STE 200,EGG HARBOR TOWNSHIP,NJ,08234
2 CENTEROCK RD,WEST NYACK,NY,10994
2960 N CIRCLE DR STE 200,COLORADO SPRINGS,CO,80909
30055 NORTHWESTERN HWY,FARMINGTON HILLS,MI,48334
5500 N SAINT LOUIS AVE,CHICAGO,IL,60625
653 WILLOW GROVE ST,HACKETTSTOWN,NJ,07840
1565 W MAGNOLIA AVE,FORT WORTH,TX,76104
4500 STUART ST,COLUMBIA,SC,29207
25 NORTHRIDGE LN,LEXINGTON,VA,24450
2071 HERNDON AVE,CLOVIS,CA,93611
1810 BROADWAY ST,BELLINGHAM,WA,98225
9110 ANDERMATT DR,LINCOLN,NE,68526
13400 E SHEA BLVD,SCOTTSDALE,AZ,85259
13107 E 25TH AVE,SPOKANE VALLEY,WA,99216
196 SPEEDWELL AVE,MORRISTOWN,NJ,07960
1093 S 250 E,WINONA LAKE,IN,46590
1120 OLD WESTMINSTER RD,WESTMINSTER,MD,21157
15 LAFAYETTE AVE,CANANDAIGUA,NY,14424
3510 LINCOLN WAY,AMES,IA,50014
1165 IMPERIAL DR STE 200,HAGERSTOWN,MD,21740
733 19TH ST,DES MOINES,IA,50314
520 TOMASITA ST NE,ALBUQUERQUE,NM,87123
2115 SW 10TH AVE,TOPEKA,KS,66604
2825 PENN AVENUE,PITTSBURGH,PA,15222
407 E MAIN ST,MARSHALLTOWN,IA,50158
2913 E. RED ROCK RD.,HUTCHINSON,KS,67501
1826 FIRCREST DR SE,PORT ORCHARD,WA,98366
1054 ROSEHILL DR,BOULDER,CO,80302
1000 10TH AVE,NEW YORK,NY,10019
53 MOORE RD,WAYLAND,MA,01778
6221 N TELEGRAPH RD,DEARBORN HEIGHTS,MI,48127
556 E CIRCLE DR STE 237,EAST LANSING,MI,48824
3212 W END AVE,NASHVILLE,TN,37203
13120 E 19TH AVE,AURORA,CO,80045
175 TARRYTOWN RD,WHITE PLAINS,NY,10607
1691 THE ALAMEDA,SAN JOSE,CA,95126
1171 W TARGET RANGE RD,NOGALES,AZ,85621
3429 GIRARD AVE S UNIT 2,MINNEAPOLIS,MN,55408
150 CENTURY PKWY,MOUNT LAUREL,NJ,08054
100 RAWLINS DRIVE,SEAFORD,DE,19973
2929 HEALTH CENTER DR,SAN DIEGO,CA,92123
255 LAFAYETTE AVE,SUFFERN,NY,10901
1053 BAY 32ND ST,FAR ROCKAWAY,NY,11691
3976 UNIVERSITY LAKE DR STE 300,ANCHORAGE,AK,99508
307 BOATNER RD,EGLIN,FL,32542
312 N 5TH AVE,STURGEON BAY,WI,54235
2995 MILLER AVE,CROSSVILLE,TN,38555
2400 UNSER BLVD SE STE 28400,RIO RANCHO,NM,87124
160 WATER STREET,NEW YORK,NY,10038
4920 S 30TH ST STE 103,OMAHA,NE,68107
1669 VICTORIA POINTE LN,WESTON,FL,33327
4415 SONOMA HWY STE B,SANTA ROSA,CA,95409
25 SOUTH ST,TRUMANSBURG,NY,14886
2932 FREMONT ST,COLUMBUS,OH,43204
451 E SAINT GERMAIN ST,SAINT CLOUD,MN,56304
2512 E DUPONT RD STE 105,FORT WAYNE,IN,46825
12670 W 87TH ST,LENEXA,KS,66215
625 CLINTON AVE,BRIDGEPORT,CT,06605
308 6TH ST,BROOKLYN,NY,11215
20611 U CT APT 5308,ELKHORN,NE,68022
17921 BOTHELL EVERETT HWY,BOTHELL,WA,98012
319 N GRAHAM HOPEDALE RD FL B,BURLINGTON,NC,27217
4902 CHILSON RD,HOWELL,MI,48843
13114 CLUB HOUSE RD,PRESTO,PA,15142
4401 N HIMES AVE,TAMPA,FL,33614
1401 S GRAND AVE,LOS ANGELES,CA,90015
3551 ROGER BROOKE DR,SAN ANTONIO,TX,78234
2950 INTERNATIONAL BLVD,OAKLAND,CA,94601
581 N PARK AVE UNIT 2831,APOPKA,FL,32704
8175 NW 12TH ST,DORAL,FL,33126
590 MEDICAL CENTER RD,FORT CAVAZOS,TX,76544
201 CANTIGNEY ST,CORNING,NY,14830
2400 MOORPARK AVE,SAN JOSE,CA,95128
2140 KINGSLEY AVE STE 1,ORANGE PARK,FL,32073
10 WATERSIDE PLZ,NEW YORK,NY,10010
2605 E 3300 S,SALT LAKE CITY,UT,84109
480 LEMON DROP LN,LEXINGTON,KY,40511
1504 WILLIAMS DR,MURFREESBORO,TN,37129
34576 BELLA VISTA DR,YUCAIPA,CA,92399
601 JOHN ST STE N1200A,KALAMAZOO,MI,49007
HMS COBRE HEALTH CLINIC,BAYARD,NM,88023
2613 E 3RD ST,BLOOMINGTON,IN,47401
6785 MILL RD,BRECKSVILLE,OH,44141
2801 SANTA MARIA WAY,SANTA MARIA,CA,93455
3600 PRYTANIA ST,NEW ORLEANS,LA,70115
5277 OLD BROWNSVILLE RD STE 201,CORPUS CHRISTI,TX,78405
550 W CYPRESS AVE,REEDLEY,CA,93654
3133 E LEMMON AVE,DALLAS,TX,75204
2101 MEDICAL PARK DR STE 200E,SILVER SPRING,MD,20902
1805 SE 16TH AVE,OCALA,FL,34471
10065 E HARVARD AVE STE 400,DENVER,CO,80231
25A JUNE ST,SANFORD,ME,04073
2316 SOUTH ST,LAFAYETTE,IN,47904
3550 MAIN ST STE 201,SPRINGFIELD,MA,01107
1630 SISKIYOU BLVD STE B,ASHLAND,OR,97520
957 W CALIFORNIA AVE,MILL VALLEY,CA,94941
300 UTAH ST STE 200,HIAWATHA,KS,66434
103 5TH AVE FL 3,NEW YORK,NY,10003
11750 BIRD RD,MIAMI,FL,33175
1200 W HARRISON ST,CHICAGO,IL,60607
3200 PROVIDENCE DR,ANCHORAGE,AK,99508
3455 MAIN ST # C,SPRINGFIELD,MA,01107
730 LYONS AVENUE,CHARLOTTESVILLE,VA,22902
10710 CHARTER DR STE 200,COLUMBIA,MD,21044
1210 COTTONWOOD CREEK TRL STE 230,CEDAR PARK,TX,78613
30 NORTHAMPTON ST,BOSTON,MA,02118
4405 VANDEVER AVE,SAN DIEGO,CA,92120
972 ROUTE 45 STE 206,POMONA,NY,10970
185 NY-312,BREWSTER,NY,10509
4776 RANDALL RD,DURHAM,NC,27707
3585 VAN TEYLINGEN DR STE G,COLORADO SPRINGS,CO,80917
351 CENTRE VIEW BOULEVARD,CRESTVIEW HILLS,KY,41017
146 W DALE ST STE 102,WATERLOO,IA,50703
1211 WHITE PLAINS RD,BRONX,NY,10472
10215 FERNWOOD RD,BETHESDA,MD,20817
CMR 402 BOX 1836,APO,AE,09180
2495 HOSPITAL DR STE 525,MOUNTAIN VIEW,CA,94040
11002 VEIRS MILL RD,WHEATON,MD,20902
7565 DANNAHER DR,POWELL,TN,37849
8129 FRIENDS AVE,WHITTIER,CA,90602
575 COAL VALLEY ROAD,CLAIRTON,PA,15025
1230 S LINDEN RD,FLINT,MI,48532
1248 HUFFMAN MILL RD STE 101,BURLINGTON,NC,27215
4310 LONDONDERRY RD STE 101,HARRISBURG,PA,17109
8 OAK RD,NEW CITY,NY,10956
634 W PINON ST,FARMINGTON,NM,87401
426 MICHIGAN ST NE,GRAND RAPIDS,MI,49503
522 S 4TH ST STE 500,FULTON,NY,13069
6300 ODELL RD,BELTSVILLE,MD,20705
905 24TH WAY SW STE B3,OLYMPIA,WA,98502
1583 CRANWOOD CT,OKEMOS,MI,48864
60728 COUNTY ROAD 27,GOSHEN,IN,46528
34 RIVERSIDE DR,CLINTON,CT,06413
20 S PARK ST STE 307,MADISON,WI,53715
5385 FRANKLIN BLVD,SACRAMENTO,CA,95820
2104 JOLLY RD STE 220,OKEMOS,MI,48864
25 CARLETON ST,CAMBRIDGE,MA,02142
568 CLAUSER DR,MILPITAS,CA,95035
331 4TH AVE E,TRENTON,ND,58853
500 W FORT ST BLDG T122,BOISE,ID,83702
100 CAMBRIDGE ST,BOSTON,MA,02114
108 SLIPPERY ROCK LN,BEREA,OH,44017
1141 PEAR TREE LN,NAPA,CA,94558
5730 PACKARD AVE STE 500,MARYSVILLE,CA,95901
557 HOLDEN RD,POPLARVILLE,MS,39470
1849 SAWTELLE BLVD STE 610,LOS ANGELES,CA,90025
120 HILLCREST MEDICAL BLVD,WACO,TX,76712
10 RESEARCH PL STE 200,NORTH CHELMSFORD,MA,01863
4221 PELTON CT,GIG HARBOR,WA,98332
1530 W 6TH ST,CORONA,CA,92882
510 29 1/2 RD,GRAND JUNCTION,CO,81504
501 E GREEN DR,HIGH POINT,NC,27260
4000 LAKELAND HIGHLANDS RD,LAKELAND,FL,33812
19450 DEERFIELD AVE,LEESBURG,VA,20176
320 BRISTOL WEST BLVD BLDG 1,BRISTOL,TN,37620
2770 CAPITAL MEDICAL BLVD STE 200B,TALLAHASSEE,FL,32308
"2305 SOUTH 65 HIGHWAY, BUILDING A",MARSHALL,MO,65340
268 E BROADWAY APT A507,NEW YORK,NY,10002
1019 IYANNOUGH RD STE 100,HYANNIS,MA,02601
4507 IDAHO AVE,NASHVILLE,TN,37209
16635 SPRING CYPRESS RD # 855,CYPRESS,TX,77429
711 N TAYLOR ST,GUNNISON,CO,81230
"24401 HEALTH CENTER DR., SUITE 300",LAGUNA HILLS,CA,92653
4760 E GALBRAITH RD STE 212,CINCINNATI,OH,45236
4 EMBARCADERO CTR,SAN FRANCISCO,CA,94111
1375 N 10TH AVE,STAYTON,OR,97383
10215 FERNWOOD RD STE 101,BETHESDA,MD,20817
1615 MICHIGAN AVE,BALDWIN,MI,49304
128 MOTT ST STE 501,NEW YORK,NY,10013
32114 1ST AVE S STE 203,FEDERAL WAY,WA,98003
1603 N BELT ST,SPOKANE,WA,99205
"450 ALASKAN WAY S., SUITE 200",SEATTLE,WA,98104
2015 MULBERRY AVE STE 250,MOUNT PLEASANT,TX,75455
389 HARDING HWY,ELMER,NJ,08318
3802 POPLAR HILL RD STE C,CHESAPEAKE,VA,23321
3570 W 9000 S,WEST JORDAN,UT,84088
294 W STATE ROUTE 89A,COTTONWOOD,AZ,86326
2500 BERNVILLE RD,READING,PA,19605
646 E 11TH ST APT C3,NEW YORK,NY,10009
39 GLENDALE DRIVE,HILLSDALE,NJ,07642
140 ELM ST W,ANNANDALE,MN,55302
1450 BELLE AVE STE 310,LAKEWOOD,OH,44107
3015 N BALLAS RD,SAINT LOUIS,MO,63131
301 GORDON GUTMANN BLVD # 210,JEFFERSONVILLE,IN,47130
6817 QUAIL HILL PKWY,IRVINE,CA,92603
2323 GRAND AVE,WAUKEGAN,IL,60085
7936 E ARAPAHOE CT,CENTENNIAL,CO,80112
70 THE VILLAGE OVERLOOK,SYLVA,NC,28779
15017 N DALE MABRY HWY # 1008,TAMPA,FL,33618
202 W JACKSON ST,CARBONDALE,IL,62901
6624 FANNIN ST,HOUSTON,TX,77030
18300 FOBERT RD NE,HUBBARD,OR,97032
9 PATCHIN PL APT 1,NEW YORK,NY,10011
112 LA CASA VIA STE 200,WALNUT CREEK,CA,94598
1232 KING ST,JACKSONVILLE,FL,32204
12988 GREENWOOD RD,LACHINE,MI,49753
116 MEDICAL DR,PALESTINE,TX,75801
32686 WOODWARD AVE,ROYAL OAK,MI,48073
6800 E GENESEE ST STE 1501,FAYETTEVILLE,NY,13066
1313 TRAVIS BLVD STE A,FAIRFIELD,CA,94533
3400 BROOKSIDE DR,CHARLOTTESVILLE,VA,22901
399 LINCOLN RD,BROOKLYN,NY,11225
1456 LIVONIA AVE,LOS ANGELES,CA,90035
61 THOMAS JOHNSON DR,FREDERICK,MD,21702
8604 CORKSCREW XING,PARRISH,FL,34219
1908 LENDEW ST,GREENSBORO,NC,27408
2005 W MAIN ST STE 220,BATTLE GROUND,WA,98604
1 BROOKDALE PLZ STE 4,BROOKLYN,NY,11212
1000 ASYLUM AVE RM 1026,HARTFORD,CT,06105
UNIVERSITY OF NEW MEXICO,ALBUQUERQUE,NM,87131
1975 4TH STREET,SAN FRANCISCO,CA,94143
620 JOHN PAUL JONES CIR STE 106,PORTSMOUTH,VA,23708
425 W 59TH ST,NY,NY,10019
9534 STATE ROUTE 682,ATHENS,OH,45701
130 DIVISION ST,DERBY,CT,06418
370 S PIKE W,SUMTER,SC,29150
13944 EUCLID AVE,CLEVELAND,OH,44112
214 N GLOVER STREET,TWISP,WA,98856
3700 W 10TH ST STE 100,SEDALIA,MO,65301
1801 COUNTRY PLACE PKWY STE 109,PEARLAND,TX,77584
1928 ALCOA HWY STE 300,KNOXVILLE,TN,37920
400 HEALTH PARK BOULEVARD ST.,JACKSONVILLE,FL,32086
"462 1ST AVENUE, SUITE 9E2",NEW YORK,NY,10016
8303 ARLINGTON BLVD STE 209,FAIRFAX,VA,22031
UNIVERSITY OF NEW MEXICO HOSPITAL MSC10 5580,ALBUQUERQUE,NM,87131
107 CANAL ST,POOLER,GA,31322
775 GREENFIELD AVE,PITTSBURGH,PA,15217
6675 S TENAYA WAY STE 200,LAS VEGAS,NV,89113
210 SUNNYVIEW LN STE 101,KALISPELL,MT,59901
444 DEER PARK AVE,BABYLON,NY,11702
24 BELLEMEADE AVE,SMITHTOWN,NY,11787
469 CENTERVILLE RD STE 101,WARWICK,RI,02886
401 OAKFIELD DR.,BRANDON,FL,33511
7001 ROGERS AVE STE 403,FORT SMITH,AR,72903
940 PARKWAY DR,SALYERSVILLE,KY,41465
711 H ST STE 100,ANCHORAGE,AK,99501
10003 WEBSTER RD,CAMDEN ON GAULEY,WV,26208
6410 FANNIN,HOUSTON,TX,77030
2545 W FRYE RD STE 5,CHANDLER,AZ,85224
1260 DOCTORS LN,FORT COLLINS,CO,80524
2635 UNIVERSITY AVE,SAINT PAUL,MN,55114
"55 FRUIT ST, FOUNDERS 454",BOSTON,MA,02114
3681 S 26TH ST,KALAMAZOO,MI,49048
920 LARK DR,ALBANY,NY,12207
11675 IRONWOOD DR,WAYNESBORO,PA,17268
99 CENTRAL AVE,ASHLAND,OR,97520
30 CRESCENT AVE,SARATOGA SPRINGS,NY,12866
4747 N 7TH ST STE 150,PHOENIX,AZ,85014
3450 BROADWAY ST,BOULDER,CO,80304
18 W PULTENEY SQ STE 102,BATH,NY,14810
304 S COTTONWOOD DR,RICHARDSON,TX,75080
10465 PARK MEADOWS DR,LONE TREE,CO,80124
3229 PARSONS BLVD,FLUSHING,NY,11354
3501 SAINT PAUL ST,BALTIMORE,MD,21218
355 CARLANNA LAKE RD LOWR,KETCHIKAN,AK,99901
168 KINSLEY ST STE 19,NASHUA,NH,03060
1500 DODSON AVE STE 230,FORT SMITH,AR,72901
608 VISCAYA AVE,ORLANDO,FL,32839
3920 DUTCHMANS LN STE 300,LOUISVILLE,KY,40207
526 W ROSCOE ST APT 1A,CHICAGO,IL,60657
17 WORTHLEY RD,DERRY,NH,03038
473 SUMNER AVE,SPRINGFIELD,MA,01108
8428 NE RUSSELL ST,PORTLAND,OR,97220
25415 YORK RD,ROYAL OAK,MI,48067
2045 S VINEYARD STE 136,MESA,AZ,85210
3879 MAGGIES PL,IRONDALE,AL,35210
416 NE 87TH AVE,VANCOUVER,WA,98664
655 W 8TH ST FL CENTER3,JACKSONVILLE,FL,32209
4205 CYPRESS SPRINGS DR,ARLINGTON,TX,76001
33 OXFORD DR,LA PLACE,LA,70068
8630 FENTON ST STE 1204,SILVER SPRING,MD,20910
1715 N GEORGE MASON DR STE 302,ARLINGTON,VA,22205
1506 COUNTY ROUTE 17,GRANVILLE,NY,12832
2922B MARTIN LUTHER KING JR BLVD,DALLAS,TX,75215
2 LINCOLN HWY STE 301,EDISON,NJ,08820
425 E 1ST ST STE 101,BLOOMSBURG,PA,17815
255 BERT KOUNS INDUSTRIAL LOOP,SHREVEPORT,LA,71106
100 CAMBRIDGE ST FL 14,BOSTON,MA,02114
1105 E KENNEDY BLVD,TAMPA,FL,33602
879 N MAIN ST,RICHFIELD,UT,84701
844 WASHINGTON RD,WESTMINSTER,MD,21157
1120 NW 14TH ST,MIAMI,FL,33136
2707 BROWNS LN,JONESBORO,AR,72401
1414 W FAIR AVE STE 35,MARQUETTE,MI,49855
4300 FAYETTEVILLE RD,LUMBERTON,NC,28358
2592 KWINA RD,BELLINGHAM,WA,98226
6273 EQUINE DR,CRESTVIEW,FL,32536
2221 PHILIP ST,NEW ORLEANS,LA,70113
906 20TH AVE W,PALMETTO,FL,34221
3396 PERSHALL RD,SAINT LOUIS,MO,63135
3001 HOSPITAL DRIVE,CHEVERLY,MD,20785
220 E. HARRIS,SAN ANGELO,TX,76903
5210 HOSPITAL RD,MARIPOSA,CA,95338
3525 PRYTANIA ST,NEW ORLEANS,LA,70115
1470 MEDICAL PKWY,CARSON CITY,NV,89703
2400 MOUNT ZION PARKWAY,JONESBORO,GA,30236
134 GRANDVIEW AVE STE 210,WATERBURY,CT,06708
"3914 MURPHY CANYON ROAD, STE. A-138",SAN DIEGO,CA,92123
34 LAWRENCE AVENUE,POTSDAM,NY,13676
1225 E COOLSPRING AVE STE 300,MICHIGAN CITY,IN,46360
220 STANAVAGE RD,COLCHESTER,CT,06415
201 W SPRINGDALE AVE,KNOXVILLE,TN,37917
7084 S 2300 E,SALT LAKE CITY,UT,84121
16427 MESA POINT DR,HOUSTON,TX,77095
1301 BERTHA HOWE AVE STE 2,MESQUITE,NV,89027
16110 E 14TH ST,SAN LEANDRO,CA,94578
993 JOHNSON FERRY RD NE,ATLANTA,GA,30342
29713 W 185TH ST,GARDNER,KS,66030
7228 MONCURE PITTSBORO RD,MONCURE,NC,27559
WINN ARMY COMMUNITY HOSPITAL; WELL WOMAN CLINIC,FORT STEWART,GA,31314
3302 RAYMOND ST,KLAMATH FALLS,OR,97603
16919 PRAIRIE ST,DETROIT,MI,48221
419 CENTENNIAL DR,LOUISVILLE,CO,80027
7030 N OLIN AVE,PORTLAND,OR,97203
300 HALKET ST STE 1338,PITTSBURGH,PA,15213
6349 HIGHWAY 550,CUBA,NM,27013
8902 E 38TH ST,INDIANAPOLIS,IN,46226
32686 WOODWARD AVE STE 103,ROYAL OAK,MI,48073
6979 TEAYS VALLEY RD,SCOTT DEPOT,WV,25560
1400 N COIT RD STE 302,MCKINNEY,TX,75071
206 W 5TH ST,DERIDDER,LA,70634
721 W BRITTON RD,OKLAHOMA CITY,OK,73114
700 NE MULTNOMAH ST STE 275,PORTLAND,OR,97232
3151 PSALMS BLVD,NORTH POLE,AK,99705
3671 BROADWAY,NEW YORK,NY,10031
181 PEARSALL DR APT 4E,MOUNT VERNON,NY,10552
39 BEAM LANE,FISHERSVILLE,VA,22939
ERIE FAMILY HEALTH CENTER,CHICAGO,IL,60622
1208 HICKORY BLVD SW STE 102,LENOIR,NC,28645
1108A E MULBERRY ST,ANGLETON,TX,77515
5325 WESTBARD AVE APT 326,BETHESDA,MD,20816
865 N HIGHLAND AVE NE,ATLANTA,GA,30306
EAST CAROLINA UNIVERSITY SCHOOL OF NURSING,GREENVILLE,NC,27834
462 1ST AVENUE,NEW YORK,NY,10016
400 D ST STE 206,SALT LAKE CITY,UT,84143
1426 E BRADFORD PKWY,SPRINGFIELD,MO,65804
1025 GARFIELD ST,FORT COLLINS,CO,80524
8480 ENTERPRISE WAY,OAKLAND,CA,94621
12021 WILMINGTON AVE,LOS ANGELES,CA,90059
12911 W 40TH AVENUE,WHEAT RIDGE,CO,80401
121 MARKET ST,POTSDAM,NY,13676
13114 120TH AVE NE,KIRKLAND,WA,98034
120 PENN ST,BALTIMORE,MD,21201
222 BRISTOL WAY,RICHMOND HILL,GA,31324
17 PREAKNESS STAKES DR,LUGOFF,SC,29078
1245 EASTERN BLVD,BALTIMORE,MD,21221
4500 9TH AVE NE,SEATTLE,WA,98105
17 CENTRAL ST,RANDOLPH,VT,05060
5114 N GLEN PARK PLACE RD,PEORIA,IL,61614
140 GRANDVIEW AVE,WATERBURY,CT,06708
7557B DANNAHER DR STE 225,POWELL,TN,37849
2605 KENUTCKY AVE,PADUCAH,KY,42003
361 BIRD ST,BRIDGEPORT,CT,06605
1051 W SHERMAN AVE,VINELAND,NJ,08360
16575 DRAPER MINE RD,SONORA,CA,95370
171 GOLDENROD LN,WARNERS,NY,13164
559 VINCENT ST,COLORADO SPRINGS,CO,80914
3225 HOSPITAL DR,JUNEAU,AK,99801
4545 FANUEL ST,SAN DIEGO,CA,92109
PMG HIGH RESORT 4100,RIO RANCHO,NM,87124
314 CHRIS GAUPP DR,GALLOWAY,NJ,08205
338 S WALNUT ST,BLOOMINGTON,IN,47401
308 W BASELINE RD,LAFAYETTE,CO,80026
286 LAMAR LAWSON RD NE,CLEVELAND,TN,37323
2414 E STATE BLVD,FORT WAYNE,IN,46805
316 MAIN ST,NORWICH,VT,05055
4836 SE 87TH TER,OKLAHOMA CITY,OK,73135
3225 DYER ST,LAS CRUCES,NM,88011
1866 N ORANGE GROVE AVE STE 104,POMONA,CA,91767
1656 CHAMPLIN AVE,NEW HARTFORD,NY,13413
2605 S ONEIDA ST STE 107,GREEN BAY,WI,54304
175 GWINNETT DR,LAWRENCEVILLE,GA,30046
530 1ST AVE STE 10Q,NEW YORK,NY,10016
45081 LITTLE LAKE ST,MENDOCINO,CA,95460
370 E 9TH AVE,SALT LAKE CITY,UT,84103
2883 WADDY RD,WADDY,KY,40076
1427 S LAKEVIEW AVE,STURGIS,MI,49091
2653 STICKNEY POINT RD,SARASOTA,FL,34231
853 N CHURCH ST,SPARTANBURG,SC,29303
740 COOL SPRINGS BLVD STE 200,FRANKLIN,TN,37067
1731 CONNELLY SPRINGS RD,LENOIR,NC,28645
800 GOINGSNAKE ST,TAHLEQUAH,OK,74464
2373 64TH ST SW,BYRON CENTER,MI,49315
4917 S CROATAN HWY,NAGS HEAD,NC,27959
9S724 CLARENDON HILLS RD,WILLOWBROOK,IL,60527
11623 ARBOR ST,OMAHA,NE,68144
447 SPRUCE ST,WALTERBORO,SC,29488
6565 FRANCE AVE S,EDINA,MN,55435
3085 N WINDSONG DR,PRESCOTT VALLEY,AZ,86314
854 TWEED LN,LANDER,WY,82335
26 N ARSENAL AVE,INDIANAPOLIS,IN,46201
2035 RALPH AVE STE A8,BROOKLYN,NY,11234
69 MAIN STREET,GREENWICH,NY,12834
8333 FELCH ST STE 202,ZEELAND,MI,49464
59 CLAPBOARD RIDGE RD,DANBURY,CT,06811
1111 N QUINCY AVE STE 127,OTTUMWA,IA,52501
787 WEATHERLY DR,CLARKSVILLE,TN,37043
2700 BAKER ST,MUSKEGON,MI,49444
1138 ROSE HILL DR,CHARLOTTESVILLE,VA,22903
2542 S BASCOM AVE STE 100,CAMPBELL,CA,95008
852 W VENTURA ST,FILLMORE,CA,93015
26335 CARMEL RANCHO BLVD STE 7,CARMEL,CA,93923
325 BOLTON VALLEY ACCESS RD,WATERBURY,VT,05676
11 S PACA ST FL 4,BALTIMORE,MD,21201
75 LAMBERT LIND HWY,WARWICK,RI,02886
46591 PICAYUNE CREEK RD,COARSEGOLD,CA,93614
1833 FILLMORE ST FL 3,SAN FRANCISCO,CA,94115
309 GOLD ST APT 6F,BROOKLYN,NY,11201
1260 DOCTORS LN STE A,FORT COLLINS,CO,80524
1124 W CARSON ST # N28,TORRANCE,CA,90502
6450 38TH AVE N,SAINT PETERSBURG,FL,33710
246 GRANGER RD,BERLIN,VT,05602
2518 N MAIN ST,MIAMI,OK,74354
55 W TIETAN ST,WALLA WALLA,WA,99362
2628 CLINTON TER,SANTA BARBARA,CA,93105
1911 HILLANDALE RD STE 1010,DURHAM,NC,27705
400 RENAISSANCE CTR STE 2600,DETROIT,MI,48243
1321 COTTONWOOD ST FL 3,WOODLAND,CA,95695
10905 PROVIDENCE RD W # 260,CHARLOTTE,NC,28277
771 OLD NORCROSS ROAD,LAWRENCEVILLE,GA,30046
289 IRELAND AVE.,FORT KNOX,KY,40121
404 N CAYUGA STREET,ITHACA,NY,14850
1535 N WILLIAMS AVE,PORTLAND,OR,97227
140 RECLAMATION DR,PANAMA CITY,FL,32404
PO BOX 100294,GAINESVILLE,FL,32610
903 E WASHINGTON ST,IDABEL,OK,74745
PSC 482,FPO,AP,
17067 S OUTER RD STE 300,BELTON,MO,64012
101 W KOENIG LN,AUSTIN,TX,78751
289 SUMMER ST,BUFFALO,NY,14222
2205 W LINCOLN AVE,YAKIMA,WA,98902
1071 S LUCERNE BLVD,LOS ANGELES,CA,90019
26614 OAK RIDGE DR,SPRING,TX,77380
STONY BROOK UNIVERSITY MED CTR DEPT OBS/GYN STONY BROOK,STONY BROOK,NY,11794
545 WHITNEY AVE APT 4,NEW HAVEN,CT,06511
1050 LARRABEE AVE STE 102,BELLINGHAM,WA,98225
1691 CAMBRIDGE ST APT 41,CAMBRIDGE,MA,02138
5045 16TH AVE NE,SEATTLE,WA,98105
1619 DAYTON AVE STE 109,SAINT PAUL,MN,55104
270 N LINDER RD,MERIDIAN,ID,83642
2015 TROY PL,VISTA,CA,92084
101 ELLIOTT DR NW STE E,ROME,GA,30165
1610 S CHADBOURNE ST,SAN ANGELO,TX,76903
1379 MCCORD HOLLOW RD,HOHENWALD,TN,38462
2029 VILLAGE LN STE 200,SOLVANG,CA,93463
1702 DOUBLE EAGLE AVE,BEAUMONT,CA,92223
82 MIDDLE COUNTRY RD,CORAM,NY,11727
2205 W. LINCOLN AVE.,YAKIMA,WA,98902
13700 ST FRANCIS BLVD STE 305,MIDLOTHIAN,VA,23114
6100 PAN AMERICAN FRWY,ALBUQUERQUE,NM,87109
220 N FRONT ST # 2,PHILIPSBURG,PA,16866
931 PENNSYLVANIA AVE,OTTUMWA,IA,52501
303 MEDICAL DR,LAGRANGE,GA,30240
1656 RIVERCHASE BLVD,ROCK HILL,SC,29732
750 W 2ND AVE STE 108,ANCHORAGE,AK,99501
100 MERCY WAY STE 560,JOPLIN,MO,64804
2964 HYDRAULIC RD,CHARLOTTESVILLE,VA,22901
12 HARBOR HTS,CENTER HARBOR,NH,03226
11010 PRAIRIE LAKES DR,EDEN PRAIRIE,MN,55344
1441 NE 10TH AVE,PAYETTE,ID,83661
3730 RHONE CIR,ANCHORAGE,AK,99508
11900 SW GREENBURG RD,TIGARD,OR,97223
24843 APPLE ST UNIT E,NEWHALL,CA,91321
755 N 11TH ST STE 4200,BEAUMONT,TX,77702
1600 WALTERS AVE,NORTHBROOK,IL,60062
128 S MONTBELLA ST,WICHITA,KS,67230
285 BOULEVARD NE,ATLANTA,GA,30312
2350 RIDGEWAY AVE STE B,ROCHESTER,NY,14626
3170 STATE ST,MEDFORD,OR,97504
250 COMMERCIAL ST STE 3004,MANCHESTER,NH,03101
6534 E 34TH ST,YUMA,AZ,85365
4240 SE KNAPP ST,PORTLAND,OR,97206
3301 BROADWAY ST,QUINCY,IL,62301
2333 LAKE AVE,ALTADENA,CA,91001
1658 COLE BLVD STE 210,LAKEWOOD,CO,80401
2007 N COMMERCE ST STE 246,ARDMORE,OK,73401
208A HILLCREST RD,NEW HOLLAND,PA,17557
35401 MISSION DR,SAINT IGNATIUS,MT,59865
1900 WARDENBURG DRIVE,BOULDER,CO,80309
5495 S 500 E,OGDEN,UT,84405
1757 W JACKSON LN,LAKESIDE,AZ,85929
3802 HIGHWAY 7 E,CROCKETT,TX,75835
2204 S DOBSON RD STE 202,MESA,AZ,85202
2118 25TH ST STE J,COLUMBUS,IN,47201
8600 SW 92ND ST,MIAMI,FL,33156
12139 BREEZEWOOD DR,WHITTIER,CA,90604
1060 GAFFNEY RD STE 7440,FT WAINWRIGHT,AK,99703
42 BROAD STREET RD STE 1012,MANAKIN SABOT,VA,23103
446 EAST 86TH STREET,NEW YORK,NY,10028
508 EAST MORRIS STREET,DALTON,GA,30721
508 TENTH STREET,WORTHINGTON,MN,56187
834 CHESTNUT ST,PHILADELPHIA,PA,19107
280 N BEDFORD RD,MOUNT KISCO,NY,10549
50 MIDDLE RD,HENRIETTA,NY,14467
7447 W TALCOTT AVE STE 454,CHICAGO,IL,60631
23338 WOODLAND AVE,FERNDALE,MI,48220
118 PATRIOT DR STE 106,BARDSTOWN,KY,40004
1310 SHALLOW FORD RD,HERNDON,VA,20170
1525 CHEROKEE DR NW,CEDAR RAPIDS,IA,52405
4458 MEDICAL DR STE 705,SAN ANTONIO,TX,78229
333 E CAMPUS MALL # 6140,MADISON,WI,53715
9320 US HIGHWAY 301 S STE 310,RIVERVIEW,FL,33578
877 STEWART AVE,GARDEN CITY,NY,11530
3723 W 12600 S STE 270,RIVERTON,UT,84065
408 ALEXANDER STREET,CEDAR GROVE,WV,25309
3 SHIRCLIFF WAY STE 200,JACKSONVILLE,FL,32204
244 5TH AVE,NEW YORK,NY,10001
1391 PACIFIC ST APT 2,BROOKLYN,NY,11216
2205 VISTA WAY STE 320,OCEANSIDE,CA,92054
19483 JOHN J WILLIAMS HWY,LEWES,DE,19958
3159 GOLDIE RD,OAK HARBOR,WA,98277
700 MCCLELLAN ST STE 206,SCHENECTADY,NY,12304
400 ASHVILLE AVE,CARY,NC,27518
6699 SPRINGFIELD CENTER DR,SPRINGFIELD,VA,22150
4000 JENNINGS STATION RD,SAINT LOUIS,MO,63121
14949 US 19 S STE B,THOMASVILLE,GA,31792
761 OLD NORCROSS RD,LAWRENCEVILLE,GA,30046
4745 ARAPAHOE AVE STE 320,BOULDER,CO,80303
13128 TOTEM LAKE BLVD NE,KIRKLAND,WA,98034
265 22 RD,WILCOX,NE,68982
1936 MAGAZINE ST,NEW ORLEANS,LA,70130
1248 HUFFMAN MILL RD # 101,BURLINGTON,NC,27215
521 ADAMS ST,MORTON,WA,98356
1400 S POTOMAC ST,DENVER,CO,80012
6730 N WEST AVE,FRESNO,CA,93711
2436 ADELAIDE DR,THOMPSONS STATION,TN,37179
200 WASHINGTON AVE,TOWSON,MD,21204
190 RIVERVIEW ST,FRANKLIN,NC,28734
199 STRATTON RD,RUTLAND,VT,05701
9176 WINESBURG RD.,MT. EATON,OH,44659
111 E 1ST ST,MONTGOMERY CITY,MO,63361
43322 GINGHAM AVE,LANCASTER,CA,93535
19405 PLANTATION RD UNIT 2,REHOBOTH BEACH,DE,19971
922 LAWNDALE ST,LUDINGTON,MI,49431
2623 206TH AVENUE CT E,BONNEY LAKE,WA,98391
2626 COLLEGE AVE,BERKELEY,CA,94704
516 DELAWARE STREET SE,MINNEAPOLIS,MN,55455
331 SIJAN AVE,WHITEMAN AFB,MO,65305
81 CLARION RD,JOHNSONBURG,PA,15845
3196 KENNEDY BLVD,UNION CITY,NJ,07087
744 N MARINE CORPS DR STE 121,TAMUNING,GU,96913
7950 KIPLING PARKWAY STE. 201,ARVADA,CO,80005
2621 PLACER ST,SANTA CRUZ,CA,95062
705 BELMONT DR,GEORGETOWN,TX,78626
825 EUCLID AVE,KANSAS CITY,MO,64124
2123 RIVER RD,SCHENECTADY,NY,12309
4824 MCKEAN AVE,PHILADELPHIA,PA,19144
1285 SIMS ST,GAINESVILLE,GA,30501
725 RODEL CV,LAKE MARY,FL,32746
575 OCEAN PARKWAY,BROOKLYN,NY,11218
3185 OAKWOOD ST,ANN ARBOR,MI,48104
7356 STOCKMAN ST,CHEYENNE,WY,82009
80 GARDEN CTR STE 138,BROOMFIELD,CO,80020
3132 STIX RD,LAKESIDE,AZ,85929
13 SADDLE ST N,SAVANNAH,GA,31407
301 KNAPP ST,WOLF POINT,MT,59201
799 E HAMPDEN AVE STE 430,ENGLEWOOD,CO,80113
1680 DIAGONAL RD,WORTHINGTON,MN,56187
1100 GRAMPIAN BLVD,WILLIAMSPORT,PA,17701
UNIT 3865,APO,AE,
3337 COLORADO BLVD,DENTON,TX,76210
2700 W 9TH AVE,OSHKOSH,WI,54904
104 N DANIEL MORGAN AVE STE 105,SPARTANBURG,SC,29306
954 N VERMONT AVE,LOS ANGELES,CA,90029
130 HOWELL RD STE D,TYRONE,GA,30290
800 OAKRIDGE BLVD,LUMBERTON,NC,28358
351 W CAMDEN ST,BALTIMORE,MD,21201
210 MEDICAL CENTER DR,PRATTVILLE,AL,36066
877 JEFFERSON AVE,MEMPHIS,TN,38103
582 PRAIRIE CENTER DR,EDEN PRAIRIE,MN,55344
970 PLUMAS ST,YUBA CITY,CA,95991
205 W SPRINGDALE AVE,KNOXVILLE,TN,37917
1960 OGDEN ST STE 320,DENVER,CO,80218
521 W STATE ROAD 434,LONGWOOD,FL,32750
"2700 EVERGREEN PARKWAY NW, SEM 1, ROOM 2110",OLYMPIA,WA,98505
6737 W WASHINGTON ST,MILWAUKEE,WI,53214
109 OSIGIAN BLVD,WARNER ROBINS,GA,31088
338 1ST AVE SW,TAYLORSVILLE,NC,28681
640 CENTRE ST,BOSTON,MA,02130
1400 N PERKINS RD APT D27,STILLWATER,OK,74075
18606 TARA ASHLEY ST,CYPRESS,TX,77433
595 N MAIN ST STE 2,ASHLAND,OR,97520
421 MONTGOMERY ST FL 9,SYRACUSE,NY,13202
3450 S ARCHER AVE,CHICAGO,IL,60608
8049 VIA HACIENDA,RIVIERA BEACH,FL,33418
1109 GRANBY RD,CHICOPEE,MA,01020
131 PROVIDENCE RD,CHARLOTTE,NC,28207
36745 AIKEN ROAD,BAYFIELD,WI,54814
4502 S SAINT LAWRENCE AVE,CHICAGO,IL,60653
65 E 96TH ST APT 1A,NEW YORK,NY,10128
4001 FAIR RIDGE DR STE 219,FAIRFAX,VA,22033
1650 COCHRANE CIR # B7500,FORT CARSON,CO,80913
CRDAMC,FORT HOOD,TX,76544
3725 W 4100 SOUTH,WEST VALLEY CITY,UT,84120
1202 W OAK ST,GREENVILLE,MI,48838
43 GABRIEL DRIVE,AUGUSTA,ME,04332
4422 3RD AVE FL 5,BRONX,NY,10457
201 N ILLINOIS ST,INDIANAPOLIS,IN,46204
1200 N LASALLE ST,CHICAGO,IL,60610
1201 E. HWY 18,PINE RIDGE,SD,57770
89 MAIN ST STE B,MACHIAS,ME,04654
810 E D ST,LEMOORE,CA,93245
#82 MOUNT PLEASANT,FREDERICKSTED,VI,00840
1297 HEMBREE RD STE 100,ROSWELL,GA,30076
109 CLIFF CT,NORTH MANKATO,MN,56003
7 FARRELL ST,SOUTH BURLINGTON,VT,05403
1ST MEDICAL GROUP,LANGLEY AFB,VA,23665
4200A TECHNOLOGY CT,CHANTILLY,VA,20151
2 MURRAY HILL DR,MOUNT MORRIS,NY,14510
508 N MARYLAND AVE,PLANT CITY,FL,33563
22999 HIGHWAY 59 N,KINGWOOD,TX,77339
7000 E BELLEVIEW AVE STE 301,GREENWOOD VILLAGE,CO,80111
7444 BLUE JACKET PL E,WINTER PARK,FL,32792
12005 E 470 RD,CLAREMORE,OK,74017
5645 MAIN ST,FLUSHING,NY,11355
4604 SPOTSYLVANIA PKWY STE 310,FREDERICKSBURG,VA,22408
REILLY RD BLDG 4-2817,FORT BRAGG,NC,28310
2 SHIRCLIFF WAY STE 600,JACKSONVILLE,FL,32204
306 RACE ST,HOLYOKE,MA,01040
2255 PLATTE CLOVE RD,ELKA PARK,NY,12427
2400 NE NEFF RD,BEND,OR,97702
7210 MURRAY DR,STOCKTON,CA,95210
1401 OVEN PARK DRIVE,TALLAHASSEE,FL,32308
25 JEFFERSON WAY STE 101,KETCHIKAN,AK,99901
9711 MEDICAL CENTER DR,ROCKVILLE,MD,20850
3725 E LEAGUE CITY PKWY STE 240,LEAGUE CITY,TX,77573
900 ROUND VALLEY DR,PARK CITY,UT,84060
212 S SULLIVAN AVE,FREMONT,MI,49412
714 AVENUE C,FORT PIERCE,FL,34950
8151 ARLINGTON AVE,RIVERSIDE,CA,92503
827 VISTA AVE,PAGE,AZ,86040
372 CENTRAL PARK W,NEW YORK,NY,10025
13195 METRO PKWY STE 6-9,FORT MYERS,FL,33966
11 DUNWOODY PARK,ATLANTA,GA,30338
72 GASKILL AVE,EDISON,NJ,08817
6140 W CURTISIAN AVE,BOISE,ID,83704
3353 N MLK DR,MILWAUKEE,WI,53212
7950 KIPLING ST STE 201,ARVADA,CO,80005
4630 S BISHOP ST,CHICAGO,IL,60609
263 W FALMOUTH HIGHWAY,FALMOUTH,MA,02540
18300 HIGHWAY 18,APPLE VALLEY,CA,92307
UCLA OBGYN CONSULTATION SUITE,LOS ANGELES,CA,90095
1177 S LAPEER RD,LAPEER,MI,48446
19691 WATERBURY LN,HUNTINGTON BEACH,CA,92646
10099 RIDGEGATE PKWY STE 440,LONE TREE,CO,80124
416 NW 2ND ST,GOLDENDALE,WA,98620
3785 WESTMINSTER DR SE,PORT ORCHARD,WA,98366
1475 MT. HOOD AVENUE,WOODBURN,OR,97071
432 CORBETT AVE,SAN FRANCISCO,CA,94114
358 BROADWAY,NEWPORT,RI,02840
402 W SUMNER ST,HARTFORD,WI,53027
4070 HIGHWAY 17,MURRELLS INLET,SC,29576
500 OLD LYNCHBURG RD,CHARLOTTESVILLE,VA,22903
284 COBB RD,JACKSON,TN,38305
KAISER PERMANENTE SANTA TERESA 250 HOSPITAL PARKWAY,SAN JOSE,CA,95119
850 W PLYMOUTH AVE,DELAND,FL,32720
4701 MONTGOMERY BLVD NE STE 301,ALBUQUERQUE,NM,87109
304 S COTTONWOOD DR STE A,RICHARDSON,TX,75080
800 W 5TH AVE,SPOKANE,WA,99204
7500 MAIN ST,HOUSTON,TX,77054
6333 TELEGRAPH AVE STE 103,OAKLAND,CA,94609
705 E FELT ST,BROWNFIELD,TX,79316
214 COLLEGE AVE.,TERRE HILL,PA,17581
1430 BENT CREEK RD,WATKINSVILLE,GA,30677
3911 AVENUE B,SCOTTSBLUFF,NE,69361
15844 FAIRVIEW RD,HAGERSTOWN,MD,21740
161 MARILYN ST,EAST ISLIP,NY,11730
30 HUNTER LN,CAMP HILL,PA,17011
1102 CANTERBURY DR,HAYS,KS,67601
8383 S TAMIAMI TRL UNIT 115,SARASOTA,FL,34238
426 E 8TH ST,PORT ANGELES,WA,98362
316 CHANDLER AVE,EVANSVILLE,IN,47713
625 N MICHIGAN AVE STE 210,CHICAGO,IL,60611
710 HILL AVE,SOUTH SAN FRANCISCO,CA,94080
1900 E 4TH ST,SANTA ANA,CA,92705
1219 S PINE AVE STE 101,OCALA,FL,34471
1017 DAMASCUS CIR,COSTA MESA,CA,92626
2675 N DECATUR RD STE 607,DECATUR,GA,30033
836 VINO VERDE CIR,BRANDON,FL,33511
2809 OLIVE HIGHWAY,OROVILLE,CA,95966
866 SEVEN HILLS DR STE 203,HENDERSON,NV,89052
PO BOX 71054,SALT LAKE CITY,UT,84171
419 PEORIA BLVD,CRESTVIEW,FL,32536
1218 W KILBOURN AVE,MILWAUKEE,WI,53233
9 W COURTLAND ST STE 201,BEL AIR,MD,21014
7378 WINDSOR DR N,SHAKOPEE,MN,55379
1190 NW 95TH ST STE 107,MIAMI,FL,33150
106 MYRTLE RIDGE RD,LUTZ,FL,33549
207 FLETCHER ST,ANN ARBOR,MI,48109
2314 2ND ST,EAU CLAIRE,WI,54703
2001 CENTRO FAMILIAR BLVD SW,ALBUQUERQUE,NM,87105
1475 SOUTH MAIN ST,WALNUT CREEK,CA,94595
2130 STOCKTON BLVD BLDG 300,SACRAMENTO,CA,95817
11399 LAKE UNDERHILL RD,ORLANDO,FL,32825
701 25TH AVE S,MINNEAPOLIS,MN,55454
242 KING AVENUE,ATHENS,GA,30606
2701 N DECATUR RD,DECATUR,GA,30033
11960 QUIVIRA RD,OVERLAND PARK,KS,66213
12348 E MONTVIEW BLVD FL 2,AURORA,CO,80045
5233 BARTLETT AVE,SAN GABRIEL,CA,91776
600 E 233RD ST,BRONX,NY,10466
1200 INTREPID AVE,PHILADELPHIA,PA,19112
13160 JERUSALEM HILL RD NW # OR97304,SALEM,OR,97304
6410 FANNIN ST STE 350,HOUSTON,TX,77030
2825 N STATE ROAD 7 STE 204,MARGATE,FL,33063
1411 W 7TH AVE STE 202,STILLWATER,OK,74074
600 MOYE BOULEVARD,GREENVILLE,NC,27834
4101 N ROXBORO ST,DURHAM,NC,27704
4114 CLIFDEN DR,ORMOND BEACH,FL,32174
1821 FULTON ST,HARRISBURG,PA,17102
621 MEMORIAL DR,GRANGER,IN,46601
2977 WHITE MOUNTAIN HWY,NORTH CONWAY,NH,03860
3720 FARRAGUT AVE STE 202,KENSINGTON,MD,20895
721 CLIFTON AVE,CLIFTON,NJ,07013
5564 WILSON MILLS RD STE 202,HIGHLAND HEIGHTS,OH,44143
14911 SUPERIOR ST,CHARLOTTE,NC,28273
10333 EL CAMINO REAL,ATASCADERO,CA,93423
313 7TH AVE,RADFORD,VA,24141
3733 SAN DIMAS ST,BAKERSFIELD,CA,93301
1510 ARCHER RD APT MA,BRONX,NY,10462
110 BOULDER ST,NEVADA CITY,CA,95959
8250 FM 2450,SANGER,TX,76266
3110 LOMA VISTA RD,VENTURA,CA,93003
821 SAINT HELENA HWY S,SAINT HELENA,CA,94574
3288 MOANALUA RD,HONOLULU,HI,96819
1969 W HART RD,BELOIT,WI,53511
245 FLEMINGSBURG RD STE A230,MOREHEAD,KY,40351
1050 37TH PL STE 101-103,VERO BEACH,FL,32960
3700 FETTLER PARK DR,DUMFRIES,VA,22025
9109 STONY POINT DR,RICHMOND,VA,23235
675 WALTON AVE,BRONX,NY,10451
59 S 31ST ST,BATTLE CREEK,MI,49015
2034 CREEKSIDE LANDING DR,APEX,NC,27502
514 BOONTON AVE,BOONTON,NJ,07005
3333 SILAS CREEK PKWY,WINSTON SALEM,NC,27103
117 GILLIS AVE NE,BRAINERD,MN,56401
411 W TIPTON ST,SEYMOUR,IN,47274
364 SE 8TH AVE,HILLSBORO,OR,97123
315 W 15TH ST,LIBERAL,KS,67901
330 NORTH BISCAYNE RIVER DRIVE,MIAMI,FL,33169
846 55TH ST,BROOKLYN,NY,11220
425 COLUMBIA LN,GILBERTS,IL,60136
2630 CAMPUS DR,KLAMATH FALLS,OR,97601
11152 DE MALLE DR,SAINT LOUIS,MO,63146
151 CAPITOL ST STE 4,AUGUSTA,ME,04330
550 UNIVERSITY BLVD,INDIANAPOLIS,IN,46202
6565 W EMERALD ST,BOISE,ID,83704
501 IRON BRIDGE RD STE 10,FREEHOLD,NJ,07728
605 GATEWAY CT,KETCHIKAN,AK,99901
70 EDGEWOOD RD,SARANAC LAKE,NY,12983
1531 S MADISON ST,APPLETON,WI,54915
1353 OLD TEMESCAL RD STE 103,CORONA,CA,92881
151 PARKVIEW DR,MILLERSBURG,OH,44654
1 S. 224 SUMMIT AVENUE,OAKBROOK TERRACE,IL,60181
211 E FAIRMONT BLVD,RAPID CITY,SD,57701
421 FAYETTEVILLE ST STE 1100,RALEIGH,NC,27601
3305 BERGQUIST AVE,SPIRIT LAKE,IA,51360
1100 TAYLOR RD,VIRGINIA BEACH,VA,23464
2330 NE DIVISION ST,BEND,OR,97701
1199 PRINCE AVENUE,ATHENS,GA,30606
2135 SW 19TH AVENUE RD STE 103,OCALA,FL,34471
17 RESEARCH DRIVE,AMHERST,MA,01002
6111 SCARLET DR,CINCINNATI,OH,45224
95 N STATE RT 17 STE 105,PARAMUS,NJ,07652
3 COOPER PLZ RM 513,CAMDEN,NJ,08103
4101 N ROXBORO STREET,DURHAM,NC,27704
3450 W WHEATLAND RD STE 440,DALLAS,TX,75237
751 W LEGION RD,BRAWLEY,CA,92227
18300 KATY FWY STE 315,HOUSTON,TX,77094
550 S MESA HILLS DR STE C3,EL PASO,TX,79912
4660 KENMORE AVENUE SUITE 902,ALEXANDRIA,VI,22304
625 AFRICA RD STE 180,WESTERVILLE,OH,43082
1407 ST ANDREW ST,LA CROSSE,WI,54603
400 LIBERTY ST,LYNDEN,WA,98264
2210 E ILLINOIS AVE,FRESNO,CA,93701
435 HURFFVILLE- CROSS KEYS RD,SEWELL,NJ,08080
204 W MAIN ST,FREMONT,MI,49412
1106 E 1ST ST,PORT ANGELES,WA,98362
2051 N STATE ST,IOLA,KS,66749
8600 BATAAN MEMORIAL E,LAS CRUCES,NM,88011
1509 STATE STREET,LA PORTE,IN,46350
109 S JACKSON ST,SPRING LAKE,MI,49456
2216 HAWKSBURY LN,HOOVER,AL,35226
2241 7TH STREET,GRAND JUNCTION,CO,81501
10717 CAMINO RUIZ STE 258,SAN DIEGO,CA,92126
3550 MAIN ST,SPRINGFIELD,MA,01107
26 BONNIE DR,WESTBURY,NY,11590
911 W HENDERSON ST STE 300,SALISBURY,NC,28144
516 EAST NIZHONI BLVD.,GALLUP,NM,87301
4461 DURHAM RD,GUILFORD,CT,06437
1138 N ROAD ST,ELIZABETH CITY,NC,27909
914 NW 13TH ST,GAINESVILLE,FL,32601
149 CLEAR CREEK DR UNIT 108,ASHLAND,OR,97520
943 BOSTON POST RD,MADISON,CT,06443
64 BLACK ROCK AVE,BRIDGEPORT,CT,06605
4562 FRANCIS AVE,CHINO,CA,91710
18101 OAKWOOD BLVD STE 124,DEARBORN,MI,48124
7400 E CRESTLINE CIR,GREENWOOD VILLAGE,CO,80111
17471 MCNAMARA DR,LIVONIA,MI,48152
689 CHESTNUT ST,SPRINGFIELD,MA,01107
2521 E MARKET ST,NAPPANEE,IN,46550
3740 CLAY PRODUCTS DR.,ANCHORAGE,AK,99517
1000 EDGEWATER PT STE 200,LAKE ST LOUIS,MO,63367
96 CAMPUS DRIVE,SCARBOROUGH,ME,04074
3855 JOHNS CREEK PKWY STE D,SUWANEE,GA,30024
1025 N DOUTY ST STE 103,HANFORD,CA,93230
2256 GLOVER PL,LOS ANGELES,CA,90031
33 1/2 PEMBROKE RD,DANBURY,CT,06811
15300 WEST AVE STE 20,ORLAND PARK,IL,60462
600 PETER JEFFERSON PKWY,CHARLOTTESVILLE,VA,22911
35 SILVERDALE CV,JACKSON,TN,38305
10609 BREMS CT,OSCEOLA,IN,46561
700 LAWRENCE EXPY DEPT 300,SANTA CLARA,CA,95051
5320 PROVIDENCE RD STE 100,VIRGINIA BEACH,VA,23464
381 DEERFIELD RD,BOONE,NC,28607
8901 N 76TH ST FL 3,MILWAUKEE,WI,53223
25 N HARLEM AVE,FREEPORT,IL,61032
"24411 HEALTH CENTER DR., SUITE 620",LAGUNA HILLS,CA,92653
110 HILLTOP STREET,CONNELLY SPRINGS,NC,28612
2817 ROCK MERRITT AVE STOP A,FORT BRAGG,NC,28310
1309 10TH AVE W,MOBRIDGE,SD,57601
4216 CORTEZ RD W,BRADENTON,FL,34210
806 SILVER LAKE RD,OAK HARBOR,WA,98277
1659 BAILEY DR,RIPON,CA,95366
3267 S. 16TH STREET,MILWAUKEE,WI,53215
133 N FAIRLAND ST,PRYOR,OK,74361
12085 W HILLSBOROUGH AVE,TAMPA,FL,33635
148 WEST RIVER STREET SUITE 8,PROVIDENCE,RI,02904
101 W WT HARRIS BLVD,CHARLOTTE,NC,28262
385 SOUTHBRIDGE ST,AUBURN,MA,01501
1701 W SUPERIOR,CHICAGO,IL,60622
5720 1ST AVE S,BIRMINGHAM,AL,35212
1500 6TH AVE,DELANO,CA,93215
305 E FM 1830,ARGYLE,TX,76226
1700 6TH AVE S STE 9103,BIRMINGHAM,AL,35233
17113 MIRAMAR PKWY # 4,MIRAMAR,FL,33027
5325 FARAON ST.,ST. JOSEPH,MO,64506
3112 EGRE RD,SUN PRAIRIE,WI,53590
1223 GATEWAY DRIVE,MELBOURNE,FL,32901
798 CENTERTON RD STE 1,ELMER,NJ,08318
1010 JEFFORDS ST,CLEARWATER,FL,33756
49 WARD ST,FALL RIVER,MA,02720
40 FULLER AVE NE,GRAND RAPIDS,MI,49503
1605 S LOCUST AVE,LAWRENCEBURG,TN,38464
229 W CHERRY AVE,PORTERVILLE,CA,93257
3 CENTURY AVE,HUTCHINSON,MN,55350
124 WHISPERING TRL,IRVINE,CA,92602
2731 MLK JR BLVD,TUSCALOOSA,AL,35401
100 HOSPITAL RD,LEOMINSTER,MA,01453
112 JOHN ST STE 103,EASLEY,SC,29640
1005 WALNUT ST.,ELMIRA,NY,14901
235 WELLESLEY ST STE 1,WESTON,MA,02493
6180 1ST RD,SUPERIOR TOWNSHIP,MI,48198
1068 N REDWOOD RD UNIT C,SARATOGA SPRINGS,UT,84045
1 BAYLOR PLZ,HOUSTON,TX,77030
83 UPPER RIVERDALE ROAD,RIVERDALE,GA,30274
102 HERITAGE WAY NE,LEESBURG,VA,20176
320 W 10TH AVE,KENNEWICK,WA,99336
6817 QUAIL HILL PARKWAY,IRVINE,CA,92603
HORIZON HEALTH CENTER,JERSEY CITY,NJ,07306
125 S 23RD ST,PHILADELPHIA,PA,19103
428 WINN CT STE 100A-B,DECATUR,GA,30030
4414 LAKE BOONE TRL STE 311,RALEIGH,NC,27607
20 MAIN ST,EXETER,NH,03833
20 SHERATON DR,ALTOONA,PA,16601
3001 S HANOVER ST,BALTIMORE,MD,21225
1521 PACIFIC TRAILS WAY,BEAUMONT,CA,92223
3385 DEXTER CT,DAVENPORT,IA,52807
100 LILLIAN GISH BLVD SW STE 201,MASSILLON,OH,44647
1835 KINGHIGHWAY,WASHINGTON PARK,IL,62204
9955 POPLAR TENT RD,CONCORD,NC,28027
8501 LASALLE ROAD,TOWSON,MD,21286
2900 HAWKINS DR,SEARCY,AR,72143
107 INSTITUTE ST # NA,JAMESTOWN,NY,14701
1270 KOT-NUM ROAD,WARM SPRINGS,OR,97761
418 HARRIS ST,JUNEAU,AK,99801
694 GOOD DR STE 112,LANCASTER,PA,17601
42121 US HIGHWAY 70,PORTALES,NM,88130
2000 BIENVILLE BLVD,OCEAN SPRINGS,MS,39564
1798A BAY ROAD,EAST PALO ALTO,CA,94303
1391 ARROYO DR,YPSILANTI,MI,48197
53 MAIN ST,TOPSHAM,ME,04086
818 SMOKY BAY WAY STE 414,HOMER,AK,99603
731 12TH AVE NW STE 201,ARDMORE,OK,73401
2305 S 65 HIGHWAY,MARSHALL,MO,65340
416 W MIFFLIN ST,MADISON,WI,53703
2200 W HAMILTON ST,ALLENTOWN,PA,18104
304 S COTTONWOOD,RICHARDSON,TX,75080
1039 EAST MAIN STREET,STAMFORD,CT,06902
9570 REGENCY SQUARE BLVD,JACKSONVILLE,FL,32225
1610 5TH ST,LUBBOCK,TX,79401
2250 HICKORY RD,PLYMOUTH MEETING,PA,19462
1611 27TH ST STE 201,PORTSMOUTH,OH,45662
2809 OLIVE HWY,OROVILLE,CA,95966
PO BOX 441,CLEVELAND,UT,84518
10005 E OSBORN RD,SCOTTSDALE,AZ,85256
1508 NW 106TH ST,OKLAHOMA CITY,OK,73114
3333 STATION HOUSE RD STE B,CHESAPEAKE,VA,23321
139 RAINBOW DR # 13938,LIVINGSTON,TX,77399
4444 E. 41ST ST,TULSA,OK,74135
830 PENNSYLVANIA AVE STE 402,CHARLESTON,WV,25302
1733 W 6400 S,SPANISH FORK,UT,84660
1055 CORPORATE DR,LAWRENCEBURG,KY,40342
1161 E COVINA BLVD,COVINA,CA,91724
5109 SUMMITVIEW AVE,YAKIMA,WA,98908
267 SUMMER ST,NORWELL,MA,02061
525 N WOLFE ST,BALTIMORE,MD,21205
1908 N 14TH ST STE 201,PONCA CITY,OK,74601
226 GRANT AVE FL 1,BROOKLYN,NY,11208
9920 TALBERT AVE,FOUNTAIN VALLEY,CA,92708
122 GORDON COMMERCIAL DR STE C,LAGRANGE,GA,30240
775 E MERRITT ISLAND CSWY STE 115,MERRITT ISLAND,FL,32952
1036 14TH ST,SAN FRANCISCO,CA,94114
308 N SANDERS ST,RIDGECREST,CA,93555
1300 E MULLAN AVE STE 500,POST FALLS,ID,83854
1091 HARNESS DR,SAN RAMON,CA,94583
13449 234TH ST,ROSEDALE,NY,11422
3073 SUMMIT AVE,HIGHLAND PARK,IL,60035
7601 HOSPITAL DR,SACRAMENTO,CA,95823
LEE ST,CHARLOTTESVILLE,VA,22908
10105 BANBURRY CROSS,LAS VEGAS,NV,89144
2955 S BROADWAY,ENGLEWOOD,CO,80113
22 JONATHAN CIR,MERRIMACK,NH,03054
1401 N EL CAMINO REAL STE 100,SAN CLEMENTE,CA,92672
3000 COLISEUM DR # 2,HAMPTON,VA,23666
2300 NW STEWART PKWY STE 101,ROSEBURG,OR,97471
861 MEDICAL CENTER DR NE,SALEM,OR,97301
1520 MOORES CHAPEL CEMETERY RD,GRAHAM,NC,27253
874 ED HALL DR,KAUFMAN,TX,75142
UNIVERSITY ASSOCIATES IN OB GYN,STONY BROOK,NY,11794
250 E SUPERIOR ST FL 8,CHICAGO,IL,60611
ONE MEDICAL CENTER DRIVE,MORGANTOWN,WV,26506
45 COLLINS RD,HAMILTON,NJ,08619
301 E RIO VISTA,BURLINGTON,WA,98233
15717 15 MILE RD,CLINTON TOWNSHIP,MI,48035
5440 HILLANDALE DRIVE,LITHONIA,GA,30058
9880 ANGIES WAY STE 350,LOUISVILLE,KY,40241
41 TWIN LAKES DR,FAIRFIELD,OH,45014
802 HWY 119 S,SPRINGFIELD,GA,31329
412 E 41ST ST STE 2,BOISE,ID,83714
"450 ALASKAN WAY S., SUITE 200, # 9452",SEATTLE,WA,98104
400 E STATE ST,ATHENS,OH,45701
1050 S 2400 E,HEBER CITY,UT,84032
100 HITCHCOCK WAY,MANCHESTER,NH,03104
2201 S CLEAR CREEK RD,KILLEEN,TX,76549
6900 LENOX VILLAGE DRIVE SUITE #8,NASHVILLE,TN,37211
4417 N 6TH ST,PHILADELPHIA,PA,19140
1611 NW 12TH AVENUE,MIAMI-DADE,FL,33136
816 SOLANO DR NE,ALBUQUERQUE,NM,87110
9 DUNWOODY PARK,DUNWOODY,GA,30338
110 S BANCROFT ST STE B,PORTLAND,OR,97239
1000 TOWN CENTER DRIVE,OXNARD,CA,93036
1097 WESTON DR STE B,MOUNT JULIET,TN,37122
1513 S GRAND AVE STE 250,LOS ANGELES,CA,90015
41 MAPLE RD,WILLIAMSVILLE,NY,14221
7105 163RD ST W,ROSEMOUNT,MN,55068
1200 S YORK ST STE 4280,ELMHURST,IL,60126
1003 PROVIDENCE DR.,NEWBERG,OR,97132
168 BATTERY ST,BURLINGTON,VT,05401
59 OLD ROAD TO 9 ACRE COR STE 1,CONCORD,MA,01742
1710 BAKER CT APT D,SAN FRANCISCO,CA,94129
200 THEDA CLARK MEDICAL PLZ,NEENAH,WI,54956
2415 NE 134TH ST STE 301,VANCOUVER,WA,98686
3844 E PIMA ST,TUCSON,AZ,85716
16111 N BRINSON ST STE 110,NAMPA,ID,83687
1222 E WOODLAND AVE,BARRON,WI,54812
619 W MIFFLIN ST APT 105,MADISON,WI,53703
11 SUMMER ST,BUFFALO,NY,14209
3674 S WASHINGTON ST,GRAND FORKS,ND,58201
4900 INDIAN CREEK RD,MARION,IA,52302
3555 LUTHERAN PARKWAY SUITE 210,WHEAT RIDGE,CO,80033
1001 S GEORGE ST,YORK,PA,17403
75 BAYLOR DR STE 200,BLUFFTON,SC,29910
3633 W LAKE AVE STE 204,GLENVIEW,IL,60026
24598 SADDLEBACK DR,HERMOSA,SD,57744
31000 COUNTRY BLUFF,FARMINGTON HILLS,MI,48331
11212 STATE HIGHWAY 151 UNIT 350,SAN ANTONIO,TX,78251
1945 GLENNS BAY RD,SURFSIDE BEACH,SC,29575
600 E MARSHALL ST,WEST CHESTER,PA,19380
4343 YAQUI PASS ROAD,BORREGO SPRINGS,CA,92004
7620 NICOLLET AVE,RICHFIELD,MN,55423
1690 ELM ST STE 300,DUBUQUE,IA,52001
2 MEMORIAL DR FL 1,DECATUR,IL,62526
225 SOUTH CONGRESS AVE,DELRAY BEACH,FL,33445
2222 S PARK ST STE 210,MADISON,WI,53713
1801 GLENDALE DR SW,WILSON,NC,27893
185 TILLEY DRIVWE,SO BURLINGTON,VT,05403
5605 W EUGIE AVE STE 102,GLENDALE,AZ,85304
1802 S 17TH ST,WILMINGTON,NC,28401
"601 W. WALNUT STREET, STE. 925E",PHILADELPHIA,PA,19106
210 SUNNYVIEW LN STE 206,KALISPELL,MT,59901
1675 BETHANY RD STE C,SYCAMORE,IL,60178
620 SKYLINE DR,JACKSON,TN,38301
2817 SAINT JOHNS BLVD,JOPLIN,MO,64804
1101 N PROGRESS AVE,SILOAM SPRINGS,AR,72761
9579 VOCATIONAL DR,PAINTED POST,NY,14870
3606 MACLAY BLVD STE 102,TALLAHASSEE,FL,32312
12915 JONES MALTSBERGER RD STE 402,SAN ANTONIO,TX,78247
1001 POTRERO AVE RM 6D,SAN FRANCISCO,CA,94110
4102 24TH ST STE 101,LUBBOCK,TX,79410
621 W MADRONE ST,ROSEBURG,OR,97470
115 N MARION ST STE 13,OAK PARK,IL,60301
1515 N MADISON AVE,ANDERSON,IN,46011
6389 GARRETT LN,ROCKFORD,IL,61107
9450 S. 1300 E.,SANDY,UT,84094
993 JOHNSON FERRY RD,ATLANTA,GA,30342
3990 ABBEY LN STE B104,ASTORIA,OR,97103
1105 N ANKENY BLVD,ANKENY,IA,50023
115 NE MAY LN,MCMINNVILLE,OR,97128
10950 W 86TH ST,LENEXA,KS,66214
10808 NE 145TH ST,BOTHELL,WA,98011
1111 MEDICAL CENTER CIR,MAYFIELD,KY,42066
3411 LOOK RD,ELLENSBURG,WA,98926
1960 NORTHSIDE BLVD,SOUTH BEND,IN,46615
1197 FORTUNE BLVD STE 1,SHILOH,IL,62269
775 POPLAR RD STE 120,NEWNAN,GA,30265
2100 ALOMA AVE STE 100,WINTER PARK,FL,32792
21038 US HIGHWAY 281 N STE 100,SAN ANTONIO,TX,78258
852 MIDDLE RD STE 101,BETTENDORF,IA,52722
274 MADISON AVE RM 1501,NEW YORK,NY,10016
2801 SE 1ST AVE,OCALA,FL,34471
15 OLD ROLLINSFORD RD,DOVER,NH,03820
3000 CITRUS CIR STE 101,WALNUT CREEK,CA,94598
3933 BROADWAY ST,HOUSTON,TX,77087
700 WALTER REED DR,GREENSBORO,NC,27403
1052 SW 4TH AVE STE 2,ONTARIO,OR,97914
6750 N MACARTHUR BLVD STE 100,IRVING,TX,75039
1400 WILLOW ROAD,PRYOR,OK,74361
315 SOUTH MANNING BLVD,ALBANY,NY,12208
6850 UPPER BOX ELDER RD,BOX ELDER,MT,59521
920 E WILLIAMS FIELD RD,GILBERT,AZ,85296
63 PLOTT ST STE A,BLAIRSVILLE,GA,30512
29 N DECATUR ST,STRASBURG,PA,17579
9843 CALVIN HALL RD,FORT MILL,SC,29707
9149 ESTATE THOMAS STE 203,ST THOMAS,VI,00802
401 E 6TH ST,ODESSA,TX,79761
101 HOLLY CREEK RD,MORRISVILLE,NC,27560
1607 S LOCUST AVE,LAWRENCEBURG,TN,38464
10700 MONTGOMERY RD,CINCINNATI,OH,45242
590 MEDICAL CENTER RD,FORT HOOD,TX,76544
1100 JOHNSON FY RD NE STE 800,ATLANTA,GA,30342
1026 GOODYEAR AVE STE 200,GADSDEN,AL,35903
5 BON AIR RD,LARKSPUR,CA,94939
PO BOX 81,WINIFRED,MT,59489
6140 CURTISIAN AVE,BOISE,ID,83704
515 N 162ND AVE,OMAHA,NE,68118
4000 14TH ST,RIVERSIDE,CA,92501
500 CROWN POINT CIR,GRASS VALLEY,CA,95945
115 TECHNOLOGY DR UNIT B107,TRUMBULL,CT,06611
488 ROCKAWAY PKWY APT D9,BROOKLYN,NY,11212
1025 PENNOCK PL,FORT COLLINS,CO,80524
130 FOREST SERVICE DR,BAKERSVILLE,NC,28705
12220 SW 1ST ST,BEAVERTON,OR,97005
1443 U ST NW,WASHINGTON,DC,20009
12665 SW HALL BLVD,TIGARD,OR,97223
172 CLINTON ST,WATERTOWN,NY,13601
1903 D ST,BELLINGHAM,WA,98225
2908 E 26TH ST,SIOUX FALLS,SD,57103
30 LAUREN LN,MONTGOMERY,NY,12549
641 ROSE DHU RD,SAVANNAH,GA,31419
801 7TH AVE,FORT WORTH,TX,76104
400 N HIGHLAND AVE,AURORA,IL,60506
2020 SUTTER PL STE 203B,DAVIS,CA,95616
200 PATEWOOD DR STE B260,GREENVILLE,SC,29615
3451 E 12TH ST,OAKLAND,CA,94601
2740 W FOSTER AVE,CHICAGO,IL,60625
2024 N CALIFORNIA AVE,CHICAGO,IL,60647
127 GILEAD ST,SHADY SPRING,WV,25918
7430 BARLITE BLVD STE 105,SAN ANTONIO,TX,78224
1481 W 10TH ST,INDIANAPOLIS,IN,46202
1061 HARMON AVENUE,FT. STEWART,GA,31314
3300 E FLAMINGO RD STE 25,LAS VEGAS,NV,89121
250 FORT WASHINGTON AVENUE,NEW YORK,NY,10032
700 SUNSET DR STE 501,ATHENS,GA,30606
1210 PROVIDENT DR,WARSAW,IN,46580
3712 GREENWAY TER,DEL CITY,OK,73115
1050 DELAWARE AVE,MARION,OH,43302
10425 E BRADLEY LAKE AVE,PALMER,AK,99645
15 MOHEGAN AVE,NEW LONDON,CT,06320
1442 ADDISON RD S,CAPITOL HEIGHTS,MD,20743
19727 ROTTERDAM ST,RIVERSIDE,CA,92508
1199 E 53RD ST APT 6U,BROOKLYN,NY,11234
1219 HODGES DRIVE,TALLAHASSEE,FL,32308
250 DEWITT MILLS RD,HURLEY,NY,12443
1030 NEVIN AVE,RICHMOND,CA,94801
975 RYLAND,RENO,NV,89502
2400 POPLAR AVE STE 501,MEMPHIS,TN,38112
1350 CEDAR LAKE RD,POCATELLO,ID,83204
419 GENTRY ST,SPRING,TX,77373
3455 OLD COUNTY RD,GREENBANK,WA,98253
201 SE WILLIAMSBURG DR,BLUE SPRINGS,MO,64014
2236 EMERSON ST,DENVER,CO,80205
948 COLUMBUS AVE,NEW YORK,NY,10025
33 ALAN ST,STONE RIDGE,NY,12484
100 WILLOW PLZ,VISALIA,CA,93291
633 WALNUT DR,LOGAN,OH,43138
12810 HEACOCK ST,MORENO VALLEY,CA,92553
1628 N MCKENZIE ST,FOLEY,AL,36535
2000 16TH AVE,COLUMBUS,GA,31901
2921 CROUSE LN,BURLINGTON,NC,27215
7501 GREENWAY CENTER DR # 910,GREENBELT,MD,20770
2860 HANOIS CT,CINCINNATI,OH,45251
3600 30TH ST,DES MOINES,IA,50310
1275 SADLER WAY,FAIRBANKS,AK,99701
303 SACRAMENTO ST,VALLEJO,CA,94590
734 NORTH MAIN STREET,LACONIA,NH,03246
3101 SHIPPERS RD STE 106,VESTAL,NY,13850
7257 HANOVER PKWY STE C,GREENBELT,MD,20770
205 S WABASHA ST,ST PAUL,MN,55107
890 OAK ST SE STE 5050,SALEM,OR,97301
1840 S 1300 E,SALT LAKE CITY,UT,84105
R-1200 MEDICAL CTR N # 2521,NASHVILLE,TN,37232
1122 LOGAN AVE,CHEYENNE,WY,82001
625 N MONTE VISTA ST,ADA,OK,74820
1914 NE 90TH CIR,VANCOUVER,WA,98665
18 2ND ST N,LONG PRAIRIE,MN,56347
949 PALM AVE,IMPERIAL BEACH,CA,91932
423 N JAMES ST,JACKSONVILLE,AR,72076
8781 N PLATTE PURCHASE DR,KANSAS CITY,MO,64155
147 MILK ST FL 9,BOSTON,MA,02109
1525 W SHORE DR,MARTINSVILLE,IN,46151
180 LAKEWOOD CT,ROCKY MOUNT,VA,24151
56 S MAIN ST,STOCKTON,NJ,08559
600 STONY BROOK CT,NEWBURGH,NY,12550
3767 MAIN ST,WARRENSBURG,NY,12885
1655 HUDSON ST STE 1,LONGVIEW,WA,98632
33 OVERLOOK RD STE L03,SUMMIT,NJ,07901
9301 LAKEVIEW PKWY STE 200,ROWLETT,TX,75088
20 COPELAND AVE,LA CROSSE,WI,54603
412 SW 8TH ST,REDMOND,OR,97756
1518 MULBERRY AVE,MUSCATINE,IA,52761
2001 PHILO RD,URBANA,IL,61802
1300 SANCHEZ ST,SAN FRANCISCO,CA,94131
1418 GRELLE AVE,LEWISTON,ID,83501
1185 US HIGHWAY 23 N,ALPENA,MI,49707
400 WATER AVE,HILLSBORO,WI,54634
3727 NE MLK JR BLVD,PORTLAND,OR,97212
3106 20TH ST,VERO BEACH,FL,32960
297 N. 3855 EAST,RIGBY,ID,83442
1608 AUSTIN MEADOWS DR,DECATUR,GA,30032
2104 BANBURY LN,OKLAHOMA CITY,OK,73170
501 FAULCONER DR STE 2D,CHARLOTTESVILLE,VA,22903
239 N BROADWAY AVE,STERLING,KS,67579
19375 HWY 116,MONTE RIO,CA,95462
1450 FRUITVALE AVE FL 3,OAKLAND,CA,94601
100 WEST RD,TOWSON,MD,21204
3009 OLD CLINIC BUILDING CB 7570,CHAPEL HILL,NC,27599
581 SULLIVAN RD STE B,AURORA,IL,60506
133 W PHIL ELLENA ST,PHILADELPHIA,PA,19119
6805 STATE ROUTE 162 STE 201,MARYVILLE,IL,62062
7604 CENTRAL AVE,PHILA,PA,19111
CLINIC #3301 28100 CHAGRIN BLVD,WOODMIRE,OH,44122
3480 CENTENNIAL BLVD,COLORADO SPRINGS,CO,80907
6866 FLINCHBAUGH RD,KIMBALL,MI,48074
20 GLENLAKE PKWY,SANDY SPRINGS,GA,30328
1300 HOSPITAL DR STE 270,MT PLEASANT,SC,29464
1302 SOUTHVIEW RD,BALTIMORE,MD,21218
2901 MONTOPOLIS DR,AUSTIN,TX,78741
925 E POLSTON AVE,POST FALLS,ID,83854
2000 CLAY BANK RD APT Q1,FAIRFIELD,CA,94533
631 CHERRY HILL RD,BALTIMORE,MD,21225
1997 S MAIN ST STE 702,BLACKSBURG,VA,24060
100 MACK AVE FL 1,DETROIT,MI,48201
11636 N SAINT ANDREWS WAY,SCOTTSDALE,AZ,85254
2817 REILLY ROAD MCXC-COD CREDENTIALS,FORT BRAGG,NC,28310
1003 SPRING ST,PETOSKEY,MI,49770
301 GREAT TEAYS BLVD STE 6,SCOTT DEPOT,WV,25560
NAVAL HOSPITAL ATTN PROFESSIONAL AFFAIRS,TWENTYNINE PALMS,CA,92278
420 BRACEY LN,SOUTH HILL,VA,23970
123 E INDIANA AVE,SPOKANE,WA,99207
2275 W JEFFERSON AVE,TRENTON,MI,48183
3901 W COURT ST,PASCO,WA,99301
12135 PANAMA CITY BEACH PKWY,PANAMA CITY BEACH,FL,32407
150 SPRING DR,BOWDOIN,ME,04287
824 N 11TH ST,MONTEVIDEO,MN,56265
2341 LEWISVILLE CLEMMONS RD,CLEMMONS,NC,27012
2721 COMSTOCK CIR,BELMONT,CA,94002
1020 W MAIN ST,CENTRALIA,WA,98531
1505 53RD AVE E,BRADENTON,FL,34203
105 YADKIN ST,ALBEMARLE,NC,28001
708 DEL PRADO BLVD S STE 2,CAPE CORAL,FL,33990
15620 NE WOODINVILLE DUVALL PL STE 4,WOODINVILLE,WA,98072
719 THOMPSON LN STE 30330,NASHVILLE,TN,37204
9143 BIRCH RUN RD STE 3,BIRCH RUN,MI,48415
9400 CAMPUS POINT DR,LA JOLLA,CA,92093
21321 E OCOTILLO RD STE 126,QUEEN CREEK,AZ,85142
31 METHYL ST,PROVIDENCE,RI,02906
300 JUBILEE DR,PEABODY,MA,01960
24 SNELSON DR,ASHEVILLE,NC,28806
1100 JOHNSON FY RD NE,ATLANTA,GA,30342
819 N MILLER ST,WENATCHEE,WA,98801
400 HARBORSIDE DR STE 116,GALVESTON,TX,77555
1670 MONUMENT RD,MIDDLETOWN,MD,21769
2000 SUTTER PL,DAVIS,CA,95616
235 LAKEWOOD RD,WALNUT CREEK,CA,94598
128 CHANT,IRVINE,CA,92618
"2850 SOUTH MICHIGAN AVE, SUITE 205",CHICAGO,IL,60616
2923 23RD ST UNIT 1,SAN FRANCISCO,CA,94110
4140 HERITAGE TRACE PKWY,FORT WORTH,TX,76244
10909 FONDREN RD APT 4404,HOUSTON,TX,77096
2720 CHARLESTON ST NE,ALBUQUERQUE,NM,87110
1915B COURTNEY DR,HOMEWOOD,AL,35209
1675 SOUTH BERRY KNOLL BLVD.,COLORADO CITY,AZ,86022
6 BURNSIDE,WICHITA FALLS,TX,76310
5000 FRANKFORD AVE,PHILADELPHIA,PA,19124
220 CHARLES PL,WILMETTE,IL,60091
3530 SNOUFFER RD STE 100,COLUMBUS,OH,43235
2340 E MEYER BLVD STE 598,KANSAS CITY,MO,64132
TRINITAS REGIONAL MEDICAL CENTER,ELIZABETH,NJ,07202
1645 E ROOSEVELT ST,PHOENIX,AZ,85006
244 COATSLAND DR,JACKSON,TN,38301
9621 SW 163RD AVE,MIAMI,FL,33196
1737 E21ST STREET,BROOKLYN,NY,11229
135 SPRING ST,NEW YORK,NY,10012
3090 E 3300 S STE 100,SALT LAKE CITY,UT,84109
2913 E. RED ROCK RD,HUTCHINSON,KS,67501
300 N MAIN ST,EAST PEORIA,IL,61611
35 HOPE DRIVE STE 202/204,HERSHEY,PA,17033
109 COMMERCE PARK DR,WESTERVILLE,OH,43082
6 BALLYDRAIN RD,FRAMINGHAM,MA,01701
663 E GUARDLOCK DR,LOCK HAVEN,PA,17745
968 GRAND AVE.,ST. PAUL,MN,55105
9340 SW BARNES RD,PORTLAND,OR,97225
167 MAIN ST,TUBA CITY,AZ,86045
4435 E CHANDLER BLVD STE 200,PHOENIX,AZ,85048
615 SHERIDAN ST,PORT TOWNSEND,WA,98368
1046 RIDGE AVE SW # 4,ATLANTA,GA,30315
960 JOHNSON FY RD NE STE 215,ATLANTA,GA,30342
250 INERNATIONAL PARKWAY,SAN JOSE,CA,95119
16 FAHY ST STE 108,BELFAST,ME,04915
1150 LEXINGTON RD,GEORGETOWN,KY,40324
11050 MT BELVEDERE BLVD,FORT DRUM,NY,13602
9340 SW BARNES ROAD,PORTLAND,OR,97225
257 LAFAYETTE AVE STE 200,SUFFERN,NY,10901
940 EASTMONT AVE,EAST WENATCHEE,WA,98802
81719 DR CARREON BLVD STE C-1,INDIO,CA,92201
1556 W 222ND ST,TORRANCE,CA,90501
11590 CENTURY BLVD,CINCINNATI,OH,45246
"24430 STONE SPRINGS BLVD., SUITE 475",DULLES,VA,20166
94505 E GRANADA CT,KENNEWICK,WA,99338
469 JEFFERSON AVE # 2,BROOKLYN,NY,11221
111 PARK AVE,BALTIMORE,MD,21201
2 MEMAS CT,DIX HILLS,NY,11746
3537 S I 35 E STE 214,DENTON,TX,76210
60 WASHINGTON AVE,HAMDEN,CT,06518
3300 N TRIUMPH BLVD STE 500,LEHI,UT,84043
1200 PECAN ST SE,WASHINGTON,DC,20032
205 LILLY RD NE,OLYMPIA,WA,98506
20 MEDICAL VILLAGE DRIVE SUITE 354,EDGEWOOD,KY,41017
2000 EMPIRE BLVD STE 200,WEBSTER,NY,14580
1090 MARTIN LUTHER KING JR AVE,LONG BEACH,CA,90813
3535 N MARYLAND AVE,SHOREWOOD,WI,53211
639 OAKWOOD LANE,LANCASTER,PA,17603
521 BROADWAY AVE,SELLERSVILLE,PA,18960
1022 S PIONEER WAY STE A,MOSES LAKE,WA,98837
601 JOHN ST STE N-1200A,KALAMAZOO,MI,49007
1622 GALISTEO ST STE 200,SANTA FE,NM,87505
1665 VALLEY CENTER PKWY STE 130,BETHLEHEM,PA,18017
6203 AGENCY LOOP RD,WELLPINIT,WA,99040
3726 E CAROB DR,GILBERT,AZ,85298
2032 E 22ND ST,CASPER,WY,82601
1289 E 1325 N,LAYTON,UT,84040
413 3RD AVE N,WAHPETON,ND,58075
201 7TH ST,HOQUIAM,WA,98550
1825 WOODWINDS DRIVE,WOODBURY,MN,55125
700 NE 87TH AVE STE AND170,VANCOUVER,WA,98664
ONE DANIEL BURNHAM CT,SAN FRANCISCO,CA,94109
1344 22ND STREET SOUTH,SAINT PETERSBURG,FL,33712
511 6TH AVE,BROOKLYN,NY,11215
7 GROVE ST,UPTON,MA,01568
1643 NW 136TH AVE STE 100,SUNRISE,FL,33323
"3420 CONSTITUTION NE,",ALBUQUERQUE,NM,87106
1045 N LAKE AVE,PASADENA,CA,91104
1842 E MARKET ST,WARREN,OH,44483
2107 DWIGHT WAY,BERKELEY,CA,94704
855 E ELGIN ST,GILBERT,AZ,85295
4480 N SHALLOWFORD RD STE 200,DUNWOODY,GA,30338
5040 OBERLIN AVE,LORAIN,OH,44053
30 SEAWOLF PSGE,CORTE MADERA,CA,94925
51 E 4TH ST,WINONA,MN,55987
