fips,county_name_base,state,population,acs_births,women_15_44,rucc_2023,pct_rural,county_name,ahrf_midwives_24,ahrf_midwives_23,ahrf_midwives_f24,ahrf_births_24,ahrf_births_3yr,ahrf_birth_rooms,ahrf_hospitals,ahrf_cah,ahrf_obgyn,ahrf_births_hosp,ahrf_preterm,ahrf_lbw,ahrf_vlbw,ahrf_teen_lt18,ahrf_unmarried,ahrf_births_wh,ahrf_births_bl,ahrf_births_hsp,ahrf_births_oth,ahrf_lbw_wh,ahrf_lbw_bl,pos_hospitals,pos_short_term_gen,pos_critical_acc,study_midwives,study_represented,rucc,births_used,births_source,midwives_per_1k_births,ahrf_midwives_per_1k_births,midwives_per_100k_pop,birth_rooms_per_1k_births,no_hospital,rurality,outcome_denom,outcome_base_ok,pct_preterm,pct_lbw,pct_vlbw,pct_teen_lt18,pct_unmarried,pct_lbw_white,pct_lbw_black,nonhosp_birth_share_RAW,obgyn_per_1k_births,midwife_share_of_birth_workforce,provider_config
01001,Autauga,AL,59285,628,13831,2,0.406768132,"Autauga, AL",1,1,1,738,713,0,1,0,0,0,89,72,15,,279,522,166,25,26,41,29,1,1,0,1,0,2,738,AHRF_natality_24,1.36,1.36,1.69,0,FALSE,Metro (RUCC 1-3),713,TRUE,12.48,10.1,2.1,,39.13,7.85,17.47,1,0,1,Midwife only
01003,Baldwin,AL,239945,1980,48630,3,0.3758645536,"Baldwin, AL",2,1,2,2505,2507,2,4,0,21,2328,320,203,32,35,978,2129,272,303,106,154,37,5,3,0,1,0,3,2505,AHRF_natality_24,0.4,0.8,0.42,0.8,FALSE,Metro (RUCC 1-3),2507,TRUE,12.76,8.1,1.28,1.4,39.01,7.23,13.6,0.0707,8.38,0.045,Both
01005,Barbour,AL,24757,232,4471,6,0.6591999366,"Barbour, AL",0,0,0,259,272,0,1,0,0,0,50,36,,,179,131,133,44,,,29,2,1,1,0,0,,259,AHRF_natality_24,0,0,0,0,FALSE,"Nonmetro, adjacent (RUCC 4-6)",272,TRUE,18.38,13.24,,,65.81,,21.8,1,0,,Neither
01007,Bibb,AL,22152,310,4395,1,1,"Bibb, AL",0,0,0,250,239,1,1,0,0,77,31,24,,,113,186,48,19,,16,,1,1,0,0,0,,250,AHRF_natality_24,0,0,0,4,FALSE,Metro (RUCC 1-3),239,TRUE,12.97,10.04,,,47.28,8.6,,0.692,0,,Neither
01009,Blount,AL,59292,504,12208,1,0.9048939696,"Blount, AL",0,0,0,692,686,0,1,1,0,0,96,52,,10,213,657,13,111,17,48,,2,1,1,0,0,,692,AHRF_natality_24,0,0,0,0,FALSE,Metro (RUCC 1-3),686,TRUE,13.99,7.58,,1.46,31.05,7.31,,1,0,,Neither
01011,Bullock,AL,10157,115,1818,8,1,"Bullock, AL",0,0,0,98,101,0,1,0,0,0,19,14,,,72,35,65,24,,,12,2,1,0,0,0,,98,AHRF_natality_24,0,0,0,0,FALSE,"Nonmetro, remote (RUCC 7-9)",101,TRUE,18.81,13.86,,,71.29,,,,0,,Neither
01013,Butler,AL,18807,50,4050,6,0.6943467535,"Butler, AL",0,0,0,198,203,0,1,0,0,0,32,26,,,129,98,100,,,,16,2,2,0,0,0,,198,AHRF_natality_24,0,0,0,0,FALSE,"Nonmetro, adjacent (RUCC 4-6)",203,TRUE,15.76,12.81,,,63.55,,16,1,0,,Neither
01015,Calhoun,AL,116141,1397,26730,3,0.3649401843,"Calhoun, AL",0,0,0,1334,1310,0,2,0,12,1955,195,117,21,22,690,945,313,98,52,70,43,6,5,0,4,0,3,1334,AHRF_natality_24,3,0,3.44,0,FALSE,Metro (RUCC 1-3),1310,TRUE,14.89,8.93,1.6,1.68,52.67,7.41,13.74,,9,0.25,Both
01017,Chambers,AL,34450,580,7403,6,0.5074485218,"Chambers, AL",0,0,0,399,408,0,0,0,0,0,66,50,,,236,250,151,62,,24,26,3,2,0,0,0,,399,AHRF_natality_24,0,0,0,0,FALSE,"Nonmetro, adjacent (RUCC 4-6)",408,TRUE,16.18,12.25,,,57.84,9.6,17.22,1,0,,Neither
01019,Cherokee,AL,25224,285,4792,8,1,"Cherokee, AL",0,0,0,194,228,0,1,0,0,0,32,18,,,98,213,,,,17,,1,1,0,0,0,,194,AHRF_natality_24,0,0,0,0,FALSE,"Nonmetro, remote (RUCC 7-9)",228,TRUE,14.04,7.89,,,42.98,7.98,,1,0,,Neither
01021,Chilton,AL,45500,254,9811,1,0.8554449727,"Chilton, AL",1,1,1,556,558,0,1,0,0,0,79,50,,10,241,492,57,86,,39,10,2,2,0,1,0,1,556,AHRF_natality_24,1.8,1.8,2.2,0,FALSE,Metro (RUCC 1-3),558,TRUE,14.16,8.96,,1.79,43.19,7.93,,1,0,1,Midwife only
01023,Choctaw,AL,12525,146,2434,9,1,"Choctaw, AL",0,0,0,71,133,0,1,1,1,0,20,13,,,70,83,48,,,,,3,2,1,0,0,,71,AHRF_natality_24,0,0,0,0,FALSE,"Nonmetro, remote (RUCC 7-9)",133,TRUE,15.04,9.77,,,52.63,,,,14.08,0,OB/GYN only
01025,Clarke,AL,22802,165,4907,9,1,"Clarke, AL",0,0,0,298,276,0,2,0,1,121,51,39,,,156,132,139,,,10,29,5,4,0,0,0,,298,AHRF_natality_24,0,0,0,0,FALSE,"Nonmetro, remote (RUCC 7-9)",276,TRUE,18.48,14.13,,,56.52,7.58,20.86,0.594,3.36,0,OB/GYN only
01027,Clay,AL,14188,169,2829,9,1,"Clay, AL",0,0,0,163,155,0,1,0,0,0,21,14,,,68,127,24,,,10,,2,1,0,1,0,9,163,AHRF_natality_24,6.13,0,7.05,0,FALSE,"Nonmetro, remote (RUCC 7-9)",155,TRUE,13.55,9.03,,,43.87,7.87,,1,0,1,Midwife only
01029,Cleburne,AL,15254,132,3053,8,1,"Cleburne, AL",0,0,0,174,180,0,0,0,0,0,26,15,,,68,172,,,,14,,1,1,0,0,0,,174,AHRF_natality_24,0,0,0,0,FALSE,"Nonmetro, remote (RUCC 7-9)",180,TRUE,14.44,8.33,,,37.78,8.14,,1,0,,Neither
01031,Coffee,AL,54231,887,11869,4,0.4753015992,"Coffee, AL",0,0,0,698,665,1,1,0,4,846,82,54,,15,301,504,116,118,45,33,14,3,3,0,0,0,,698,AHRF_natality_24,0,0,0,1.43,FALSE,"Nonmetro, adjacent (RUCC 4-6)",665,TRUE,12.33,8.12,,2.26,45.26,6.55,12.07,,5.73,0,OB/GYN only
01033,Colbert,AL,57648,529,12253,3,0.4029566463,"Colbert, AL",0,0,0,610,637,1,2,0,2,841,88,65,12,,280,520,92,34,24,47,14,3,3,0,0,0,,610,AHRF_natality_24,0,0,0,1.64,FALSE,Metro (RUCC 1-3),637,TRUE,13.81,10.2,1.88,,43.96,9.04,,,3.28,0,OB/GYN only
01035,Conecuh,AL,11411,125,2201,9,1,"Conecuh, AL",0,0,0,128,127,0,1,0,0,0,20,18,,,87,62,60,,,,11,1,1,0,0,0,,128,AHRF_natality_24,0,0,0,0,FALSE,"Nonmetro, remote (RUCC 7-9)",127,TRUE,15.75,14.17,,,68.5,,,1,0,,Neither
01037,Coosa,AL,10323,79,1761,8,1,"Coosa, AL",0,0,0,82,80,0,0,0,1,0,,,,,44,63,16,,,,,0,0,0,0,0,,82,AHRF_natality_24,0,0,0,0,TRUE,"Nonmetro, remote (RUCC 7-9)",80,FALSE,,,,,,,,,12.2,0,OB/GYN only
01039,Covington,AL,37647,389,7592,6,0.6881554432,"Covington, AL",0,0,0,393,425,0,2,0,3,258,59,35,,10,210,354,55,,16,23,11,4,4,0,0,0,,393,AHRF_natality_24,0,0,0,0,FALSE,"Nonmetro, adjacent (RUCC 4-6)",425,TRUE,13.88,8.24,,2.35,49.41,6.5,,0.3435,7.63,0,OB/GYN only
01041,Crenshaw,AL,13144,134,2741,8,1,"Crenshaw, AL",0,0,0,164,165,0,2,0,0,0,26,15,,,90,119,41,,,,,3,1,1,0,0,,164,AHRF_natality_24,0,0,0,0,FALSE,"Nonmetro, remote (RUCC 7-9)",165,TRUE,15.76,9.09,,,54.55,,,1,0,,Neither
01043,Cullman,AL,89463,1098,18536,4,0.7559920788,"Cullman, AL",0,0,0,999,1015,0,1,0,3,763,140,84,11,12,344,977,12,79,26,80,,3,2,0,0,0,,999,AHRF_natality_24,0,0,0,0,FALSE,"Nonmetro, adjacent (RUCC 4-6)",1015,TRUE,13.79,8.28,1.08,1.18,33.89,8.19,,0.2362,3,0,OB/GYN only
01045,Dale,AL,49516,605,10819,4,0.5045209423,"Dale, AL",0,0,0,687,672,0,1,0,4,0,99,64,10,10,309,472,162,61,39,40,21,1,1,0,0,0,,687,AHRF_natality_24,0,0,0,0,FALSE,"Nonmetro, adjacent (RUCC 4-6)",672,TRUE,14.73,9.52,1.49,1.49,45.98,8.47,12.96,1,5.82,0,OB/GYN only
01047,Dallas,AL,37536,566,8258,4,0.4486246165,"Dallas, AL",0,0,0,410,424,0,1,0,4,784,68,57,10,10,335,92,323,,,,48,2,2,0,0,0,,410,AHRF_natality_24,0,0,0,0,FALSE,"Nonmetro, adjacent (RUCC 4-6)",424,TRUE,16.04,13.44,2.36,2.36,79.01,,14.86,,9.76,0,OB/GYN only
01049,DeKalb,AL,71946,826,15314,6,0.8829739694,"DeKalb, AL",0,0,0,807,840,0,1,0,5,606,114,71,13,16,342,800,17,247,24,67,,1,1,0,0,0,,807,AHRF_natality_24,0,0,0,0,FALSE,"Nonmetro, adjacent (RUCC 4-6)",840,TRUE,13.57,8.45,1.55,1.9,40.71,8.38,,0.2491,6.2,0,OB/GYN only
01051,Elmore,AL,88669,1141,20936,2,0.7123680053,"Elmore, AL",0,0,0,923,921,0,2,0,0,0,126,83,16,13,381,696,194,59,31,53,28,2,2,0,0,0,,923,AHRF_natality_24,0,0,0,0,FALSE,Metro (RUCC 1-3),921,TRUE,13.68,9.01,1.74,1.41,41.37,7.61,14.43,1,0,,Neither
01053,Escambia,AL,36695,273,7480,6,0.6528280328,"Escambia, AL",0,0,0,416,423,0,2,0,2,258,76,39,,12,244,257,130,15,36,16,19,5,4,1,0,0,,416,AHRF_natality_24,0,0,0,0,FALSE,"Nonmetro, adjacent (RUCC 4-6)",423,TRUE,17.97,9.22,,2.84,57.68,6.23,14.62,0.3798,4.81,0,OB/GYN only
01055,Etowah,AL,103208,1108,22345,3,0.4316968947,"Etowah, AL",2,2,2,1185,1158,0,4,0,5,820,156,89,16,27,557,921,187,146,50,62,22,4,2,0,2,0,3,1185,AHRF_natality_24,1.69,1.69,1.94,0,FALSE,Metro (RUCC 1-3),1158,TRUE,13.47,7.69,1.38,2.33,48.1,6.73,11.76,0.308,4.22,0.286,Both
01057,Fayette,AL,16173,112,3590,8,1,"Fayette, AL",0,0,0,163,176,0,1,0,0,0,29,15,,,74,152,20,,,10,,1,1,0,0,0,,163,AHRF_natality_24,0,0,0,0,FALSE,"Nonmetro, remote (RUCC 7-9)",176,TRUE,16.48,8.52,,,42.05,6.58,,1,0,,Neither
01059,Franklin,AL,31978,323,6461,6,0.6904991748,"Franklin, AL",0,0,0,431,431,0,2,1,1,0,63,39,,11,197,406,10,150,15,35,,4,3,1,0,0,,431,AHRF_natality_24,0,0,0,0,FALSE,"Nonmetro, adjacent (RUCC 4-6)",431,TRUE,14.62,9.05,,2.55,45.71,8.62,,1,2.32,0,OB/GYN only
01061,Geneva,AL,26726,150,5246,3,0.9944108931,"Geneva, AL",0,0,0,302,294,0,1,0,0,0,33,26,,,146,260,22,23,12,20,,2,1,1,0,0,,302,AHRF_natality_24,0,0,0,0,FALSE,Metro (RUCC 1-3),294,TRUE,11.22,8.84,,,49.66,7.69,,1,0,,Neither
01063,Greene,AL,7589,5,1444,2,1,"Greene, AL",0,0,0,75,84,0,1,0,0,0,20,16,,,70,11,72,,,,15,1,1,0,0,0,,75,AHRF_natality_24,0,0,0,0,FALSE,Metro (RUCC 1-3),84,FALSE,,,,,,,,,0,,Neither
01065,Hale,AL,14749,72,3089,2,1,"Hale, AL",0,0,0,221,209,0,1,0,0,0,37,28,,,125,86,118,,,,22,1,1,0,0,0,,221,AHRF_natality_24,0,0,0,0,FALSE,Metro (RUCC 1-3),209,TRUE,17.7,13.4,,,59.81,,18.64,1,0,,Neither
01067,Henry,AL,17450,240,3414,3,1,"Henry, AL",0,0,0,170,174,0,0,0,0,0,30,22,,,82,120,48,,,11,11,1,1,0,0,0,,170,AHRF_natality_24,0,0,0,0,FALSE,Metro (RUCC 1-3),174,TRUE,17.24,12.64,,,47.13,9.17,,1,0,,Neither
01069,Houston,AL,107628,1082,23938,3,0.3431652395,"Houston, AL",7,7,7,1263,1288,1,5,0,18,3502,203,141,21,23,695,780,452,95,55,63,74,8,4,0,4,0,3,1263,AHRF_natality_24,3.17,5.54,3.72,0.79,FALSE,Metro (RUCC 1-3),1288,TRUE,15.76,10.95,1.63,1.79,53.96,8.08,16.37,,14.25,0.182,Both
01071,Jackson,AL,52839,543,10826,6,0.7530953422,"Jackson, AL",0,0,0,527,574,0,1,0,4,484,86,49,,11,231,538,18,37,18,46,,3,2,0,0,0,,527,AHRF_natality_24,0,0,0,0,FALSE,"Nonmetro, adjacent (RUCC 4-6)",574,TRUE,14.98,8.54,,1.92,40.24,8.55,,0.0816,7.59,0,OB/GYN only
01073,Jefferson,AL,669744,7659,160103,1,0.1207091524,"Jefferson, AL",7,7,7,7828,7888,2,14,0,167,16457,1370,906,165,115,3607,4310,3257,847,321,342,534,25,17,0,8,7,1,7828,AHRF_natality_24,1.02,0.89,1.19,0.26,FALSE,Metro (RUCC 1-3),7888,TRUE,17.37,11.49,2.09,1.46,45.73,7.94,16.4,,21.33,0.046,Both
01075,Lamar,AL,13809,209,2687,8,1,"Lamar, AL",0,0,0,140,163,0,0,0,0,0,30,21,,,76,143,18,,,17,,1,1,0,0,0,,140,AHRF_natality_24,0,0,0,0,FALSE,"Nonmetro, remote (RUCC 7-9)",163,TRUE,18.4,12.88,,,46.63,11.89,,1,0,,Neither
01077,Lauderdale,AL,95037,1007,21511,3,0.5216322517,"Lauderdale, AL",0,0,0,942,937,0,1,0,9,1397,139,80,12,,328,808,95,55,34,61,15,2,2,0,0,0,,942,AHRF_natality_24,0,0,0,0,FALSE,Metro (RUCC 1-3),937,TRUE,14.83,8.54,1.28,,35.01,7.55,,,9.55,0,OB/GYN only
01079,Lawrence,AL,33182,512,6822,3,0.9999395277,"Lawrence, AL",0,0,0,363,369,0,1,0,0,0,42,31,,10,158,313,27,25,29,26,,2,2,0,0,0,,363,AHRF_natality_24,0,0,0,0,FALSE,Metro (RUCC 1-3),369,TRUE,11.38,8.4,,2.71,42.82,8.31,,1,0,,Neither
01081,Lee,AL,177663,1784,46778,3,0.2638988527,"Lee, AL",0,1,0,1833,1955,0,1,0,15,2864,275,193,30,25,703,1397,464,222,93,105,75,1,1,0,0,0,,1833,AHRF_natality_24,0,0,0,0,FALSE,Metro (RUCC 1-3),1955,TRUE,14.07,9.87,1.53,1.28,35.96,7.52,16.16,,8.18,0,OB/GYN only
01083,Limestone,AL,107577,1092,23818,2,0.5101284156,"Limestone, AL",1,1,1,1204,1229,0,2,0,6,374,177,105,14,16,376,1045,131,199,53,76,22,3,3,0,0,0,,1204,AHRF_natality_24,0,0.83,0,0,FALSE,Metro (RUCC 1-3),1229,TRUE,14.4,8.54,1.14,1.3,30.59,7.27,16.79,0.6894,4.98,0,OB/GYN only
01085,Lowndes,AL,10008,106,1999,2,1,"Lowndes, AL",0,0,0,102,118,0,0,0,0,0,20,20,,,87,25,90,,,,18,0,0,0,0,0,,102,AHRF_natality_24,0,0,0,0,TRUE,Metro (RUCC 1-3),118,TRUE,16.95,16.95,,,73.73,,,1,0,,Neither
01087,Macon,AL,18951,245,4803,3,0.5390640999,"Macon, AL",0,0,0,141,165,0,0,0,1,0,26,22,,,120,37,127,,,,19,2,1,0,0,0,,141,AHRF_natality_24,0,0,0,0,FALSE,Metro (RUCC 1-3),165,TRUE,15.76,13.33,,,72.73,,14.96,1,7.09,0,OB/GYN only
01089,Madison,AL,397135,4722,91660,2,0.1710227668,"Madison, AL",3,4,3,4547,4466,1,5,0,50,7330,652,440,65,54,1554,3037,1173,508,257,239,173,6,3,0,6,5,2,4547,AHRF_natality_24,1.32,0.66,1.51,0.22,FALSE,Metro (RUCC 1-3),4466,TRUE,14.6,9.85,1.46,1.21,34.8,7.87,14.75,,11,0.107,Both
01091,Marengo,AL,19027,245,4028,6,0.6777415515,"Marengo, AL",0,0,0,211,211,0,1,0,0,248,36,26,,,134,92,117,,,,18,1,1,0,0,0,,211,AHRF_natality_24,0,0,0,0,FALSE,"Nonmetro, adjacent (RUCC 4-6)",211,TRUE,17.06,12.32,,,63.51,,15.38,,0,,Neither
01093,Marion,AL,29190,325,5897,9,1,"Marion, AL",0,0,0,294,320,0,2,0,2,0,50,37,,,129,303,10,17,,35,,3,3,0,0,0,,294,AHRF_natality_24,0,0,0,0,FALSE,"Nonmetro, remote (RUCC 7-9)",320,TRUE,15.62,11.56,,,40.31,11.55,,1,6.8,0,OB/GYN only
01095,Marshall,AL,98712,1222,20526,4,0.5365119043,"Marshall, AL",0,0,0,1553,1504,0,2,0,7,964,198,121,16,40,664,1371,94,562,39,110,,3,3,0,0,0,,1553,AHRF_natality_24,0,0,0,0,FALSE,"Nonmetro, adjacent (RUCC 4-6)",1504,TRUE,13.16,8.05,1.06,2.66,44.15,8.02,,0.3793,4.51,0,OB/GYN only
01097,Mobile,AL,413162,5468,95447,2,0.2239633181,"Mobile, AL",0,0,0,4981,5051,1,7,0,79,3355,865,615,115,96,2800,2753,2065,252,233,231,361,16,8,0,0,0,,4981,AHRF_natality_24,0,0,0,0.2,FALSE,Metro (RUCC 1-3),5051,TRUE,17.13,12.18,2.28,1.9,55.43,8.39,17.48,0.3264,15.86,0,OB/GYN only
01099,Monroe,AL,19580,166,4182,8,0.7833299616,"Monroe, AL",0,0,0,219,225,0,1,0,0,232,30,23,,,136,119,96,,11,,13,2,1,1,0,0,,219,AHRF_natality_24,0,0,0,0,FALSE,"Nonmetro, remote (RUCC 7-9)",225,TRUE,13.33,10.22,,,60.44,,,,0,,Neither
01101,Montgomery,AL,227197,2819,54467,2,0.1236405566,"Montgomery, AL",5,3,5,2940,2935,2,6,0,25,5752,480,396,79,68,1880,964,1827,408,144,73,305,10,6,0,3,0,2,2940,AHRF_natality_24,1.02,1.7,1.32,0.68,FALSE,Metro (RUCC 1-3),2935,TRUE,16.35,13.49,2.69,2.32,64.05,7.57,16.69,,8.5,0.107,Both
01103,Morgan,AL,123742,1335,26127,3,0.3843754304,"Morgan, AL",0,0,0,1482,1466,0,1,0,8,580,183,136,21,25,656,1192,207,340,67,100,29,6,3,0,0,0,,1482,AHRF_natality_24,0,0,0,0,FALSE,Metro (RUCC 1-3),1466,TRUE,12.48,9.28,1.43,1.71,44.75,8.39,14.01,0.6086,5.4,0,OB/GYN only
01105,Perry,AL,8231,39,1930,8,1,"Perry, AL",0,0,0,99,86,0,0,0,0,0,15,13,,,66,15,69,,,,12,1,1,0,0,0,,99,AHRF_natality_24,0,0,0,0,FALSE,"Nonmetro, remote (RUCC 7-9)",86,FALSE,,,,,,,,,0,,Neither
01107,Pickens,AL,18843,281,4254,2,1,"Pickens, AL",0,0,0,185,186,0,0,0,0,0,32,22,,,105,106,77,10,,,13,1,1,0,0,0,,185,AHRF_natality_24,0,0,0,0,FALSE,Metro (RUCC 1-3),186,TRUE,17.2,11.83,,,56.45,,,1,0,,Neither
01109,Pike,AL,32953,296,8946,6,0.5617558848,"Pike, AL",0,0,0,374,362,0,1,0,0,0,53,46,,,206,190,160,14,12,14,31,1,1,0,0,0,,374,AHRF_natality_24,0,0,0,0,FALSE,"Nonmetro, adjacent (RUCC 4-6)",362,TRUE,14.64,12.71,,,56.91,7.37,19.38,1,0,,Neither
01111,Randolph,AL,22310,349,4548,8,1,"Randolph, AL",0,0,0,223,257,0,1,1,0,0,43,29,,,137,211,42,18,,20,,4,2,2,0,0,,223,AHRF_natality_24,0,0,0,0,FALSE,"Nonmetro, remote (RUCC 7-9)",257,TRUE,16.73,11.28,,,53.31,9.48,,1,0,,Neither
01113,Russell,AL,58858,1033,13699,2,0.4035111434,"Russell, AL",0,0,0,535,782,0,2,0,1,0,135,90,13,11,414,414,326,80,42,39,47,3,2,0,0,0,,535,AHRF_natality_24,0,0,0,0,FALSE,Metro (RUCC 1-3),782,TRUE,17.26,11.51,1.66,1.41,52.94,9.42,14.42,1,1.87,0,OB/GYN only
01115,St. Clair,AL,92903,1537,20119,1,0.6711085255,"St. Clair, AL",0,0,0,1018,1024,0,1,0,0,0,157,95,11,15,344,891,105,48,28,76,17,1,1,0,0,0,,1018,AHRF_natality_24,0,0,0,0,FALSE,Metro (RUCC 1-3),1024,TRUE,15.33,9.28,1.07,1.46,33.59,8.53,16.19,1,0,,Neither
01117,Shelby,AL,226955,2228,52201,1,0.2396737571,"Shelby, AL",1,1,1,2469,2359,0,3,0,21,1216,334,216,34,17,572,1904,347,302,108,149,57,4,2,0,1,1,1,2469,AHRF_natality_24,0.41,0.41,0.44,0,FALSE,Metro (RUCC 1-3),2359,TRUE,14.16,9.16,1.44,0.72,24.25,7.83,16.43,0.5075,8.51,0.045,Both
01119,Sumter,AL,12020,53,3168,8,1,"Sumter, AL",0,0,0,88,128,0,1,0,0,0,25,19,,,91,30,95,,,,16,2,2,0,0,0,,88,AHRF_natality_24,0,0,0,0,FALSE,"Nonmetro, remote (RUCC 7-9)",128,TRUE,19.53,14.84,,,71.09,,,,0,,Neither
01121,Talladega,AL,81170,1260,17745,4,0.5867995959,"Talladega, AL",0,0,0,867,853,0,2,0,0,910,134,90,14,14,500,539,283,24,32,47,41,3,3,0,0,0,,867,AHRF_natality_24,0,0,0,0,FALSE,"Nonmetro, adjacent (RUCC 4-6)",853,TRUE,15.71,10.55,1.64,1.64,58.62,8.72,14.49,,0,,Neither
01123,Tallapoosa,AL,41070,573,8068,6,0.7840768802,"Tallapoosa, AL",0,0,0,362,393,0,2,0,4,238,70,46,,,222,255,129,17,,20,23,2,2,0,0,0,,362,AHRF_natality_24,0,0,0,0,FALSE,"Nonmetro, adjacent (RUCC 4-6)",393,TRUE,17.81,11.7,,,56.49,7.84,17.83,0.3425,11.05,0,OB/GYN only
01125,Tuscaloosa,AL,234036,3356,63510,2,0.3109022358,"Tuscaloosa, AL",0,0,0,2552,2496,1,6,0,25,2895,398,300,69,41,1260,1416,1001,274,79,118,174,10,3,0,0,0,,2552,AHRF_natality_24,0,0,0,0.39,FALSE,Metro (RUCC 1-3),2496,TRUE,15.95,12.02,2.76,1.64,50.48,8.33,17.38,,9.8,0,OB/GYN only
01127,Walker,AL,64886,483,13329,1,0.7968534786,"Walker, AL",0,0,0,831,790,0,1,0,8,938,132,83,14,18,304,720,53,82,17,72,,1,1,0,1,0,1,831,AHRF_natality_24,1.2,0,1.54,0,FALSE,Metro (RUCC 1-3),790,TRUE,16.71,10.51,1.77,2.28,38.48,10,,,9.63,0.111,Both
01129,Washington,AL,15270,179,3014,8,1,"Washington, AL",0,0,0,189,185,0,1,1,0,0,29,18,,,93,127,40,,18,,,2,1,1,0,0,,189,AHRF_natality_24,0,0,0,0,FALSE,"Nonmetro, remote (RUCC 7-9)",185,TRUE,15.68,9.73,,,50.27,,,1,0,,Neither
01131,Wilcox,AL,10347,53,2083,9,1,"Wilcox, AL",0,0,0,114,114,0,0,0,0,0,18,20,,,88,25,88,,,,17,2,1,0,0,0,,114,AHRF_natality_24,0,0,0,0,FALSE,"Nonmetro, remote (RUCC 7-9)",114,TRUE,15.79,17.54,,,77.19,,,1,0,,Neither
01133,Winston,AL,23637,259,4610,8,1,"Winston, AL",0,0,0,272,251,0,1,0,0,0,41,22,,,100,243,,15,,20,,2,1,1,0,0,,272,AHRF_natality_24,0,0,0,0,FALSE,"Nonmetro, remote (RUCC 7-9)",251,TRUE,16.33,8.76,,,39.84,8.23,,1,0,,Neither
02013,Aleutians East,AK,3423,57,654,9,1,"Aleutians East (B), AK",0,0,0,19,13,0,0,0,0,0,,,,,,,,,12,,,0,0,0,0,0,,19,AHRF_natality_24,,,0,,TRUE,"Nonmetro, remote (RUCC 7-9)",13,FALSE,,,,,,,,,,,Neither
02016,Aleutians West,AK,5178,59,764,9,1,"Aleutians West (CA), AK",0,0,0,20,22,0,0,0,0,0,,,,,11,,,,16,,,0,0,0,0,0,,20,AHRF_natality_24,,,0,,TRUE,"Nonmetro, remote (RUCC 7-9)",22,FALSE,,,,,,,,,,,Neither
02020,Anchorage,AK,289069,3652,69613,2,0.0426922852,"Anchorage (B), AK",35,34,35,3624,3576,1,7,0,56,5012,433,252,43,23,1246,1915,192,421,1468,113,23,15,8,0,26,0,2,3624,AHRF_natality_24,7.17,9.66,8.99,0.28,FALSE,Metro (RUCC 1-3),3576,TRUE,12.11,7.05,1.2,0.64,34.84,5.9,11.98,,15.45,0.317,Both
02050,Bethel,AK,18487,361,4017,7,0.7269366763,"Bethel (CA), AK",0,0,0,381,401,0,1,0,1,1084,72,38,,11,272,13,,,388,,,1,1,0,0,0,,381,AHRF_natality_24,0,0,0,0,FALSE,"Nonmetro, remote (RUCC 7-9)",401,TRUE,17.96,9.48,,2.74,67.83,,,,2.62,0,OB/GYN only
02060,Bristol Bay,AK,878,4,170,9,1,"Bristol Bay (B), AK",0,0,0,13,11,0,0,0,0,0,,,,,,,,,,,,0,0,0,0,0,,13,AHRF_natality_24,,,0,,TRUE,"Nonmetro, remote (RUCC 7-9)",11,FALSE,,,,,,,,,,,Neither
02063,Chugach,AK,6964,130,1478,9,1,"Chugach (CA), AK",0,0,0,27,,1,2,2,0,17,,,,,,,,,,,,0,0,0,0,0,,27,AHRF_natality_24,,,0,,TRUE,"Nonmetro, remote (RUCC 7-9)",,FALSE,,,,,,,,,,,Neither
02066,Copper River,AK,2626,77,441,9,1,"Copper River (CA), AK",0,0,0,21,,0,0,0,0,0,,,,,,,,,,,,0,0,0,0,0,,21,AHRF_natality_24,,,0,,TRUE,"Nonmetro, remote (RUCC 7-9)",,FALSE,,,,,,,,,,,Neither
02068,Denali,AK,2029,30,407,9,1,"Denali (B), AK",0,0,0,19,19,0,0,0,0,0,,,,,,17,,,,,,0,0,0,0,0,,19,AHRF_natality_24,,,0,,TRUE,"Nonmetro, remote (RUCC 7-9)",19,FALSE,,,,,,,,,,,Neither
02070,Dillingham,AK,4780,72,998,9,1,"Dillingham (CA), AK",0,0,0,75,75,0,1,1,0,88,12,,,,54,,,,66,,,2,1,1,0,0,,75,AHRF_natality_24,0,0,0,0,FALSE,"Nonmetro, remote (RUCC 7-9)",75,FALSE,,,,,,,,,0,,Neither
02090,Fairbanks North Star,AK,95555,1395,21837,3,0.2536093252,"Fairbanks North Star (B), AK",13,15,13,1375,1386,1,2,0,7,1468,150,95,13,,297,1005,79,175,302,66,,2,1,0,6,0,3,1375,AHRF_natality_24,4.36,9.45,6.28,0.73,FALSE,Metro (RUCC 1-3),1386,TRUE,10.82,6.85,0.94,,21.43,6.57,,,5.09,0.462,Both
02100,Haines,AK,2077,9,321,9,1,"Haines (B), AK",0,0,0,25,20,0,0,0,0,0,,,,,,15,,,,,,0,0,0,0,0,,25,AHRF_natality_24,,,0,,TRUE,"Nonmetro, remote (RUCC 7-9)",20,FALSE,,,,,,,,,,,Neither
02105,Hoonah-Angoon,AK,2313,15,346,9,1,"Hoonah-Angoon (CA), AK",0,0,0,17,18,0,0,0,0,0,,,,,10,,,,12,,,0,0,0,0,0,,17,AHRF_natality_24,,,0,,TRUE,"Nonmetro, remote (RUCC 7-9)",18,FALSE,,,,,,,,,,,Neither
02110,Juneau,AK,31969,245,7333,5,0.2324910867,"Juneau (B), AK",4,3,4,267,291,1,1,0,2,266,31,16,,,95,185,,27,104,,,1,1,0,0,0,,267,AHRF_natality_24,0,14.98,0,3.75,FALSE,"Nonmetro, adjacent (RUCC 4-6)",291,TRUE,10.65,5.5,,,32.65,,,0.0037,7.49,0,OB/GYN only
02122,Kenai Peninsula,AK,59843,529,11735,7,0.7740097621,"Kenai Peninsula (B), AK",3,3,3,510,637,2,3,2,6,464,48,35,,,196,509,,28,122,26,,0,0,0,1,0,7,510,AHRF_natality_24,1.96,5.88,1.67,3.92,TRUE,"Nonmetro, remote (RUCC 7-9)",637,TRUE,7.54,5.49,,,30.77,5.11,,0.0902,11.76,0.143,Both
02130,Ketchikan Gateway,AK,13870,71,2892,7,0.1414539719,"Ketchikan Gateway (B), AK",0,0,0,104,124,1,1,1,4,125,18,,,,53,69,,,54,,,2,1,1,0,0,,104,AHRF_natality_24,0,0,0,9.62,FALSE,"Nonmetro, remote (RUCC 7-9)",124,TRUE,14.52,,,,42.74,,,,38.46,0,OB/GYN only
02150,Kodiak Island,AK,12878,137,2815,7,0.2725746126,"Kodiak Island (B), AK",0,0,0,152,149,0,1,1,1,83,,,,,42,91,,12,55,,,3,1,1,0,0,,152,AHRF_natality_24,0,0,0,0,FALSE,"Nonmetro, remote (RUCC 7-9)",149,TRUE,,,,,28.19,,,0.4539,6.58,0,OB/GYN only
02158,Kusilvak,AK,8277,173,1700,9,1,"Kusilvak (CA), AK",0,0,0,208,224,0,0,0,0,0,52,19,,,188,,,,222,,,0,0,0,0,0,,208,AHRF_natality_24,0,0,0,0,TRUE,"Nonmetro, remote (RUCC 7-9)",224,TRUE,23.21,8.48,,,83.93,,,1,0,,Neither
02164,Lake and Peninsula,AK,1007,8,218,9,1,"Lake and Peninsula (B), AK",0,0,0,22,18,0,0,0,0,0,,,,,,,,,14,,,0,0,0,0,0,,22,AHRF_natality_24,,,0,,TRUE,"Nonmetro, remote (RUCC 7-9)",18,FALSE,,,,,,,,,,,Neither
02170,Matanuska-Susitna,AK,110677,1792,24174,2,0.500901187,"Matanuska-Susitna (B), AK",8,9,8,1367,1364,0,1,0,3,571,138,76,13,,376,1088,12,78,264,58,,1,1,0,1,0,2,1367,AHRF_natality_24,0.73,5.85,0.9,0,FALSE,Metro (RUCC 1-3),1364,TRUE,10.12,5.57,0.95,,27.57,5.33,,0.5823,2.19,0.25,Both
02180,Nome,AK,9925,206,2316,9,1,"Nome (CA), AK",0,0,0,167,174,0,1,1,0,230,31,13,,,138,11,,,163,,,2,1,1,0,0,,167,AHRF_natality_24,0,0,0,0,FALSE,"Nonmetro, remote (RUCC 7-9)",174,TRUE,17.82,7.47,,,79.31,,,,0,,Neither
02185,North Slope,AK,10891,51,2027,9,1,"North Slope (B), AK",0,0,0,125,125,0,1,1,0,89,24,13,,,87,,,,119,,,0,0,0,0,0,,125,AHRF_natality_24,0,0,0,0,TRUE,"Nonmetro, remote (RUCC 7-9)",125,TRUE,19.2,10.4,,,69.6,,,0.288,0,,Neither
02188,Northwest Arctic,AK,7611,94,1595,9,1,"Northwest Arctic (B), AK",3,3,3,137,140,0,1,1,0,114,29,12,,,109,,,,133,,,0,0,0,2,0,9,137,AHRF_natality_24,14.6,21.9,26.28,0,TRUE,"Nonmetro, remote (RUCC 7-9)",140,TRUE,20.71,8.57,,,77.86,,,0.1679,0,1,Midwife only
02195,Petersburg,AK,3394,25,685,9,1,"Petersburg (B), AK",0,0,0,25,28,0,1,1,0,0,,,,,,21,,,,,,0,0,0,0,0,,25,AHRF_natality_24,,,0,,TRUE,"Nonmetro, remote (RUCC 7-9)",28,FALSE,,,,,,,,,,,Neither
02198,Prince of Wales-Hyder,AK,5730,63,987,9,1,"Prince of Wales-Hyder (CA), AK",0,0,0,64,67,0,0,0,0,0,,,,,38,27,,,40,,,0,0,0,0,0,,64,AHRF_natality_24,0,0,0,0,TRUE,"Nonmetro, remote (RUCC 7-9)",67,FALSE,,,,,,,,,0,,Neither
02220,Sitka,AK,8393,71,1823,7,0.0934026957,"Sitka (B), AK",0,0,0,60,77,0,1,1,1,160,,,,,23,54,,,23,,,4,2,2,0,0,,60,AHRF_natality_24,0,0,0,0,FALSE,"Nonmetro, remote (RUCC 7-9)",77,FALSE,,,,,,,,,16.67,0,OB/GYN only
02230,Skagway,AK,1308,32,379,9,1,"Skagway Municipality (B), AK",0,0,0,8,,0,0,0,0,0,,,,,,,,,,,,0,0,0,0,0,,8,AHRF_natality_24,,,0,,TRUE,"Nonmetro, remote (RUCC 7-9)",,FALSE,,,,,,,,,,,Neither
02240,Southeast Fairbanks,AK,6936,43,1184,9,1,"Southeast Fairbanks (CA), AK",0,0,0,98,101,0,0,0,0,0,12,,,,25,81,,,19,,,0,0,0,0,0,,98,AHRF_natality_24,0,0,0,0,TRUE,"Nonmetro, remote (RUCC 7-9)",101,TRUE,11.88,,,,24.75,,,,0,,Neither
02275,Wrangell,AK,2106,28,399,9,1,"Wrangell (B), AK",0,0,0,25,19,0,1,1,0,0,,,,,,13,,,,,,0,0,0,0,0,,25,AHRF_natality_24,,,0,,TRUE,"Nonmetro, remote (RUCC 7-9)",19,FALSE,,,,,,,,,,,Neither
02282,Yakutat,AK,506,4,65,9,1,"Yakutat (B), AK",0,0,0,1,,0,0,0,0,0,,,,,,,,,,,,0,0,0,0,0,,1,AHRF_natality_24,,,0,,TRUE,"Nonmetro, remote (RUCC 7-9)",,FALSE,,,,,,,,,,,Neither
02290,Yukon-Koyukuk,AK,5271,95,998,8,1,"Yukon-Koyukuk (CA), AK",0,0,0,58,56,0,0,0,0,0,,,,,38,11,,,44,,,0,0,0,0,0,,58,AHRF_natality_24,0,0,0,0,TRUE,"Nonmetro, remote (RUCC 7-9)",56,FALSE,,,,,,,,,0,,Neither
04001,Apache,AZ,65680,849,14087,8,1,"Apache, AZ",21,21,21,685,751,0,4,2,6,942,117,64,,17,535,175,,59,574,18,,7,5,2,14,0,8,685,AHRF_natality_24,20.44,30.66,21.32,0,FALSE,"Nonmetro, remote (RUCC 7-9)",751,TRUE,15.58,8.52,,2.26,71.24,10.29,,,8.76,0.7,Both
04003,Cochise,AZ,125458,1344,23280,3,0.3676771864,"Cochise, AZ",7,7,7,1230,1234,1,4,3,1,686,143,107,16,22,554,1114,40,612,80,94,,11,5,4,6,0,3,1230,AHRF_natality_24,4.88,5.69,4.78,0.81,FALSE,Metro (RUCC 1-3),1234,TRUE,11.59,8.67,1.3,1.78,44.89,8.44,,0.4423,0.81,0.857,Both
04005,Coconino,AZ,144643,1495,39272,3,0.3240432526,"Coconino, AZ",10,9,10,1331,1302,2,5,1,17,1493,149,106,14,17,600,738,18,225,546,62,,8,4,1,13,13,3,1331,AHRF_natality_24,9.77,7.51,8.99,1.5,FALSE,Metro (RUCC 1-3),1302,TRUE,11.44,8.14,1.08,1.31,46.08,8.4,,,12.77,0.433,Both
04007,Gila,AZ,53610,542,8565,4,0.4435726085,"Gila, AZ",0,0,0,451,449,2,3,3,3,361,62,43,,12,269,305,,112,140,28,,7,4,3,0,0,,451,AHRF_natality_24,0,0,0,4.43,FALSE,"Nonmetro, adjacent (RUCC 4-6)",449,TRUE,13.81,9.58,,2.67,59.91,9.18,,0.1996,6.65,0,OB/GYN only
04009,Graham,AZ,38860,559,8179,7,0.5242778917,"Graham, AZ",0,0,0,474,482,1,1,1,1,482,46,34,,10,231,403,,162,75,30,,2,1,1,1,0,7,474,AHRF_natality_24,2.11,0,2.57,2.11,FALSE,"Nonmetro, remote (RUCC 7-9)",482,TRUE,9.54,7.05,,2.07,47.93,7.44,,,2.11,0.5,Both
04011,Greenlee,AZ,9452,69,2057,9,1,"Greenlee, AZ",0,0,0,119,110,0,0,0,0,0,16,12,,,47,98,,50,10,11,,1,1,0,0,0,,119,AHRF_natality_24,0,0,0,0,FALSE,"Nonmetro, remote (RUCC 7-9)",110,TRUE,14.55,10.91,,,42.73,,,1,0,,Neither
04012,La Paz,AZ,16605,222,2255,6,0.4341970164,"La Paz, AZ",0,0,0,156,160,0,2,2,0,0,25,13,,,100,117,,69,42,,,3,1,2,0,0,,156,AHRF_natality_24,0,0,0,0,FALSE,"Nonmetro, adjacent (RUCC 4-6)",160,TRUE,15.62,8.12,,,62.5,,,1,0,,Neither
04013,Maricopa,AZ,4491987,55662,1046360,1,0.0230465859,"Maricopa, AZ",111,100,111,50770,50452,15,61,1,489,48742,6025,3990,623,497,21967,40987,4004,21949,5461,2957,521,132,70,1,139,94,1,50770,AHRF_natality_24,2.74,2.19,3.09,0.3,FALSE,Metro (RUCC 1-3),50452,TRUE,11.94,7.91,1.23,0.99,43.54,7.21,13.01,0.0399,9.63,0.221,Both
04015,Mohave,AZ,217420,2239,33820,3,0.2393244149,"Mohave, AZ",2,2,2,1664,1747,2,4,0,9,3515,202,129,18,22,973,1591,20,433,136,115,,10,8,0,2,0,3,1664,AHRF_natality_24,1.2,1.2,0.92,1.2,FALSE,Metro (RUCC 1-3),1747,TRUE,11.56,7.38,1.03,1.26,55.7,7.23,,,5.41,0.182,Both
04017,Navajo,AZ,107744,1400,21226,4,0.6425311806,"Navajo, AZ",7,6,7,1234,1222,1,5,2,3,1336,162,105,15,28,703,577,,167,638,50,,12,6,3,4,0,4,1234,AHRF_natality_24,3.24,5.67,3.71,0.81,FALSE,"Nonmetro, adjacent (RUCC 4-6)",1222,TRUE,13.26,8.59,1.23,2.29,57.53,8.67,,,2.43,0.571,Both
04019,Pima,AZ,1049947,11909,231412,1,0.0884196685,"Pima, AZ",51,42,50,10039,9944,4,18,0,126,9433,1154,839,131,114,4663,8371,522,5279,1051,660,70,35,16,0,51,49,1,10039,AHRF_natality_24,5.08,5.08,4.86,0.4,FALSE,Metro (RUCC 1-3),9944,TRUE,11.6,8.44,1.32,1.15,46.89,7.88,13.41,0.0604,12.55,0.288,Both
04021,Pinal,AZ,449219,6323,87879,1,0.2303204598,"Pinal, AZ",9,5,9,5128,5118,2,4,1,9,2004,557,358,55,65,2350,4171,300,2089,647,275,37,12,8,2,11,0,1,5128,AHRF_natality_24,2.15,1.76,2.45,0.39,FALSE,Metro (RUCC 1-3),5118,TRUE,10.88,6.99,1.07,1.27,45.92,6.59,12.33,0.6092,1.76,0.55,Both
04023,Santa Cruz,AZ,48209,521,10456,6,0.5978938094,"Santa Cruz, AZ",0,0,0,578,569,1,1,1,4,172,59,40,,15,303,555,,522,12,38,,2,1,1,0,0,,578,AHRF_natality_24,0,0,0,1.73,FALSE,"Nonmetro, adjacent (RUCC 4-6)",569,TRUE,10.37,7.03,,2.64,53.25,6.85,,0.7024,6.92,0,OB/GYN only
04025,Yavapai,AZ,241656,1690,37387,3,0.3198057652,"Yavapai, AZ",4,4,4,1812,1760,2,6,0,12,1905,192,135,20,21,762,1633,18,445,109,128,,11,5,0,5,0,3,1812,AHRF_natality_24,2.76,2.21,2.07,1.1,FALSE,Metro (RUCC 1-3),1760,TRUE,10.91,7.67,1.14,1.19,43.3,7.84,,,6.62,0.294,Both
04027,Yuma,AZ,207685,2665,42197,3,0.1510047528,"Yuma, AZ",9,8,9,2651,2885,1,2,0,18,2787,319,206,33,54,1318,2699,50,2325,136,190,,5,2,1,8,5,3,2651,AHRF_natality_24,3.02,3.39,3.85,0.38,FALSE,Metro (RUCC 1-3),2885,TRUE,11.06,7.14,1.14,1.87,45.68,7.04,,,6.79,0.308,Both
05001,Arkansas,AR,16773,213,3439,6,0.5258032538,"Arkansas, AR",0,0,0,196,189,1,2,0,1,31,23,25,,,100,132,53,10,,13,11,6,3,2,0,0,,196,AHRF_natality_24,0,0,0,5.1,FALSE,"Nonmetro, adjacent (RUCC 4-6)",189,TRUE,12.17,13.23,,,52.91,9.85,,0.8418,5.1,0,OB/GYN only
05003,Ashley,AR,18722,238,3832,7,0.623124541,"Ashley, AR",0,0,0,185,190,1,1,1,2,146,26,17,,,97,141,44,17,,10,,2,1,1,0,0,,185,AHRF_natality_24,0,0,0,5.41,FALSE,"Nonmetro, remote (RUCC 7-9)",190,TRUE,13.68,8.95,,,51.05,7.09,,0.2108,10.81,0,OB/GYN only
05005,Baxter,AR,42150,309,7156,7,0.5728013068,"Baxter, AR",1,1,1,344,348,1,1,0,3,692,35,22,,,145,333,,11,13,22,,1,1,0,1,1,7,344,AHRF_natality_24,2.91,2.91,2.37,2.91,FALSE,"Nonmetro, remote (RUCC 7-9)",348,TRUE,10.06,6.32,,,41.67,6.61,,,8.72,0.25,Both
05007,Benton,AR,294541,3887,69866,2,0.2400424854,"Benton, AR",9,7,9,4001,3844,1,4,1,26,2135,405,282,48,37,1129,3177,98,917,569,219,12,9,6,2,11,7,2,4001,AHRF_natality_24,2.75,2.25,3.73,0.25,FALSE,Metro (RUCC 1-3),3844,TRUE,10.54,7.34,1.25,0.96,29.37,6.89,,0.4664,6.5,0.297,Both
05009,Boone,AR,37896,349,7761,7,0.6267358788,"Boone, AR",1,1,1,398,412,1,1,0,2,401,42,27,,,142,398,,16,13,26,,1,1,0,0,0,,398,AHRF_natality_24,0,2.51,0,2.51,FALSE,"Nonmetro, remote (RUCC 7-9)",412,TRUE,10.19,6.55,,,34.47,6.53,,,5.03,0,OB/GYN only
05011,Bradley,AR,10354,123,2392,7,0.4994784258,"Bradley, AR",0,0,0,114,117,1,1,1,0,77,21,14,,,70,77,35,25,,,,2,1,1,0,0,,114,AHRF_natality_24,0,0,0,8.77,FALSE,"Nonmetro, remote (RUCC 7-9)",117,TRUE,17.95,11.97,,,59.83,,,0.3246,0,,Neither
05013,Calhoun,AR,4717,62,962,9,1,"Calhoun, AR",0,0,0,49,48,0,0,0,0,0,,,,,25,37,10,,,,,1,1,0,0,0,,49,AHRF_natality_24,,,0,,FALSE,"Nonmetro, remote (RUCC 7-9)",48,FALSE,,,,,,,,,,,Neither
05015,Carroll,AR,28526,203,5246,6,0.821054494,"Carroll, AR",1,1,1,329,330,0,2,1,0,0,38,27,,,137,277,,81,50,26,,5,2,2,1,0,6,329,AHRF_natality_24,3.04,3.04,3.51,0,FALSE,"Nonmetro, adjacent (RUCC 4-6)",330,TRUE,11.52,8.18,,,41.52,9.39,,1,0,1,Midwife only
05017,Chicot,AR,9997,133,1650,9,1,"Chicot, AR",0,0,0,72,87,0,2,1,0,0,13,13,,,59,32,53,,,,,4,2,1,0,0,,72,AHRF_natality_24,0,0,0,0,FALSE,"Nonmetro, remote (RUCC 7-9)",87,FALSE,,,,,,,,,0,,Neither
05019,Clark,AR,21378,237,5749,7,0.5297025086,"Clark, AR",0,0,0,240,236,1,1,1,2,122,27,21,,,115,167,55,18,14,12,,3,2,1,0,0,,240,AHRF_natality_24,0,0,0,4.17,FALSE,"Nonmetro, remote (RUCC 7-9)",236,TRUE,11.44,8.9,,,48.73,7.19,,0.4917,8.33,0,OB/GYN only
05021,Clay,AR,14399,364,2838,9,1,"Clay, AR",0,0,0,136,153,0,1,1,1,0,19,14,,,73,151,,,,14,,3,2,1,0,0,,136,AHRF_natality_24,0,0,0,0,FALSE,"Nonmetro, remote (RUCC 7-9)",153,TRUE,12.42,9.15,,,47.71,9.27,,1,7.35,0,OB/GYN only
05023,Cleburne,AR,25048,250,4402,6,0.7271255716,"Cleburne, AR",0,0,0,232,223,0,1,1,1,0,27,16,,,79,214,,,,15,,2,1,1,0,0,,232,AHRF_natality_24,0,0,0,0,FALSE,"Nonmetro, adjacent (RUCC 4-6)",223,TRUE,12.11,7.17,,,35.43,7.01,,1,4.31,0,OB/GYN only
05025,Cleveland,AR,7491,76,1576,8,1,"Cleveland, AR",0,0,0,76,77,0,0,0,0,0,12,,,,29,69,,,,,,0,0,0,0,0,,76,AHRF_natality_24,0,0,0,0,TRUE,"Nonmetro, remote (RUCC 7-9)",77,FALSE,,,,,,,,,0,,Neither
05027,Columbia,AR,22527,161,5444,7,0.5437480812,"Columbia, AR",0,0,0,213,254,0,1,0,2,0,34,24,,,143,129,116,10,,,16,2,1,1,0,0,,213,AHRF_natality_24,0,0,0,0,FALSE,"Nonmetro, remote (RUCC 7-9)",254,TRUE,13.39,9.45,,,56.3,,13.79,1,9.39,0,OB/GYN only
05029,Conway,AR,20872,178,4021,6,0.6939415882,"Conway, AR",0,0,0,220,222,0,1,1,0,0,34,19,,,100,188,22,10,12,13,,2,1,1,0,0,,220,AHRF_natality_24,0,0,0,0,FALSE,"Nonmetro, adjacent (RUCC 4-6)",222,TRUE,15.32,8.56,,,45.05,6.91,,1,0,,Neither
05031,Craighead,AR,112097,1351,27714,3,0.336686715,"Craighead, AR",2,1,2,1499,1528,2,4,0,16,2618,206,160,28,25,715,1045,411,123,71,90,62,7,3,0,2,0,3,1499,AHRF_natality_24,1.33,1.33,1.78,1.33,FALSE,Metro (RUCC 1-3),1528,TRUE,13.48,10.47,1.83,1.64,46.79,8.61,15.09,,10.67,0.111,Both
05033,Crawford,AR,60792,893,13064,3,0.4940881047,"Crawford, AR",0,0,0,704,703,0,1,0,0,0,82,60,,12,278,626,15,62,61,54,,1,1,0,0,0,,704,AHRF_natality_24,0,0,0,0,FALSE,Metro (RUCC 1-3),703,TRUE,11.66,8.53,,1.71,39.54,8.63,,1,0,,Neither
05035,Crittenden,AR,47609,759,11218,1,0.1837510122,"Crittenden, AR",0,0,0,528,651,0,2,0,2,0,132,95,17,24,482,201,440,17,10,21,74,3,2,0,0,0,,528,AHRF_natality_24,0,0,0,0,FALSE,Metro (RUCC 1-3),651,TRUE,20.28,14.59,2.61,3.69,74.04,10.45,16.82,1,3.79,0,OB/GYN only
05037,Cross,AR,16681,299,3586,6,0.5506445672,"Cross, AR",0,0,0,183,182,0,1,1,0,0,26,16,,,89,138,42,,,,,2,1,1,0,0,,183,AHRF_natality_24,0,0,0,0,FALSE,"Nonmetro, adjacent (RUCC 4-6)",182,TRUE,14.29,8.79,,,48.9,,,1,0,,Neither
05039,Dallas,AR,6351,82,1235,8,1,"Dallas, AR",0,0,0,54,61,0,1,1,0,0,,,,,37,33,27,,,,,3,1,2,0,0,,54,AHRF_natality_24,0,0,0,0,FALSE,"Nonmetro, remote (RUCC 7-9)",61,FALSE,,,,,,,,,0,,Neither
05041,Desha,AR,11041,195,2302,9,0.6219394471,"Desha, AR",0,0,0,106,110,1,2,2,0,70,24,15,,,67,56,51,,,,10,4,2,2,0,0,,106,AHRF_natality_24,0,0,0,9.43,FALSE,"Nonmetro, remote (RUCC 7-9)",110,TRUE,21.82,13.64,,,60.91,,,0.3396,0,,Neither
05043,Drew,AR,17143,109,3971,7,0.5404034582,"Drew, AR",0,0,0,187,191,1,1,0,0,233,26,18,,,101,128,56,10,,,10,1,1,0,0,0,,187,AHRF_natality_24,0,0,0,5.35,FALSE,"Nonmetro, remote (RUCC 7-9)",191,TRUE,13.61,9.42,,,52.88,,,,0,,Neither
05045,Faulkner,AR,126001,1518,32952,2,0.460566163,"Faulkner, AR",0,0,0,1466,1473,2,4,0,15,2208,190,129,21,14,525,1168,242,101,63,83,39,5,2,0,0,0,,1466,AHRF_natality_24,0,0,0,1.36,FALSE,Metro (RUCC 1-3),1473,TRUE,12.9,8.76,1.43,0.95,35.64,7.11,16.12,,10.23,0,OB/GYN only
05047,Franklin,AR,17220,375,3476,8,1,"Franklin, AR",0,0,0,188,191,0,1,1,0,0,25,16,,,76,183,,,,15,,2,1,1,0,0,,188,AHRF_natality_24,0,0,0,0,FALSE,"Nonmetro, remote (RUCC 7-9)",191,TRUE,13.09,8.38,,,39.79,8.2,,1,0,,Neither
05049,Fulton,AR,12239,160,2077,9,1,"Fulton, AR",0,0,0,109,119,0,1,1,0,0,17,12,,,43,116,,,,11,,2,1,1,0,0,,109,AHRF_natality_24,0,0,0,0,FALSE,"Nonmetro, remote (RUCC 7-9)",119,TRUE,14.29,10.08,,,36.13,9.48,,1,0,,Neither
05051,Garland,AR,100062,609,19865,3,0.3378418846,"Garland, AR",0,1,0,960,963,1,5,0,7,1673,136,93,17,23,517,778,119,129,66,65,23,10,5,0,1,1,3,960,AHRF_natality_24,1.04,0,1,1.04,FALSE,Metro (RUCC 1-3),963,TRUE,14.12,9.66,1.77,2.39,53.69,8.35,19.33,,7.29,0.125,Both
05053,Grant,AR,18111,127,3763,2,0.7377213498,"Grant, AR",0,0,0,192,190,0,0,0,0,0,25,20,,,68,182,,,,19,,0,0,0,0,0,,192,AHRF_natality_24,0,0,0,0,TRUE,Metro (RUCC 1-3),190,TRUE,13.16,10.53,,,35.79,10.44,,1,0,,Neither
05055,Greene,AR,46182,346,10406,4,0.4514386916,"Greene, AR",0,0,0,531,545,1,1,0,1,405,73,51,10,17,246,503,18,33,24,46,,1,1,0,0,0,,531,AHRF_natality_24,0,0,0,1.88,FALSE,"Nonmetro, adjacent (RUCC 4-6)",545,TRUE,13.39,9.36,1.83,3.12,45.14,9.15,,0.2373,1.88,0,OB/GYN only
05057,Hempstead,AR,19778,102,4274,6,0.5586842761,"Hempstead, AR",0,0,0,204,264,0,1,0,1,0,44,28,,,157,167,88,54,10,12,15,3,2,1,0,0,,204,AHRF_natality_24,0,0,0,0,FALSE,"Nonmetro, adjacent (RUCC 4-6)",264,TRUE,16.67,10.61,,,59.47,7.19,,1,4.9,0,OB/GYN only
05059,Hot Spring,AR,33142,352,6443,6,0.7320823245,"Hot Spring, AR",0,0,0,294,305,0,1,0,0,0,49,28,,,153,259,31,22,15,19,,1,1,0,0,0,,294,AHRF_natality_24,0,0,0,0,FALSE,"Nonmetro, adjacent (RUCC 4-6)",305,TRUE,16.07,9.18,,,50.16,7.34,,1,0,,Neither
05061,Howard,AR,12701,169,2884,8,1,"Howard, AR",0,0,0,144,165,0,1,1,0,0,28,20,,,80,126,33,31,,12,,2,1,1,0,0,,144,AHRF_natality_24,0,0,0,0,FALSE,"Nonmetro, remote (RUCC 7-9)",165,TRUE,16.97,12.12,,,48.48,9.52,,1,0,,Neither
05063,Independence,AR,38120,527,8113,7,0.71234646,"Independence, AR",0,0,0,432,470,0,1,0,6,900,91,44,,13,213,436,16,73,18,39,,2,2,0,0,0,,432,AHRF_natality_24,0,0,0,0,FALSE,"Nonmetro, remote (RUCC 7-9)",470,TRUE,19.36,9.36,,2.77,45.32,8.94,,,13.89,0,OB/GYN only
05065,Izard,AR,13866,97,2348,9,1,"Izard, AR",0,0,0,121,117,0,1,1,0,0,15,10,,,53,114,,,,,,2,1,1,0,0,,121,AHRF_natality_24,0,0,0,0,FALSE,"Nonmetro, remote (RUCC 7-9)",117,TRUE,12.82,8.55,,,45.3,,,1,0,,Neither
05067,Jackson,AR,16775,273,3761,6,0.6450611758,"Jackson, AR",0,0,0,167,156,0,1,1,1,180,27,16,,,90,120,31,,,11,,4,3,1,0,0,,167,AHRF_natality_24,0,0,0,0,FALSE,"Nonmetro, adjacent (RUCC 4-6)",156,TRUE,17.31,10.26,,,57.69,9.17,,,5.99,0,OB/GYN only
05069,Jefferson,AR,65780,694,14101,4,0.3059322034,"Jefferson, AR",1,1,1,729,700,1,1,0,5,534,108,100,18,20,478,219,462,15,19,21,76,4,2,0,1,0,4,729,AHRF_natality_24,1.37,1.37,1.52,1.37,FALSE,"Nonmetro, adjacent (RUCC 4-6)",700,TRUE,15.43,14.29,2.57,2.86,68.29,9.59,16.45,0.2675,6.86,0.167,Both
05071,Johnson,AR,25932,286,5496,7,0.6964542312,"Johnson, AR",0,0,0,298,291,1,1,0,2,319,45,27,,,125,259,,50,27,25,,1,1,0,0,0,,298,AHRF_natality_24,0,0,0,3.36,FALSE,"Nonmetro, remote (RUCC 7-9)",291,TRUE,15.46,9.28,,,42.96,9.65,,,6.71,0,OB/GYN only
05073,Lafayette,AR,6211,62,1073,8,1,"Lafayette, AR",0,0,0,37,60,0,0,0,0,0,,,,,33,38,20,,,,,1,1,0,0,0,,37,AHRF_natality_24,,,0,,FALSE,"Nonmetro, remote (RUCC 7-9)",60,FALSE,,,,,,,,,,,Neither
05075,Lawrence,AR,16265,231,3444,6,0.5966946226,"Lawrence, AR",0,0,0,175,192,0,1,1,0,0,30,20,,,75,184,,,,19,,2,1,1,0,0,,175,AHRF_natality_24,0,0,0,0,FALSE,"Nonmetro, adjacent (RUCC 4-6)",192,TRUE,15.62,10.42,,,39.06,10.33,,1,0,,Neither
05077,Lee,AR,8511,163,1368,8,1,"Lee, AR",0,0,0,85,79,0,0,0,0,0,16,12,,,61,25,54,,,,11,2,2,0,0,0,,85,AHRF_natality_24,0,0,0,0,FALSE,"Nonmetro, remote (RUCC 7-9)",79,FALSE,,,,,,,,,0,,Neither
05079,Lincoln,AR,12966,81,1850,9,1,"Lincoln, AR",0,0,0,91,101,0,0,0,0,0,12,11,,,49,81,19,,,,,0,0,0,0,0,,91,AHRF_natality_24,0,0,0,0,TRUE,"Nonmetro, remote (RUCC 7-9)",101,TRUE,11.88,10.89,,,48.51,,,,0,,Neither
05081,Little River,AR,11959,165,2430,3,1,"Little River, AR",0,0,0,78,126,0,1,1,0,0,18,16,,,66,103,17,,,11,,2,1,1,0,0,,78,AHRF_natality_24,0,0,0,0,FALSE,Metro (RUCC 1-3),126,TRUE,14.29,12.7,,,52.38,10.68,,,0,,Neither
05083,Logan,AR,21240,83,4249,8,1,"Logan, AR",0,0,0,247,243,0,2,2,0,0,33,25,,,109,232,,,,24,,5,2,3,0,0,,247,AHRF_natality_24,0,0,0,0,FALSE,"Nonmetro, remote (RUCC 7-9)",243,TRUE,13.58,10.29,,,44.86,10.34,,1,0,,Neither
05085,Lonoke,AR,74747,867,17355,2,0.5193676957,"Lonoke, AR",0,0,0,858,865,0,0,0,1,0,105,73,14,10,296,768,65,43,32,59,12,1,1,0,0,0,,858,AHRF_natality_24,0,0,0,0,FALSE,Metro (RUCC 1-3),865,TRUE,12.14,8.44,1.62,1.16,34.22,7.68,,1,1.17,0,OB/GYN only
05087,Madison,AR,17032,224,3273,2,1,"Madison, AR",0,0,0,197,221,0,0,0,0,0,25,18,,,73,207,,18,13,17,,1,1,0,0,0,,197,AHRF_natality_24,0,0,0,0,FALSE,Metro (RUCC 1-3),221,TRUE,11.31,8.14,,,33.03,8.21,,1,0,,Neither
05089,Marion,AR,17076,108,2708,9,1,"Marion, AR",0,0,0,136,129,0,0,0,0,0,12,11,,,52,127,,,,11,,3,3,0,0,0,,136,AHRF_natality_24,0,0,0,0,FALSE,"Nonmetro, remote (RUCC 7-9)",129,TRUE,9.3,8.53,,,40.31,8.66,,1,0,,Neither
05091,Miller,AR,42588,659,9179,3,0.3990610329,"Miller, AR",0,0,0,283,505,0,1,0,1,0,79,54,14,11,295,322,161,23,21,27,26,4,1,0,0,0,,283,AHRF_natality_24,0,0,0,0,FALSE,Metro (RUCC 1-3),505,TRUE,15.64,10.69,2.77,2.18,58.42,8.39,16.15,1,3.53,0,OB/GYN only
05093,Mississippi,AR,39749,470,8812,4,0.4563844169,"Mississippi, AR",0,0,0,516,513,0,2,0,1,310,73,57,,16,336,285,218,31,,20,36,7,4,1,0,0,,516,AHRF_natality_24,0,0,0,0,FALSE,"Nonmetro, adjacent (RUCC 4-6)",513,TRUE,14.23,11.11,,3.12,65.5,7.02,16.51,0.3992,1.94,0,OB/GYN only
05095,Monroe,AR,6681,132,1203,9,1,"Monroe, AR",0,0,0,94,77,0,0,0,0,0,13,,,,54,40,34,,,,,1,1,0,0,0,,94,AHRF_natality_24,0,0,0,0,FALSE,"Nonmetro, remote (RUCC 7-9)",77,FALSE,,,,,,,,,0,,Neither
05097,Montgomery,AR,8571,53,1350,8,1,"Montgomery, AR",0,0,0,72,81,0,0,0,0,0,11,,,,35,78,,,,,,0,0,0,0,0,,72,AHRF_natality_24,0,0,0,0,TRUE,"Nonmetro, remote (RUCC 7-9)",81,FALSE,,,,,,,,,0,,Neither
05099,Nevada,AR,8228,123,1557,9,1,"Nevada, AR",0,0,0,75,80,0,0,0,0,0,10,11,,,50,52,27,,,,,1,1,0,0,0,,75,AHRF_natality_24,0,0,0,0,FALSE,"Nonmetro, remote (RUCC 7-9)",80,FALSE,,,,,,,,,0,,Neither
05101,Newton,AR,7175,56,1265,9,1,"Newton, AR",0,0,0,72,70,0,0,0,1,0,,,,,21,69,,,,,,0,0,0,0,0,,72,AHRF_natality_24,0,0,0,0,TRUE,"Nonmetro, remote (RUCC 7-9)",70,FALSE,,,,,,,,,13.89,0,OB/GYN only
05103,Ouachita,AR,22317,344,4421,7,0.5641059603,"Ouachita, AR",0,0,0,231,256,1,1,0,2,162,38,27,,,164,126,119,,11,,17,1,1,0,0,0,,231,AHRF_natality_24,0,0,0,4.33,FALSE,"Nonmetro, remote (RUCC 7-9)",256,TRUE,14.84,10.55,,,64.06,,14.29,0.2987,8.66,0,OB/GYN only
05105,Perry,AR,10073,53,1920,2,1,"Perry, AR",0,0,0,106,102,0,0,0,0,0,12,10,,,38,97,,,,,,0,0,0,0,0,,106,AHRF_natality_24,0,0,0,0,TRUE,Metro (RUCC 1-3),102,TRUE,11.76,9.8,,,37.25,,,1,0,,Neither
05107,Phillips,AR,15910,272,3314,7,0.4809874457,"Phillips, AR",0,0,0,208,205,0,1,0,0,0,38,29,,,170,58,145,,,,23,2,1,0,0,0,,208,AHRF_natality_24,0,0,0,0,FALSE,"Nonmetro, remote (RUCC 7-9)",205,TRUE,18.54,14.15,,,82.93,,15.86,1,0,,Neither
05109,Pike,AR,10182,53,2124,9,1,"Pike, AR",0,0,0,105,112,0,0,0,0,0,16,11,,,52,109,,12,,10,,1,1,0,0,0,,105,AHRF_natality_24,0,0,0,0,FALSE,"Nonmetro, remote (RUCC 7-9)",112,TRUE,14.29,9.82,,,46.43,9.17,,1,0,,Neither
05111,Poinsett,AR,22740,177,4818,3,0.6850424559,"Poinsett, AR",0,0,0,298,283,0,0,0,0,0,46,32,,,141,248,27,,,27,,0,0,0,0,0,,298,AHRF_natality_24,0,0,0,0,TRUE,Metro (RUCC 1-3),283,TRUE,16.25,11.31,,,49.82,10.89,,1,0,,Neither
05113,Polk,AR,19348,383,3679,7,0.7120857396,"Polk, AR",0,0,0,202,202,1,1,0,2,201,23,15,,,75,191,,14,12,14,,2,1,1,0,0,,202,AHRF_natality_24,0,0,0,4.95,FALSE,"Nonmetro, remote (RUCC 7-9)",202,TRUE,11.39,7.43,,,37.13,7.33,,0.005,9.9,0,OB/GYN only
05115,Pope,AR,63830,589,14666,5,0.5588583329,"Pope, AR",0,0,0,728,713,0,1,0,4,416,82,52,,13,307,668,25,119,20,49,,1,1,0,0,0,,728,AHRF_natality_24,0,0,0,0,FALSE,"Nonmetro, adjacent (RUCC 4-6)",713,TRUE,11.5,7.29,,1.82,43.06,7.34,,0.4286,5.49,0,OB/GYN only
05117,Prairie,AR,8162,100,1548,8,1,"Prairie, AR",0,0,0,77,77,0,0,0,0,0,,,,,31,68,,,,,,0,0,0,0,0,,77,AHRF_natality_24,0,0,0,0,TRUE,"Nonmetro, remote (RUCC 7-9)",77,FALSE,,,,,,,,,0,,Neither
05119,Pulaski,AR,398949,5055,94701,2,0.1136160351,"Pulaski, AR",10,11,10,4923,4903,3,18,0,96,7721,718,593,106,87,2637,2408,2192,415,303,191,369,40,19,0,12,12,2,4923,AHRF_natality_24,2.44,2.03,3.01,0.61,FALSE,Metro (RUCC 1-3),4903,TRUE,14.64,12.09,2.16,1.77,53.78,7.93,16.83,,19.5,0.111,Both
05121,Randolph,AR,18733,370,3747,7,0.6142372516,"Randolph, AR",0,0,0,259,246,0,1,0,0,0,40,23,,,98,215,,,29,21,,2,1,0,0,0,,259,AHRF_natality_24,0,0,0,0,FALSE,"Nonmetro, remote (RUCC 7-9)",246,TRUE,16.26,9.35,,,39.84,9.77,,1,0,,Neither
05123,St. Francis,AR,22740,347,3927,6,0.6294066696,"St. Francis, AR",0,0,0,251,278,1,1,0,1,725,49,34,,10,211,94,180,,,,27,1,1,0,1,0,6,251,AHRF_natality_24,3.98,0,4.4,3.98,FALSE,"Nonmetro, adjacent (RUCC 4-6)",278,TRUE,17.63,12.23,,3.6,75.9,,15,,3.98,0.5,Both
05125,Saline,AR,125724,1792,28102,2,0.3676184611,"Saline, AR",0,0,0,1400,1396,0,2,0,6,594,178,123,22,20,520,1127,203,125,67,87,29,3,2,0,0,0,,1400,AHRF_natality_24,0,0,0,0,FALSE,Metro (RUCC 1-3),1396,TRUE,12.75,8.81,1.58,1.43,37.25,7.72,14.29,0.5757,4.29,0,OB/GYN only
05127,Scott,AR,9839,132,1761,8,1,"Scott, AR",0,0,0,128,117,0,1,1,0,0,16,11,,,55,109,,10,,10,,2,1,1,0,0,,128,AHRF_natality_24,0,0,0,0,FALSE,"Nonmetro, remote (RUCC 7-9)",117,TRUE,13.68,9.4,,,47.01,9.17,,1,0,,Neither
05129,Searcy,AR,7861,88,1430,9,1,"Searcy, AR",0,0,0,81,72,0,0,0,0,0,,,,,26,70,,,,,,0,0,0,0,0,,81,AHRF_natality_24,0,0,0,0,TRUE,"Nonmetro, remote (RUCC 7-9)",72,FALSE,,,,,,,,,0,,Neither
05131,Sebastian,AR,128448,2000,28796,3,0.1967464534,"Sebastian, AR",2,2,2,1582,1576,2,7,0,13,3203,179,124,20,23,764,1290,134,360,151,94,18,9,4,0,5,0,3,1582,AHRF_natality_24,3.16,1.26,3.89,1.26,FALSE,Metro (RUCC 1-3),1576,TRUE,11.36,7.87,1.27,1.46,48.48,7.29,13.43,,8.22,0.278,Both
05133,Sevier,AR,15797,143,3589,6,0.627880548,"Sevier, AR",0,0,0,175,227,0,1,0,0,0,30,18,,,113,200,,94,19,16,,4,2,2,0,0,,175,AHRF_natality_24,0,0,0,0,FALSE,"Nonmetro, adjacent (RUCC 4-6)",227,TRUE,13.22,7.93,,,49.78,8,,1,0,,Neither
05135,Sharp,AR,17597,238,3143,9,1,"Sharp, AR",0,0,0,175,177,0,0,0,0,0,33,17,,,69,170,,,,16,,1,1,0,0,0,,175,AHRF_natality_24,0,0,0,0,FALSE,"Nonmetro, remote (RUCC 7-9)",177,TRUE,18.64,9.6,,,38.98,9.41,,1,0,,Neither
05137,Stone,AR,12474,105,2152,9,1,"Stone, AR",0,0,0,120,120,0,1,1,0,0,19,10,,,40,115,,,,10,,2,1,1,0,0,,120,AHRF_natality_24,0,0,0,0,FALSE,"Nonmetro, remote (RUCC 7-9)",120,TRUE,15.83,8.33,,,33.33,8.7,,1,0,,Neither
05139,Union,AR,38368,434,8011,7,0.521227019,"Union, AR",0,0,0,444,458,1,1,0,2,629,61,36,,11,262,273,166,29,19,15,21,2,2,0,0,0,,444,AHRF_natality_24,0,0,0,2.25,FALSE,"Nonmetro, remote (RUCC 7-9)",458,TRUE,13.32,7.86,,2.4,57.21,5.49,12.65,,4.5,0,OB/GYN only
05141,Van Buren,AR,15936,245,2641,8,1,"Van Buren, AR",0,0,0,134,141,0,1,1,0,0,21,13,,,60,137,,,,12,,2,1,1,0,0,,134,AHRF_natality_24,0,0,0,0,FALSE,"Nonmetro, remote (RUCC 7-9)",141,TRUE,14.89,9.22,,,42.55,8.76,,1,0,,Neither
05143,Washington,AR,251863,3400,64845,2,0.2400120388,"Washington, AR",1,0,1,3391,3263,1,9,0,30,4133,395,256,44,47,1320,2544,162,794,556,178,17,13,6,0,4,2,2,3391,AHRF_natality_24,1.18,0.29,1.59,0.29,FALSE,Metro (RUCC 1-3),3263,TRUE,12.11,7.85,1.35,1.44,40.45,7,10.49,,8.85,0.118,Both
05145,White,AR,77395,1210,17822,4,0.5591367056,"White, AR",0,0,0,919,884,1,2,0,5,789,103,72,12,12,357,802,51,55,31,61,,5,3,0,0,0,,919,AHRF_natality_24,0,0,0,1.09,FALSE,"Nonmetro, adjacent (RUCC 4-6)",884,TRUE,11.65,8.14,1.36,1.36,40.38,7.61,,0.1415,5.44,0,OB/GYN only
05147,Woodruff,AR,6157,57,1155,9,1,"Woodruff, AR",0,0,0,58,64,0,0,0,0,0,,,,,42,47,14,,,,,1,1,0,0,0,,58,AHRF_natality_24,0,0,0,0,FALSE,"Nonmetro, remote (RUCC 7-9)",64,FALSE,,,,,,,,,0,,Neither
05149,Yell,AR,20195,275,3936,9,0.8070374574,"Yell, AR",0,0,0,249,245,0,2,1,0,0,34,21,,,116,236,,70,,19,,3,2,1,0,0,,249,AHRF_natality_24,0,0,0,0,FALSE,"Nonmetro, remote (RUCC 7-9)",245,TRUE,13.88,8.57,,,47.35,8.05,,1,0,,Neither
06001,Alameda,CA,1651949,19255,406819,1,0.0049056292,"Alameda, CA",58,58,58,15749,16581,7,16,0,314,16742,1574,1278,168,87,,8278,1446,4594,6857,514,181,39,26,0,89,82,1,15749,AHRF_natality_24,5.65,3.68,5.39,0.44,FALSE,Metro (RUCC 1-3),16581,TRUE,9.49,7.71,1.01,0.52,,6.21,12.52,,19.94,0.221,Both
06003,Alpine,CA,1695,83,341,8,1,"Alpine, CA",0,0,0,5,,0,0,0,0,0,,,,,,,,,,,,0,0,0,0,0,,5,AHRF_natality_24,,,0,,TRUE,"Nonmetro, remote (RUCC 7-9)",,FALSE,,,,,,,,,,,Neither
06005,Amador,CA,41029,440,6220,6,0.692296289,"Amador, CA",1,1,1,308,323,1,1,0,2,225,37,22,,,,292,,56,28,21,,1,1,0,1,0,6,308,AHRF_natality_24,3.25,3.25,2.44,3.25,FALSE,"Nonmetro, adjacent (RUCC 4-6)",323,TRUE,11.46,6.81,,,,7.19,,0.2695,6.49,0.333,Both
06007,Butte,CA,209470,2284,49215,3,0.2101667045,"Butte, CA",13,11,13,1812,2017,1,3,1,17,3114,208,143,23,18,,1649,41,480,327,111,,7,5,1,19,14,3,1812,AHRF_natality_24,10.49,7.17,9.07,0.55,FALSE,Metro (RUCC 1-3),2017,TRUE,10.31,7.09,1.14,0.89,,6.73,,,9.38,0.528,Both
06009,Calaveras,CA,45995,744,7472,6,0.8197474168,"Calaveras, CA",0,0,0,341,377,0,1,1,0,0,40,25,,,,338,,70,37,22,,2,1,1,0,0,,341,AHRF_natality_24,0,0,0,0,FALSE,"Nonmetro, adjacent (RUCC 4-6)",377,TRUE,10.61,6.63,,,,6.51,,1,0,,Neither
06011,Colusa,CA,21895,412,4736,6,0.4270342049,"Colusa, CA",0,0,0,279,275,0,0,0,0,0,28,21,,,,257,,192,15,18,,2,2,0,0,0,,279,AHRF_natality_24,0,0,0,0,FALSE,"Nonmetro, adjacent (RUCC 4-6)",275,TRUE,10.18,7.64,,,,7,,1,0,,Neither
06013,Contra Costa,CA,1161458,14965,262091,1,0.0100014838,"Contra Costa, CA",28,29,28,11185,11553,5,8,0,146,10950,1195,873,132,53,,7561,1034,4048,2959,470,129,21,16,0,38,29,1,11185,AHRF_natality_24,3.4,2.5,3.27,0.45,FALSE,Metro (RUCC 1-3),11553,TRUE,10.34,7.56,1.14,0.46,,6.22,12.48,0.021,13.05,0.207,Both
06015,Del Norte,CA,27293,162,4538,7,0.4369750928,"Del Norte, CA",1,1,1,225,263,1,1,0,2,205,30,20,,,,191,,61,70,12,,1,1,0,0,0,,225,AHRF_natality_24,0,4.44,0,4.44,FALSE,"Nonmetro, remote (RUCC 7-9)",263,TRUE,11.41,7.6,,,,6.28,,0.0889,8.89,0,OB/GYN only
06017,El Dorado,CA,192299,1819,36512,1,0.3667233308,"El Dorado, CA",2,0,2,1428,1531,2,2,0,23,616,135,99,14,,,1333,20,300,179,78,,2,2,0,2,0,1,1428,AHRF_natality_24,1.4,1.4,1.04,1.4,FALSE,Metro (RUCC 1-3),1531,TRUE,8.82,6.47,0.91,,,5.85,,0.5686,16.11,0.08,Both
06019,Fresno,CA,1012152,14407,239209,1,0.1126501258,"Fresno, CA",14,14,14,13676,13672,4,10,0,91,13743,1689,1072,164,157,,10494,745,8231,2433,758,97,25,16,1,20,19,1,13676,AHRF_natality_24,1.46,1.02,1.98,0.29,FALSE,Metro (RUCC 1-3),13672,TRUE,12.35,7.84,1.2,1.15,,7.22,13.02,,6.65,0.18,Both
06021,Glenn,CA,28623,382,6048,6,0.4121105232,"Glenn, CA",0,0,0,351,349,0,1,1,0,0,35,18,,,,322,,168,25,16,,2,1,1,0,0,,351,AHRF_natality_24,0,0,0,0,FALSE,"Nonmetro, adjacent (RUCC 4-6)",349,TRUE,10.03,5.16,,,,4.97,,1,0,,Neither
06023,Humboldt,CA,135418,1057,31839,5,0.3153455515,"Humboldt, CA",7,7,7,1093,1179,0,5,2,6,1309,115,76,13,,,916,17,220,247,58,,9,6,2,8,1,5,1093,AHRF_natality_24,7.32,6.4,5.91,0,FALSE,"Nonmetro, adjacent (RUCC 4-6)",1179,TRUE,9.75,6.45,1.1,,,6.33,,,5.49,0.571,Both
06025,Imperial,CA,179319,2287,38885,3,0.1840547128,"Imperial, CA",2,2,2,2372,2399,0,2,0,6,2218,226,164,25,28,,2326,15,2188,58,153,,7,6,1,4,2,3,2372,AHRF_natality_24,1.69,0.84,2.23,0,FALSE,Metro (RUCC 1-3),2399,TRUE,9.42,6.84,1.04,1.17,,6.58,,0.0649,2.53,0.4,Both
06027,Inyo,CA,18803,61,3373,6,0.4208561212,"Inyo, CA",2,1,2,154,155,1,2,2,4,202,16,12,,,,112,,47,42,,,4,2,2,2,0,6,154,AHRF_natality_24,12.99,12.99,10.64,6.49,FALSE,"Nonmetro, adjacent (RUCC 4-6)",155,TRUE,10.32,7.74,,,,,,,25.97,0.333,Both
06029,Kern,CA,910433,13518,212066,2,0.1335287357,"Kern, CA",0,0,0,10582,12353,2,11,3,77,10059,1444,955,161,175,,10623,674,6462,1056,763,85,26,16,3,4,1,2,10582,AHRF_natality_24,0.38,0,0.44,0.19,FALSE,Metro (RUCC 1-3),12353,TRUE,11.69,7.73,1.3,1.42,,7.18,12.61,0.0494,7.28,0.049,Both
06031,Kings,CA,152830,2707,32834,3,0.1091378881,"Kings, CA",3,3,3,2046,2069,0,1,0,4,1542,211,149,23,28,,1780,95,1352,194,128,,4,4,0,6,0,3,2046,AHRF_natality_24,2.93,1.47,3.93,0,FALSE,Metro (RUCC 1-3),2069,TRUE,10.2,7.2,1.11,1.35,,7.19,,0.2463,1.96,0.6,Both
06033,Lake,CA,68139,819,12510,4,0.4078752402,"Lake, CA",1,1,1,680,658,1,2,2,1,587,76,49,,10,,570,10,256,79,41,,4,2,2,1,0,4,680,AHRF_natality_24,1.47,1.47,1.47,1.47,FALSE,"Nonmetro, adjacent (RUCC 4-6)",658,TRUE,11.55,7.45,,1.52,,7.19,,0.1368,1.47,0.5,Both
06035,Lassen,CA,31177,278,4634,7,0.7251756798,"Lassen, CA",0,0,0,223,295,1,1,1,0,196,32,24,,,,245,,64,45,18,,3,1,1,2,0,7,223,AHRF_natality_24,8.97,0,6.41,4.48,FALSE,"Nonmetro, remote (RUCC 7-9)",295,TRUE,10.85,8.14,,,,7.35,,0.1211,0,1,Midwife only
06037,Los Angeles,CA,9848406,105168,2388632,1,0.0089095187,"Los Angeles, CA",158,155,156,93953,94277,33,101,1,1275,94158,10370,7295,1117,649,,71237,7487,52219,15553,5075,886,271,206,1,173,159,1,93953,AHRF_natality_24,1.84,1.68,1.76,0.35,FALSE,Metro (RUCC 1-3),94277,TRUE,11,7.74,1.18,0.69,,7.12,11.83,,13.57,0.119,Both
06039,Madera,CA,158790,2681,38867,1,0.3860740456,"Madera, CA",0,0,0,2070,2119,0,1,0,12,0,224,137,24,31,,1943,30,1543,146,118,,3,3,0,0,0,,2070,AHRF_natality_24,0,0,0,0,FALSE,Metro (RUCC 1-3),2119,TRUE,10.57,6.47,1.13,1.46,,6.07,,1,5.8,0,OB/GYN only
06041,Marin,CA,258765,2575,48406,1,0.060128621,"Marin, CA",12,10,12,2097,2245,1,4,0,55,1477,172,125,14,,,1868,58,709,319,100,,8,4,0,24,23,1,2097,AHRF_natality_24,11.44,5.72,9.27,0.48,FALSE,Metro (RUCC 1-3),2245,TRUE,7.66,5.57,0.62,,,5.35,,0.2957,26.23,0.304,Both
06043,Mariposa,CA,17060,64,2650,8,1,"Mariposa, CA",1,1,1,125,150,0,1,1,0,0,20,12,,,,135,,29,13,11,,2,1,1,1,0,8,125,AHRF_natality_24,8,8,5.86,0,FALSE,"Nonmetro, remote (RUCC 7-9)",150,TRUE,13.33,8,,,,8.15,,1,0,1,Midwife only
06045,Mendocino,CA,90709,1001,17219,4,0.4846453641,"Mendocino, CA",7,6,7,795,843,0,3,2,7,815,76,54,,10,,730,,354,106,45,,8,5,2,10,7,4,795,AHRF_natality_24,12.58,8.81,11.02,0,FALSE,"Nonmetro, adjacent (RUCC 4-6)",843,TRUE,9.02,6.41,,1.19,,6.16,,,8.81,0.588,Both
06047,Merced,CA,285597,4019,67988,2,0.1679895591,"Merced, CA",0,0,0,3651,3790,2,2,0,11,2833,436,264,44,43,,3334,101,2703,355,216,15,7,5,0,1,0,2,3651,AHRF_natality_24,0.27,0,0.35,0.55,FALSE,Metro (RUCC 1-3),3790,TRUE,11.5,6.97,1.16,1.13,,6.48,14.85,0.224,3.01,0.083,Both
06049,Modoc,CA,8646,75,1546,8,1,"Modoc, CA",0,0,0,15,83,0,2,2,0,0,11,,,,,70,,13,12,,,4,2,2,0,0,,15,AHRF_natality_24,,,0,,FALSE,"Nonmetro, remote (RUCC 7-9)",83,FALSE,,,,,,,,,,,Neither
06051,Mono,CA,13169,129,2934,7,0.4660856385,"Mono, CA",0,0,0,95,116,0,1,1,1,275,10,11,,,,107,,50,,,,3,2,1,0,0,,95,AHRF_natality_24,0,0,0,0,FALSE,"Nonmetro, remote (RUCC 7-9)",116,TRUE,8.62,9.48,,,,,,,10.53,0,OB/GYN only
06053,Monterey,CA,435834,4499,98421,2,0.1425330555,"Monterey, CA",3,3,3,5461,5488,3,4,1,39,4855,598,378,61,76,,5047,66,4212,376,336,,8,6,1,8,4,2,5461,AHRF_natality_24,1.46,0.55,1.84,0.55,FALSE,Metro (RUCC 1-3),5488,TRUE,10.9,6.89,1.11,1.38,,6.66,,0.111,7.14,0.17,Both
06055,Napa,CA,136070,1468,28911,3,0.1472550881,"Napa, CA",9,8,9,1064,1203,1,3,0,13,799,116,82,12,,,1043,26,611,134,69,,7,5,0,9,9,3,1064,AHRF_natality_24,8.46,8.46,6.61,0.94,FALSE,Metro (RUCC 1-3),1203,TRUE,9.64,6.82,1,,,6.62,,0.2491,12.22,0.409,Both
06057,Nevada,CA,102452,929,17922,4,0.4820473196,"Nevada, CA",3,2,3,693,795,1,2,1,11,767,65,41,,,,713,,129,74,35,,4,2,1,3,0,4,693,AHRF_natality_24,4.33,4.33,2.93,1.44,FALSE,"Nonmetro, adjacent (RUCC 4-6)",795,TRUE,8.18,5.16,,,,4.91,,,15.87,0.214,Both
06059,Orange,CA,3164063,34421,733445,1,0.0024982829,"Orange, CA",53,48,53,30291,30562,8,29,0,440,38602,3030,2183,299,156,,22167,556,12716,7839,1489,57,78,57,0,72,70,1,30291,AHRF_natality_24,2.38,1.75,2.28,0.26,FALSE,Metro (RUCC 1-3),30562,TRUE,9.91,7.14,0.98,0.51,,6.72,10.25,,14.53,0.141,Both
06061,Placer,CA,412435,4763,86267,1,0.1458124866,"Placer, CA",8,8,8,3464,3796,2,3,0,64,9142,303,217,29,13,,3032,79,724,685,153,,4,3,0,10,9,1,3464,AHRF_natality_24,2.89,2.31,2.42,0.58,FALSE,Metro (RUCC 1-3),3796,TRUE,7.98,5.72,0.76,0.34,,5.05,,,18.48,0.135,Both
06063,Plumas,CA,19607,296,3231,9,1,"Plumas, CA",1,1,1,101,146,1,3,3,0,48,15,12,,,,129,,19,16,10,,7,4,3,1,0,9,101,AHRF_natality_24,9.9,9.9,5.1,9.9,FALSE,"Nonmetro, remote (RUCC 7-9)",146,TRUE,10.27,8.22,,,,7.75,,0.5248,0,1,Midwife only
06065,Riverside,CA,2449909,29517,567023,1,0.0547348528,"Riverside, CA",27,27,27,27265,27242,10,20,0,160,20666,3075,1995,325,202,,22320,1628,16949,3294,1507,202,37,26,1,28,18,1,27265,AHRF_natality_24,1.03,0.99,1.14,0.37,FALSE,Metro (RUCC 1-3),27242,TRUE,11.29,7.32,1.19,0.74,,6.75,12.41,0.242,5.87,0.149,Both
06067,Sacramento,CA,1584047,19943,377123,1,0.0239922274,"Sacramento, CA",22,22,22,17367,17994,7,13,0,243,14436,1841,1314,207,87,,11203,1800,5075,4991,659,216,27,13,0,27,17,1,17367,AHRF_natality_24,1.55,1.27,1.7,0.4,FALSE,Metro (RUCC 1-3),17994,TRUE,10.23,7.3,1.15,0.48,,5.88,12,0.1688,13.99,0.1,Both
06069,San Benito,CA,66056,796,15174,1,0.2273513059,"San Benito, CA",0,1,0,818,834,0,1,1,3,1184,87,59,,,,732,14,510,89,51,,2,1,1,1,0,1,818,AHRF_natality_24,1.22,0,1.51,0,FALSE,Metro (RUCC 1-3),834,TRUE,10.43,7.07,,,,6.97,,,3.67,0.25,Both
06071,San Bernardino,CA,2187816,28314,526111,1,0.0538146746,"San Bernardino, CA",29,27,28,25478,25889,8,27,3,164,20718,3134,2144,352,208,,20207,2327,15814,3355,1533,308,48,28,3,29,13,1,25478,AHRF_natality_24,1.14,1.14,1.33,0.31,FALSE,Metro (RUCC 1-3),25889,TRUE,12.11,8.28,1.36,0.8,,7.59,13.24,0.1868,6.44,0.15,Both
06073,San Diego,CA,3282782,40600,776278,1,0.043946373,"San Diego, CA",125,118,120,35738,36863,9,27,0,405,40335,3780,2572,398,169,,28074,2125,14853,6664,1769,224,61,32,0,125,96,1,35738,AHRF_natality_24,3.5,3.5,3.81,0.25,FALSE,Metro (RUCC 1-3),36863,TRUE,10.25,6.98,1.08,0.46,,6.3,10.54,,11.33,0.236,Both
06075,San Francisco,CA,836321,8240,209613,1,0,"San Francisco, CA",41,40,39,7001,7134,5,12,0,275,9437,694,523,69,25,,4207,351,1517,2575,265,44,25,16,0,68,68,1,7001,AHRF_natality_24,9.71,5.86,8.13,0.71,FALSE,Metro (RUCC 1-3),7134,TRUE,9.73,7.33,0.97,0.35,,6.3,12.54,,39.28,0.198,Both
06077,San Joaquin,CA,787416,9859,184182,2,0.077513401,"San Joaquin, CA",16,14,16,8554,9790,5,8,0,64,9279,1114,774,129,86,,6589,691,4926,2510,437,96,13,10,0,16,3,2,8554,AHRF_natality_24,1.87,1.87,2.03,0.58,FALSE,Metro (RUCC 1-3),9790,TRUE,11.38,7.91,1.32,0.88,,6.63,13.89,,7.48,0.2,Both
06079,San Luis Obispo,CA,281486,2628,60996,2,0.1908796703,"San Luis Obispo, CA",9,9,9,2226,2432,1,5,0,31,2624,256,165,20,21,,2185,23,926,224,147,,8,7,0,11,11,2,2226,AHRF_natality_24,4.94,4.04,3.91,0.45,FALSE,Metro (RUCC 1-3),2432,TRUE,10.53,6.78,0.82,0.86,,6.73,,,13.93,0.262,Both
06081,San Mateo,CA,745100,8669,168525,1,0.0170516534,"San Mateo, CA",11,11,11,7176,7364,3,6,0,145,4454,684,513,61,32,,4153,155,1970,3056,252,20,13,11,0,23,21,1,7176,AHRF_natality_24,3.21,1.53,3.09,0.42,FALSE,Metro (RUCC 1-3),7364,TRUE,9.29,6.97,0.83,0.43,,6.07,12.9,0.3793,20.21,0.137,Both
06083,Santa Barbara,CA,443975,4763,105423,2,0.0556947453,"Santa Barbara, CA",10,9,10,5563,5533,2,6,1,45,2775,714,383,61,114,,5130,52,3818,350,350,,22,14,1,14,12,2,5563,AHRF_natality_24,2.52,1.8,3.15,0.36,FALSE,Metro (RUCC 1-3),5533,TRUE,12.9,6.92,1.1,2.06,,6.82,,0.5012,8.09,0.237,Both
06085,Santa Clara,CA,1903297,20299,449718,1,0.0131888348,"Santa Clara, CA",38,33,38,17331,18859,4,12,0,407,16590,1873,1437,186,72,,9808,494,5834,8557,653,50,24,16,0,41,38,1,17331,AHRF_natality_24,2.37,2.19,2.15,0.23,FALSE,Metro (RUCC 1-3),18859,TRUE,9.93,7.62,0.99,0.38,,6.66,10.12,0.0428,23.48,0.092,Both
06087,Santa Cruz,CA,266021,2947,61786,2,0.1329316513,"Santa Cruz, CA",20,19,20,2168,2233,1,4,0,41,1950,222,145,19,20,,2029,19,1168,186,127,,5,4,0,24,17,2,2168,AHRF_natality_24,11.07,9.23,9.02,0.46,FALSE,Metro (RUCC 1-3),2233,TRUE,9.94,6.49,0.85,0.9,,6.26,,0.1006,18.91,0.369,Both
06089,Shasta,CA,181554,1774,36805,3,0.3379155115,"Shasta, CA",0,0,0,1574,1812,1,5,1,11,1699,183,128,18,13,,1546,20,265,245,109,,11,8,1,2,0,3,1574,AHRF_natality_24,1.27,0,1.1,0.64,FALSE,Metro (RUCC 1-3),1812,TRUE,10.1,7.06,0.99,0.72,,7.05,,,6.99,0.154,Both
06091,Sierra,CA,2731,1,494,8,0.9876390606,"Sierra, CA",0,0,0,9,20,0,0,0,0,0,,,,,,17,,,,,,1,1,0,0,0,,9,AHRF_natality_24,,,0,,FALSE,"Nonmetro, remote (RUCC 7-9)",20,FALSE,,,,,,,,,,,Neither
06093,Siskiyou,CA,43834,281,7575,7,0.7091387603,"Siskiyou, CA",0,0,0,268,392,2,2,2,2,522,49,33,,,,317,,77,73,27,,4,2,2,0,0,,268,AHRF_natality_24,0,0,0,7.46,FALSE,"Nonmetro, remote (RUCC 7-9)",392,TRUE,12.5,8.42,,,,8.52,,,7.46,0,OB/GYN only
06095,Solano,CA,450824,6315,99565,2,0.0445631777,"Solano, CA",8,6,8,4258,4823,3,7,0,41,5148,545,383,69,29,,3014,563,1849,1246,197,78,10,5,0,11,9,2,4258,AHRF_natality_24,2.58,1.88,2.44,0.7,FALSE,Metro (RUCC 1-3),4823,TRUE,11.3,7.94,1.43,0.6,,6.54,13.85,,9.63,0.212,Both
06097,Sonoma,CA,485642,4907,102961,2,0.1363224462,"Sonoma, CA",22,22,22,4240,4465,2,9,1,55,4372,379,265,35,27,,3827,106,1849,532,215,11,17,12,1,21,18,2,4240,AHRF_natality_24,4.95,5.19,4.32,0.47,FALSE,Metro (RUCC 1-3),4465,TRUE,8.49,5.94,0.78,0.6,,5.62,10.38,,12.97,0.276,Both
06099,Stanislaus,CA,552250,7025,128551,2,0.0817051863,"Stanislaus, CA",9,9,9,6553,7038,2,7,0,41,6009,739,488,79,69,,6093,166,4162,779,402,15,16,11,0,9,8,2,6553,AHRF_natality_24,1.37,1.37,1.63,0.31,FALSE,Metro (RUCC 1-3),7038,TRUE,10.5,6.93,1.12,0.98,,6.6,9.04,0.083,6.26,0.18,Both
06101,Sutter,CA,98971,1257,21948,3,0.1506528961,"Sutter, CA",2,2,2,1135,1220,0,1,0,8,0,114,91,14,10,,914,24,518,282,63,,3,2,0,1,0,3,1135,AHRF_natality_24,0.88,1.76,1.01,0,FALSE,Metro (RUCC 1-3),1220,TRUE,9.34,7.46,1.15,0.82,,6.89,,1,7.05,0.111,Both
06103,Tehama,CA,65520,941,12900,4,0.5703261481,"Tehama, CA",0,0,0,732,757,1,1,0,2,545,69,52,,14,,700,,314,52,47,,3,3,0,1,0,4,732,AHRF_natality_24,1.37,0,1.53,1.37,FALSE,"Nonmetro, adjacent (RUCC 4-6)",757,TRUE,9.11,6.87,,1.85,,6.71,,0.2555,2.73,0.333,Both
06105,Trinity,CA,15886,94,2399,8,1,"Trinity, CA",0,0,0,92,102,0,1,1,0,0,10,,,,,83,,12,19,,,2,1,1,1,0,8,92,AHRF_natality_24,10.87,0,6.29,0,FALSE,"Nonmetro, remote (RUCC 7-9)",102,TRUE,9.8,,,,,,,,0,1,Midwife only
06107,Tulare,CA,475774,7172,113050,2,0.2005613833,"Tulare, CA",6,4,6,6719,6704,2,4,0,30,4693,799,499,83,103,,6241,91,4769,371,455,12,11,10,0,7,5,2,6719,AHRF_natality_24,1.04,0.89,1.47,0.3,FALSE,Metro (RUCC 1-3),6704,TRUE,11.92,7.44,1.24,1.54,,7.29,,0.3015,4.46,0.189,Both
06109,Tuolumne,CA,54873,531,9278,4,0.4783710895,"Tuolumne, CA",3,3,3,422,445,0,1,0,4,909,45,31,,,,400,,69,42,27,,2,2,0,3,0,4,422,AHRF_natality_24,7.11,7.11,5.47,0,FALSE,"Nonmetro, adjacent (RUCC 4-6)",445,TRUE,10.11,6.97,,,,6.75,,,9.48,0.429,Both
06111,Ventura,CA,838259,9809,186544,2,0.0336685853,"Ventura, CA",8,7,8,8527,8559,3,7,1,73,7446,834,566,75,85,,7585,142,4810,832,486,14,27,19,1,15,12,2,8527,AHRF_natality_24,1.76,0.94,1.79,0.35,FALSE,Metro (RUCC 1-3),8559,TRUE,9.74,6.61,0.88,0.99,,6.41,9.86,0.1268,8.56,0.17,Both
06113,Yolo,CA,217782,2577,60435,1,0.0804794758,"Yolo, CA",22,21,22,1807,1930,2,2,0,30,1751,181,118,17,13,,1479,72,796,379,84,,4,3,0,26,24,1,1807,AHRF_natality_24,14.39,12.17,11.94,1.11,FALSE,Metro (RUCC 1-3),1930,TRUE,9.38,6.11,0.88,0.67,,5.68,,0.031,16.6,0.464,Both
06115,Yuba,CA,83079,1407,18939,3,0.2951271836,"Yuba, CA",4,4,4,1196,1171,0,1,0,1,1675,107,83,15,,,900,49,432,222,56,,2,1,0,2,0,3,1196,AHRF_natality_24,1.67,3.34,2.41,0,FALSE,Metro (RUCC 1-3),1171,TRUE,9.14,7.09,1.28,,,6.22,,,0.84,0.667,Both
08001,Adams,CO,524408,6852,130138,1,0.0404101838,"Adams, CO",64,66,64,6278,6268,3,8,0,87,6445,689,593,77,72,1764,5366,265,3079,636,482,37,16,4,0,67,59,1,6278,AHRF_natality_24,10.67,10.19,12.78,0.48,FALSE,Metro (RUCC 1-3),6268,TRUE,10.99,9.46,1.23,1.15,28.14,8.98,13.96,,13.86,0.435,Both
08003,Alamosa,CO,16515,182,4083,7,0.3304225696,"Alamosa, CO",3,3,3,200,185,1,1,0,2,415,20,19,,,52,165,,104,16,16,,1,1,0,3,0,7,200,AHRF_natality_24,15,15,18.17,5,FALSE,"Nonmetro, remote (RUCC 7-9)",185,TRUE,10.81,10.27,,,28.11,9.7,,,10,0.6,Both
08005,Arapahoe,CO,655709,8210,157559,1,0.0206359626,"Arapahoe, CO",40,44,39,7605,7617,1,7,0,79,3784,936,770,106,59,1952,5621,1050,2419,946,499,155,13,5,0,47,47,1,7605,AHRF_natality_24,6.18,5.26,7.17,0.13,FALSE,Metro (RUCC 1-3),7617,TRUE,12.29,10.11,1.39,0.77,25.63,8.88,14.76,0.5024,10.39,0.373,Both
08007,Archuleta,CO,13730,48,2305,7,0.5784115578,"Archuleta, CO",0,0,0,90,101,0,1,1,0,0,,,,,30,95,,24,,,,2,1,1,0,0,,90,AHRF_natality_24,0,0,0,0,FALSE,"Nonmetro, remote (RUCC 7-9)",101,TRUE,,,,,29.7,,,,0,,Neither
08009,Baca,CO,3460,64,602,9,1,"Baca, CO",0,0,0,26,37,0,1,1,0,0,,,,,10,35,,,,,,3,2,1,0,0,,26,AHRF_natality_24,,,0,,FALSE,"Nonmetro, remote (RUCC 7-9)",37,FALSE,,,,,,,,,,,Neither
08011,Bent,CO,5524,61,809,9,1,"Bent, CO",1,1,1,42,37,0,0,0,0,0,,,,,13,33,,18,,,,2,1,0,0,0,,42,AHRF_natality_24,,,0,,FALSE,"Nonmetro, remote (RUCC 7-9)",37,FALSE,,,,,,,,,,,Neither
08013,Boulder,CO,328317,2656,80999,2,0.0940264483,"Boulder, CO",20,26,20,2424,2431,4,5,0,42,4756,218,199,22,16,441,2179,30,610,222,175,,6,5,0,32,14,2,2424,AHRF_natality_24,13.2,8.25,9.75,1.65,FALSE,Metro (RUCC 1-3),2431,TRUE,8.97,8.19,0.9,0.66,18.14,8.03,,,17.33,0.432,Both
08014,Broomfield,CO,75110,783,17885,1,0.0039534758,"Broomfield, CO",3,3,3,610,653,0,0,0,14,0,64,60,,,94,555,11,127,87,47,,2,2,0,2,0,1,610,AHRF_natality_24,3.28,4.92,2.66,0,FALSE,Metro (RUCC 1-3),653,TRUE,9.8,9.19,,,14.4,8.47,,1,22.95,0.125,Both
08015,Chaffee,CO,19876,48,3590,6,0.4356644075,"Chaffee, CO",1,1,1,157,154,1,1,1,2,122,20,16,,,29,145,,20,,15,,2,1,1,1,0,6,157,AHRF_natality_24,6.37,6.37,5.03,6.37,FALSE,"Nonmetro, adjacent (RUCC 4-6)",154,TRUE,12.99,10.39,,,18.83,10.34,,0.2229,12.74,0.333,Both
08017,Cheyenne,CO,1732,5,283,9,1,"Cheyenne, CO",0,0,0,9,16,0,1,1,0,0,,,,,,15,,,,,,2,1,1,0,0,,9,AHRF_natality_24,,,0,,FALSE,"Nonmetro, remote (RUCC 7-9)",16,FALSE,,,,,,,,,,,Neither
08019,Clear Creek,CO,9358,29,1798,1,1,"Clear Creek, CO",0,0,0,52,49,0,0,0,0,0,,,,,10,45,,,,,,0,0,0,0,0,,52,AHRF_natality_24,0,0,0,0,TRUE,Metro (RUCC 1-3),49,FALSE,,,,,,,,,0,,Neither
08021,Conejos,CO,7536,63,1455,9,1,"Conejos, CO",0,0,0,102,100,0,1,1,0,0,12,10,,,23,94,,42,,,,2,1,1,0,0,,102,AHRF_natality_24,0,0,0,0,FALSE,"Nonmetro, remote (RUCC 7-9)",100,TRUE,12,10,,,23,,,1,0,,Neither
08023,Costilla,CO,3571,61,572,9,1,"Costilla, CO",0,0,0,37,34,0,0,0,0,0,,,,,11,32,,20,,,,0,0,0,0,0,,37,AHRF_natality_24,,,0,,TRUE,"Nonmetro, remote (RUCC 7-9)",34,FALSE,,,,,,,,,,,Neither
08025,Crowley,CO,5734,47,703,8,1,"Crowley, CO",0,0,0,26,28,0,0,0,0,0,,,,,,28,,,,,,0,0,0,0,0,,26,AHRF_natality_24,,,0,,TRUE,"Nonmetro, remote (RUCC 7-9)",28,FALSE,,,,,,,,,,,Neither
08027,Custer,CO,5073,44,725,8,1,"Custer, CO",0,0,0,51,44,0,0,0,0,0,,,,,,41,,,,,,0,0,0,0,0,,51,AHRF_natality_24,0,0,0,0,TRUE,"Nonmetro, remote (RUCC 7-9)",44,FALSE,,,,,,,,,0,,Neither
08029,Delta,CO,31353,339,5389,6,0.7374663418,"Delta, CO",0,0,0,273,273,1,1,0,1,102,31,29,,,58,262,,53,10,27,,1,1,0,0,0,,273,AHRF_natality_24,0,0,0,3.66,FALSE,"Nonmetro, adjacent (RUCC 4-6)",273,TRUE,11.36,10.62,,,21.25,10.31,,0.6264,3.66,0,OB/GYN only
08031,Denver,CO,713734,8650,198749,1,1.453484e-4,"Denver, CO",73,61,73,8576,8874,3,12,0,183,10143,1016,918,112,93,2405,7037,973,3135,864,657,160,37,18,0,84,84,1,8576,AHRF_natality_24,9.79,8.51,11.77,0.35,FALSE,Metro (RUCC 1-3),8874,TRUE,11.45,10.34,1.26,1.05,27.1,9.34,16.44,,21.34,0.315,Both
08033,Dolores,CO,2385,21,380,9,1,"Dolores, CO",0,0,0,20,19,0,0,0,0,0,,,,,,18,,,,,,0,0,0,0,0,,20,AHRF_natality_24,,,0,,TRUE,"Nonmetro, remote (RUCC 7-9)",19,FALSE,,,,,,,,,,,Neither
08035,Douglas,CO,368283,4181,84728,1,0.0901452045,"Douglas, CO",12,9,12,3880,3824,3,6,0,55,5013,451,340,39,,362,3283,81,472,460,282,11,7,4,0,17,12,1,3880,AHRF_natality_24,4.38,3.09,4.62,0.77,FALSE,Metro (RUCC 1-3),3824,TRUE,11.79,8.89,1.02,,9.47,8.59,,,14.18,0.236,Both
08037,Eagle,CO,55374,629,12366,5,0.1851034433,"Eagle, CO",0,0,0,531,499,1,1,0,8,345,55,48,,,96,471,,238,19,45,,2,1,0,2,0,5,531,AHRF_natality_24,3.77,0,3.61,1.88,FALSE,"Nonmetro, adjacent (RUCC 4-6)",499,TRUE,11.02,9.62,,,19.24,9.55,,0.3503,15.07,0.2,Both
08039,Elbert,CO,27152,354,5258,1,1,"Elbert, CO",0,0,0,297,263,0,0,0,0,0,31,25,,,30,251,,27,11,23,,0,0,0,0,0,,297,AHRF_natality_24,0,0,0,0,TRUE,Metro (RUCC 1-3),263,TRUE,11.79,9.51,,,11.41,9.16,,1,0,,Neither
08041,El Paso,CO,736008,9986,173058,2,0.102504809,"El Paso, CO",36,30,36,9197,9070,2,7,0,70,8860,1108,892,84,65,2091,7334,730,2344,1006,658,113,17,9,0,44,21,2,9197,AHRF_natality_24,4.78,3.91,5.98,0.22,FALSE,Metro (RUCC 1-3),9070,TRUE,12.22,9.83,0.93,0.72,23.05,8.97,15.48,0.0366,7.61,0.386,Both
08043,Fremont,CO,49394,396,7135,4,0.4945340117,"Fremont, CO",0,0,0,371,359,1,1,1,1,251,43,35,,,105,336,,39,19,32,,3,2,1,0,0,,371,AHRF_natality_24,0,0,0,2.7,FALSE,"Nonmetro, adjacent (RUCC 4-6)",359,TRUE,11.98,9.75,,,29.25,9.52,,0.3235,2.7,0,OB/GYN only
08045,Garfield,CO,62034,566,13660,5,0.3211639783,"Garfield, CO",5,5,5,734,727,1,2,1,9,682,88,63,,,189,693,11,331,23,60,,3,2,1,5,0,5,734,AHRF_natality_24,6.81,6.81,8.06,1.36,FALSE,"Nonmetro, adjacent (RUCC 4-6)",727,TRUE,12.1,8.67,,,26,8.66,,0.0708,12.26,0.357,Both
08047,Gilpin,CO,5877,92,1167,1,1,"Gilpin, CO",0,0,0,43,45,0,0,0,0,0,,,,,11,41,,,,,,0,0,0,0,0,,43,AHRF_natality_24,,,0,,TRUE,Metro (RUCC 1-3),45,FALSE,,,,,,,,,,,Neither
08049,Grand,CO,15794,100,3090,9,0.6832092639,"Grand, CO",0,0,0,125,124,0,1,1,0,0,14,17,,,24,119,,27,,16,,2,1,1,0,0,,125,AHRF_natality_24,0,0,0,0,FALSE,"Nonmetro, remote (RUCC 7-9)",124,TRUE,11.29,13.71,,,19.35,13.45,,1,0,,Neither
08051,Gunnison,CO,17158,85,4179,7,0.5727627379,"Gunnison, CO",1,1,1,124,135,1,1,1,1,63,14,15,,,17,126,,26,,14,,2,1,1,2,0,7,124,AHRF_natality_24,16.13,8.06,11.66,8.06,FALSE,"Nonmetro, remote (RUCC 7-9)",135,TRUE,10.37,11.11,,,12.59,11.11,,0.4919,8.06,0.667,Both
08053,Hinsdale,CO,939,6,124,9,1,"Hinsdale, CO",0,0,0,3,,0,0,0,0,0,,,,,,,,,,,,0,0,0,0,0,,3,AHRF_natality_24,,,0,,TRUE,"Nonmetro, remote (RUCC 7-9)",,FALSE,,,,,,,,,,,Neither
08055,Huerfano,CO,6946,0,987,8,1,"Huerfano, CO",0,0,0,43,41,0,1,1,0,0,,,,,14,36,,16,,,,2,1,1,0,0,,43,AHRF_natality_24,,,0,,FALSE,"Nonmetro, remote (RUCC 7-9)",41,FALSE,,,,,,,,,,,Neither
08057,Jackson,CO,1422,0,232,9,1,"Jackson, CO",0,0,0,12,,0,0,0,0,0,,,,,,,,,,,,0,0,0,0,0,,12,AHRF_natality_24,,,0,,TRUE,"Nonmetro, remote (RUCC 7-9)",,FALSE,,,,,,,,,,,Neither
08059,Jefferson,CO,579715,5956,131324,1,0.0714844487,"Jefferson, CO",10,11,10,5471,5417,1,5,0,49,1580,576,503,51,24,943,4875,106,1071,437,430,21,9,4,0,10,7,1,5471,AHRF_natality_24,1.83,1.83,1.72,0.18,FALSE,Metro (RUCC 1-3),5417,TRUE,10.63,9.29,0.94,0.44,17.41,8.82,19.81,0.7112,8.96,0.169,Both
08061,Kiowa,CO,1356,16,236,9,1,"Kiowa, CO",0,0,0,16,18,0,1,1,0,0,,,,,,18,,,,,,2,1,1,1,0,9,16,AHRF_natality_24,,,73.75,,FALSE,"Nonmetro, remote (RUCC 7-9)",18,FALSE,,,,,,,,,,1,Midwife only
08063,Kit Carson,CO,7015,168,1397,9,1,"Kit Carson, CO",0,0,0,92,87,0,1,1,0,279,13,,,,23,85,,22,,,,2,1,1,0,0,,92,AHRF_natality_24,0,0,0,0,FALSE,"Nonmetro, remote (RUCC 7-9)",87,FALSE,,,,,,,,,0,,Neither
08065,Lake,CO,7411,118,1993,9,0.389725659,"Lake, CO",0,0,0,90,82,0,1,1,1,0,11,13,,,23,80,,43,,13,,3,1,1,0,0,,90,AHRF_natality_24,0,0,0,0,FALSE,"Nonmetro, remote (RUCC 7-9)",82,FALSE,,,,,,,,,11.11,0,OB/GYN only
08067,La Plata,CO,56088,684,12226,6,0.6564578166,"La Plata, CO",6,6,6,411,423,1,2,0,13,793,40,40,,,116,359,,69,63,33,,4,3,0,6,6,6,411,AHRF_natality_24,14.6,14.6,10.7,2.43,FALSE,"Nonmetro, adjacent (RUCC 4-6)",423,TRUE,9.46,9.46,,,27.42,9.19,,,31.63,0.316,Both
08069,Larimer,CO,363561,4193,90187,2,0.1024407769,"Larimer, CO",31,26,31,3097,3019,3,7,1,46,4104,314,275,37,16,572,2777,37,574,206,244,,11,5,1,33,27,2,3097,AHRF_natality_24,10.66,10.01,9.08,0.97,FALSE,Metro (RUCC 1-3),3019,TRUE,10.4,9.11,1.23,0.53,18.95,8.79,,,14.85,0.418,Both
08071,Las Animas,CO,14392,77,2470,7,0.4281690141,"Las Animas, CO",0,0,0,119,116,0,1,1,0,0,17,14,,,49,104,,49,,13,,2,1,1,0,0,,119,AHRF_natality_24,0,0,0,0,FALSE,"Nonmetro, remote (RUCC 7-9)",116,TRUE,14.66,12.07,,,42.24,12.5,,1,0,,Neither
08073,Lincoln,CO,5561,40,982,8,1,"Lincoln, CO",0,0,0,58,51,1,1,1,0,0,,,,,13,50,,,,,,2,1,1,0,0,,58,AHRF_natality_24,0,0,0,17.24,FALSE,"Nonmetro, remote (RUCC 7-9)",51,FALSE,,,,,,,,,0,,Neither
08075,Logan,CO,21067,232,4309,6,0.429672984,"Logan, CO",2,2,2,189,185,1,1,0,3,189,21,14,,,52,173,,36,,13,,1,1,0,1,0,6,189,AHRF_natality_24,5.29,10.58,4.75,5.29,FALSE,"Nonmetro, adjacent (RUCC 4-6)",185,TRUE,11.35,7.57,,,28.11,7.51,,0,15.87,0.25,Both
08077,Mesa,CO,157316,1254,33499,3,0.126715606,"Mesa, CO",7,6,7,1446,1444,1,5,1,14,1736,139,130,16,26,409,1358,11,331,75,121,,7,3,1,10,9,3,1446,AHRF_natality_24,6.92,4.84,6.36,0.69,FALSE,Metro (RUCC 1-3),1444,TRUE,9.63,9,1.11,1.8,28.32,8.91,,,9.68,0.417,Both
08079,Mineral,CO,799,22,121,9,1,"Mineral, CO",0,0,0,5,,0,0,0,0,0,,,,,,,,,,,,0,0,0,0,0,,5,AHRF_natality_24,,,0,,TRUE,"Nonmetro, remote (RUCC 7-9)",,FALSE,,,,,,,,,,,Neither
08081,Moffat,CO,13258,220,2711,7,0.2739993981,"Moffat, CO",0,0,0,119,140,0,1,1,1,0,14,13,,,36,133,,32,,12,,2,1,1,0,0,,119,AHRF_natality_24,0,0,0,0,FALSE,"Nonmetro, remote (RUCC 7-9)",140,TRUE,10,9.29,,,25.71,9.02,,1,8.4,0,OB/GYN only
08083,Montezuma,CO,26204,353,5049,6,0.6662153275,"Montezuma, CO",1,1,1,233,243,1,1,1,0,131,26,25,,,88,176,,39,66,17,,2,1,1,1,0,6,233,AHRF_natality_24,4.29,4.29,3.82,4.29,FALSE,"Nonmetro, adjacent (RUCC 4-6)",243,TRUE,10.7,10.29,,,36.21,9.66,,0.4378,0,1,Midwife only
08085,Montrose,CO,43272,393,7980,5,0.4256425877,"Montrose, CO",10,9,10,411,392,1,1,0,4,368,45,40,,,93,378,,122,14,38,,1,1,0,10,0,5,411,AHRF_natality_24,24.33,24.33,23.11,2.43,FALSE,"Nonmetro, adjacent (RUCC 4-6)",392,TRUE,11.48,10.2,,,23.72,10.05,,0.1046,9.73,0.714,Both
08087,Morgan,CO,29186,531,5994,6,0.3459173508,"Morgan, CO",0,0,0,418,411,1,2,1,2,358,50,32,,,113,369,27,188,16,29,,3,2,1,0,0,,418,AHRF_natality_24,0,0,0,2.39,FALSE,"Nonmetro, adjacent (RUCC 4-6)",411,TRUE,12.17,7.79,,,27.49,7.86,,0.1435,4.78,0,OB/GYN only
08089,Otero,CO,18460,254,3759,6,0.5830925629,"Otero, CO",0,0,0,207,199,0,1,1,0,396,28,19,,,77,184,,96,11,17,,3,2,1,0,0,,207,AHRF_natality_24,0,0,0,0,FALSE,"Nonmetro, adjacent (RUCC 4-6)",199,TRUE,14.07,9.55,,,38.69,9.24,,,0,,Neither
08091,Ouray,CO,5024,34,791,9,1,"Ouray, CO",0,0,0,27,28,0,0,0,1,0,,,,,,28,,,,,,0,0,0,0,0,,27,AHRF_natality_24,,,0,,TRUE,"Nonmetro, remote (RUCC 7-9)",28,FALSE,,,,,,,,,,0,OB/GYN only
08093,Park,CO,17739,51,3001,1,1,"Park, CO",0,0,0,145,140,0,0,0,1,0,16,16,,,21,133,,15,,15,,0,0,0,0,0,,145,AHRF_natality_24,0,0,0,0,TRUE,Metro (RUCC 1-3),140,TRUE,11.43,11.43,,,15,11.28,,1,6.9,0,OB/GYN only
08095,Phillips,CO,4491,96,796,9,1,"Phillips, CO",0,0,0,54,50,0,2,2,0,0,,,,,12,49,,25,,,,4,2,2,0,0,,54,AHRF_natality_24,0,0,0,0,FALSE,"Nonmetro, remote (RUCC 7-9)",50,FALSE,,,,,,,,,0,,Neither
08097,Pitkin,CO,17119,21,3617,7,0.3296462726,"Pitkin, CO",2,1,2,123,122,1,1,1,3,133,14,16,,,14,116,,24,,15,,2,1,1,2,0,7,123,AHRF_natality_24,16.26,16.26,11.68,8.13,FALSE,"Nonmetro, remote (RUCC 7-9)",122,TRUE,11.48,13.11,,,11.48,12.93,,,24.39,0.4,Both
08099,Prowers,CO,11931,241,2496,7,0.3747812318,"Prowers, CO",1,1,1,145,146,0,1,1,0,338,24,15,,,54,142,,71,,15,,2,1,1,0,0,,145,AHRF_natality_24,0,6.9,0,0,FALSE,"Nonmetro, remote (RUCC 7-9)",146,TRUE,16.44,10.27,,,36.99,10.56,,,0,,Neither
08101,Pueblo,CO,168726,1880,36159,3,0.1314625183,"Pueblo, CO",13,13,13,1709,1691,1,3,0,10,702,219,187,16,27,659,1524,55,805,112,167,,7,3,0,9,0,3,1709,AHRF_natality_24,5.27,7.61,5.33,0.59,FALSE,Metro (RUCC 1-3),1691,TRUE,12.95,11.06,0.95,1.6,38.97,10.96,,0.5892,5.85,0.474,Both
08103,Rio Blanco,CO,6518,127,1367,9,1,"Rio Blanco, CO",0,0,0,53,57,0,2,2,0,0,,,,,12,53,,,,,,4,2,2,0,0,,53,AHRF_natality_24,0,0,0,0,FALSE,"Nonmetro, remote (RUCC 7-9)",57,FALSE,,,,,,,,,0,,Neither
08105,Rio Grande,CO,11394,139,2261,9,1,"Rio Grande, CO",0,0,0,128,118,0,1,1,1,0,18,17,,,29,112,,61,,17,,3,2,1,0,0,,128,AHRF_natality_24,0,0,0,0,FALSE,"Nonmetro, remote (RUCC 7-9)",118,TRUE,15.25,14.41,,,24.58,15.18,,1,7.81,0,OB/GYN only
08107,Routt,CO,24990,226,5314,7,0.4178178743,"Routt, CO",2,1,2,205,202,1,1,0,6,325,26,24,,,30,194,,38,,23,,1,1,0,1,0,7,205,AHRF_natality_24,4.88,9.76,4,4.88,FALSE,"Nonmetro, remote (RUCC 7-9)",202,TRUE,12.87,11.88,,,14.85,11.86,,,29.27,0.143,Both
08109,Saguache,CO,6511,192,1127,9,1,"Saguache, CO",0,0,0,62,62,0,0,0,0,0,,,,,20,58,,32,,,,0,0,0,0,0,,62,AHRF_natality_24,0,0,0,0,TRUE,"Nonmetro, remote (RUCC 7-9)",62,FALSE,,,,,,,,,0,,Neither
08111,San Juan,CO,690,6,149,9,1,"San Juan, CO",0,0,0,7,,0,0,0,0,0,,,,,,,,,,,,0,0,0,0,0,,7,AHRF_natality_24,,,0,,TRUE,"Nonmetro, remote (RUCC 7-9)",,FALSE,,,,,,,,,,,Neither
08113,San Miguel,CO,8026,45,1676,9,0.4317393459,"San Miguel, CO",0,0,0,52,50,0,0,0,1,0,,,,,,48,,,,,,0,0,0,0,0,,52,AHRF_natality_24,0,0,0,0,TRUE,"Nonmetro, remote (RUCC 7-9)",50,FALSE,,,,,,,,,19.23,0,OB/GYN only
08115,Sedgwick,CO,2346,39,429,9,1,"Sedgwick, CO",0,0,0,18,18,0,1,1,0,4,,,,,,17,,,,,,2,1,1,0,0,,18,AHRF_natality_24,,,0,,FALSE,"Nonmetro, remote (RUCC 7-9)",18,FALSE,,,,,,,,,,,Neither
08117,Summit,CO,30857,288,6863,5,0.1610046691,"Summit, CO",0,0,0,262,255,1,1,0,7,404,34,36,,,56,243,,103,11,35,,1,1,0,1,0,5,262,AHRF_natality_24,3.82,0,3.24,3.82,FALSE,"Nonmetro, adjacent (RUCC 4-6)",255,TRUE,13.33,14.12,,,21.96,14.4,,,26.72,0.125,Both
08119,Teller,CO,24774,65,4109,2,0.6008093889,"Teller, CO",1,1,1,198,182,0,1,1,0,0,24,26,,,34,173,,23,,24,,3,1,1,1,0,2,198,AHRF_natality_24,5.05,5.05,4.04,0,FALSE,Metro (RUCC 1-3),182,TRUE,13.19,14.29,,,18.68,13.87,,1,0,1,Midwife only
08121,Washington,CO,4839,77,902,9,1,"Washington, CO",0,0,0,49,47,0,0,0,1,0,,,,,,45,,10,,,,1,1,0,0,0,,49,AHRF_natality_24,,,0,,FALSE,"Nonmetro, remote (RUCC 7-9)",47,FALSE,,,,,,,,,,0,OB/GYN only
08123,Weld,CO,340711,5250,81083,2,0.2001361781,"Weld, CO",9,9,9,4815,4713,3,3,0,16,3032,494,409,51,48,1102,4353,88,1800,272,370,,6,5,0,13,0,2,4815,AHRF_natality_24,2.7,1.87,3.82,0.62,FALSE,Metro (RUCC 1-3),4713,TRUE,10.48,8.68,1.08,1.02,23.38,8.5,,0.3703,3.32,0.448,Both
08125,Yuma,CO,9921,41,1971,9,1,"Yuma, CO",0,0,0,125,132,0,2,2,0,622,18,,,,30,130,,55,,,,4,2,2,0,0,,125,AHRF_natality_24,0,0,0,0,FALSE,"Nonmetro, remote (RUCC 7-9)",132,TRUE,13.64,,,,22.73,,,,0,,Neither
09110,Capitol,CT,969029,10299,218033,1,0.1198097205,"Capitol PR, CT",52,,51,9287,,,,,,,,,,,,,,,,,,0,0,0,65,43,1,9287,AHRF_natality_24,7,5.6,6.71,,TRUE,Metro (RUCC 1-3),,FALSE,,,,,,,,,,1,
09120,Greater Bridgeport,CT,326296,3735,73701,2,0.0285808127,"Greater Bridgeport PR, CT",14,,14,3360,,,,,,,,,,,,,,,,,,0,0,0,7,7,2,3360,AHRF_natality_24,2.08,4.17,2.15,,TRUE,Metro (RUCC 1-3),,FALSE,,,,,,,,,,1,
09130,Lower Connecticut River Valley,CT,174983,1336,35697,1,0.3134280385,"Lower CT River Valley PR, CT",4,,4,1387,,,,,,,,,,,,,,,,,,0,0,0,3,0,1,1387,AHRF_natality_24,2.16,2.88,1.71,,TRUE,Metro (RUCC 1-3),,FALSE,,,,,,,,,,1,
09140,Naugatuck Valley,CT,452303,5235,98098,2,0.0920342114,"Naugatuck Valley PR, CT",21,,21,4357,,,,,,,,,,,,,,,,,,0,0,0,18,15,2,4357,AHRF_natality_24,4.13,4.82,3.98,,TRUE,Metro (RUCC 1-3),,FALSE,,,,,,,,,,1,
09150,Northeastern Connecticut,CT,95829,948,19760,4,0.6240403574,"Northeastern CT PR, CT",2,,2,791,,,,,,,,,,,,,,,,,,0,0,0,2,0,4,791,AHRF_natality_24,2.53,2.53,2.09,,TRUE,"Nonmetro, adjacent (RUCC 4-6)",,FALSE,,,,,,,,,,1,
09160,Northwest Hills,CT,112848,1168,21603,4,0.6002417713,"Northwest Hills PR, CT",3,,3,901,,,,,,,,,,,,,,,,,,0,0,0,2,0,4,901,AHRF_natality_24,2.22,3.33,1.77,,TRUE,"Nonmetro, adjacent (RUCC 4-6)",,FALSE,,,,,,,,,,1,
09170,South Central Connecticut,CT,566803,4839,130076,2,0.0362742709,"South Central CT PR, CT",62,,61,5641,,,,,,,,,,,,,,,,,,0,0,0,67,51,2,5641,AHRF_natality_24,11.88,10.99,11.82,,TRUE,Metro (RUCC 1-3),,FALSE,,,,,,,,,,1,
09180,Southeastern Connecticut,CT,279025,2513,59117,2,0.2611097244,"Southeastern CT PR, CT",17,,17,2559,,,,,,,,,,,,,,,,,,0,0,0,16,8,2,2559,AHRF_natality_24,6.25,6.64,5.73,,TRUE,Metro (RUCC 1-3),,FALSE,,,,,,,,,,1,
09190,Western Connecticut,CT,621232,6471,134138,2,0.0846218429,"Western CT PR, CT",25,,25,6326,,,,,,,,,,,,,,,,,,0,0,0,28,26,2,6326,AHRF_natality_24,4.43,3.95,4.51,,TRUE,Metro (RUCC 1-3),,FALSE,,,,,,,,,,1,
10001,Kent,DE,185043,2383,42368,3,0.2647167186,"Kent, DE",11,10,11,2135,2128,1,3,0,8,2541,283,209,36,20,1016,1296,659,251,173,103,85,4,1,0,9,8,3,2135,AHRF_natality_24,4.22,5.15,4.86,0.47,FALSE,Metro (RUCC 1-3),2128,TRUE,13.3,9.82,1.69,0.94,47.74,7.95,12.9,,3.75,0.529,Both
10003,New Castle,DE,573030,6518,132296,1,0.0609424253,"New Castle, DE",13,13,13,5904,6065,2,9,0,75,6914,768,567,99,53,2724,3414,1965,1036,687,243,258,16,5,0,26,24,1,5904,AHRF_natality_24,4.4,2.2,4.54,0.34,FALSE,Metro (RUCC 1-3),6065,TRUE,12.66,9.35,1.63,0.87,44.91,7.12,13.13,,12.7,0.257,Both
10005,Sussex,DE,247799,2051,41017,4,0.3758183151,"Sussex, DE",10,10,10,2398,2382,2,4,0,23,1333,283,185,35,36,1241,1849,409,658,124,119,56,6,4,0,13,0,4,2398,AHRF_natality_24,5.42,4.17,5.25,0.83,FALSE,"Nonmetro, adjacent (RUCC 4-6)",2382,TRUE,11.88,7.77,1.47,1.51,52.1,6.44,13.69,0.4441,9.59,0.361,Both
11001,District of Columbia,DC,672079,8473,197068,1,0,"The District, DC",58,65,58,7746,8210,4,14,0,219,11662,1055,826,142,76,3737,3732,3746,1367,732,226,544,31,13,0,56,55,1,7746,AHRF_natality_24,7.23,7.49,8.33,0.52,FALSE,Metro (RUCC 1-3),8210,TRUE,12.85,10.06,1.73,0.93,45.52,6.06,14.52,,28.27,0.204,Both
12001,Alachua,FL,281751,2269,79783,2,0.2324144965,"Alachua, FL",31,28,31,2650,2599,2,5,0,84,5574,346,262,45,23,1137,1595,797,310,208,114,134,11,4,0,35,35,2,2650,AHRF_natality_24,13.21,11.7,12.42,0.75,FALSE,Metro (RUCC 1-3),2599,TRUE,13.31,10.08,1.73,0.88,43.75,7.15,16.81,,31.7,0.294,Both
12003,Baker,FL,28186,221,5635,1,0.6149545278,"Baker, FL",0,0,0,368,356,0,2,0,1,0,41,30,,,171,308,44,11,,24,,2,1,0,0,0,,368,AHRF_natality_24,0,0,0,0,FALSE,Metro (RUCC 1-3),356,TRUE,11.52,8.43,,,48.03,7.79,,1,2.72,0,OB/GYN only
12005,Bay,FL,181368,2542,38242,3,0.1420931878,"Bay, FL",7,6,7,2047,2128,1,5,0,13,926,227,179,37,25,1050,1599,384,315,145,117,49,9,3,0,10,8,3,2047,AHRF_natality_24,4.89,3.42,5.51,0.49,FALSE,Metro (RUCC 1-3),2128,TRUE,10.67,8.41,1.74,1.17,49.34,7.32,12.76,0.5476,6.35,0.435,Both
12007,Bradford,FL,27888,79,5033,6,0.7074868389,"Bradford, FL",0,0,0,292,305,0,0,0,1,0,52,38,,,162,254,45,13,,25,11,2,1,1,0,0,,292,AHRF_natality_24,0,0,0,0,FALSE,"Nonmetro, adjacent (RUCC 4-6)",305,TRUE,17.05,12.46,,,53.11,9.84,,1,3.42,0,OB/GYN only
12009,Brevard,FL,620533,6052,117412,2,0.0388040461,"Brevard, FL",15,15,15,5124,5194,3,12,0,48,5394,582,470,75,40,2269,3995,883,814,317,306,135,15,9,0,16,13,2,5124,AHRF_natality_24,3.12,2.93,2.58,0.59,FALSE,Metro (RUCC 1-3),5194,TRUE,11.21,9.05,1.44,0.77,43.69,7.66,15.29,,9.37,0.25,Both
12011,Broward,FL,1946127,20841,434482,1,7.81742e-5,"Broward, FL",47,45,47,20764,20583,7,19,0,269,19200,2792,1998,380,116,9038,11487,8018,7016,1078,771,1121,43,25,0,53,48,1,20764,AHRF_natality_24,2.55,2.26,2.72,0.34,FALSE,Metro (RUCC 1-3),20583,TRUE,13.56,9.71,1.85,0.56,43.91,6.71,13.98,0.0753,12.96,0.165,Both
12013,Calhoun,FL,13593,118,2317,8,1,"Calhoun, FL",0,0,0,121,122,0,1,1,0,0,12,11,,,64,111,,,,10,,2,1,1,0,0,,121,AHRF_natality_24,0,0,0,0,FALSE,"Nonmetro, remote (RUCC 7-9)",122,TRUE,9.84,9.02,,,52.46,9.01,,1,0,,Neither
12015,Charlotte,FL,195083,1384,25494,3,0.0649997056,"Charlotte, FL",2,1,2,1040,1060,0,3,0,10,1336,127,91,13,,506,922,99,154,39,77,11,3,3,0,1,0,3,1040,AHRF_natality_24,0.96,1.92,0.51,0,FALSE,Metro (RUCC 1-3),1060,TRUE,11.98,8.58,1.23,,47.74,8.35,,,9.62,0.091,Both
12017,Citrus,FL,158693,1300,22979,3,0.2497416197,"Citrus, FL",1,1,1,985,1033,0,2,0,13,1746,118,83,15,12,543,945,42,88,46,71,,4,2,0,2,0,3,985,AHRF_natality_24,2.03,1.02,1.26,0,FALSE,Metro (RUCC 1-3),1033,TRUE,11.42,8.03,1.45,1.16,52.57,7.51,,,13.2,0.133,Both
12019,Clay,FL,223436,3419,49490,1,0.1442553094,"Clay, FL",7,7,7,2270,2263,2,3,0,15,2831,298,211,33,22,918,1731,408,266,124,142,60,6,5,0,18,5,1,2270,AHRF_natality_24,7.93,3.08,8.06,0.88,FALSE,Metro (RUCC 1-3),2263,TRUE,13.17,9.32,1.46,0.97,40.57,8.2,14.71,,6.61,0.545,Both
12021,Collier,FL,387681,3381,62620,2,0.1162282569,"Collier, FL",8,8,8,3421,3384,1,4,0,38,3644,399,251,44,46,1495,2753,549,1664,82,184,63,6,4,0,7,0,2,3421,AHRF_natality_24,2.05,2.34,1.81,0.29,FALSE,Metro (RUCC 1-3),3384,TRUE,11.79,7.42,1.3,1.36,44.18,6.68,11.48,,11.11,0.156,Both
12023,Columbia,FL,70755,846,13874,4,0.6365175471,"Columbia, FL",1,1,1,739,735,0,1,0,2,0,93,75,12,10,415,559,153,60,22,53,20,4,2,0,0,0,,739,AHRF_natality_24,0,1.35,0,0,FALSE,"Nonmetro, adjacent (RUCC 4-6)",735,TRUE,12.65,10.2,1.63,1.36,56.46,9.48,13.07,1,2.71,0,OB/GYN only
12027,DeSoto,FL,34719,189,5723,6,0.4895808806,"DeSoto, FL",0,0,0,390,389,0,1,0,0,0,52,36,,,218,335,42,174,12,26,,2,1,0,0,0,,390,AHRF_natality_24,0,0,0,0,FALSE,"Nonmetro, adjacent (RUCC 4-6)",389,TRUE,13.37,9.25,,,56.04,7.76,,1,0,,Neither
12029,Dixie,FL,16952,130,2845,8,1,"Dixie, FL",0,0,0,143,154,0,0,0,0,0,21,17,,,97,139,11,,,15,,0,0,0,0,0,,143,AHRF_natality_24,0,0,0,0,TRUE,"Nonmetro, remote (RUCC 7-9)",154,TRUE,13.64,11.04,,,62.99,10.79,,1,0,,Neither
12031,Duval,FL,1007189,14969,241235,1,0.0265075078,"Duval, FL",37,36,37,12437,12624,5,12,0,144,17283,1771,1345,247,152,6072,7171,4452,2099,1001,557,695,29,14,0,39,34,1,12437,AHRF_natality_24,3.14,2.97,3.87,0.4,FALSE,Metro (RUCC 1-3),12624,TRUE,14.03,10.65,1.96,1.2,48.1,7.77,15.61,,11.58,0.213,Both
12033,Escambia,FL,323275,4288,71886,2,0.07626163,"Escambia, FL",16,13,16,3579,3690,2,6,0,62,8347,659,417,63,62,1883,2340,1085,360,265,191,194,12,7,0,11,8,2,3579,AHRF_natality_24,3.07,4.47,3.4,0.56,FALSE,Metro (RUCC 1-3),3690,TRUE,17.86,11.3,1.71,1.68,51.03,8.16,17.88,,17.32,0.151,Both
12035,Flagler,FL,121710,671,20682,2,0.0765310544,"Flagler, FL",1,1,1,868,854,0,1,0,5,0,111,68,11,,392,692,111,123,51,45,16,2,2,0,0,0,,868,AHRF_natality_24,0,1.15,0,0,FALSE,Metro (RUCC 1-3),854,TRUE,13,7.96,1.29,,45.9,6.5,14.41,1,5.76,0,OB/GYN only
12037,Franklin,FL,12418,85,1792,8,1,"Franklin, FL",0,0,0,87,86,0,1,1,0,0,10,,,,54,79,,,,,,3,2,1,0,0,,87,AHRF_natality_24,0,0,0,0,FALSE,"Nonmetro, remote (RUCC 7-9)",86,FALSE,,,,,,,,,0,,Neither
12039,Gadsden,FL,43642,419,9289,2,0.8051156848,"Gadsden, FL",1,1,1,441,476,0,1,0,0,0,77,67,14,,325,201,270,99,,18,49,5,2,1,0,0,,441,AHRF_natality_24,0,2.27,0,0,FALSE,Metro (RUCC 1-3),476,TRUE,16.18,14.08,2.94,,68.28,8.96,18.15,1,0,,Neither
12041,Gilchrist,FL,18494,291,3334,2,1,"Gilchrist, FL",1,1,1,225,206,0,0,0,0,0,25,17,,,108,193,10,28,,15,,0,0,0,1,0,2,225,AHRF_natality_24,4.44,4.44,5.41,0,TRUE,Metro (RUCC 1-3),206,TRUE,12.14,8.25,,,52.43,7.77,,1,0,1,Midwife only
12043,Glades,FL,12324,179,2105,8,0.8269008742,"Glades, FL",0,0,0,84,70,0,0,0,0,0,10,,,,42,55,11,26,,,,0,0,0,0,0,,84,AHRF_natality_24,0,0,0,0,TRUE,"Nonmetro, remote (RUCC 7-9)",70,FALSE,,,,,,,,,0,,Neither
12045,Gulf,FL,14772,97,2087,8,1,"Gulf, FL",0,0,0,98,112,0,1,0,1,0,14,11,,,59,96,10,,,,,2,2,0,0,0,,98,AHRF_natality_24,0,0,0,0,FALSE,"Nonmetro, remote (RUCC 7-9)",112,TRUE,12.5,9.82,,,52.68,,,,10.2,0,OB/GYN only
12047,Hamilton,FL,13445,419,2327,8,1,"Hamilton, FL",0,0,0,170,152,0,0,0,1,0,22,21,,,94,102,44,31,,10,10,1,1,0,0,0,,170,AHRF_natality_24,0,0,0,0,FALSE,"Nonmetro, remote (RUCC 7-9)",152,TRUE,14.47,13.82,,,61.84,9.8,,1,5.88,0,OB/GYN only
12049,Hardee,FL,25508,377,4978,6,0.6134559956,"Hardee, FL",0,0,0,357,352,0,1,1,0,0,47,29,,,206,303,34,198,15,23,,3,2,1,0,0,,357,AHRF_natality_24,0,0,0,0,FALSE,"Nonmetro, adjacent (RUCC 4-6)",352,TRUE,13.35,8.24,,,58.52,7.59,,1,0,,Neither
12051,Hendry,FL,40798,356,8336,4,0.3600040385,"Hendry, FL",0,0,0,555,589,0,1,1,1,0,88,50,,13,365,495,77,360,18,38,10,2,1,1,0,0,,555,AHRF_natality_24,0,0,0,0,FALSE,"Nonmetro, adjacent (RUCC 4-6)",589,TRUE,14.94,8.49,,2.21,61.97,7.68,,1,1.8,0,OB/GYN only
12053,Hernando,FL,201512,1888,37948,1,0.2005809321,"Hernando, FL",7,7,7,1614,1662,0,4,0,12,1904,222,143,20,19,851,1447,141,371,74,116,21,5,3,0,5,0,1,1614,AHRF_natality_24,3.1,4.34,2.48,0,FALSE,Metro (RUCC 1-3),1662,TRUE,13.36,8.6,1.2,1.14,51.2,8.02,14.89,,7.43,0.294,Both
12055,Highlands,FL,103808,753,16364,3,0.1987652492,"Highlands, FL",0,0,0,844,856,2,2,0,8,1082,110,90,15,10,505,647,174,293,36,58,29,3,2,0,0,0,,844,AHRF_natality_24,0,0,0,2.37,FALSE,Metro (RUCC 1-3),856,TRUE,12.85,10.51,1.75,1.17,59,8.96,16.67,,9.48,0,OB/GYN only
12057,Hillsborough,FL,1489634,18327,361264,1,0.0367231097,"Hillsborough, FL",51,55,50,16857,17089,4,14,0,229,18912,2140,1582,269,176,7975,12108,3848,6165,1133,921,553,34,20,0,58,54,1,16857,AHRF_natality_24,3.44,3.03,3.89,0.24,FALSE,Metro (RUCC 1-3),17089,TRUE,12.52,9.26,1.57,1.03,46.67,7.61,14.37,,13.58,0.202,Both
12059,Holmes,FL,19626,474,3511,8,1,"Holmes, FL",0,0,0,206,200,0,1,1,0,0,27,19,,,88,186,,,,17,,2,1,1,0,0,,206,AHRF_natality_24,0,0,0,0,FALSE,"Nonmetro, remote (RUCC 7-9)",200,TRUE,13.5,9.5,,,44,9.14,,1,0,,Neither
12061,Indian River,FL,163856,997,25954,3,0.0724272161,"Indian River, FL",5,5,5,1229,1239,1,3,0,10,829,148,104,19,12,592,960,234,283,45,65,36,4,2,0,4,0,3,1229,AHRF_natality_24,3.25,4.07,2.44,0.81,FALSE,Metro (RUCC 1-3),1239,TRUE,11.95,8.39,1.53,0.97,47.78,6.77,15.38,0.3255,8.14,0.286,Both
12063,Jackson,FL,47652,522,8642,6,0.8824996302,"Jackson, FL",0,0,0,535,469,1,1,0,4,345,60,46,,10,270,337,113,31,19,27,18,4,2,1,0,0,,535,AHRF_natality_24,0,0,0,1.87,FALSE,"Nonmetro, adjacent (RUCC 4-6)",469,TRUE,12.79,9.81,,2.13,57.57,8.01,15.93,0.3551,7.48,0,OB/GYN only
12065,Jefferson,FL,14713,126,2620,2,1,"Jefferson, FL",0,0,0,129,130,0,0,0,0,0,16,12,,,65,78,48,11,,,,0,0,0,0,0,,129,AHRF_natality_24,0,0,0,0,TRUE,Metro (RUCC 1-3),130,TRUE,12.31,9.23,,,50,,,1,0,,Neither
12067,Lafayette,FL,8035,83,1345,9,1,"Lafayette, FL",0,0,0,77,75,0,0,0,0,0,,,,,41,66,,,,,,0,0,0,0,0,,77,AHRF_natality_24,0,0,0,0,TRUE,"Nonmetro, remote (RUCC 7-9)",75,FALSE,,,,,,,,,0,,Neither
12069,Lake,FL,398696,3708,76358,1,0.1793174218,"Lake, FL",2,3,2,3749,3708,3,6,0,22,3186,473,330,54,38,1579,2872,660,912,176,217,97,6,3,0,2,0,1,3749,AHRF_natality_24,0.53,0.53,0.5,0.8,FALSE,Metro (RUCC 1-3),3708,TRUE,12.76,8.9,1.46,1.02,42.58,7.56,14.7,0.1502,5.87,0.083,Both
12071,Lee,FL,792692,7650,144750,2,0.0392798841,"Lee, FL",46,41,46,7462,7492,3,6,0,64,4439,1026,651,119,86,3680,6262,1039,3072,192,489,144,16,8,0,35,33,2,7462,AHRF_natality_24,4.69,6.16,4.42,0.4,FALSE,Metro (RUCC 1-3),7492,TRUE,13.69,8.69,1.59,1.15,49.12,7.81,13.86,0.4051,8.58,0.354,Both
12073,Leon,FL,295335,3193,85561,2,0.1343746364,"Leon, FL",14,13,14,2687,2748,0,5,0,34,4122,365,325,71,26,1320,1378,1182,233,188,102,196,7,3,0,14,13,2,2687,AHRF_natality_24,5.21,5.21,4.74,0,FALSE,Metro (RUCC 1-3),2748,TRUE,13.28,11.83,2.58,0.95,48.03,7.4,16.58,,12.65,0.292,Both
12075,Levy,FL,44276,464,8317,2,1,"Levy, FL",0,0,0,390,411,0,0,0,0,0,48,38,,,224,345,53,51,14,28,,2,2,0,0,0,,390,AHRF_natality_24,0,0,0,0,FALSE,Metro (RUCC 1-3),411,TRUE,11.68,9.25,,,54.5,8.12,,1,0,,Neither
12077,Liberty,FL,7650,46,1573,8,1,"Liberty, FL",1,1,1,76,78,0,0,0,0,0,,,,,38,68,,,,,,0,0,0,0,0,,76,AHRF_natality_24,0,13.16,0,0,TRUE,"Nonmetro, remote (RUCC 7-9)",78,FALSE,,,,,,,,,0,,Neither
12079,Madison,FL,18113,639,3146,8,1,"Madison, FL",0,0,0,165,182,0,1,1,0,0,26,25,,,108,104,74,10,,11,14,2,1,1,0,0,,165,AHRF_natality_24,0,0,0,0,FALSE,"Nonmetro, remote (RUCC 7-9)",182,TRUE,14.29,13.74,,,59.34,10.58,,1,0,,Neither
12081,Manatee,FL,416020,3818,75143,2,0.0469140127,"Manatee, FL",8,7,8,3738,3777,0,5,0,36,2309,467,324,56,48,1787,2986,630,1225,161,213,93,5,3,0,5,0,2,3738,AHRF_natality_24,1.34,2.14,1.2,0,FALSE,Metro (RUCC 1-3),3777,TRUE,12.36,8.58,1.48,1.27,47.31,7.13,14.76,0.3823,9.63,0.122,Both
12083,Marion,FL,387697,4194,71208,2,0.2934521213,"Marion, FL",13,12,13,3550,3585,0,5,0,15,2079,441,319,57,55,1953,2793,641,806,151,212,94,7,3,0,14,0,2,3550,AHRF_natality_24,3.94,3.66,3.61,0,FALSE,Metro (RUCC 1-3),3585,TRUE,12.3,8.9,1.59,1.53,54.48,7.59,14.66,0.4144,4.23,0.483,Both
12085,Martin,FL,160464,1320,25200,2,0.0732243058,"Martin, FL",13,14,13,1282,1267,1,2,0,20,2181,143,84,11,12,545,1076,99,443,92,69,11,4,1,0,10,10,2,1282,AHRF_natality_24,7.8,10.14,6.23,0.78,FALSE,Metro (RUCC 1-3),1267,TRUE,11.29,6.63,0.87,0.95,43.01,6.41,,,15.6,0.333,Both
12086,Miami-Dade,FL,2685296,27433,609337,1,0.0086354597,"Miami-Dade, FL",37,36,36,29253,29133,6,26,0,371,23591,4025,2358,450,191,14002,23093,5443,19675,597,1584,723,60,40,0,28,23,1,29253,AHRF_natality_24,0.96,1.26,1.04,0.21,FALSE,Metro (RUCC 1-3),29133,TRUE,13.82,8.09,1.54,0.66,48.06,6.86,13.28,0.1936,12.68,0.07,Both
12087,Monroe,FL,81840,682,14864,4,0.1311267708,"Monroe, FL",0,1,0,736,713,0,3,2,5,473,92,44,,,306,539,138,228,36,29,13,7,4,2,0,0,,736,AHRF_natality_24,0,0,0,0,FALSE,"Nonmetro, adjacent (RUCC 4-6)",713,TRUE,12.9,6.17,,,42.92,5.38,9.42,0.3573,6.79,0,OB/GYN only
12089,Nassau,FL,94653,785,17833,1,0.4376992208,"Nassau, FL",0,1,0,810,857,0,1,0,5,0,109,71,15,,284,769,63,55,26,56,11,1,1,0,4,1,1,810,AHRF_natality_24,4.94,0,4.23,0,FALSE,Metro (RUCC 1-3),857,TRUE,12.72,8.28,1.75,,33.14,7.28,,1,6.17,0.444,Both
12091,Okaloosa,FL,214281,3407,46401,2,0.1064119281,"Okaloosa, FL",9,10,8,2553,2596,1,4,0,18,2773,349,227,33,18,865,2070,319,466,207,166,43,8,6,0,10,0,2,2553,AHRF_natality_24,3.92,3.53,4.67,0.39,FALSE,Metro (RUCC 1-3),2596,TRUE,13.44,8.74,1.27,0.69,33.32,8.02,13.48,,7.05,0.357,Both
12093,Okeechobee,FL,40249,598,7530,4,0.3644687721,"Okeechobee, FL",0,0,0,524,546,0,1,0,0,0,69,41,,11,337,487,36,201,22,36,,1,1,0,1,0,4,524,AHRF_natality_24,1.91,0,2.48,0,FALSE,"Nonmetro, adjacent (RUCC 4-6)",546,TRUE,12.64,7.51,,2.01,61.72,7.39,,1,0,1,Midwife only
12095,Orange,FL,1440471,17627,372772,1,0.0234770349,"Orange, FL",60,61,60,16531,16352,2,9,0,217,28657,2209,1540,272,133,7323,10045,5182,6152,1126,733,689,24,12,0,73,62,1,16531,AHRF_natality_24,4.42,3.63,5.07,0.12,FALSE,Metro (RUCC 1-3),16352,TRUE,13.51,9.42,1.66,0.81,44.78,7.3,13.3,,13.13,0.252,Both
12097,Osceola,FL,406943,4145,99756,1,0.0630557614,"Osceola, FL",2,0,2,4953,4885,1,4,0,41,1325,616,434,72,31,2285,3709,927,2962,249,297,107,8,5,0,4,0,1,4953,AHRF_natality_24,0.81,0.4,0.98,0.2,FALSE,Metro (RUCC 1-3),4885,TRUE,12.61,8.88,1.47,0.63,46.78,8.01,11.54,0.7325,8.28,0.089,Both
12099,Palm Beach,FL,1507453,14900,299114,1,0.0084881895,"Palm Beach, FL",42,39,41,15135,15032,6,17,0,200,14072,2092,1352,228,154,6641,9690,4703,5020,639,674,620,35,21,0,53,47,1,15135,AHRF_natality_24,3.5,2.78,3.52,0.4,FALSE,Metro (RUCC 1-3),15032,TRUE,13.92,8.99,1.52,1.02,44.18,6.96,13.18,0.0702,13.21,0.209,Both
12101,Pasco,FL,588758,5668,121938,1,0.072448215,"Pasco, FL",10,10,10,5643,5613,2,9,0,38,2999,713,466,73,50,2372,4672,563,1302,377,359,75,9,7,0,12,9,1,5643,AHRF_natality_24,2.13,1.77,2.04,0.35,FALSE,Metro (RUCC 1-3),5613,TRUE,12.7,8.3,1.3,0.89,42.26,7.68,13.32,0.4685,6.73,0.24,Both
12103,Pinellas,FL,960565,8720,185990,1,0.001904897,"Pinellas, FL",40,43,40,7288,7286,3,15,0,115,9953,838,624,110,73,3296,5460,1351,1120,474,365,211,32,21,0,39,24,1,7288,AHRF_natality_24,5.35,5.49,4.06,0.41,FALSE,Metro (RUCC 1-3),7286,TRUE,11.5,8.56,1.51,1,45.24,6.68,15.62,,15.78,0.253,Both
12105,Polk,FL,760961,8007,168248,2,0.108846887,"Polk, FL",17,15,17,8950,8937,3,5,0,41,6741,1174,813,147,107,4615,6532,1990,3252,415,516,262,10,7,0,25,14,2,8950,AHRF_natality_24,2.79,1.9,3.29,0.34,FALSE,Metro (RUCC 1-3),8937,TRUE,13.14,9.1,1.64,1.2,51.64,7.9,13.17,0.2468,4.58,0.379,Both
12107,Putnam,FL,74235,1000,14158,4,0.7267904148,"Putnam, FL",1,1,1,800,802,1,1,0,3,0,115,85,12,17,521,603,174,123,24,55,26,1,1,0,2,0,4,800,AHRF_natality_24,2.5,1.25,2.69,1.25,FALSE,"Nonmetro, adjacent (RUCC 4-6)",802,TRUE,14.34,10.6,1.5,2.12,64.96,9.12,14.94,1,3.75,0.4,Both
12109,St. Johns,FL,292243,3872,59800,1,0.1479308768,"St. Johns, FL",9,8,9,2460,2471,0,2,0,28,1073,262,179,25,,550,2124,159,210,188,141,19,5,3,0,15,1,1,2460,AHRF_natality_24,6.1,3.66,5.13,0,FALSE,Metro (RUCC 1-3),2471,TRUE,10.6,7.24,1.01,,22.26,6.64,11.95,0.5638,11.38,0.349,Both
12111,St. Lucie,FL,346237,3901,67503,2,0.0353769143,"St. Lucie, FL",14,15,14,3691,3609,0,3,0,18,2761,468,341,65,33,1749,2355,1132,1022,122,179,155,6,4,0,12,6,2,3691,AHRF_natality_24,3.25,3.79,3.47,0,FALSE,Metro (RUCC 1-3),3609,TRUE,12.97,9.45,1.8,0.91,48.46,7.6,13.69,0.252,4.88,0.4,Both
12113,Santa Rosa,FL,193719,2443,40595,2,0.1990265957,"Santa Rosa, FL",3,3,3,1986,2019,1,3,0,9,0,293,168,18,17,618,1778,107,160,134,139,15,5,3,1,2,0,2,1986,AHRF_natality_24,1.01,1.51,1.03,0.5,FALSE,Metro (RUCC 1-3),2019,TRUE,14.51,8.32,0.89,0.84,30.61,7.82,14.02,1,4.53,0.182,Both
12115,Sarasota,FL,449011,2641,67560,2,0.0241056575,"Sarasota, FL",15,13,15,2960,2956,2,6,0,51,4626,349,224,39,23,1210,2558,290,595,108,174,39,10,6,0,20,0,2,2960,AHRF_natality_24,6.76,5.07,4.45,0.68,FALSE,Metro (RUCC 1-3),2956,TRUE,11.81,7.58,1.32,0.78,40.93,6.8,13.45,,17.23,0.282,Both
12117,Seminole,FL,474912,4656,112857,1,0.0324451637,"Seminole, FL",23,26,23,4664,4524,0,3,0,37,1189,521,375,55,22,1657,3192,889,1234,444,216,116,6,3,0,22,19,1,4664,AHRF_natality_24,4.72,4.93,4.63,0,FALSE,Metro (RUCC 1-3),4524,TRUE,11.52,8.29,1.22,0.49,36.63,6.77,13.05,0.7451,7.93,0.373,Both
12119,Sumter,FL,137536,749,9970,3,0.2157731673,"Sumter, FL",0,0,0,545,544,0,1,0,5,0,70,50,,,282,444,72,97,27,36,11,4,2,0,0,0,,545,AHRF_natality_24,0,0,0,0,FALSE,Metro (RUCC 1-3),544,TRUE,12.87,9.19,,,51.84,8.11,,1,9.17,0,OB/GYN only
12121,Suwannee,FL,44484,855,8219,6,0.8466209689,"Suwannee, FL",1,1,1,420,433,0,0,0,0,0,51,37,,10,233,361,61,70,11,28,,2,1,1,1,0,6,420,AHRF_natality_24,2.38,2.38,2.25,0,FALSE,"Nonmetro, adjacent (RUCC 4-6)",433,TRUE,11.78,8.55,,2.31,53.81,7.76,,1,0,1,Midwife only
12123,Taylor,FL,21422,480,3915,6,0.7003578638,"Taylor, FL",1,1,1,207,214,0,1,1,0,0,30,23,,,139,164,45,,,15,,2,1,1,0,0,,207,AHRF_natality_24,0,4.83,0,0,FALSE,"Nonmetro, adjacent (RUCC 4-6)",214,TRUE,14.02,10.75,,,64.95,9.15,,1,0,,Neither
12125,Union,FL,15551,168,2234,8,1,"Union, FL",0,0,0,137,157,0,2,1,0,0,22,12,,,77,134,17,10,,,,2,1,1,0,0,,137,AHRF_natality_24,0,0,0,0,FALSE,"Nonmetro, remote (RUCC 7-9)",157,TRUE,14.01,7.64,,,49.04,,,1,0,,Neither
12127,Volusia,FL,568229,4812,109267,2,0.0853700616,"Volusia, FL",4,3,4,4971,4985,3,7,0,24,5824,655,456,70,46,2558,3849,912,1088,224,300,135,14,10,0,6,2,2,4971,AHRF_natality_24,1.21,0.8,1.06,0.6,FALSE,Metro (RUCC 1-3),4985,TRUE,13.14,9.15,1.4,0.92,51.31,7.79,14.8,,4.83,0.2,Both
12129,Wakulla,FL,34608,292,6586,2,0.7001540102,"Wakulla, FL",0,0,0,338,339,0,0,0,1,0,34,24,,,133,291,38,12,,18,,0,0,0,0,0,,338,AHRF_natality_24,0,0,0,0,TRUE,Metro (RUCC 1-3),339,TRUE,10.03,7.08,,,39.23,6.19,,1,2.96,0,OB/GYN only
12131,Walton,FL,79846,786,15066,2,0.5614766616,"Walton, FL",1,1,1,977,950,1,1,0,6,1326,118,73,13,14,378,867,53,173,30,62,,3,3,0,1,0,2,977,AHRF_natality_24,1.02,1.02,1.25,1.02,FALSE,Metro (RUCC 1-3),950,TRUE,12.42,7.68,1.37,1.47,39.79,7.15,,,6.14,0.143,Both
12133,Washington,FL,25259,209,4740,3,1,"Washington, FL",0,0,0,282,260,0,1,1,0,0,29,21,,,128,221,25,10,15,16,,2,1,1,0,0,,282,AHRF_natality_24,0,0,0,0,FALSE,Metro (RUCC 1-3),260,TRUE,11.15,8.08,,,49.23,7.24,,1,0,,Neither
13001,Appling,GA,18426,183,3565,7,0.7097158968,"Appling, GA",0,0,0,214,205,0,1,0,0,0,28,22,,,122,153,44,35,,13,,1,1,0,0,0,,214,AHRF_natality_24,0,0,0,0,FALSE,"Nonmetro, remote (RUCC 7-9)",205,TRUE,13.66,10.73,,,59.51,8.5,,1,0,,Neither
13003,Atkinson,GA,8261,194,1876,9,1,"Atkinson, GA",0,0,0,144,141,0,0,0,0,0,19,12,,,69,108,13,56,21,,,0,0,0,0,0,,144,AHRF_natality_24,0,0,0,0,TRUE,"Nonmetro, remote (RUCC 7-9)",141,TRUE,13.48,8.51,,,48.94,,,1,0,,Neither
13005,Bacon,GA,11129,117,2443,9,1,"Bacon, GA",0,0,0,129,138,0,1,1,1,467,19,12,,,76,101,31,23,,,,2,1,1,0,0,,129,AHRF_natality_24,0,0,0,0,FALSE,"Nonmetro, remote (RUCC 7-9)",138,TRUE,13.77,8.7,,,55.07,,,,7.75,0,OB/GYN only
13007,Baker,GA,2830,13,623,8,1,"Baker, GA",0,0,0,18,22,0,0,0,0,0,,,,,14,13,,,,,,0,0,0,0,0,,18,AHRF_natality_24,,,0,,TRUE,"Nonmetro, remote (RUCC 7-9)",22,FALSE,,,,,,,,,,,Neither
13009,Baldwin,GA,43669,476,10738,4,0.487636704,"Baldwin, GA",0,0,0,388,383,1,2,0,4,486,59,43,,,236,169,199,15,15,12,30,3,2,0,1,0,4,388,AHRF_natality_24,2.58,0,2.29,2.58,FALSE,"Nonmetro, adjacent (RUCC 4-6)",383,TRUE,15.4,11.23,,,61.62,7.1,15.08,,10.31,0.2,Both
13011,Banks,GA,18757,178,3994,8,0.9558081508,"Banks, GA",0,0,0,244,250,0,0,0,0,0,36,23,,,89,234,,30,,22,,0,0,0,0,0,,244,AHRF_natality_24,0,0,0,0,TRUE,"Nonmetro, remote (RUCC 7-9)",250,TRUE,14.4,9.2,,,35.6,9.4,,1,0,,Neither
13013,Barrow,GA,86982,1428,20901,1,0.3296569068,"Barrow, GA",0,0,0,1223,1225,0,1,0,0,0,163,110,17,,424,967,171,274,87,81,22,1,1,0,0,0,,1223,AHRF_natality_24,0,0,0,0,FALSE,Metro (RUCC 1-3),1225,TRUE,13.31,8.98,1.39,,34.61,8.38,12.87,1,0,,Neither
13015,Bartow,GA,111153,1562,25324,1,0.3943122653,"Bartow, GA",12,11,12,1312,1344,0,1,0,1,677,154,100,13,10,513,1130,155,179,60,75,20,1,1,0,10,0,1,1312,AHRF_natality_24,7.62,9.15,9,0,FALSE,Metro (RUCC 1-3),1344,TRUE,11.46,7.44,0.97,0.74,38.17,6.64,12.9,0.484,0.76,0.909,Both
13017,Ben Hill,GA,17138,196,3941,7,0.3438990345,"Ben Hill, GA",0,0,0,219,209,0,1,0,1,582,37,28,,,139,106,96,21,,12,15,2,1,1,0,0,,219,AHRF_natality_24,0,0,0,0,FALSE,"Nonmetro, remote (RUCC 7-9)",209,TRUE,17.7,13.4,,,66.51,11.32,,,4.57,0,OB/GYN only
13019,Berrien,GA,18257,246,3891,8,0.7332599119,"Berrien, GA",0,0,0,226,230,0,1,0,0,0,29,22,,,112,191,32,27,,15,,2,2,0,0,0,,226,AHRF_natality_24,0,0,0,0,FALSE,"Nonmetro, remote (RUCC 7-9)",230,TRUE,12.61,9.57,,,48.7,7.85,,1,0,,Neither
13021,Bibb,GA,156543,2384,37139,3,0.1408551854,"Bibb, GA",8,8,8,2095,2026,1,6,1,56,4104,351,292,61,53,1357,657,1284,129,85,55,229,12,7,0,6,6,3,2095,AHRF_natality_24,2.86,3.82,3.83,0.48,FALSE,Metro (RUCC 1-3),2026,TRUE,17.32,14.41,3.01,2.62,66.98,8.37,17.83,,26.73,0.097,Both
13023,Bleckley,GA,12414,320,2902,6,0.5105300803,"Bleckley, GA",0,0,0,123,132,0,1,1,0,0,27,17,,,66,94,36,,,,,2,1,1,0,0,,123,AHRF_natality_24,0,0,0,0,FALSE,"Nonmetro, adjacent (RUCC 4-6)",132,TRUE,20.45,12.88,,,50,,,1,0,,Neither
13025,Brantley,GA,18171,258,3857,3,0.9932301204,"Brantley, GA",0,0,0,201,190,0,0,0,0,0,34,22,,,98,177,,,,18,,0,0,0,0,0,,201,AHRF_natality_24,0,0,0,0,TRUE,Metro (RUCC 1-3),190,TRUE,17.89,11.58,,,51.58,10.17,,1,0,,Neither
13027,Brooks,GA,16285,131,3397,3,1,"Brooks, GA",0,0,0,137,147,0,1,1,0,0,24,19,,,91,83,61,23,,,11,2,1,1,0,0,,137,AHRF_natality_24,0,0,0,0,FALSE,Metro (RUCC 1-3),147,TRUE,16.33,12.93,,,61.9,,,1,0,,Neither
13029,Bryan,GA,46681,525,11458,2,0.4678125978,"Bryan, GA",1,1,1,623,630,0,0,0,6,0,79,47,,,173,489,101,53,40,32,10,0,0,0,1,0,2,623,AHRF_natality_24,1.61,1.61,2.14,0,TRUE,Metro (RUCC 1-3),630,TRUE,12.54,7.46,,,27.46,6.54,9.9,1,9.63,0.143,Both
13031,Bulloch,GA,81372,1169,22964,4,0.4514358993,"Bulloch, GA",0,0,0,845,860,0,2,0,10,969,129,97,17,13,442,513,305,60,42,42,50,2,2,0,0,0,,845,AHRF_natality_24,0,0,0,0,FALSE,"Nonmetro, adjacent (RUCC 4-6)",860,TRUE,15,11.28,1.98,1.51,51.4,8.19,16.39,,11.83,0,OB/GYN only
13033,Burke,GA,24427,256,5227,2,0.7518702228,"Burke, GA",0,0,0,271,248,0,1,0,0,0,40,24,,,161,106,135,16,,,17,1,1,0,0,0,,271,AHRF_natality_24,0,0,0,0,FALSE,Metro (RUCC 1-3),248,TRUE,16.13,9.68,,,64.92,,12.59,1,0,,Neither
13035,Butts,GA,26074,230,5161,1,0.7760084926,"Butts, GA",0,0,0,305,292,0,1,1,0,0,41,32,,,143,209,74,13,,17,15,2,1,1,0,0,,305,AHRF_natality_24,0,0,0,0,FALSE,Metro (RUCC 1-3),292,TRUE,14.04,10.96,,,48.97,8.13,,1,0,,Neither
13037,Calhoun,GA,5528,25,805,8,1,"Calhoun, GA",0,0,0,55,50,0,0,0,0,0,,,,,32,20,30,,,,,1,1,0,0,0,,55,AHRF_natality_24,0,0,0,0,FALSE,"Nonmetro, remote (RUCC 7-9)",50,FALSE,,,,,,,,,0,,Neither
13039,Camden,GA,56036,781,12019,4,0.2958114227,"Camden, GA",5,5,5,790,711,1,1,0,4,569,91,64,10,,225,517,128,80,66,41,18,1,1,0,1,0,4,790,AHRF_natality_24,1.27,6.33,1.78,1.27,FALSE,"Nonmetro, adjacent (RUCC 4-6)",711,TRUE,12.8,9,1.41,,31.65,7.93,14.06,0.2797,5.06,0.2,Both
13043,Candler,GA,10972,57,2260,9,1,"Candler, GA",0,0,0,138,137,0,1,1,0,0,23,11,,,67,97,36,22,,,,2,1,1,0,0,,138,AHRF_natality_24,0,0,0,0,FALSE,"Nonmetro, remote (RUCC 7-9)",137,TRUE,16.79,8.03,,,48.91,,,1,0,,Neither
13045,Carroll,GA,122187,2207,30266,1,0.5438278444,"Carroll, GA",1,1,1,1607,1591,0,2,0,11,1830,184,145,22,25,731,1182,333,195,76,91,44,3,3,0,2,1,1,1607,AHRF_natality_24,1.24,0.62,1.64,0,FALSE,Metro (RUCC 1-3),1591,TRUE,11.57,9.11,1.38,1.57,45.95,7.7,13.21,,6.85,0.154,Both
13047,Catoosa,GA,68356,766,15018,2,0.2372259547,"Catoosa, GA",1,1,1,355,647,0,1,0,4,0,80,57,10,,221,599,23,27,25,52,,3,2,0,1,0,2,355,AHRF_natality_24,2.82,2.82,1.46,0,FALSE,Metro (RUCC 1-3),647,TRUE,12.36,8.81,1.55,,34.16,8.68,,1,11.27,0.2,Both
13049,Charlton,GA,12711,188,2287,8,1,"Charlton, GA",0,0,0,132,116,0,0,0,0,0,12,,,,57,87,24,,,,,2,1,1,0,0,,132,AHRF_natality_24,0,0,0,0,FALSE,"Nonmetro, remote (RUCC 7-9)",116,TRUE,10.34,,,,49.14,,,1,0,,Neither
13051,Chatham,GA,298143,3394,73662,2,0.0301668524,"Chatham, GA",13,12,13,3483,3627,0,8,0,64,3755,596,423,63,43,1805,1845,1540,511,242,150,248,12,6,0,12,2,2,3483,AHRF_natality_24,3.45,3.73,4.02,0,FALSE,Metro (RUCC 1-3),3627,TRUE,16.43,11.66,1.74,1.19,49.77,8.13,16.1,,18.37,0.158,Both
13053,Chattahoochee,GA,9181,180,1757,2,0.4008363826,"Chattahoochee, GA",2,1,2,185,170,0,1,0,1,754,22,,,,22,126,29,33,16,,,0,0,0,0,0,,185,AHRF_natality_24,0,10.81,0,0,TRUE,Metro (RUCC 1-3),170,TRUE,12.94,,,,12.94,,,,5.41,0,OB/GYN only
13055,Chattooga,GA,24975,362,4920,6,0.5903464851,"Chattooga, GA",0,0,0,257,251,0,0,0,0,0,35,19,,,142,229,14,19,,17,,1,1,0,0,0,,257,AHRF_natality_24,0,0,0,0,FALSE,"Nonmetro, adjacent (RUCC 4-6)",251,TRUE,13.94,7.57,,,56.57,7.42,,1,0,,Neither
13057,Cherokee,GA,274539,3304,62312,1,0.1829795214,"Cherokee, GA",5,5,5,2871,2917,1,1,0,15,2730,295,202,34,23,737,2530,235,576,153,160,28,2,2,0,5,4,1,2871,AHRF_natality_24,1.74,1.74,1.82,0.35,FALSE,Metro (RUCC 1-3),2917,TRUE,10.11,6.92,1.17,0.79,25.27,6.32,11.91,0.0491,5.22,0.25,Both
13059,Clarke,GA,129267,1151,40718,3,0.0592441187,"Clarke, GA",17,17,17,1307,1342,1,3,0,25,3102,221,143,25,17,642,809,451,249,81,55,78,6,3,0,15,15,3,1307,AHRF_natality_24,11.48,13.01,11.6,0.77,FALSE,Metro (RUCC 1-3),1342,TRUE,16.47,10.66,1.86,1.27,47.84,6.8,17.29,,19.13,0.375,Both
13061,Clay,GA,2853,39,611,9,1,"Clay, GA",0,0,0,34,25,0,0,0,0,0,,,,,19,,20,,,,,1,1,0,0,0,,34,AHRF_natality_24,,,0,,FALSE,"Nonmetro, remote (RUCC 7-9)",25,FALSE,,,,,,,,,,,Neither
13063,Clayton,GA,298771,5253,78684,1,0.0052487441,"Clayton, GA",8,9,8,3273,3387,1,2,0,11,1518,598,506,87,48,2383,764,2375,686,249,75,401,5,2,0,10,3,1,3273,AHRF_natality_24,3.06,2.44,3.35,0.31,FALSE,Metro (RUCC 1-3),3387,TRUE,17.66,14.94,2.57,1.42,70.36,9.82,16.88,0.5362,3.36,0.476,Both
13065,Clinch,GA,6722,164,1630,8,1,"Clinch, GA",0,0,0,92,92,0,1,1,1,0,18,12,,,57,55,32,,,,,2,1,1,0,0,,92,AHRF_natality_24,0,0,0,0,FALSE,"Nonmetro, remote (RUCC 7-9)",92,FALSE,,,,,,,,,10.87,0,OB/GYN only
13067,Cobb,GA,769152,8853,190571,1,5.22092e-5,"Cobb, GA",46,48,45,8919,8847,2,5,0,101,8842,1039,805,148,65,3122,5456,2597,2168,795,380,348,8,5,0,33,29,1,8919,AHRF_natality_24,3.7,5.16,4.29,0.22,FALSE,Metro (RUCC 1-3),8847,TRUE,11.74,9.1,1.67,0.73,35.29,6.96,13.4,0.0086,11.32,0.246,Both
13069,Coffee,GA,43161,963,9351,7,0.66912652,"Coffee, GA",0,0,0,567,567,1,1,0,4,724,71,60,10,13,311,367,154,113,46,31,24,1,1,0,0,0,,567,AHRF_natality_24,0,0,0,1.76,FALSE,"Nonmetro, remote (RUCC 7-9)",567,TRUE,12.52,10.58,1.76,2.29,54.85,8.45,15.58,,7.05,0,OB/GYN only
13071,Colquitt,GA,45907,952,9936,6,0.5813107325,"Colquitt, GA",2,2,2,624,612,1,2,0,5,661,74,71,14,22,353,428,168,187,17,37,32,3,2,0,1,1,6,624,AHRF_natality_24,1.6,3.21,2.18,1.6,FALSE,"Nonmetro, adjacent (RUCC 4-6)",612,TRUE,12.09,11.6,2.29,3.59,57.68,8.64,19.05,,8.01,0.167,Both
13073,Columbia,GA,159638,1682,37742,2,0.1494711877,"Columbia, GA",0,0,0,1708,1708,0,0,0,24,0,203,130,20,12,433,1200,347,169,161,74,42,0,0,0,0,0,,1708,AHRF_natality_24,0,0,0,0,TRUE,Metro (RUCC 1-3),1708,TRUE,11.89,7.61,1.17,0.7,25.35,6.17,12.1,1,14.05,0,OB/GYN only
13075,Cook,GA,17363,149,3775,6,0.5917348656,"Cook, GA",0,0,0,231,221,0,1,0,0,0,32,30,,,121,150,65,20,,16,12,1,1,0,0,0,,231,AHRF_natality_24,0,0,0,0,FALSE,"Nonmetro, adjacent (RUCC 4-6)",221,TRUE,14.48,13.57,,,54.75,10.67,,1,0,,Neither
13077,Coweta,GA,150071,1759,34784,1,0.4489251358,"Coweta, GA",4,4,4,1737,1672,0,3,0,12,765,241,162,32,14,580,1188,385,165,99,84,69,5,4,0,3,2,1,1737,AHRF_natality_24,1.73,2.3,2,0,FALSE,Metro (RUCC 1-3),1672,TRUE,14.41,9.69,1.91,0.84,34.69,7.07,17.92,0.5596,6.91,0.2,Both
13079,Crawford,GA,12183,91,2169,3,1,"Crawford, GA",0,0,0,82,78,0,0,0,0,0,10,,,,38,63,13,,,,,1,1,0,0,0,,82,AHRF_natality_24,0,0,0,0,FALSE,Metro (RUCC 1-3),78,FALSE,,,,,,,,,0,,Neither
13081,Crisp,GA,19995,260,4120,6,0.4569256757,"Crisp, GA",7,6,7,222,231,1,1,0,2,248,50,37,,,169,88,135,,,10,26,1,1,0,8,0,6,222,AHRF_natality_24,36.04,31.53,40.01,4.5,FALSE,"Nonmetro, adjacent (RUCC 4-6)",231,TRUE,21.65,16.02,,,73.16,,19.26,,9.01,0.8,Both
13083,Dade,GA,16196,200,3308,2,0.9458494862,"Dade, GA",0,0,0,86,145,0,0,0,0,0,15,12,,,52,139,,,,11,,1,0,0,0,0,,86,AHRF_natality_24,0,0,0,0,FALSE,Metro (RUCC 1-3),145,TRUE,10.34,8.28,,,35.86,7.91,,,0,,Neither
13085,Dawson,GA,28704,511,5834,1,0.6940070154,"Dawson, GA",1,1,1,365,369,0,0,0,1,0,39,23,,,102,346,,39,19,22,,0,0,0,1,0,1,365,AHRF_natality_24,2.74,2.74,3.48,0,TRUE,Metro (RUCC 1-3),369,TRUE,10.57,6.23,,,27.64,6.36,,1,2.74,0.5,Both
13087,Decatur,GA,29118,194,6407,6,0.5281438349,"Decatur, GA",0,0,0,355,327,0,1,0,2,751,62,48,,,218,156,165,25,,15,33,1,1,0,0,0,,355,AHRF_natality_24,0,0,0,0,FALSE,"Nonmetro, adjacent (RUCC 4-6)",327,TRUE,18.96,14.68,,,66.67,9.62,20,,5.63,0,OB/GYN only
13089,DeKalb,GA,762105,9561,195603,1,0.0015790534,"DeKalb, GA",31,32,31,10016,9819,1,10,0,144,3100,1488,1079,184,118,4808,4084,4727,1951,1009,278,685,25,13,0,35,28,1,10016,AHRF_natality_24,3.49,3.1,4.59,0.1,FALSE,Metro (RUCC 1-3),9819,TRUE,15.15,10.99,1.87,1.2,48.97,6.81,14.49,0.6905,14.38,0.196,Both
13091,Dodge,GA,19909,144,3736,7,0.6878293601,"Dodge, GA",0,0,0,175,187,0,1,0,1,0,43,23,,,111,123,58,10,,12,10,1,1,0,0,0,,175,AHRF_natality_24,0,0,0,0,FALSE,"Nonmetro, remote (RUCC 7-9)",187,TRUE,22.99,12.3,,,59.36,9.76,,1,5.71,0,OB/GYN only
13093,Dooly,GA,11026,23,1868,8,1,"Dooly, GA",0,0,0,99,98,0,0,0,0,0,19,14,,,61,55,39,21,,,,2,1,1,0,0,,99,AHRF_natality_24,0,0,0,0,FALSE,"Nonmetro, remote (RUCC 7-9)",98,FALSE,,,,,,,,,0,,Neither
13095,Dougherty,GA,83915,1260,20567,3,0.1435015736,"Dougherty, GA",13,11,13,1082,1092,1,1,0,13,1339,187,145,31,26,806,257,814,51,21,22,121,4,3,0,11,10,3,1082,AHRF_natality_24,10.17,12.01,13.11,0.92,FALSE,Metro (RUCC 1-3),1092,TRUE,17.12,13.28,2.84,2.38,73.81,8.56,14.86,,12.01,0.458,Both
13097,Douglas,GA,146141,2288,36568,1,0.1547591811,"Douglas, GA",3,3,3,1736,1700,1,2,0,5,602,225,206,30,16,909,643,961,294,96,47,148,2,2,0,3,0,1,1736,AHRF_natality_24,1.73,1.73,2.05,0.58,FALSE,Metro (RUCC 1-3),1700,TRUE,13.24,12.12,1.76,0.94,53.47,7.31,15.4,0.6532,2.88,0.375,Both
13099,Early,GA,10683,51,2251,8,1,"Early, GA",0,0,0,111,113,0,1,1,0,0,21,20,,,84,38,73,,,,14,3,1,2,0,0,,111,AHRF_natality_24,0,0,0,0,FALSE,"Nonmetro, remote (RUCC 7-9)",113,TRUE,18.58,17.7,,,74.34,,,1,0,,Neither
13101,Echols,GA,3705,119,881,3,1,"Echols, GA",0,0,0,46,42,0,0,0,0,0,,,,,23,40,,18,,,,0,0,0,0,0,,46,AHRF_natality_24,,,0,,TRUE,Metro (RUCC 1-3),42,FALSE,,,,,,,,,,,Neither
13103,Effingham,GA,67265,1574,15855,2,0.7421142831,"Effingham, GA",1,1,1,763,827,0,1,1,1,0,128,82,13,,285,655,142,70,31,56,23,2,1,1,0,0,,763,AHRF_natality_24,0,1.31,0,0,FALSE,Metro (RUCC 1-3),827,TRUE,15.48,9.92,1.57,,34.46,8.55,16.2,1,1.31,0,OB/GYN only
13105,Elbert,GA,19725,217,4161,6,0.7097316291,"Elbert, GA",0,0,0,249,217,0,1,1,0,0,40,25,,,115,151,62,23,,13,11,2,1,1,0,0,,249,AHRF_natality_24,0,0,0,0,FALSE,"Nonmetro, adjacent (RUCC 4-6)",217,TRUE,18.43,11.52,,,53,8.61,,1,0,,Neither
13107,Emanuel,GA,22961,591,4916,7,0.6815267041,"Emanuel, GA",0,0,0,290,286,0,1,0,0,552,55,31,,11,177,171,107,19,,14,16,1,1,0,0,0,,290,AHRF_natality_24,0,0,0,0,FALSE,"Nonmetro, remote (RUCC 7-9)",286,TRUE,19.23,10.84,,3.85,61.89,8.19,14.95,,0,,Neither
13109,Evans,GA,10740,183,2468,8,1,"Evans, GA",0,0,0,114,131,0,1,0,0,0,22,17,,,87,87,40,31,,,,1,1,0,0,0,,114,AHRF_natality_24,0,0,0,0,FALSE,"Nonmetro, remote (RUCC 7-9)",131,TRUE,16.79,12.98,,,66.41,,,1,0,,Neither
13111,Fannin,GA,25605,308,4252,8,1,"Fannin, GA",0,0,0,184,187,0,1,0,0,0,27,16,,,75,180,,12,,15,,3,1,1,0,0,,184,AHRF_natality_24,0,0,0,0,FALSE,"Nonmetro, remote (RUCC 7-9)",187,TRUE,14.44,8.56,,,40.11,8.33,,1,0,,Neither
13113,Fayette,GA,120689,1636,25127,1,0.1813178516,"Fayette, GA",20,16,20,933,908,0,1,0,34,1017,122,98,15,,293,508,295,88,105,42,44,1,1,0,23,10,1,933,AHRF_natality_24,24.65,21.44,19.06,0,FALSE,Metro (RUCC 1-3),908,TRUE,13.44,10.79,1.65,,32.27,8.27,14.92,,36.44,0.404,Both
13115,Floyd,GA,98985,1115,22898,3,0.3872940842,"Floyd, GA",3,3,3,1142,1107,1,2,0,15,2184,158,106,17,24,557,899,164,213,43,75,27,7,3,0,5,3,3,1142,AHRF_natality_24,4.38,2.63,5.05,0.88,FALSE,Metro (RUCC 1-3),1107,TRUE,14.27,9.58,1.54,2.17,50.32,8.34,16.46,,13.13,0.25,Both
13117,Forsyth,GA,260062,3228,60805,1,0.0773868507,"Forsyth, GA",5,5,5,2401,2336,1,2,0,13,3802,251,165,22,,370,1606,131,353,600,93,17,3,2,0,7,7,1,2401,AHRF_natality_24,2.92,2.08,2.69,0.42,FALSE,Metro (RUCC 1-3),2336,TRUE,10.74,7.06,0.94,,15.84,5.79,12.98,,5.41,0.35,Both
13119,Franklin,GA,23840,274,5027,8,1,"Franklin, GA",0,0,0,284,308,0,1,0,3,463,41,24,,,131,273,28,32,,19,,1,1,0,0,0,,284,AHRF_natality_24,0,0,0,0,FALSE,"Nonmetro, remote (RUCC 7-9)",308,TRUE,13.31,7.79,,,42.53,6.96,,,10.56,0,OB/GYN only
13121,Fulton,GA,1068507,12389,282790,1,0.0063231806,"Fulton, GA",95,87,95,12267,12289,4,9,0,356,27375,1665,1424,245,117,5594,4793,6180,1236,1316,325,958,37,25,0,114,102,1,12267,AHRF_natality_24,9.29,7.74,10.67,0.33,FALSE,Metro (RUCC 1-3),12289,TRUE,13.55,11.59,1.99,0.95,45.52,6.78,15.5,,29.02,0.243,Both
13123,Gilmer,GA,31976,349,5450,6,0.7850923357,"Gilmer, GA",0,0,0,300,309,0,0,0,1,0,40,24,,,144,300,,111,,23,,2,2,0,0,0,,300,AHRF_natality_24,0,0,0,0,FALSE,"Nonmetro, adjacent (RUCC 4-6)",309,TRUE,12.94,7.77,,,46.6,7.67,,1,3.33,0,OB/GYN only
13125,Glascock,GA,2913,2,706,9,1,"Glascock, GA",0,0,0,36,35,0,0,0,0,0,,,,,14,32,,,,,,0,0,0,0,0,,36,AHRF_natality_24,,,0,,TRUE,"Nonmetro, remote (RUCC 7-9)",35,FALSE,,,,,,,,,,,Neither
13127,Glynn,GA,84987,1327,18098,3,0.1863809039,"Glynn, GA",0,0,0,870,883,0,2,0,12,1519,155,92,11,17,477,560,275,154,48,40,47,2,1,0,1,0,3,870,AHRF_natality_24,1.15,0,1.18,0,FALSE,Metro (RUCC 1-3),883,TRUE,17.55,10.42,1.25,1.93,54.02,7.14,17.09,,13.79,0.077,Both
13129,Gordon,GA,58336,836,13174,4,0.5991589045,"Gordon, GA",2,1,2,676,667,0,1,0,6,730,85,58,10,12,283,612,26,149,28,50,,1,1,0,2,0,4,676,AHRF_natality_24,2.96,2.96,3.43,0,FALSE,"Nonmetro, adjacent (RUCC 4-6)",667,TRUE,12.74,8.7,1.5,1.8,42.43,8.17,,,8.88,0.25,Both
13131,Grady,GA,26056,179,5550,6,0.6056563501,"Grady, GA",0,0,0,295,289,1,1,0,2,278,43,28,,,170,191,88,85,10,16,12,1,1,0,0,0,,295,AHRF_natality_24,0,0,0,3.39,FALSE,"Nonmetro, adjacent (RUCC 4-6)",289,TRUE,14.88,9.69,,,58.82,8.38,,0.0576,6.78,0,OB/GYN only
13133,Greene,GA,19586,79,3236,8,1,"Greene, GA",0,0,0,140,142,0,1,1,1,0,32,20,,,78,85,52,22,,,14,2,1,1,0,0,,140,AHRF_natality_24,0,0,0,0,FALSE,"Nonmetro, remote (RUCC 7-9)",142,TRUE,22.54,14.08,,,54.93,,,1,7.14,0,OB/GYN only
13135,Gwinnett,GA,966972,12649,239223,1,0.0047280114,"Gwinnett, GA",35,30,35,11279,11039,2,5,0,83,6707,1444,1014,180,102,4657,6131,3291,3899,1616,448,417,6,4,0,30,12,1,11279,AHRF_natality_24,2.66,3.1,3.1,0.18,FALSE,Metro (RUCC 1-3),11039,TRUE,13.08,9.19,1.63,0.92,42.19,7.31,12.67,0.4054,7.36,0.265,Both
13137,Habersham,GA,46948,360,11070,6,0.5933392714,"Habersham, GA",2,3,2,519,525,0,1,0,3,432,60,45,,,201,491,15,161,18,41,,1,1,0,3,0,6,519,AHRF_natality_24,5.78,3.85,6.39,0,FALSE,"Nonmetro, adjacent (RUCC 4-6)",525,TRUE,11.43,8.57,,,38.29,8.35,,0.1676,5.78,0.5,Both
13139,Hall,GA,208395,2869,46440,3,0.2594813327,"Hall, GA",18,17,17,2736,2716,1,1,0,21,5161,320,199,37,46,1146,2394,213,1255,108,162,26,3,2,0,24,24,3,2736,AHRF_natality_24,8.77,6.58,11.52,0.37,FALSE,Metro (RUCC 1-3),2716,TRUE,11.78,7.33,1.36,1.69,42.19,6.77,12.21,,7.68,0.533,Both
13141,Hancock,GA,8630,0,1224,9,1,"Hancock, GA",0,0,0,55,50,0,0,0,0,0,10,,,,40,,44,,,,,2,2,0,0,0,,55,AHRF_natality_24,0,0,0,0,FALSE,"Nonmetro, remote (RUCC 7-9)",50,FALSE,,,,,,,,,0,,Neither
13143,Haralson,GA,30720,223,6875,1,0.7566095124,"Haralson, GA",1,1,1,357,355,0,1,1,0,0,43,31,,,151,328,16,,11,27,,2,1,1,0,0,,357,AHRF_natality_24,0,2.8,0,0,FALSE,Metro (RUCC 1-3),355,TRUE,12.11,8.73,,,42.54,8.23,,1,0,,Neither
13145,Harris,GA,35509,380,7131,2,0.9719049267,"Harris, GA",0,0,0,301,292,0,0,0,3,0,40,23,,,83,235,44,14,13,16,,0,0,0,0,0,,301,AHRF_natality_24,0,0,0,0,TRUE,Metro (RUCC 1-3),292,TRUE,13.7,7.88,,,28.42,6.81,,1,9.97,0,OB/GYN only
13147,Hart,GA,26484,348,5072,6,0.7691265293,"Hart, GA",0,0,0,239,252,0,0,0,1,0,39,25,,,120,199,48,24,,17,,1,1,0,0,0,,239,AHRF_natality_24,0,0,0,0,FALSE,"Nonmetro, adjacent (RUCC 4-6)",252,TRUE,15.48,9.92,,,47.62,8.54,,1,4.18,0,OB/GYN only
13149,Heard,GA,11616,94,2530,1,1,"Heard, GA",0,0,0,98,109,0,0,0,0,0,13,10,,,47,100,,,,,,1,1,0,0,0,,98,AHRF_natality_24,0,0,0,0,FALSE,Metro (RUCC 1-3),109,TRUE,11.93,9.17,,,43.12,,,,0,,Neither
13151,Henry,GA,245417,3048,61940,1,0.1882083153,"Henry, GA",5,4,5,2920,2837,0,2,0,21,1396,437,351,53,21,1505,914,1726,324,196,69,257,3,1,0,4,0,1,2920,AHRF_natality_24,1.37,1.71,1.63,0,FALSE,Metro (RUCC 1-3),2837,TRUE,15.4,12.37,1.87,0.74,53.05,7.55,14.89,0.5219,7.19,0.16,Both
13153,Houston,GA,166902,1960,40387,3,0.0897740676,"Houston, GA",7,5,7,2068,1985,1,1,0,12,1971,265,204,34,26,933,1101,752,222,132,84,108,3,2,0,5,0,3,2068,AHRF_natality_24,2.42,3.38,3,0.48,FALSE,Metro (RUCC 1-3),1985,TRUE,13.35,10.28,1.71,1.31,47,7.63,14.36,0.0469,5.8,0.294,Both
13155,Irwin,GA,9385,78,1949,9,1,"Irwin, GA",0,0,0,99,92,0,1,0,0,0,10,,,,41,66,21,,,,,2,1,0,0,0,,99,AHRF_natality_24,0,0,0,0,FALSE,"Nonmetro, remote (RUCC 7-9)",92,FALSE,,,,,,,,,0,,Neither
13157,Jackson,GA,80640,1170,18398,4,0.6281897585,"Jackson, GA",4,4,4,1044,1057,0,0,0,7,0,140,84,16,,292,895,95,169,66,63,15,1,1,0,0,0,,1044,AHRF_natality_24,0,3.83,0,0,FALSE,"Nonmetro, adjacent (RUCC 4-6)",1057,TRUE,13.25,7.95,1.51,,27.63,7.04,,1,6.7,0,OB/GYN only
13159,Jasper,GA,15345,174,3187,1,1,"Jasper, GA",0,0,0,196,177,0,1,1,2,0,26,15,,,71,148,26,15,,12,,2,1,1,0,0,,196,AHRF_natality_24,0,0,0,0,FALSE,Metro (RUCC 1-3),177,TRUE,14.69,8.47,,,40.11,8.11,,1,10.2,0,OB/GYN only
13161,Jeff Davis,GA,14838,148,3229,9,0.6672981934,"Jeff Davis, GA",0,0,0,160,170,0,1,1,0,0,21,13,,,91,142,21,43,,,,2,1,1,0,0,,160,AHRF_natality_24,0,0,0,0,FALSE,"Nonmetro, remote (RUCC 7-9)",170,TRUE,12.35,7.65,,,53.53,,,1,0,,Neither
13163,Jefferson,GA,15468,290,3229,8,1,"Jefferson, GA",0,0,0,174,165,0,1,0,0,0,32,26,,,99,78,83,12,,,17,1,1,0,0,0,,174,AHRF_natality_24,0,0,0,0,FALSE,"Nonmetro, remote (RUCC 7-9)",165,TRUE,19.39,15.76,,,60,,,1,0,,Neither
13165,Jenkins,GA,8674,101,1626,9,1,"Jenkins, GA",0,0,0,90,90,0,1,1,0,0,18,13,,,54,54,34,,,,,2,1,1,0,0,,90,AHRF_natality_24,0,0,0,0,FALSE,"Nonmetro, remote (RUCC 7-9)",90,FALSE,,,,,,,,,0,,Neither
13167,Johnson,GA,9192,53,1410,9,1,"Johnson, GA",0,0,0,94,95,0,0,0,0,0,19,,,,52,67,27,,,,,0,0,0,0,0,,94,AHRF_natality_24,0,0,0,0,TRUE,"Nonmetro, remote (RUCC 7-9)",95,FALSE,,,,,,,,,0,,Neither
13169,Jones,GA,28526,443,6285,3,0.8341270681,"Jones, GA",1,1,1,239,235,0,0,0,0,0,34,21,,,91,186,42,,,13,,0,0,0,1,0,3,239,AHRF_natality_24,4.18,4.18,3.51,0,TRUE,Metro (RUCC 1-3),235,TRUE,14.47,8.94,,,38.72,6.99,,1,0,1,Midwife only
13171,Lamar,GA,19098,147,4579,6,0.6310810811,"Lamar, GA",0,0,0,208,222,0,0,0,0,0,31,22,,,104,165,51,,,15,,0,0,0,0,0,,208,AHRF_natality_24,0,0,0,0,TRUE,"Nonmetro, adjacent (RUCC 4-6)",222,TRUE,13.96,9.91,,,46.85,9.09,,1,0,,Neither
13173,Lanier,GA,10094,122,2386,3,1,"Lanier, GA",0,0,0,116,112,0,1,1,0,0,18,15,,,49,81,24,10,,,,2,1,1,0,0,,116,AHRF_natality_24,0,0,0,0,FALSE,Metro (RUCC 1-3),112,TRUE,16.07,13.39,,,43.75,,,1,0,,Neither
13175,Laurens,GA,49619,427,11208,4,0.5795440791,"Laurens, GA",1,1,1,602,606,0,2,0,8,956,154,81,14,14,350,329,258,29,19,30,49,2,1,0,3,3,4,602,AHRF_natality_24,4.98,1.66,6.05,0,FALSE,"Nonmetro, adjacent (RUCC 4-6)",606,TRUE,25.41,13.37,2.31,2.31,57.76,9.12,18.99,,13.29,0.273,Both
13177,Lee,GA,33337,384,7664,3,0.6236468353,"Lee, GA",0,0,0,299,307,0,0,0,3,0,44,31,,,133,207,82,16,17,16,12,0,0,0,0,0,,299,AHRF_natality_24,0,0,0,0,TRUE,Metro (RUCC 1-3),307,TRUE,14.33,10.1,,,43.32,7.73,,1,10.03,0,OB/GYN only
13179,Liberty,GA,66826,1801,16295,3,0.2351354665,"Liberty, GA",10,11,9,1394,1377,1,2,1,3,719,189,132,19,14,458,684,561,219,131,46,75,4,1,1,6,0,3,1394,AHRF_natality_24,4.3,7.17,8.98,0.72,FALSE,Metro (RUCC 1-3),1377,TRUE,13.73,9.59,1.38,1.02,33.26,6.73,13.37,0.4842,2.15,0.667,Both
13181,Lincoln,GA,7773,15,1570,2,1,"Lincoln, GA",0,0,0,76,81,0,0,0,0,0,10,,,,36,57,23,,,,,0,0,0,0,0,,76,AHRF_natality_24,0,0,0,0,TRUE,Metro (RUCC 1-3),81,FALSE,,,,,,,,,0,,Neither
13183,Long,GA,17512,278,4369,3,0.802387432,"Long, GA",0,0,0,257,273,0,0,0,0,0,41,25,,,91,180,74,41,19,11,12,0,0,0,0,0,,257,AHRF_natality_24,0,0,0,0,TRUE,Metro (RUCC 1-3),273,TRUE,15.02,9.16,,,33.33,6.11,,1,0,,Neither
13185,Lowndes,GA,119055,2261,31144,3,0.3507961878,"Lowndes, GA",9,9,9,1554,1581,0,2,0,13,1476,243,199,35,31,786,845,660,169,77,77,114,6,3,0,7,5,3,1554,AHRF_natality_24,4.5,5.79,5.88,0,FALSE,Metro (RUCC 1-3),1581,TRUE,15.37,12.59,2.21,1.96,49.72,9.11,17.27,0.0502,8.37,0.35,Both
13187,Lumpkin,GA,33931,542,8385,1,0.8056617296,"Lumpkin, GA",1,1,1,315,309,0,1,0,2,0,32,23,,,90,299,,21,,23,,2,2,0,1,0,1,315,AHRF_natality_24,3.17,3.17,2.95,0,FALSE,Metro (RUCC 1-3),309,TRUE,10.36,7.44,,,29.13,7.69,,1,6.35,0.333,Both
13189,McDuffie,GA,21687,194,4556,2,0.59375,"McDuffie, GA",0,0,0,264,252,0,1,0,0,0,35,28,,,150,136,108,12,,12,15,1,1,0,0,0,,264,AHRF_natality_24,0,0,0,0,FALSE,Metro (RUCC 1-3),252,TRUE,13.89,11.11,,,59.52,8.82,13.89,1,0,,Neither
13191,McIntosh,GA,11187,106,1989,3,1,"McIntosh, GA",1,1,1,103,100,0,0,0,0,0,20,16,,,57,61,36,,,,,0,0,0,1,0,3,103,AHRF_natality_24,9.71,9.71,8.94,0,TRUE,Metro (RUCC 1-3),100,TRUE,20,16,,,57,,,1,0,1,Midwife only
13193,Macon,GA,11953,198,2095,8,1,"Macon, GA",0,0,0,129,121,0,1,0,0,0,16,13,,,73,54,63,14,,,,1,1,0,0,0,,129,AHRF_natality_24,0,0,0,0,FALSE,"Nonmetro, remote (RUCC 7-9)",121,TRUE,13.22,10.74,,,60.33,,,1,0,,Neither
13195,Madison,GA,30914,840,6924,3,0.9065737052,"Madison, GA",0,0,0,407,403,0,0,0,0,0,62,39,,,149,349,36,49,18,28,,0,0,0,0,0,,407,AHRF_natality_24,0,0,0,0,TRUE,Metro (RUCC 1-3),403,TRUE,15.38,9.68,,,36.97,8.02,,1,0,,Neither
13197,Marion,GA,7474,155,1424,2,1,"Marion, GA",0,0,0,78,72,0,0,0,0,0,11,,,,40,49,21,,,,,1,1,0,0,0,,78,AHRF_natality_24,0,0,0,0,FALSE,Metro (RUCC 1-3),72,FALSE,,,,,,,,,0,,Neither
13199,Meriwether,GA,20757,644,4331,1,1,"Meriwether, GA",0,0,0,216,215,0,3,1,1,0,40,30,,,128,125,81,,,14,16,5,2,1,0,0,,216,AHRF_natality_24,0,0,0,0,FALSE,Metro (RUCC 1-3),215,TRUE,18.6,13.95,,,59.53,11.2,,1,4.63,0,OB/GYN only
13201,Miller,GA,5873,21,1251,9,1,"Miller, GA",0,0,0,60,54,0,1,1,0,0,,,,,30,35,19,,,,,2,1,1,0,0,,60,AHRF_natality_24,0,0,0,0,FALSE,"Nonmetro, remote (RUCC 7-9)",54,FALSE,,,,,,,,,0,,Neither
13205,Mitchell,GA,21441,277,4204,6,0.7577568375,"Mitchell, GA",0,0,0,231,226,0,1,1,0,0,34,31,,,152,105,115,15,,,21,2,1,1,0,0,,231,AHRF_natality_24,0,0,0,0,FALSE,"Nonmetro, adjacent (RUCC 4-6)",226,TRUE,15.04,13.72,,,67.26,,18.26,1,0,,Neither
13207,Monroe,GA,28919,222,5978,3,0.818363916,"Monroe, GA",1,2,1,268,255,0,1,1,1,0,37,31,,,104,195,54,,,21,,2,1,1,1,0,3,268,AHRF_natality_24,3.73,3.73,3.46,0,FALSE,Metro (RUCC 1-3),255,TRUE,14.51,12.16,,,40.78,10.77,,1,3.73,0.5,Both
13209,Montgomery,GA,8675,109,1860,9,0.9871080139,"Montgomery, GA",0,0,0,81,102,0,0,0,0,0,25,11,,,53,77,23,,,,,0,0,0,0,0,,81,AHRF_natality_24,0,0,0,0,TRUE,"Nonmetro, remote (RUCC 7-9)",102,TRUE,24.51,10.78,,,51.96,,,,0,,Neither
13211,Morgan,GA,20614,496,4335,1,0.7656864209,"Morgan, GA",0,0,0,228,211,0,1,1,0,0,29,16,,,73,163,43,11,,,,3,2,1,0,0,,228,AHRF_natality_24,0,0,0,0,FALSE,Metro (RUCC 1-3),211,TRUE,13.74,7.58,,,34.6,,,1,0,,Neither
13213,Murray,GA,40282,523,9015,3,0.679583719,"Murray, GA",0,0,0,429,450,0,1,0,0,0,68,40,,,208,438,,114,,38,,2,1,1,1,0,3,429,AHRF_natality_24,2.33,0,2.48,0,FALSE,Metro (RUCC 1-3),450,TRUE,15.11,8.89,,,46.22,8.68,,1,0,1,Midwife only
13215,Muscogee,GA,204383,2561,49527,2,0.0375648795,"Muscogee, GA",7,6,7,2631,2640,0,5,0,29,3226,491,343,64,54,1419,1160,1278,329,202,97,223,12,5,0,9,7,2,2631,AHRF_natality_24,3.42,2.66,4.4,0,FALSE,Metro (RUCC 1-3),2640,TRUE,18.6,12.99,2.42,2.05,53.75,8.36,17.45,,11.02,0.237,Both
13217,Newton,GA,115530,1406,28650,1,0.3397491176,"Newton, GA",6,7,6,1353,1333,0,1,0,4,748,207,157,26,14,720,581,683,133,68,47,104,1,1,0,5,5,1,1353,AHRF_natality_24,3.7,4.43,4.33,0,FALSE,Metro (RUCC 1-3),1333,TRUE,15.53,11.78,1.95,1.05,54.01,8.09,15.23,0.4472,2.96,0.556,Both
13219,Oconee,GA,42788,390,9407,3,0.5408502596,"Oconee, GA",1,0,1,357,328,0,0,0,9,0,38,19,,,53,294,17,22,17,17,,0,0,0,1,1,3,357,AHRF_natality_24,2.8,2.8,2.34,0,TRUE,Metro (RUCC 1-3),328,TRUE,11.59,5.79,,,16.16,5.78,,1,25.21,0.1,Both
13221,Oglethorpe,GA,15221,53,3234,3,1,"Oglethorpe, GA",0,0,0,166,148,0,0,0,0,0,30,17,,,61,117,24,,,11,,0,0,0,0,0,,166,AHRF_natality_24,0,0,0,0,TRUE,Metro (RUCC 1-3),148,TRUE,20.27,11.49,,,41.22,9.4,,1,0,,Neither
13223,Paulding,GA,174292,2434,42843,1,0.204795418,"Paulding, GA",0,0,0,1911,1870,0,1,0,2,0,231,182,35,12,632,1247,532,197,91,103,71,1,1,0,0,0,,1911,AHRF_natality_24,0,0,0,0,FALSE,Metro (RUCC 1-3),1870,TRUE,12.35,9.73,1.87,0.64,33.8,8.26,13.35,1,1.05,0,OB/GYN only
13225,Peach,GA,28269,237,6553,3,0.400414567,"Peach, GA",0,0,0,357,355,0,0,0,0,0,48,38,,,190,184,153,38,17,12,25,1,0,1,0,0,,357,AHRF_natality_24,0,0,0,0,FALSE,Metro (RUCC 1-3),355,TRUE,13.52,10.7,,,53.52,6.52,16.34,1,0,,Neither
13227,Pickens,GA,34197,375,6700,1,0.8078034682,"Pickens, GA",0,0,0,336,319,0,1,0,3,462,37,28,,,105,308,,19,,27,,2,2,0,1,0,1,336,AHRF_natality_24,2.98,0,2.92,0,FALSE,Metro (RUCC 1-3),319,TRUE,11.6,8.78,,,32.92,8.77,,,8.93,0.25,Both
13229,Pierce,GA,19996,162,4093,8,0.9871677825,"Pierce, GA",0,0,0,268,239,0,0,0,2,0,42,25,,,106,214,21,18,,21,,1,1,0,0,0,,268,AHRF_natality_24,0,0,0,0,FALSE,"Nonmetro, remote (RUCC 7-9)",239,TRUE,17.57,10.46,,,44.35,9.81,,1,7.46,0,OB/GYN only
13231,Pike,GA,19540,209,4481,1,0.9971941342,"Pike, GA",0,0,0,190,198,0,0,0,0,0,26,15,,,69,180,15,,,14,,1,1,0,0,0,,190,AHRF_natality_24,0,0,0,0,FALSE,Metro (RUCC 1-3),198,TRUE,13.13,7.58,,,34.85,7.78,,1,0,,Neither
13233,Polk,GA,43365,489,9536,4,0.5198469185,"Polk, GA",0,0,0,634,606,0,1,1,0,0,81,54,,13,288,527,63,129,16,43,,3,2,1,0,0,,634,AHRF_natality_24,0,0,0,0,FALSE,"Nonmetro, adjacent (RUCC 4-6)",606,TRUE,13.37,8.91,,2.15,47.52,8.16,,1,0,,Neither
13235,Pulaski,GA,9893,136,2761,8,1,"Pulaski, GA",1,1,1,107,96,0,1,0,2,0,14,,,,54,61,32,,,,,3,2,0,1,0,8,107,AHRF_natality_24,9.35,9.35,10.11,0,FALSE,"Nonmetro, remote (RUCC 7-9)",96,FALSE,,,,,,,,1,18.69,0.333,Both
13237,Putnam,GA,22524,327,3982,8,1,"Putnam, GA",0,0,0,195,211,0,1,1,1,0,37,22,,,113,134,69,23,,,13,2,1,1,0,0,,195,AHRF_natality_24,0,0,0,0,FALSE,"Nonmetro, remote (RUCC 7-9)",211,TRUE,17.54,10.43,,,53.55,,,1,5.13,0,OB/GYN only
13239,Quitman,GA,2092,0,167,8,0.7369127517,"Quitman, GA",0,0,0,19,17,0,0,0,0,0,,,,,12,,,,,,,0,0,0,0,0,,19,AHRF_natality_24,,,0,,TRUE,"Nonmetro, remote (RUCC 7-9)",17,FALSE,,,,,,,,,,,Neither
13241,Rabun,GA,17107,97,3202,9,1,"Rabun, GA",0,0,0,163,141,0,1,1,1,0,14,12,,,60,137,,16,,12,,4,2,1,0,0,,163,AHRF_natality_24,0,0,0,0,FALSE,"Nonmetro, remote (RUCC 7-9)",141,TRUE,9.93,8.51,,,42.55,8.76,,1,6.13,0,OB/GYN only
13243,Randolph,GA,6270,41,1184,8,1,"Randolph, GA",0,0,0,56,56,0,0,0,0,0,11,,,,41,17,39,,,,,2,1,1,0,0,,56,AHRF_natality_24,0,0,0,0,FALSE,"Nonmetro, remote (RUCC 7-9)",56,FALSE,,,,,,,,,0,,Neither
13245,Richmond,GA,206040,2844,49893,2,0.0833321233,"Richmond, GA",7,7,7,2822,2766,1,8,0,57,5216,462,364,65,47,1687,997,1596,200,173,78,271,18,8,0,7,7,2,2822,AHRF_natality_24,2.48,2.48,3.4,0.35,FALSE,Metro (RUCC 1-3),2766,TRUE,16.7,13.16,2.35,1.7,60.99,7.82,16.98,,20.2,0.109,Both
13247,Rockdale,GA,94293,680,22158,1,0.1371272844,"Rockdale, GA",7,8,7,1001,971,0,1,0,8,1206,150,121,18,14,589,286,618,165,67,23,91,2,2,0,10,0,1,1001,AHRF_natality_24,9.99,6.99,10.61,0,FALSE,Metro (RUCC 1-3),971,TRUE,15.45,12.46,1.85,1.44,60.66,8.04,14.72,,7.99,0.556,Both
13249,Schley,GA,4539,31,1024,8,1,"Schley, GA",0,0,0,47,48,0,0,0,0,0,,,,,20,39,,,,,,0,0,0,0,0,,47,AHRF_natality_24,,,0,,TRUE,"Nonmetro, remote (RUCC 7-9)",48,FALSE,,,,,,,,,,,Neither
13251,Screven,GA,14057,213,2876,8,1,"Screven, GA",0,0,0,149,161,0,1,1,0,0,24,18,,,93,98,60,,,,11,2,1,1,0,0,,149,AHRF_natality_24,0,0,0,0,FALSE,"Nonmetro, remote (RUCC 7-9)",161,TRUE,14.91,11.18,,,57.76,,,1,0,,Neither
13253,Seminole,GA,9117,114,1825,8,1,"Seminole, GA",0,0,0,97,96,0,1,0,1,570,12,10,,,58,56,39,,,,,1,1,0,0,0,,97,AHRF_natality_24,0,0,0,0,FALSE,"Nonmetro, remote (RUCC 7-9)",96,FALSE,,,,,,,,,10.31,0,OB/GYN only
13255,Spalding,GA,68215,1067,15288,1,0.4065313642,"Spalding, GA",3,3,3,853,811,1,1,0,6,913,132,113,15,14,484,429,356,62,27,38,71,1,1,0,5,0,1,853,AHRF_natality_24,5.86,3.52,7.33,1.17,FALSE,Metro (RUCC 1-3),811,TRUE,16.28,13.93,1.85,1.73,59.68,8.86,19.94,,7.03,0.455,Both
13257,Stephens,GA,26842,526,5632,7,0.5591771207,"Stephens, GA",2,2,2,311,308,0,1,0,2,855,44,26,,,143,263,31,18,14,20,,1,1,0,1,0,7,311,AHRF_natality_24,3.22,6.43,3.73,0,FALSE,"Nonmetro, remote (RUCC 7-9)",308,TRUE,14.29,8.44,,,46.43,7.6,,,6.43,0.333,Both
13259,Stewart,GA,4978,23,640,2,1,"Stewart, GA",0,0,0,43,37,0,0,0,0,0,,,,,23,16,19,,,,,2,1,1,0,0,,43,AHRF_natality_24,,,0,,FALSE,Metro (RUCC 1-3),37,FALSE,,,,,,,,,,,Neither
13261,Sumter,GA,29174,304,6960,6,0.412243382,"Sumter, GA",3,2,3,355,346,0,1,0,2,626,55,44,,,230,135,197,39,14,,36,1,1,0,6,6,6,355,AHRF_natality_24,16.9,8.45,20.57,0,FALSE,"Nonmetro, adjacent (RUCC 4-6)",346,TRUE,15.9,12.72,,,66.47,,18.27,,5.63,0.75,Both
13263,Talbot,GA,5753,70,1065,2,1,"Talbot, GA",0,0,0,39,44,0,0,0,0,0,,,,,33,18,26,,,,,0,0,0,0,0,,39,AHRF_natality_24,,,0,,TRUE,Metro (RUCC 1-3),44,FALSE,,,,,,,,,,,Neither
13265,Taliaferro,GA,1740,0,328,8,1,"Taliaferro, GA",0,0,0,12,13,0,0,0,0,0,,,,,,,,,,,,0,0,0,0,0,,12,AHRF_natality_24,,,0,,TRUE,"Nonmetro, remote (RUCC 7-9)",13,FALSE,,,,,,,,,,,Neither
13267,Tattnall,GA,24215,223,4295,8,1,"Tattnall, GA",0,0,0,280,286,0,1,1,0,0,50,23,,10,151,210,68,52,,12,10,2,1,1,0,0,,280,AHRF_natality_24,0,0,0,0,FALSE,"Nonmetro, remote (RUCC 7-9)",286,TRUE,17.48,8.04,,3.5,52.8,5.71,,1,0,,Neither
13269,Taylor,GA,7786,93,1568,8,1,"Taylor, GA",0,0,0,82,77,0,0,0,0,0,10,,,,40,50,24,,,,,0,0,0,0,0,,82,AHRF_natality_24,0,0,0,0,TRUE,"Nonmetro, remote (RUCC 7-9)",77,FALSE,,,,,,,,,0,,Neither
13271,Telfair,GA,12174,42,2010,9,1,"Telfair, GA",0,0,0,139,125,0,0,0,0,0,21,13,,,77,78,45,,,,,2,1,1,0,0,,139,AHRF_natality_24,0,0,0,0,FALSE,"Nonmetro, remote (RUCC 7-9)",125,TRUE,16.8,10.4,,,61.6,,,1,0,,Neither
13273,Terrell,GA,8941,184,1675,3,1,"Terrell, GA",0,0,0,95,93,0,0,0,0,0,20,12,,,69,32,61,,,,10,1,1,0,0,0,,95,AHRF_natality_24,0,0,0,0,FALSE,Metro (RUCC 1-3),93,FALSE,,,,,,,,,0,,Neither
13275,Thomas,GA,45696,446,10134,4,0.4490807459,"Thomas, GA",5,5,5,572,543,1,1,0,6,590,84,58,10,,293,310,216,36,18,17,38,2,1,0,2,0,4,572,AHRF_natality_24,3.5,8.74,4.38,1.75,FALSE,"Nonmetro, adjacent (RUCC 4-6)",543,TRUE,15.47,10.68,1.84,,53.96,5.48,17.59,,10.49,0.25,Both
13277,Tift,GA,41322,498,9539,5,0.4054760062,"Tift, GA",1,2,1,529,551,1,1,0,10,1410,78,61,11,16,323,344,188,112,18,27,31,1,1,0,2,0,5,529,AHRF_natality_24,3.78,1.89,4.84,1.89,FALSE,"Nonmetro, adjacent (RUCC 4-6)",551,TRUE,14.16,11.07,2,2.9,58.62,7.85,16.49,,18.9,0.167,Both
13279,Toombs,GA,26943,290,5953,7,0.4969293378,"Toombs, GA",1,1,1,395,384,0,1,0,4,711,77,49,,,220,264,108,70,12,26,22,1,1,0,2,0,7,395,AHRF_natality_24,5.06,2.53,7.42,0,FALSE,"Nonmetro, remote (RUCC 7-9)",384,TRUE,20.05,12.76,,,57.29,9.85,20.37,,10.13,0.333,Both
13281,Towns,GA,12739,68,2007,9,1,"Towns, GA",0,0,0,95,91,0,1,1,0,0,15,,,,34,86,,,,,,2,1,1,0,0,,95,AHRF_natality_24,0,0,0,0,FALSE,"Nonmetro, remote (RUCC 7-9)",91,FALSE,,,,,,,,,0,,Neither
13283,Treutlen,GA,6387,79,1178,9,1,"Treutlen, GA",0,0,0,83,72,0,0,0,0,0,17,,,,43,47,24,,,,,0,0,0,0,0,,83,AHRF_natality_24,0,0,0,0,TRUE,"Nonmetro, remote (RUCC 7-9)",72,FALSE,,,,,,,,,0,,Neither
13285,Troup,GA,69821,718,16434,4,0.4536340852,"Troup, GA",1,1,1,947,921,1,1,0,5,836,148,114,21,18,564,498,377,81,46,42,65,1,1,0,3,0,4,947,AHRF_natality_24,3.17,1.06,4.3,1.06,FALSE,"Nonmetro, adjacent (RUCC 4-6)",921,TRUE,16.07,12.38,2.28,1.95,61.24,8.43,17.24,0.1172,5.28,0.375,Both
13287,Turner,GA,8915,93,1823,9,0.4739062847,"Turner, GA",0,0,0,125,114,0,0,0,1,0,15,16,,,80,52,58,,,,13,0,0,0,0,0,,125,AHRF_natality_24,0,0,0,0,TRUE,"Nonmetro, remote (RUCC 7-9)",114,TRUE,13.16,14.04,,,70.18,,,1,8,0,OB/GYN only
13289,Twiggs,GA,7869,47,1454,3,1,"Twiggs, GA",0,0,0,53,51,0,0,0,0,0,,,,,29,32,18,,,,,0,0,0,0,0,,53,AHRF_natality_24,0,0,0,0,TRUE,Metro (RUCC 1-3),51,FALSE,,,,,,,,,0,,Neither
13291,Union,GA,25598,400,3770,8,1,"Union, GA",1,1,1,165,169,1,1,0,3,405,24,15,,,57,162,,,,14,,1,1,0,1,0,8,165,AHRF_natality_24,6.06,6.06,3.91,6.06,FALSE,"Nonmetro, remote (RUCC 7-9)",169,TRUE,14.2,8.88,,,33.73,8.64,,,18.18,0.25,Both
13293,Upson,GA,27856,304,6193,6,0.466967509,"Upson, GA",1,1,1,303,319,1,1,0,1,380,47,36,,,182,212,98,11,10,19,16,1,1,0,0,0,,303,AHRF_natality_24,0,3.3,0,3.3,FALSE,"Nonmetro, adjacent (RUCC 4-6)",319,TRUE,14.73,11.29,,,57.05,8.96,,,3.3,0,OB/GYN only
13295,Walker,GA,68449,664,14498,2,0.5101693913,"Walker, GA",0,0,0,430,730,0,0,0,0,0,99,65,11,,311,682,30,18,18,59,,0,0,0,0,0,,430,AHRF_natality_24,0,0,0,0,TRUE,Metro (RUCC 1-3),730,TRUE,13.56,8.9,1.51,,42.6,8.65,,1,0,,Neither
13297,Walton,GA,100361,1028,22852,1,0.5806067878,"Walton, GA",0,0,0,1290,1256,0,2,0,3,554,186,124,21,13,495,853,335,140,67,69,51,2,1,0,1,0,1,1290,AHRF_natality_24,0.78,0,1,0,FALSE,Metro (RUCC 1-3),1256,TRUE,14.81,9.87,1.67,1.04,39.41,8.09,15.22,0.5705,2.33,0.25,Both
13299,Ware,GA,35958,579,7549,5,0.3211221759,"Ware, GA",1,1,1,459,455,0,1,0,3,802,74,52,,,274,296,138,38,21,29,22,2,1,0,1,0,5,459,AHRF_natality_24,2.18,2.18,2.78,0,FALSE,"Nonmetro, adjacent (RUCC 4-6)",455,TRUE,16.26,11.43,,,60.22,9.8,15.94,,6.54,0.25,Both
13301,Warren,GA,5175,27,1065,8,1,"Warren, GA",0,0,0,56,49,0,0,0,0,0,,,,,31,19,29,,,,,0,0,0,0,0,,56,AHRF_natality_24,0,0,0,0,TRUE,"Nonmetro, remote (RUCC 7-9)",49,FALSE,,,,,,,,,0,,Neither
13303,Washington,GA,19893,190,3767,7,0.6449369622,"Washington, GA",0,0,0,201,186,0,1,0,0,0,38,21,,,121,75,105,,,,14,1,1,0,0,0,,201,AHRF_natality_24,0,0,0,0,FALSE,"Nonmetro, remote (RUCC 7-9)",186,TRUE,20.43,11.29,,,65.05,,13.33,1,0,,Neither
13305,Wayne,GA,30519,280,6519,6,0.5763004246,"Wayne, GA",0,0,0,320,342,0,1,0,1,724,57,34,,,182,250,78,19,15,23,10,1,1,0,0,0,,320,AHRF_natality_24,0,0,0,0,FALSE,"Nonmetro, adjacent (RUCC 4-6)",342,TRUE,16.67,9.94,,,53.22,9.2,,,3.12,0,OB/GYN only
13307,Webster,GA,2348,47,453,8,1,"Webster, GA",0,0,0,14,20,0,0,0,0,0,,,,,10,13,,,,,,0,0,0,0,0,,14,AHRF_natality_24,,,0,,TRUE,"Nonmetro, remote (RUCC 7-9)",20,FALSE,,,,,,,,,,,Neither
13309,Wheeler,GA,7434,70,1127,9,1,"Wheeler, GA",0,0,0,70,68,0,0,0,0,0,13,,,,35,54,14,,,,,3,2,1,0,0,,70,AHRF_natality_24,0,0,0,0,FALSE,"Nonmetro, remote (RUCC 7-9)",68,FALSE,,,,,,,,,0,,Neither
13311,White,GA,28454,436,5639,8,1,"White, GA",0,0,0,282,273,0,0,0,1,0,31,23,,,87,261,,19,10,23,,0,0,0,1,0,8,282,AHRF_natality_24,3.55,0,3.51,0,TRUE,"Nonmetro, remote (RUCC 7-9)",273,TRUE,11.36,8.42,,,31.87,8.81,,1,3.55,0.5,Both
13313,Whitfield,GA,103118,1097,23360,3,0.3489267382,"Whitfield, GA",11,12,11,1184,1255,1,1,0,10,1596,169,92,17,25,612,1169,39,628,46,86,,1,1,0,9,9,3,1184,AHRF_natality_24,7.6,9.29,8.73,0.84,FALSE,Metro (RUCC 1-3),1255,TRUE,13.47,7.33,1.35,1.99,48.76,7.36,,,8.45,0.474,Both
13315,Wilcox,GA,8784,95,1281,9,1,"Wilcox, GA",0,0,0,76,76,0,0,0,0,0,12,,,,42,49,25,,,,,0,0,0,0,0,,76,AHRF_natality_24,0,0,0,0,TRUE,"Nonmetro, remote (RUCC 7-9)",76,FALSE,,,,,,,,,0,,Neither
13317,Wilkes,GA,9553,173,1740,8,1,"Wilkes, GA",0,0,0,93,94,0,1,1,0,0,15,10,,,55,54,36,,,,,2,1,1,0,0,,93,AHRF_natality_24,0,0,0,0,FALSE,"Nonmetro, remote (RUCC 7-9)",94,FALSE,,,,,,,,,0,,Neither
13319,Wilkinson,GA,8795,104,1781,8,1,"Wilkinson, GA",0,0,0,109,108,0,0,0,0,0,20,12,,,64,67,38,,,,,0,0,0,0,0,,109,AHRF_natality_24,0,0,0,0,TRUE,"Nonmetro, remote (RUCC 7-9)",108,TRUE,18.52,11.11,,,59.26,,,1,0,,Neither
13321,Worth,GA,20575,207,3942,3,0.7042917629,"Worth, GA",0,0,0,199,189,0,1,1,0,0,26,21,,,104,123,61,,,12,,2,1,1,0,0,,199,AHRF_natality_24,0,0,0,0,FALSE,Metro (RUCC 1-3),189,TRUE,13.76,11.11,,,55.03,9.76,,1,0,,Neither
15001,Hawaii,HI,203684,2532,40547,5,0.594983776,"Hawaii, HI",5,5,5,1738,2053,1,6,3,20,1034,253,188,29,20,1155,519,,439,1527,31,,9,6,3,1,0,5,1738,AHRF_natality_24,0.58,2.88,0.49,0.58,FALSE,"Nonmetro, adjacent (RUCC 4-6)",2053,TRUE,12.32,9.16,1.41,0.97,56.26,5.97,,0.4051,11.51,0.048,Both
15003,Honolulu,HI,1003666,12536,215307,1,0.0168882094,"Honolulu, HI",29,29,29,10608,10853,4,14,1,171,10308,1292,941,147,54,3708,2747,322,1790,7784,175,30,25,11,1,12,0,1,10608,AHRF_natality_24,1.13,2.73,1.2,0.38,FALSE,Metro (RUCC 1-3),10853,TRUE,11.9,8.67,1.35,0.5,34.17,6.37,9.32,0.0283,16.12,0.066,Both
15005,Kalawao,HI,43,0,2,3,1,"Kalawao, HI",0,0,0,0,,0,0,0,0,0,,,,,,,,,,,,0,0,0,0,0,,0,AHRF_natality_24,,,0,,TRUE,Metro (RUCC 1-3),,FALSE,,,,,,,,,,,Neither
15007,Kauai,HI,73610,1017,14744,5,0.4220169718,"Kauai, HI",1,1,1,734,772,1,3,2,8,639,81,58,,,399,221,,136,547,,,5,3,2,0,0,,734,AHRF_natality_24,0,1.36,0,1.36,FALSE,"Nonmetro, adjacent (RUCC 4-6)",772,TRUE,10.49,7.51,,,51.68,,,0.1294,10.9,0,OB/GYN only
15009,Maui,HI,164632,2395,34500,3,0.2140646054,"Maui, HI",6,6,6,1602,1644,0,4,3,17,1299,182,142,20,15,839,484,,292,1155,28,,8,4,3,1,0,3,1602,AHRF_natality_24,0.62,3.75,0.61,0,FALSE,Metro (RUCC 1-3),1644,TRUE,11.07,8.64,1.22,0.91,51.03,5.79,,0.1891,10.61,0.056,Both
16001,Ada,ID,508052,5523,117816,2,0.055658256,"Ada, ID",26,22,26,5136,5042,2,10,0,67,6305,497,327,46,24,1153,4454,181,669,407,276,17,16,6,0,30,24,2,5136,AHRF_natality_24,5.84,5.06,5.9,0.39,FALSE,Metro (RUCC 1-3),5042,TRUE,9.86,6.49,0.91,0.48,22.87,6.2,9.39,,13.05,0.309,Both
16003,Adams,ID,4599,48,722,9,1,"Adams, ID",0,0,0,35,35,0,0,0,0,0,,,,,,33,,,,,,3,2,1,0,0,,35,AHRF_natality_24,,,0,,FALSE,"Nonmetro, remote (RUCC 7-9)",35,FALSE,,,,,,,,,,,Neither
16005,Bannock,ID,88457,952,20907,3,0.1701601967,"Bannock, ID",4,5,4,1041,1059,0,1,0,6,722,133,98,19,,310,947,11,138,101,85,,6,3,0,3,0,3,1041,AHRF_natality_24,2.88,3.84,3.39,0,FALSE,Metro (RUCC 1-3),1059,TRUE,12.56,9.25,1.79,,29.27,8.98,,0.3064,5.76,0.333,Both
16007,Bear Lake,ID,6552,143,1281,9,1,"Bear Lake, ID",0,0,0,77,70,0,1,1,1,185,,,,,15,69,,,,,,2,1,1,0,0,,77,AHRF_natality_24,0,0,0,0,FALSE,"Nonmetro, remote (RUCC 7-9)",70,FALSE,,,,,,,,,12.99,0,OB/GYN only
16009,Benewah,ID,9913,115,1733,8,1,"Benewah, ID",1,1,1,120,99,0,1,1,0,225,,,,,40,86,,,13,,,2,1,1,1,0,8,120,AHRF_natality_24,8.33,8.33,10.09,0,FALSE,"Nonmetro, remote (RUCC 7-9)",99,FALSE,,,,,,,,,0,1,Midwife only
16011,Bingham,ID,48993,799,10948,6,0.5970161694,"Bingham, ID",1,1,1,660,660,0,3,1,1,400,91,55,,,185,603,,137,55,51,,5,3,1,1,1,6,660,AHRF_natality_24,1.52,1.52,2.04,0,FALSE,"Nonmetro, adjacent (RUCC 4-6)",660,TRUE,13.79,8.33,,,28.03,8.46,,0.3939,1.52,0.5,Both
16013,Blaine,ID,24579,249,4600,7,0.2427076467,"Blaine, ID",0,0,0,193,195,1,1,1,0,173,20,15,,,62,188,,74,,14,,5,4,1,0,0,,193,AHRF_natality_24,0,0,0,5.18,FALSE,"Nonmetro, remote (RUCC 7-9)",195,TRUE,10.26,7.69,,,31.79,7.45,,0.1036,0,,Neither
16015,Boise,ID,8045,78,1316,2,1,"Boise, ID",0,0,0,72,60,0,0,0,0,0,,,,,17,58,,,,,,0,0,0,0,0,,72,AHRF_natality_24,0,0,0,0,TRUE,Metro (RUCC 1-3),60,FALSE,,,,,,,,,0,,Neither
16017,Bonner,ID,49456,474,8672,6,0.7277860327,"Bonner, ID",0,0,0,464,461,0,1,1,3,332,52,34,,,127,439,,24,21,32,,2,1,1,0,0,,464,AHRF_natality_24,0,0,0,0,FALSE,"Nonmetro, adjacent (RUCC 4-6)",461,TRUE,11.28,7.38,,,27.55,7.29,,0.2845,6.47,0,OB/GYN only
16019,Bonneville,ID,127056,2271,29084,3,0.1519150721,"Bonneville, ID",3,3,3,1798,1774,0,3,0,13,1049,240,154,27,16,448,1685,10,325,79,148,,5,4,0,7,6,3,1798,AHRF_natality_24,3.89,1.67,5.51,0,FALSE,Metro (RUCC 1-3),1774,TRUE,13.53,8.68,1.52,0.9,25.25,8.78,,0.4166,7.23,0.35,Both
16021,Boundary,ID,12695,217,2376,9,1,"Boundary, ID",0,0,0,157,153,0,1,1,0,0,13,,,,32,145,,,,,,2,1,1,0,0,,157,AHRF_natality_24,0,0,0,0,FALSE,"Nonmetro, remote (RUCC 7-9)",153,TRUE,8.5,,,,20.92,,,1,0,,Neither
16023,Butte,ID,2654,18,471,3,1,"Butte, ID",0,0,0,30,28,0,1,1,0,222,,,,,,28,,,,,,2,1,1,0,0,,30,AHRF_natality_24,,,0,,FALSE,Metro (RUCC 1-3),28,FALSE,,,,,,,,,,,Neither
16025,Camas,ID,1155,0,259,9,1,"Camas, ID",0,0,0,11,13,0,0,0,0,0,,,,,,13,,,,,,0,0,0,0,0,,11,AHRF_natality_24,,,0,,TRUE,"Nonmetro, remote (RUCC 7-9)",13,FALSE,,,,,,,,,,,Neither
16027,Canyon,ID,242405,2680,56312,2,0.1872698557,"Canyon, ID",2,3,2,3430,3354,2,3,0,7,2505,334,230,37,30,1128,3149,33,1030,172,209,,4,4,0,8,4,2,3430,AHRF_natality_24,2.33,0.58,3.3,0.58,FALSE,Metro (RUCC 1-3),3354,TRUE,9.96,6.86,1.1,0.89,33.63,6.64,,0.2697,2.04,0.533,Both
16029,Caribou,ID,7118,113,1408,8,1,"Caribou, ID",1,0,1,91,89,1,1,1,0,40,13,,,,15,87,,,,,,2,1,1,1,0,8,91,AHRF_natality_24,10.99,10.99,14.05,10.99,FALSE,"Nonmetro, remote (RUCC 7-9)",89,FALSE,,,,,,,,,0,1,Midwife only
16031,Cassia,ID,25165,435,5423,6,0.5031433786,"Cassia, ID",1,0,1,366,377,1,1,1,1,550,39,22,,,129,366,,152,11,22,,2,1,1,1,0,6,366,AHRF_natality_24,2.73,2.73,3.97,2.73,FALSE,"Nonmetro, adjacent (RUCC 4-6)",377,TRUE,10.34,5.84,,,34.22,6.01,,,2.73,0.5,Both
16033,Clark,ID,776,18,142,8,1,"Clark, ID",0,0,0,17,15,0,0,0,0,0,,,,,,15,,,,,,0,0,0,0,0,,17,AHRF_natality_24,,,0,,TRUE,"Nonmetro, remote (RUCC 7-9)",15,FALSE,,,,,,,,,,,Neither
16035,Clearwater,ID,8921,40,1259,8,1,"Clearwater, ID",0,0,0,65,69,0,2,1,0,196,,,,,23,63,,,,,,3,1,1,0,0,,65,AHRF_natality_24,0,0,0,0,FALSE,"Nonmetro, remote (RUCC 7-9)",69,FALSE,,,,,,,,,0,,Neither
16037,Custer,ID,4411,5,610,8,1,"Custer, ID",0,0,0,39,31,0,0,0,0,0,,,,,,31,,,,,,0,0,0,0,0,,39,AHRF_natality_24,,,0,,TRUE,"Nonmetro, remote (RUCC 7-9)",31,FALSE,,,,,,,,,,,Neither
16039,Elmore,ID,29046,421,6200,6,0.3790902114,"Elmore, ID",0,0,0,480,435,1,1,1,0,175,48,31,,,109,372,14,89,49,25,,3,1,1,0,0,,480,AHRF_natality_24,0,0,0,2.08,FALSE,"Nonmetro, adjacent (RUCC 4-6)",435,TRUE,11.03,7.13,,,25.06,6.72,,0.6354,0,,Neither
16041,Franklin,ID,14715,117,3312,3,1,"Franklin, ID",0,0,0,230,219,0,1,1,1,95,19,11,,,33,213,,16,,11,,2,1,1,0,0,,230,AHRF_natality_24,0,0,0,0,FALSE,Metro (RUCC 1-3),219,TRUE,8.68,5.02,,,15.07,5.16,,0.587,4.35,0,OB/GYN only
16043,Fremont,ID,13701,179,2866,8,1,"Fremont, ID",0,0,0,208,186,0,0,0,0,0,27,13,,,39,181,,31,,13,,4,4,0,0,0,,208,AHRF_natality_24,0,0,0,0,FALSE,"Nonmetro, remote (RUCC 7-9)",186,TRUE,14.52,6.99,,,20.97,7.18,,1,0,,Neither
16045,Gem,ID,19854,201,3756,2,0.4680227998,"Gem, ID",0,0,0,223,202,0,1,1,1,0,20,14,,,53,190,,25,10,13,,2,1,1,0,0,,223,AHRF_natality_24,0,0,0,0,FALSE,Metro (RUCC 1-3),202,TRUE,9.9,6.93,,,26.24,6.84,,1,4.48,0,OB/GYN only
16047,Gooding,ID,15740,379,3242,8,1,"Gooding, ID",0,0,0,220,213,0,1,1,0,0,19,15,,,98,205,,103,,13,,3,2,1,0,0,,220,AHRF_natality_24,0,0,0,0,FALSE,"Nonmetro, remote (RUCC 7-9)",213,TRUE,8.92,7.04,,,46.01,6.34,,1,0,,Neither
16049,Idaho,ID,17120,278,2700,8,1,"Idaho, ID",0,0,0,179,166,2,2,2,0,89,14,,,,45,157,,,,,,4,2,2,0,0,,179,AHRF_natality_24,0,0,0,11.17,FALSE,"Nonmetro, remote (RUCC 7-9)",166,TRUE,8.43,,,,27.11,,,0.5028,0,,Neither
16051,Jefferson,ID,32234,415,7037,3,0.6671198731,"Jefferson, ID",1,1,1,473,437,0,0,0,0,0,62,34,,,64,429,,48,,34,,0,0,0,0,0,,473,AHRF_natality_24,0,2.11,0,0,TRUE,Metro (RUCC 1-3),437,TRUE,14.19,7.78,,,14.65,7.93,,1,0,,Neither
16053,Jerome,ID,24788,418,5380,3,0.4881792301,"Jerome, ID",1,1,1,373,363,0,1,1,0,0,44,29,,11,153,349,,179,12,28,,2,1,1,1,0,3,373,AHRF_natality_24,2.68,2.68,4.03,0,FALSE,Metro (RUCC 1-3),363,TRUE,12.12,7.99,,3.03,42.15,8.02,,1,0,1,Midwife only
16055,Kootenai,ID,177736,2085,37047,3,0.2351163035,"Kootenai, ID",2,2,2,1943,1927,1,4,0,10,2226,165,97,15,11,478,1803,,119,117,92,,8,3,0,12,10,3,1943,AHRF_natality_24,6.18,1.03,6.75,0.51,FALSE,Metro (RUCC 1-3),1927,TRUE,8.56,5.03,0.78,0.57,24.81,5.1,,,5.15,0.545,Both
16057,Latah,ID,40315,433,10629,4,0.3442315965,"Latah, ID",1,1,1,438,446,0,1,1,2,285,40,25,,,66,413,,22,30,21,,2,1,1,0,0,,438,AHRF_natality_24,0,2.28,0,0,FALSE,"Nonmetro, adjacent (RUCC 4-6)",446,TRUE,8.97,5.61,,,14.8,5.08,,0.3493,4.57,0,OB/GYN only
16059,Lemhi,ID,8166,132,1296,9,1,"Lemhi, ID",0,0,0,58,63,1,1,1,1,42,,,,,21,61,,,,,,2,1,1,0,0,,58,AHRF_natality_24,0,0,0,17.24,FALSE,"Nonmetro, remote (RUCC 7-9)",63,FALSE,,,,,,,,,17.24,0,OB/GYN only
16061,Lewis,ID,3649,45,595,8,1,"Lewis, ID",0,0,0,37,31,0,0,0,0,0,,,,,12,26,,,,,,0,0,0,0,0,,37,AHRF_natality_24,,,0,,TRUE,"Nonmetro, remote (RUCC 7-9)",31,FALSE,,,,,,,,,,,Neither
16063,Lincoln,ID,5276,71,1137,8,1,"Lincoln, ID",0,0,0,75,69,0,0,0,0,0,,,,,26,68,,27,,,,0,0,0,0,0,,75,AHRF_natality_24,0,0,0,0,TRUE,"Nonmetro, remote (RUCC 7-9)",69,FALSE,,,,,,,,,0,,Neither
16065,Madison,ID,53578,767,21910,4,0.2189065069,"Madison, ID",2,2,2,1116,1084,0,1,0,2,605,112,68,,,46,1022,13,114,49,63,,1,1,0,4,0,4,1116,AHRF_natality_24,3.58,1.79,7.47,0,FALSE,"Nonmetro, adjacent (RUCC 4-6)",1084,TRUE,10.33,6.27,,,4.24,6.16,,0.4579,1.79,0.667,Both
16067,Minidoka,ID,21922,507,4556,7,0.4436218942,"Minidoka, ID",0,0,0,312,300,0,1,1,0,0,35,22,,,110,289,,135,10,21,,2,1,1,0,0,,312,AHRF_natality_24,0,0,0,0,FALSE,"Nonmetro, remote (RUCC 7-9)",300,TRUE,11.67,7.33,,,36.67,7.27,,1,0,,Neither
16069,Nez Perce,ID,42477,510,8810,3,0.1890947969,"Nez Perce, ID",2,2,2,383,411,0,1,0,3,633,36,23,,,142,367,,20,42,21,,2,1,0,3,0,3,383,AHRF_natality_24,7.83,5.22,7.06,0,FALSE,Metro (RUCC 1-3),411,TRUE,8.76,5.6,,,34.55,5.72,,,7.83,0.5,Both
16071,Oneida,ID,4681,75,1015,8,1,"Oneida, ID",0,0,0,49,70,0,1,1,0,0,,,,,11,68,,,,,,2,1,1,0,0,,49,AHRF_natality_24,,,0,,FALSE,"Nonmetro, remote (RUCC 7-9)",70,FALSE,,,,,,,,,,,Neither
16073,Owyhee,ID,12284,290,2564,2,1,"Owyhee, ID",0,0,0,141,148,0,0,0,0,0,14,,,,47,139,,42,10,,,0,0,0,0,0,,141,AHRF_natality_24,0,0,0,0,TRUE,Metro (RUCC 1-3),148,TRUE,9.46,,,,31.76,,,1,0,,Neither
16075,Payette,ID,26190,232,5357,6,0.4124320492,"Payette, ID",0,0,0,320,322,0,0,0,0,0,32,21,,,115,303,,74,17,20,,0,0,0,0,0,,320,AHRF_natality_24,0,0,0,0,TRUE,"Nonmetro, adjacent (RUCC 4-6)",322,TRUE,9.94,6.52,,,35.71,6.6,,1,0,,Neither
16077,Power,ID,8018,60,1546,8,1,"Power, ID",0,0,0,99,103,0,1,1,0,0,17,,,,41,95,,46,,,,2,1,1,0,0,,99,AHRF_natality_24,0,0,0,0,FALSE,"Nonmetro, remote (RUCC 7-9)",103,TRUE,16.5,,,,39.81,,,,0,,Neither
16079,Shoshone,ID,13580,150,2519,8,1,"Shoshone, ID",0,0,0,164,149,0,1,1,0,0,18,12,,,60,144,,,,11,,4,3,1,0,0,,164,AHRF_natality_24,0,0,0,0,FALSE,"Nonmetro, remote (RUCC 7-9)",149,TRUE,12.08,8.05,,,40.27,7.64,,1,0,,Neither
16081,Teton,ID,12101,120,2908,9,1,"Teton, ID",0,0,0,129,142,0,1,1,1,0,16,12,,,34,135,,37,,11,,2,1,1,0,0,,129,AHRF_natality_24,0,0,0,0,FALSE,"Nonmetro, remote (RUCC 7-9)",142,TRUE,11.27,8.45,,,23.94,8.15,,1,7.75,0,OB/GYN only
16083,Twin Falls,ID,92121,1576,20877,3,0.3469115785,"Twin Falls, ID",1,1,1,1150,1142,1,1,0,4,1869,110,82,11,12,398,1060,27,279,55,76,,7,3,0,1,0,3,1150,AHRF_natality_24,0.87,0.87,1.09,0.87,FALSE,Metro (RUCC 1-3),1142,TRUE,9.63,7.18,0.96,1.05,34.85,7.17,,,3.48,0.2,Both
16085,Valley,ID,12136,83,2010,9,0.6854248255,"Valley, ID",0,0,0,92,83,1,2,2,0,102,,,,,24,79,,,,,,6,2,2,0,0,,92,AHRF_natality_24,0,0,0,10.87,FALSE,"Nonmetro, remote (RUCC 7-9)",83,FALSE,,,,,,,,,0,,Neither
16087,Washington,ID,10866,46,2005,6,0.4758095238,"Washington, ID",0,0,0,136,105,1,1,1,0,42,13,,,,43,102,,24,,,,2,1,1,0,0,,136,AHRF_natality_24,0,0,0,7.35,FALSE,"Nonmetro, adjacent (RUCC 4-6)",105,TRUE,12.38,,,,40.95,,,0.6912,0,,Neither
17001,Adams,IL,65166,657,13216,5,0.3393826916,"Adams, IL",0,0,0,668,698,1,1,0,11,1163,86,60,,,295,631,37,19,31,50,,3,3,0,2,2,5,668,AHRF_natality_24,2.99,0,3.07,1.5,FALSE,"Nonmetro, adjacent (RUCC 4-6)",698,TRUE,12.32,8.6,,,42.26,7.92,,,16.47,0.154,Both
17003,Alexander,IL,5042,36,892,3,0.9694656489,"Alexander, IL",0,0,0,37,43,0,0,0,0,0,,,,,30,28,12,,,,,1,1,0,0,0,,37,AHRF_natality_24,,,0,,FALSE,Metro (RUCC 1-3),43,FALSE,,,,,,,,,,,Neither
17005,Bond,IL,16627,166,3491,1,0.5955156951,"Bond, IL",1,1,1,107,138,0,1,0,2,0,15,10,,,52,132,,,,,,1,1,0,0,0,,107,AHRF_natality_24,0,9.35,0,0,FALSE,Metro (RUCC 1-3),138,TRUE,10.87,7.25,,,37.68,,,1,18.69,0,OB/GYN only
17007,Boone,IL,53316,820,11831,2,0.2939679689,"Boone, IL",0,0,0,525,522,0,1,0,2,774,60,36,,,222,493,17,200,12,32,,2,2,0,0,0,,525,AHRF_natality_24,0,0,0,0,FALSE,Metro (RUCC 1-3),522,TRUE,11.49,6.9,,,42.53,6.49,,,3.81,0,OB/GYN only
17009,Brown,IL,6320,105,906,9,1,"Brown, IL",0,0,0,51,52,0,0,0,0,0,,,,,18,52,,,,,,0,0,0,0,0,,51,AHRF_natality_24,0,0,0,0,TRUE,"Nonmetro, remote (RUCC 7-9)",52,FALSE,,,,,,,,,0,,Neither
17011,Bureau,IL,33027,464,6447,7,0.5498435808,"Bureau, IL",2,2,2,300,309,0,1,1,1,0,28,21,,,133,298,,55,,20,,3,2,1,2,0,7,300,AHRF_natality_24,6.67,6.67,6.06,0,FALSE,"Nonmetro, remote (RUCC 7-9)",309,TRUE,9.06,6.8,,,43.04,6.71,,1,3.33,0.667,Both
17013,Calhoun,IL,4406,17,733,1,1,"Calhoun, IL",0,0,0,25,43,0,0,0,0,0,,,,,12,43,,,,,,0,0,0,0,0,,25,AHRF_natality_24,,,0,,TRUE,Metro (RUCC 1-3),43,FALSE,,,,,,,,,,,Neither
17015,Carroll,IL,15621,181,2580,9,1,"Carroll, IL",0,0,0,119,125,0,0,0,0,0,12,,,,54,120,,,,,,1,1,0,0,0,,119,AHRF_natality_24,0,0,0,0,FALSE,"Nonmetro, remote (RUCC 7-9)",125,TRUE,9.6,,,,43.2,,,1,0,,Neither
17017,Cass,IL,12826,222,2700,6,0.5198589173,"Cass, IL",0,0,0,163,159,0,0,0,0,0,19,14,,,75,133,18,54,,11,,1,1,0,0,0,,163,AHRF_natality_24,0,0,0,0,FALSE,"Nonmetro, adjacent (RUCC 4-6)",159,TRUE,11.95,8.81,,,47.17,8.27,,1,0,,Neither
17019,Champaign,IL,206098,2289,56370,3,0.1595074442,"Champaign, IL",17,18,17,1982,1995,2,3,0,31,3205,236,183,23,31,852,1278,475,274,242,84,74,7,4,0,14,14,3,1982,AHRF_natality_24,7.06,8.58,6.79,1.01,FALSE,Metro (RUCC 1-3),1995,TRUE,11.83,9.17,1.15,1.55,42.71,6.57,15.58,,15.64,0.311,Both
17021,Christian,IL,33684,309,6463,6,0.5068758815,"Christian, IL",0,0,0,329,326,0,2,2,1,0,51,39,,,156,318,,,,38,,4,2,2,0,0,,329,AHRF_natality_24,0,0,0,0,FALSE,"Nonmetro, adjacent (RUCC 4-6)",326,TRUE,15.64,11.96,,,47.85,11.95,,1,3.04,0,OB/GYN only
17023,Clark,IL,15328,128,3042,8,1,"Clark, IL",0,0,0,98,151,0,0,0,0,0,19,13,,,58,147,,,,12,,0,0,0,1,0,8,98,AHRF_natality_24,10.2,0,6.52,0,TRUE,"Nonmetro, remote (RUCC 7-9)",151,TRUE,12.58,8.61,,,38.41,8.16,,,0,1,Midwife only
17025,Clay,IL,13173,102,2612,9,0.6392986153,"Clay, IL",0,0,0,133,150,0,1,1,0,0,20,14,,,61,147,,,,13,,2,1,1,0,0,,133,AHRF_natality_24,0,0,0,0,FALSE,"Nonmetro, remote (RUCC 7-9)",150,TRUE,13.33,9.33,,,40.67,8.84,,1,0,,Neither
17027,Clinton,IL,36899,528,7211,1,0.8021626602,"Clinton, IL",1,1,1,370,404,1,1,0,4,491,56,34,,,124,391,,26,,32,,1,1,0,0,0,,370,AHRF_natality_24,0,2.7,0,2.7,FALSE,Metro (RUCC 1-3),404,TRUE,13.86,8.42,,,30.69,8.18,,,10.81,0,OB/GYN only
17029,Coles,IL,46689,565,11238,5,0.2632567271,"Coles, IL",0,0,0,462,460,0,1,0,2,479,50,31,,,219,410,30,24,20,28,,1,1,0,1,0,5,462,AHRF_natality_24,2.16,0,2.14,0,FALSE,"Nonmetro, adjacent (RUCC 4-6)",460,TRUE,10.87,6.74,,,47.61,6.83,,,4.33,0.333,Both
17031,Cook,IL,5185812,60840,1257275,1,5.478111e-4,"Cook, IL",211,211,206,51412,52265,17,65,0,980,51471,6191,4747,793,419,21280,35029,11736,16020,5500,2442,1787,128,83,0,240,233,1,51412,AHRF_natality_24,4.67,4.1,4.63,0.33,FALSE,Metro (RUCC 1-3),52265,TRUE,11.85,9.08,1.52,0.8,40.72,6.97,15.23,,19.06,0.197,Both
17033,Crawford,IL,18588,137,3410,6,0.6716098292,"Crawford, IL",2,2,2,168,201,0,1,1,1,257,32,20,,,78,194,,,,19,,2,1,1,1,0,6,168,AHRF_natality_24,5.95,11.9,5.38,0,FALSE,"Nonmetro, adjacent (RUCC 4-6)",201,TRUE,15.92,9.95,,,38.81,9.79,,,5.95,0.5,Both
17035,Cumberland,IL,10378,146,1992,9,1,"Cumberland, IL",0,0,0,108,110,0,0,0,0,0,12,,,,31,109,,,,,,0,0,0,0,0,,108,AHRF_natality_24,0,0,0,0,TRUE,"Nonmetro, remote (RUCC 7-9)",110,TRUE,10.91,,,,28.18,,,1,0,,Neither
17037,DeKalb,IL,100512,1135,26014,1,0.2175662219,"DeKalb, IL",1,0,1,1020,1018,2,3,1,4,753,126,95,15,,417,806,167,208,45,65,27,5,3,1,2,0,1,1020,AHRF_natality_24,1.96,0.98,1.99,1.96,FALSE,Metro (RUCC 1-3),1018,TRUE,12.38,9.33,1.47,,40.96,8.06,16.17,0.2618,3.92,0.333,Both
17039,De Witt,IL,15461,144,2993,6,0.5280355762,"De Witt, IL",0,0,0,143,147,0,1,1,0,0,17,12,,,66,141,,,,11,,2,1,1,0,0,,143,AHRF_natality_24,0,0,0,0,FALSE,"Nonmetro, adjacent (RUCC 4-6)",147,TRUE,11.56,8.16,,,44.9,7.8,,1,0,,Neither
17041,Douglas,IL,19686,456,4187,8,0.7496453901,"Douglas, IL",0,0,0,251,264,0,0,0,0,0,27,18,,,76,258,,30,,17,,1,1,0,0,0,,251,AHRF_natality_24,0,0,0,0,FALSE,"Nonmetro, remote (RUCC 7-9)",264,TRUE,10.23,6.82,,,28.79,6.59,,1,0,,Neither
17043,DuPage,IL,927263,11494,203896,1,0.0018780611,"DuPage, IL",40,41,40,9658,9687,6,10,0,181,16002,971,659,91,28,2078,7463,606,1965,1617,442,68,10,7,0,35,29,1,9658,AHRF_natality_24,3.62,4.14,3.77,0.62,FALSE,Metro (RUCC 1-3),9687,TRUE,10.02,6.8,0.94,0.29,21.45,5.92,11.22,,18.74,0.162,Both
17045,Edgar,IL,16637,104,3183,6,0.5069370331,"Edgar, IL",0,0,0,122,169,0,1,1,0,0,26,18,,,93,165,,,,17,,2,1,1,0,0,,122,AHRF_natality_24,0,0,0,0,FALSE,"Nonmetro, adjacent (RUCC 4-6)",169,TRUE,15.38,10.65,,,55.03,10.3,,1,0,,Neither
17047,Edwards,IL,6118,99,1155,9,1,"Edwards, IL",0,0,0,34,52,0,0,0,0,0,,,,,18,51,,,,,,0,0,0,0,0,,34,AHRF_natality_24,,,0,,TRUE,"Nonmetro, remote (RUCC 7-9)",52,FALSE,,,,,,,,,,,Neither
17049,Effingham,IL,34505,471,6907,7,0.5964578285,"Effingham, IL",0,0,0,423,426,1,1,0,6,668,48,27,,,132,413,,17,,26,,1,1,0,1,0,7,423,AHRF_natality_24,2.36,0,2.9,2.36,FALSE,"Nonmetro, remote (RUCC 7-9)",426,TRUE,11.27,6.34,,,30.99,6.3,,,14.18,0.143,Both
17051,Fayette,IL,21380,337,4266,6,0.6225800447,"Fayette, IL",0,0,0,216,216,0,1,1,0,0,27,19,,,98,212,,,,19,,2,1,1,0,0,,216,AHRF_natality_24,0,0,0,0,FALSE,"Nonmetro, adjacent (RUCC 4-6)",216,TRUE,12.5,8.8,,,45.37,8.96,,1,0,,Neither
17053,Ford,IL,13396,157,2676,3,0.6654352002,"Ford, IL",0,0,0,136,140,1,1,1,0,241,14,,,,57,136,,10,,,,3,2,1,0,0,,136,AHRF_natality_24,0,0,0,7.35,FALSE,Metro (RUCC 1-3),140,TRUE,10,,,,40.71,,,,0,,Neither
17055,Franklin,IL,37541,562,7534,7,0.591947942,"Franklin, IL",0,0,0,377,401,0,1,1,0,0,50,37,,,190,392,,,,36,,3,2,1,0,0,,377,AHRF_natality_24,0,0,0,0,FALSE,"Nonmetro, remote (RUCC 7-9)",401,TRUE,12.47,9.23,,,47.38,9.18,,1,0,,Neither
17057,Fulton,IL,33259,224,6142,6,0.6079323991,"Fulton, IL",0,0,0,302,280,0,1,0,1,329,35,21,,,142,275,,,,21,,3,2,1,0,0,,302,AHRF_natality_24,0,0,0,0,FALSE,"Nonmetro, adjacent (RUCC 4-6)",280,TRUE,12.5,7.5,,,50.71,7.64,,,3.31,0,OB/GYN only
17059,Gallatin,IL,4857,30,869,8,1,"Gallatin, IL",0,0,0,38,40,0,0,0,0,0,,,,,16,38,,,,,,0,0,0,0,0,,38,AHRF_natality_24,,,0,,TRUE,"Nonmetro, remote (RUCC 7-9)",40,FALSE,,,,,,,,,,,Neither
17061,Greene,IL,11837,97,2270,8,1,"Greene, IL",0,0,0,121,114,0,1,1,0,0,15,,,,53,113,,,,,,3,2,1,0,0,,121,AHRF_natality_24,0,0,0,0,FALSE,"Nonmetro, remote (RUCC 7-9)",114,TRUE,13.16,,,,46.49,,,1,0,,Neither
17063,Grundy,IL,52920,489,11795,1,0.2502807759,"Grundy, IL",0,0,0,535,539,1,1,0,2,600,65,37,,,198,511,18,86,10,33,,1,1,0,0,0,,535,AHRF_natality_24,0,0,0,1.87,FALSE,Metro (RUCC 1-3),539,TRUE,12.06,6.86,,,36.73,6.46,,,3.74,0,OB/GYN only
17065,Hamilton,IL,7972,72,1512,9,1,"Hamilton, IL",0,0,0,66,77,0,1,1,0,0,11,,,,30,77,,,,,,2,1,1,0,0,,66,AHRF_natality_24,0,0,0,0,FALSE,"Nonmetro, remote (RUCC 7-9)",77,FALSE,,,,,,,,,0,,Neither
17067,Hancock,IL,17434,170,3081,9,0.8402951192,"Hancock, IL",1,1,1,167,161,0,1,1,0,0,19,14,,,62,159,,,,14,,3,2,1,1,0,9,167,AHRF_natality_24,5.99,5.99,5.74,0,FALSE,"Nonmetro, remote (RUCC 7-9)",161,TRUE,11.8,8.7,,,38.51,8.81,,1,0,1,Midwife only
17069,Hardin,IL,3623,27,599,9,1,"Hardin, IL",0,0,0,30,34,0,1,1,0,0,,,,,18,33,,,,,,2,1,1,0,0,,30,AHRF_natality_24,,,0,,FALSE,"Nonmetro, remote (RUCC 7-9)",34,FALSE,,,,,,,,,,,Neither
17071,Henderson,IL,6284,52,1086,9,0.994676687,"Henderson, IL",0,0,0,62,56,0,0,0,0,0,,,,,27,55,,,,,,0,0,0,0,0,,62,AHRF_natality_24,0,0,0,0,TRUE,"Nonmetro, remote (RUCC 7-9)",56,FALSE,,,,,,,,,0,,Neither
17073,Henry,IL,48948,472,9810,2,0.498011525,"Henry, IL",1,1,1,454,460,0,2,2,0,0,54,37,,,198,435,13,47,11,33,,4,2,2,1,0,2,454,AHRF_natality_24,2.2,2.2,2.04,0,FALSE,Metro (RUCC 1-3),460,TRUE,11.74,8.04,,,43.04,7.59,,1,0,1,Midwife only
17075,Iroquois,IL,26746,305,5122,8,0.8274919674,"Iroquois, IL",0,0,0,252,262,0,1,1,0,0,32,18,,,112,252,,28,,16,,3,2,1,0,0,,252,AHRF_natality_24,0,0,0,0,FALSE,"Nonmetro, remote (RUCC 7-9)",262,TRUE,12.21,6.87,,,42.75,6.35,,1,0,,Neither
17077,Jackson,IL,52706,806,13509,5,0.4094838978,"Jackson, IL",7,7,7,529,544,1,2,1,6,2137,77,58,,,268,387,121,39,36,30,22,3,2,1,6,0,5,529,AHRF_natality_24,11.34,13.23,11.38,1.89,FALSE,"Nonmetro, adjacent (RUCC 4-6)",544,TRUE,14.15,10.66,,,49.26,7.75,18.18,,11.34,0.5,Both
17079,Jasper,IL,9233,148,1695,9,1,"Jasper, IL",0,0,0,85,94,0,0,0,0,0,12,,,,29,94,,,,,,0,0,0,0,0,,85,AHRF_natality_24,0,0,0,0,TRUE,"Nonmetro, remote (RUCC 7-9)",94,FALSE,,,,,,,,,0,,Neither
17081,Jefferson,IL,36808,466,7026,7,0.5880688707,"Jefferson, IL",2,2,2,378,406,1,2,0,3,1309,50,39,,,205,347,43,17,15,29,,2,2,0,3,3,7,378,AHRF_natality_24,7.94,5.29,8.15,2.65,FALSE,"Nonmetro, remote (RUCC 7-9)",406,TRUE,12.32,9.61,,,50.49,8.36,,,7.94,0.5,Both
17083,Jersey,IL,21336,258,4498,1,0.5941335069,"Jersey, IL",0,0,0,155,175,0,1,0,2,0,23,18,,,68,173,,,,17,,1,1,0,0,0,,155,AHRF_natality_24,0,0,0,0,FALSE,Metro (RUCC 1-3),175,TRUE,13.14,10.29,,,38.86,9.83,,1,12.9,0,OB/GYN only
17085,Jo Daviess,IL,21918,172,3556,8,0.8839119582,"Jo Daviess, IL",0,0,0,130,163,0,1,1,0,0,17,11,,,61,155,,10,,10,,2,1,1,0,0,,130,AHRF_natality_24,0,0,0,0,FALSE,"Nonmetro, remote (RUCC 7-9)",163,TRUE,10.43,6.75,,,37.42,6.45,,1,0,,Neither
17087,Johnson,IL,13350,66,2139,8,1,"Johnson, IL",0,0,0,94,111,0,0,0,0,0,13,,,,39,109,,,,,,0,0,0,0,0,,94,AHRF_natality_24,0,0,0,0,TRUE,"Nonmetro, remote (RUCC 7-9)",111,TRUE,11.71,,,,35.14,,,,0,,Neither
17089,Kane,IL,516097,5023,115316,1,0.0402248113,"Kane, IL",5,4,5,5472,5540,2,5,0,28,3525,687,445,77,43,2034,4838,342,2456,360,367,42,10,7,0,7,7,1,5472,AHRF_natality_24,1.28,0.91,1.36,0.37,FALSE,Metro (RUCC 1-3),5540,TRUE,12.4,8.03,1.39,0.78,36.71,7.59,12.28,0.3558,5.12,0.2,Both
17091,Kankakee,IL,106833,1336,23758,3,0.2840412271,"Kankakee, IL",2,3,2,1135,1124,1,2,0,7,1197,129,100,18,11,578,863,226,197,35,61,34,3,3,0,3,0,3,1135,AHRF_natality_24,2.64,1.76,2.81,0.88,FALSE,Metro (RUCC 1-3),1124,TRUE,11.48,8.9,1.6,0.98,51.42,7.07,15.04,,6.17,0.3,Both
17093,Kendall,IL,135053,1678,33302,1,0.1137037515,"Kendall, IL",0,0,0,1507,1534,0,0,0,4,0,180,115,14,,413,1310,128,427,96,86,18,0,0,0,0,0,,1507,AHRF_natality_24,0,0,0,0,TRUE,Metro (RUCC 1-3),1534,TRUE,11.73,7.5,0.91,,26.92,6.56,14.06,1,2.65,0,OB/GYN only
17095,Knox,IL,49294,481,9430,4,0.3226129245,"Knox, IL",1,1,1,485,469,1,1,0,4,607,56,41,,,280,380,63,37,26,31,,2,2,0,1,0,4,485,AHRF_natality_24,2.06,2.06,2.03,2.06,FALSE,"Nonmetro, adjacent (RUCC 4-6)",469,TRUE,11.94,8.74,,,59.7,8.16,,,8.25,0.2,Both
17097,Lake,IL,711885,7468,155970,1,0.0141528848,"Lake, IL",15,12,15,6609,6674,3,8,0,96,4348,737,526,65,52,2187,5359,587,2231,728,376,87,13,7,0,19,14,1,6609,AHRF_natality_24,2.87,2.27,2.67,0.45,FALSE,Metro (RUCC 1-3),6674,TRUE,11.04,7.88,0.97,0.78,32.77,7.02,14.82,0.3421,14.53,0.165,Both
17099,LaSalle,IL,109049,1375,21714,4,0.3159915373,"La Salle, IL",7,5,7,1116,1101,1,2,1,3,484,131,86,11,10,540,1033,35,167,33,78,,5,4,1,3,0,4,1116,AHRF_natality_24,2.69,6.27,2.75,0.9,FALSE,"Nonmetro, adjacent (RUCC 4-6)",1101,TRUE,11.9,7.81,1,0.91,49.05,7.55,,0.5663,2.69,0.5,Both
17101,Lawrence,IL,15137,195,2552,9,0.6968586387,"Lawrence, IL",0,0,0,92,118,0,1,1,0,0,18,,,,59,112,,,,,,2,1,1,0,0,,92,AHRF_natality_24,0,0,0,0,FALSE,"Nonmetro, remote (RUCC 7-9)",118,TRUE,15.25,,,,50,,,,0,,Neither
17103,Lee,IL,34058,399,6190,6,0.5317908918,"Lee, IL",0,0,0,278,295,1,1,0,2,325,36,19,,,118,281,,29,,17,,1,1,0,1,0,6,278,AHRF_natality_24,3.6,0,2.94,3.6,FALSE,"Nonmetro, adjacent (RUCC 4-6)",295,TRUE,12.2,6.44,,,40,6.05,,,7.19,0.333,Both
17105,Livingston,IL,35659,447,7022,6,0.6459583973,"Livingston, IL",0,0,0,365,366,0,1,0,1,108,42,34,,,149,353,,23,,32,,3,2,0,0,0,,365,AHRF_natality_24,0,0,0,0,FALSE,"Nonmetro, adjacent (RUCC 4-6)",366,TRUE,11.48,9.29,,,40.71,9.07,,0.7041,2.74,0,OB/GYN only
17107,Logan,IL,27870,420,6223,6,0.5001250581,"Logan, IL",0,0,0,220,248,0,1,1,2,36,34,21,,,125,236,,,,20,,2,1,1,0,0,,220,AHRF_natality_24,0,0,0,0,FALSE,"Nonmetro, adjacent (RUCC 4-6)",248,TRUE,13.71,8.47,,,50.4,8.47,,0.8364,9.09,0,OB/GYN only
17109,McDonough,IL,27102,230,6716,7,0.4252147735,"McDonough, IL",2,2,2,268,254,0,1,0,2,324,33,18,,,105,211,29,,15,13,,1,1,0,1,0,7,268,AHRF_natality_24,3.73,7.46,3.69,0,FALSE,"Nonmetro, remote (RUCC 7-9)",254,TRUE,12.99,7.09,,,41.34,6.16,,,7.46,0.333,Both
17111,McHenry,IL,311366,3580,66651,1,0.1408959188,"McHenry, IL",1,1,1,3112,3078,1,3,1,18,1781,352,215,33,15,853,2851,65,704,162,193,,5,4,1,2,0,1,3112,AHRF_natality_24,0.64,0.32,0.64,0.32,FALSE,Metro (RUCC 1-3),3078,TRUE,11.44,6.99,1.07,0.49,27.71,6.77,,0.4277,5.78,0.1,Both
17113,McLean,IL,170882,2185,44143,3,0.2155784597,"McLean, IL",6,6,6,1617,1644,2,2,0,17,2079,178,124,19,18,567,1253,221,142,171,72,35,3,3,0,12,12,3,1617,AHRF_natality_24,7.42,3.71,7.02,1.24,FALSE,Metro (RUCC 1-3),1644,TRUE,10.83,7.54,1.16,1.09,34.49,5.75,15.84,,10.51,0.414,Both
17115,Macon,IL,102591,2088,21953,3,0.1703013519,"Macon, IL",5,7,5,1144,1125,1,2,0,9,1292,175,139,21,23,678,734,305,35,85,72,58,3,2,0,6,6,3,1144,AHRF_natality_24,5.24,4.37,5.85,0.87,FALSE,Metro (RUCC 1-3),1125,TRUE,15.56,12.36,1.87,2.04,60.27,9.81,19.02,,7.87,0.4,Both
17117,Macoupin,IL,44566,546,8889,1,0.6551915849,"Macoupin, IL",0,0,0,390,399,0,2,2,0,0,60,40,,,179,384,,,,39,,4,2,2,0,0,,390,AHRF_natality_24,0,0,0,0,FALSE,Metro (RUCC 1-3),399,TRUE,15.04,10.03,,,44.86,10.16,,1,0,,Neither
17119,Madison,IL,264631,2883,58838,1,0.1643916512,"Madison, IL",4,4,4,2198,2689,2,7,1,18,2543,341,247,34,31,1154,2173,398,166,118,172,64,11,7,1,4,0,1,2198,AHRF_natality_24,1.82,1.82,1.51,0.91,FALSE,Metro (RUCC 1-3),2689,TRUE,12.68,9.19,1.26,1.15,42.92,7.92,16.08,,8.19,0.182,Both
17121,Marion,IL,37294,465,7537,7,0.4779347452,"Marion, IL",1,1,1,417,429,0,2,1,1,0,50,33,,11,249,393,20,16,15,31,,4,2,1,2,0,7,417,AHRF_natality_24,4.8,2.4,5.36,0,FALSE,"Nonmetro, remote (RUCC 7-9)",429,TRUE,11.66,7.69,,2.56,58.04,7.89,,1,2.4,0.667,Both
17123,Marshall,IL,11715,174,2076,2,1,"Marshall, IL",0,0,0,98,117,0,0,0,0,0,14,,,,54,113,,,,,,0,0,0,0,0,,98,AHRF_natality_24,0,0,0,0,TRUE,Metro (RUCC 1-3),117,TRUE,11.97,,,,46.15,,,,0,,Neither
17125,Mason,IL,12878,177,2500,8,1,"Mason, IL",0,0,0,120,109,0,1,1,0,0,16,10,,,57,108,,,,10,,2,1,1,0,0,,120,AHRF_natality_24,0,0,0,0,FALSE,"Nonmetro, remote (RUCC 7-9)",109,TRUE,14.68,9.17,,,52.29,9.26,,1,0,,Neither
17127,Massac,IL,13958,135,2743,3,0.5288305456,"Massac, IL",0,0,0,94,121,0,1,1,0,0,16,11,,,61,107,,,,,,2,1,1,0,0,,94,AHRF_natality_24,0,0,0,0,FALSE,Metro (RUCC 1-3),121,TRUE,13.22,9.09,,,50.41,,,,0,,Neither
17129,Menard,IL,12169,137,2415,3,1,"Menard, IL",0,0,0,130,124,0,0,0,0,0,13,,,,40,121,,,,,,0,0,0,0,0,,130,AHRF_natality_24,0,0,0,0,TRUE,Metro (RUCC 1-3),124,TRUE,10.48,,,,32.26,,,1,0,,Neither
17131,Mercer,IL,15619,169,3016,2,1,"Mercer, IL",0,0,0,139,134,0,1,1,0,0,12,,,,60,131,,,,,,2,1,1,0,0,,139,AHRF_natality_24,0,0,0,0,FALSE,Metro (RUCC 1-3),134,TRUE,8.96,,,,44.78,,,1,0,,Neither
17133,Monroe,IL,34969,338,6923,1,0.4149934214,"Monroe, IL",0,0,0,158,304,0,0,0,1,0,38,23,,,53,297,,,,23,,0,0,0,0,0,,158,AHRF_natality_24,0,0,0,0,TRUE,Metro (RUCC 1-3),304,TRUE,12.5,7.57,,,17.43,7.74,,1,6.33,0,OB/GYN only
17135,Montgomery,IL,28078,408,4870,6,0.5323105204,"Montgomery, IL",0,0,0,238,250,1,2,2,0,261,35,24,,,123,239,,,,23,,4,2,2,0,0,,238,AHRF_natality_24,0,0,0,4.2,FALSE,"Nonmetro, adjacent (RUCC 4-6)",250,TRUE,14,9.6,,,49.2,9.62,,,0,,Neither
17137,Morgan,IL,32621,355,6470,4,0.3619018684,"Morgan, IL",0,0,0,342,322,1,1,1,3,356,48,29,,,168,287,21,13,14,22,,3,1,1,0,0,,342,AHRF_natality_24,0,0,0,2.92,FALSE,"Nonmetro, adjacent (RUCC 4-6)",322,TRUE,14.91,9.01,,,52.17,7.67,,,8.77,0,OB/GYN only
17139,Moultrie,IL,14469,308,2930,8,0.6961310753,"Moultrie, IL",0,0,0,148,169,0,0,0,0,0,18,12,,,51,166,,,,11,,0,0,0,0,0,,148,AHRF_natality_24,0,0,0,0,TRUE,"Nonmetro, remote (RUCC 7-9)",169,TRUE,10.65,7.1,,,30.18,6.63,,1,0,,Neither
17141,Ogle,IL,51536,671,10559,6,0.678728663,"Ogle, IL",0,0,0,514,522,0,1,1,0,0,57,38,,,188,501,,87,13,36,,2,1,1,0,0,,514,AHRF_natality_24,0,0,0,0,FALSE,"Nonmetro, adjacent (RUCC 4-6)",522,TRUE,10.92,7.28,,,36.02,7.19,,1,0,,Neither
17143,Peoria,IL,179831,2201,39967,2,0.1694274872,"Peoria, IL",9,6,9,2057,2065,2,4,0,36,4100,261,198,30,35,1090,1292,604,173,169,87,96,7,4,0,11,11,2,2057,AHRF_natality_24,5.35,4.38,6.12,0.97,FALSE,Metro (RUCC 1-3),2065,TRUE,12.64,9.59,1.45,1.69,52.78,6.73,15.89,,17.5,0.234,Both
17145,Perry,IL,20810,137,3865,7,0.7167343041,"Perry, IL",0,0,0,162,173,0,2,2,0,0,18,14,,,75,159,,,,12,,4,2,2,0,0,,162,AHRF_natality_24,0,0,0,0,FALSE,"Nonmetro, remote (RUCC 7-9)",173,TRUE,10.4,8.09,,,43.35,7.55,,1,0,,Neither
17147,Piatt,IL,16702,187,3326,3,0.6410364062,"Piatt, IL",0,0,0,158,160,0,1,1,0,0,20,10,,,49,156,,,,10,,2,1,1,0,0,,158,AHRF_natality_24,0,0,0,0,FALSE,Metro (RUCC 1-3),160,TRUE,12.5,6.25,,,30.62,6.41,,1,0,,Neither
17149,Pike,IL,14625,129,2816,9,1,"Pike, IL",0,0,0,146,161,0,1,1,0,0,21,14,,,65,159,,,,13,,2,1,1,0,0,,146,AHRF_natality_24,0,0,0,0,FALSE,"Nonmetro, remote (RUCC 7-9)",161,TRUE,13.04,8.7,,,40.37,8.18,,1,0,,Neither
17151,Pope,IL,3757,30,599,8,1,"Pope, IL",0,0,0,14,23,0,0,0,0,0,,,,,13,23,,,,,,0,0,0,0,0,,14,AHRF_natality_24,,,0,,TRUE,"Nonmetro, remote (RUCC 7-9)",23,FALSE,,,,,,,,,,,Neither
17153,Pulaski,IL,5074,31,991,8,1,"Pulaski, IL",0,0,0,52,61,0,0,0,0,0,,,,,31,43,15,,,,,0,0,0,0,0,,52,AHRF_natality_24,0,0,0,0,TRUE,"Nonmetro, remote (RUCC 7-9)",61,FALSE,,,,,,,,,0,,Neither
17155,Putnam,IL,5600,74,980,8,1,"Putnam, IL",0,0,0,47,48,0,0,0,0,0,,,,,20,46,,,,,,0,0,0,0,0,,47,AHRF_natality_24,,,0,,TRUE,"Nonmetro, remote (RUCC 7-9)",48,FALSE,,,,,,,,,,,Neither
17157,Randolph,IL,30142,346,5112,6,0.7898750124,"Randolph, IL",1,1,0,259,299,0,4,3,0,0,43,29,,,142,284,,24,,29,,6,3,3,0,0,,259,AHRF_natality_24,0,3.86,0,0,FALSE,"Nonmetro, adjacent (RUCC 4-6)",299,TRUE,14.38,9.7,,,47.49,10.21,,1,0,,Neither
17159,Richland,IL,15675,215,3044,7,0.4534876368,"Richland, IL",0,0,0,138,158,1,1,0,2,214,18,12,,,67,156,,,,12,,2,1,1,0,0,,138,AHRF_natality_24,0,0,0,7.25,FALSE,"Nonmetro, remote (RUCC 7-9)",158,TRUE,11.39,7.59,,,42.41,7.69,,,14.49,0,OB/GYN only
17161,Rock Island,IL,142995,1773,29821,2,0.1154404446,"Rock Island, IL",2,2,2,1611,1522,2,3,0,9,932,207,139,20,21,787,1068,336,268,118,82,47,5,4,0,3,0,2,1611,AHRF_natality_24,1.86,1.24,2.1,1.24,FALSE,Metro (RUCC 1-3),1522,TRUE,13.6,9.13,1.31,1.38,51.71,7.68,13.99,0.4215,5.59,0.25,Both
17163,St. Clair,IL,254777,3489,57221,1,0.1415578866,"St. Clair, IL",9,8,8,2139,2573,2,4,0,24,2572,374,295,50,30,1291,1469,976,159,128,114,169,8,6,0,8,0,1,2139,AHRF_natality_24,3.74,4.21,3.14,0.94,FALSE,Metro (RUCC 1-3),2573,TRUE,14.54,11.47,1.94,1.17,50.17,7.76,17.32,,11.22,0.25,Both
17165,Saline,IL,23387,264,4589,7,0.6515062269,"Saline, IL",0,0,0,221,244,0,2,1,0,0,34,29,,,128,224,10,,10,24,,4,3,1,0,0,,221,AHRF_natality_24,0,0,0,0,FALSE,"Nonmetro, remote (RUCC 7-9)",244,TRUE,13.93,11.89,,,52.46,10.71,,1,0,,Neither
17167,Sangamon,IL,195217,2523,42695,3,0.1888429941,"Sangamon, IL",6,7,6,1969,2022,2,4,0,65,3308,318,243,39,24,974,1401,452,81,168,132,89,7,4,0,4,4,3,1969,AHRF_natality_24,2.03,3.05,2.05,1.02,FALSE,Metro (RUCC 1-3),2022,TRUE,15.73,12.02,1.93,1.19,48.17,9.42,19.69,,33.01,0.058,Both
17169,Schuyler,IL,6826,73,1085,9,1,"Schuyler, IL",0,0,0,56,59,0,1,1,0,0,,,,,27,53,,,,,,2,1,1,0,0,,56,AHRF_natality_24,0,0,0,0,FALSE,"Nonmetro, remote (RUCC 7-9)",59,FALSE,,,,,,,,,0,,Neither
17171,Scott,IL,4847,44,918,9,1,"Scott, IL",0,0,0,44,43,0,0,0,0,0,,,,,22,42,,,,,,0,0,0,0,0,,44,AHRF_natality_24,,,0,,TRUE,"Nonmetro, remote (RUCC 7-9)",43,FALSE,,,,,,,,,,,Neither
17173,Shelby,IL,20867,178,3871,8,0.765412101,"Shelby, IL",0,0,0,197,201,0,1,1,0,0,20,12,,,71,197,,,,11,,2,1,1,0,0,,197,AHRF_natality_24,0,0,0,0,FALSE,"Nonmetro, remote (RUCC 7-9)",201,TRUE,9.95,5.97,,,35.32,5.58,,1,0,,Neither
17175,Stark,IL,5324,70,998,2,1,"Stark, IL",0,0,0,66,60,0,0,0,1,0,,,,,25,59,,,,,,0,0,0,0,0,,66,AHRF_natality_24,0,0,0,0,TRUE,Metro (RUCC 1-3),60,FALSE,,,,,,,,,15.15,0,OB/GYN only
17177,Stephenson,IL,44042,668,8190,4,0.4592202554,"Stephenson, IL",1,1,1,350,461,1,1,0,2,251,55,41,,,261,359,65,59,37,27,11,1,1,0,0,0,,350,AHRF_natality_24,0,2.86,0,2.86,FALSE,"Nonmetro, adjacent (RUCC 4-6)",461,TRUE,11.93,8.89,,,56.62,7.52,,0.2829,5.71,0,OB/GYN only
17179,Tazewell,IL,130555,1069,27273,2,0.2182225166,"Tazewell, IL",3,4,3,1217,1272,0,2,1,5,0,148,99,14,14,502,1216,18,38,39,93,,4,2,1,3,0,2,1217,AHRF_natality_24,2.47,2.47,2.3,0,FALSE,Metro (RUCC 1-3),1272,TRUE,11.64,7.78,1.1,1.1,39.47,7.65,,1,4.11,0.375,Both
17181,Union,IL,16972,188,3239,6,0.6481094874,"Union, IL",0,0,0,139,159,0,2,1,2,0,18,12,,,66,154,,12,,12,,4,1,1,0,0,,139,AHRF_natality_24,0,0,0,0,FALSE,"Nonmetro, adjacent (RUCC 4-6)",159,TRUE,11.32,7.55,,,41.51,7.79,,1,14.39,0,OB/GYN only
17183,Vermilion,IL,73179,760,14416,4,0.3953739149,"Vermilion, IL",0,0,0,776,806,1,3,1,4,17,127,89,14,18,513,620,153,62,33,55,30,5,3,1,0,0,,776,AHRF_natality_24,0,0,0,1.29,FALSE,"Nonmetro, adjacent (RUCC 4-6)",806,TRUE,15.76,11.04,1.74,2.23,63.65,8.87,19.61,0.9781,5.15,0,OB/GYN only
17185,Wabash,IL,11199,172,2250,7,0.3871138104,"Wabash, IL",0,0,0,55,102,0,1,1,0,0,13,11,,,36,98,,,,,,2,1,1,0,0,,55,AHRF_natality_24,0,0,0,0,FALSE,"Nonmetro, remote (RUCC 7-9)",102,TRUE,12.75,10.78,,,35.29,,,,0,,Neither
17187,Warren,IL,16576,138,3420,6,0.4541728542,"Warren, IL",1,1,1,190,185,0,1,1,0,0,25,15,,,85,155,14,29,16,12,,2,1,1,1,0,6,190,AHRF_natality_24,5.26,5.26,6.03,0,FALSE,"Nonmetro, adjacent (RUCC 4-6)",185,TRUE,13.51,8.11,,,45.95,7.74,,1,0,1,Midwife only
17189,Washington,IL,13682,200,2610,8,0.9931691011,"Washington, IL",0,0,0,122,132,0,1,1,1,0,15,11,,,46,129,,,,11,,2,1,1,0,0,,122,AHRF_natality_24,0,0,0,0,FALSE,"Nonmetro, remote (RUCC 7-9)",132,TRUE,11.36,8.33,,,34.85,8.53,,1,8.2,0,OB/GYN only
17191,Wayne,IL,15994,187,3043,9,0.705420607,"Wayne, IL",0,0,0,157,174,0,1,1,0,0,19,12,,,60,171,,,,12,,2,1,1,0,0,,157,AHRF_natality_24,0,0,0,0,FALSE,"Nonmetro, remote (RUCC 7-9)",174,TRUE,10.92,6.9,,,34.48,7.02,,1,0,,Neither
17193,White,IL,13708,173,2591,6,0.6348634431,"White, IL",0,0,0,97,136,0,0,0,0,0,20,13,,,63,132,,,,12,,2,1,1,0,0,,97,AHRF_natality_24,0,0,0,0,FALSE,"Nonmetro, adjacent (RUCC 4-6)",136,TRUE,14.71,9.56,,,46.32,9.09,,,0,,Neither
17195,Whiteside,IL,55192,511,10761,4,0.4355102261,"Whiteside, IL",0,0,0,568,523,1,2,1,5,452,54,38,,,258,502,11,79,10,37,,3,2,1,2,0,4,568,AHRF_natality_24,3.52,0,3.62,1.76,FALSE,"Nonmetro, adjacent (RUCC 4-6)",523,TRUE,10.33,7.27,,,49.33,7.37,,0.2042,8.8,0.286,Both
17197,Will,IL,698450,8863,159728,1,0.0487481242,"Will, IL",7,8,7,6895,6936,2,4,0,31,4808,825,541,87,39,2220,5502,866,1782,568,373,116,5,3,0,7,5,1,6895,AHRF_natality_24,1.02,1.02,1,0.29,FALSE,Metro (RUCC 1-3),6936,TRUE,11.89,7.8,1.25,0.56,32.01,6.78,13.39,0.3027,4.5,0.184,Both
17199,Williamson,IL,66902,904,13725,5,0.4103465221,"Williamson, IL",3,2,3,602,641,0,3,0,4,0,72,58,,11,277,572,40,20,30,48,,3,2,0,5,0,5,602,AHRF_natality_24,8.31,4.98,7.47,0,FALSE,"Nonmetro, adjacent (RUCC 4-6)",641,TRUE,11.23,9.05,,1.72,43.21,8.39,,1,6.64,0.556,Both
17201,Winnebago,IL,283289,3846,61174,2,0.0969405993,"Winnebago, IL",18,17,18,3204,3206,2,3,0,19,3203,452,333,61,43,1802,2262,702,740,242,194,118,8,4,0,19,19,2,3204,AHRF_natality_24,5.93,5.62,6.71,0.62,FALSE,Metro (RUCC 1-3),3206,TRUE,14.1,10.39,1.9,1.34,56.21,8.58,16.81,3e-4,5.93,0.5,Both
17203,Woodford,IL,38348,460,7798,2,0.7016143708,"Woodford, IL",0,0,0,406,403,0,1,1,1,0,40,20,,,94,388,,,11,19,,2,1,1,0,0,,406,AHRF_natality_24,0,0,0,0,FALSE,Metro (RUCC 1-3),403,TRUE,9.93,4.96,,,23.33,4.9,,1,2.46,0,OB/GYN only
18001,Adams,IN,35995,835,7135,6,0.7084252562,"Adams, IN",1,1,1,637,674,1,1,1,1,202,63,44,,,104,664,,17,,44,,2,1,1,1,0,6,637,AHRF_natality_24,1.57,1.57,2.78,1.57,FALSE,"Nonmetro, adjacent (RUCC 4-6)",674,TRUE,9.35,6.53,,,15.43,6.63,,0.6829,1.57,0.5,Both
18003,Allen,IN,388791,5233,89511,2,0.1291870995,"Allen, IN",12,10,12,5164,5173,3,8,0,46,5079,642,483,73,63,2126,3842,761,590,570,309,112,18,8,0,23,12,2,5164,AHRF_natality_24,4.45,2.32,5.92,0.58,FALSE,Metro (RUCC 1-3),5173,TRUE,12.41,9.34,1.41,1.22,41.1,8.04,14.72,0.0165,8.91,0.333,Both
18005,Bartholomew,IN,82881,1094,18109,3,0.3069409303,"Bartholomew, IN",3,2,3,1010,1007,1,1,0,10,1129,115,81,11,12,399,866,34,141,107,63,,5,2,0,5,0,3,1010,AHRF_natality_24,4.95,2.97,6.03,0.99,FALSE,Metro (RUCC 1-3),1007,TRUE,11.42,8.04,1.09,1.19,39.62,7.27,,,9.9,0.333,Both
18007,Benton,IN,8708,76,1705,3,1,"Benton, IN",0,0,0,115,103,0,0,0,0,0,12,,,,46,102,,12,,,,0,0,0,0,0,,115,AHRF_natality_24,0,0,0,0,TRUE,Metro (RUCC 1-3),103,TRUE,11.65,,,,44.66,,,1,0,,Neither
18009,Blackford,IN,12007,55,2246,6,0.4934775429,"Blackford, IN",0,0,0,107,120,0,0,0,0,0,11,,,,68,116,,,,,,2,1,1,0,0,,107,AHRF_natality_24,0,0,0,0,FALSE,"Nonmetro, adjacent (RUCC 4-6)",120,TRUE,9.17,,,,56.67,,,1,0,,Neither
18011,Boone,IN,72827,647,16183,1,0.2719171892,"Boone, IN",1,1,1,921,870,1,1,0,8,341,87,64,12,,168,773,34,35,63,53,,3,1,0,2,0,1,921,AHRF_natality_24,2.17,1.09,2.75,1.09,FALSE,Metro (RUCC 1-3),870,TRUE,10,7.36,1.38,,19.31,6.86,,0.6298,8.69,0.2,Both
18013,Brown,IN,15543,130,2641,1,1,"Brown, IN",0,0,0,90,94,0,0,0,0,0,10,,,,28,91,,,,,,0,0,0,0,0,,90,AHRF_natality_24,0,0,0,0,TRUE,Metro (RUCC 1-3),94,FALSE,,,,,,,,,0,,Neither
18015,Carroll,IN,20443,283,4063,3,0.9456810795,"Carroll, IN",0,0,0,224,206,0,0,0,0,0,24,19,,,63,201,,12,,18,,0,0,0,1,0,3,224,AHRF_natality_24,4.46,0,4.89,0,TRUE,Metro (RUCC 1-3),206,TRUE,11.65,9.22,,,30.58,8.96,,1,0,1,Midwife only
18017,Cass,IN,37703,465,7952,4,0.4620015844,"Cass, IN",0,0,0,495,498,1,3,0,5,532,66,44,,11,277,436,45,154,16,37,,2,1,0,0,0,,495,AHRF_natality_24,0,0,0,2.02,FALSE,"Nonmetro, adjacent (RUCC 4-6)",498,TRUE,13.25,8.84,,2.21,55.62,8.49,,,10.1,0,OB/GYN only
18019,Clark,IN,122800,1518,27629,1,0.2133071276,"Clark, IN",6,4,6,1330,1452,0,2,0,7,855,159,119,15,17,624,1224,148,155,80,89,22,9,4,0,9,9,1,1330,AHRF_natality_24,6.77,4.51,7.33,0,FALSE,Metro (RUCC 1-3),1452,TRUE,10.95,8.2,1.03,1.17,42.98,7.27,14.86,0.3571,5.26,0.562,Both
18021,Clay,IN,26431,277,5457,3,0.5999773294,"Clay, IN",0,0,0,283,286,0,1,1,0,0,32,24,,,135,279,,,,24,,2,1,1,1,0,3,283,AHRF_natality_24,3.53,0,3.78,0,FALSE,Metro (RUCC 1-3),286,TRUE,11.19,8.39,,,47.2,8.6,,1,0,1,Midwife only
18023,Clinton,IN,32967,446,6951,6,0.4945766797,"Clinton, IN",1,0,1,438,423,0,1,1,1,0,46,36,,,195,412,,120,,35,,2,1,1,1,0,6,438,AHRF_natality_24,2.28,2.28,3.03,0,FALSE,"Nonmetro, adjacent (RUCC 4-6)",423,TRUE,10.87,8.51,,,46.1,8.5,,1,2.28,0.5,Both
18025,Crawford,IN,10494,179,2002,8,1,"Crawford, IN",0,0,0,101,103,0,0,0,0,0,18,12,,,40,101,,,,12,,0,0,0,0,0,,101,AHRF_natality_24,0,0,0,0,TRUE,"Nonmetro, remote (RUCC 7-9)",103,TRUE,17.48,11.65,,,38.83,11.88,,1,0,,Neither
18027,Daviess,IN,33442,505,6974,7,0.6129534765,"Daviess, IN",0,0,0,574,555,1,1,0,1,473,56,37,,,137,511,40,40,,32,,1,1,0,0,0,,574,AHRF_natality_24,0,0,0,1.74,FALSE,"Nonmetro, remote (RUCC 7-9)",555,TRUE,10.09,6.67,,,24.68,6.26,,0.176,1.74,0,OB/GYN only
18029,Dearborn,IN,50828,590,10415,1,0.6021034353,"Dearborn, IN",1,1,1,409,539,1,2,0,2,274,66,39,,,200,525,,,10,38,,2,1,0,0,0,,409,AHRF_natality_24,0,2.44,0,2.44,FALSE,Metro (RUCC 1-3),539,TRUE,12.24,7.24,,,37.11,7.24,,0.3301,4.89,0,OB/GYN only
18031,Decatur,IN,26411,366,5487,6,0.52670746450000006,"Decatur, IN",0,0,0,317,319,1,1,1,2,184,39,21,,,129,311,,,,20,,2,1,1,0,0,,317,AHRF_natality_24,0,0,0,3.15,FALSE,"Nonmetro, adjacent (RUCC 4-6)",319,TRUE,12.23,6.58,,,40.44,6.43,,0.4196,6.31,0,OB/GYN only
18033,DeKalb,IN,43584,516,9199,4,0.5297353519,"De Kalb, IN",6,6,6,517,532,1,2,0,1,236,49,38,,,213,517,,18,10,37,,2,1,0,6,0,4,517,AHRF_natality_24,11.61,11.61,13.77,1.93,FALSE,"Nonmetro, adjacent (RUCC 4-6)",532,TRUE,9.21,7.14,,,40.04,7.16,,0.5435,1.93,0.857,Both
18035,Delaware,IN,112109,1392,28590,3,0.2305925668,"Delaware, IN",1,1,1,1063,1078,1,3,0,5,1287,125,97,11,17,563,910,102,39,66,74,17,4,2,0,0,0,,1063,AHRF_natality_24,0,0.94,0,0.94,FALSE,Metro (RUCC 1-3),1078,TRUE,11.6,9,1.02,1.58,52.23,8.13,16.67,,4.7,0,OB/GYN only
18037,Dubois,IN,43563,499,8597,5,0.4759951417,"Dubois, IN",0,0,0,483,510,0,1,0,6,720,65,35,,,151,498,,77,,35,,4,2,1,0,0,,483,AHRF_natality_24,0,0,0,0,FALSE,"Nonmetro, adjacent (RUCC 4-6)",510,TRUE,12.75,6.86,,,29.61,7.03,,,12.42,0,OB/GYN only
18039,Elkhart,IN,206868,2513,45880,3,0.2325752124,"Elkhart, IN",19,18,19,2934,2919,2,3,0,10,2252,297,208,37,41,1237,2660,188,809,71,180,20,3,2,0,19,7,3,2934,AHRF_natality_24,6.48,6.48,9.18,0.68,FALSE,Metro (RUCC 1-3),2919,TRUE,10.17,7.13,1.27,1.4,42.38,6.77,10.64,0.2324,3.41,0.655,Both
18041,Fayette,IN,23390,231,4858,6,0.3845200444,"Fayette, IN",0,0,0,218,270,0,0,0,0,0,33,20,,,139,261,,,,20,,1,1,0,0,0,,218,AHRF_natality_24,0,0,0,0,FALSE,"Nonmetro, adjacent (RUCC 4-6)",270,TRUE,12.22,7.41,,,51.48,7.66,,1,0,,Neither
18043,Floyd,IN,80512,1046,17873,1,0.3405148849,"Floyd, IN",0,0,0,745,791,1,3,0,9,1018,106,66,11,,305,684,54,45,54,50,,5,2,0,1,0,1,745,AHRF_natality_24,1.34,0,1.24,1.34,FALSE,Metro (RUCC 1-3),791,TRUE,13.4,8.34,1.39,,38.56,7.31,,,12.08,0.1,Both
18045,Fountain,IN,16546,220,3319,8,1,"Fountain, IN",0,0,0,194,205,0,0,0,0,0,23,15,,,79,198,,,,13,,0,0,0,0,0,,194,AHRF_natality_24,0,0,0,0,TRUE,"Nonmetro, remote (RUCC 7-9)",205,TRUE,11.22,7.32,,,38.54,6.57,,1,0,,Neither
18047,Franklin,IN,22929,356,4471,1,0.8886109282,"Franklin, IN",0,0,0,195,240,1,1,1,6,403,27,15,,,63,237,,,,14,,0,0,0,0,0,,195,AHRF_natality_24,0,0,0,5.13,TRUE,Metro (RUCC 1-3),240,TRUE,11.25,6.25,,,26.25,5.91,,,30.77,0,OB/GYN only
18049,Fulton,IN,20411,166,3979,7,0.6419433594,"Fulton, IN",0,0,0,209,217,0,1,1,0,327,22,15,,,89,210,,13,,14,,2,1,1,0,0,,209,AHRF_natality_24,0,0,0,0,FALSE,"Nonmetro, remote (RUCC 7-9)",217,TRUE,10.14,6.91,,,41.01,6.67,,,0,,Neither
18051,Gibson,IN,32986,443,6846,6,0.7472660628,"Gibson, IN",0,0,0,367,365,0,1,1,0,0,45,28,,,134,343,,11,14,27,,3,2,1,0,0,,367,AHRF_natality_24,0,0,0,0,FALSE,"Nonmetro, adjacent (RUCC 4-6)",365,TRUE,12.33,7.67,,,36.71,7.87,,1,0,,Neither
18053,Grant,IN,66377,702,15085,4,0.3856525782,"Grant, IN",0,0,0,698,710,1,2,0,4,411,98,73,10,16,419,597,67,50,46,50,16,3,1,0,0,0,,698,AHRF_natality_24,0,0,0,1.43,FALSE,"Nonmetro, adjacent (RUCC 4-6)",710,TRUE,13.8,10.28,1.41,2.25,59.01,8.38,,0.4112,5.73,0,OB/GYN only
18055,Greene,IN,30954,463,6018,6,0.8280037659,"Greene, IN",0,0,0,314,316,1,1,1,2,79,35,26,,,126,309,,,,26,,2,1,1,1,0,6,314,AHRF_natality_24,3.18,0,3.23,3.18,FALSE,"Nonmetro, adjacent (RUCC 4-6)",316,TRUE,11.08,8.23,,,39.87,8.41,,0.7484,6.37,0.333,Both
18057,Hamilton,IN,357176,4468,84171,1,0.0574068904,"Hamilton, IN",4,3,4,3904,3931,3,7,0,77,4431,413,266,35,12,571,3318,216,286,396,203,25,11,8,0,5,5,1,3904,AHRF_natality_24,1.28,1.02,1.4,0.77,FALSE,Metro (RUCC 1-3),3931,TRUE,10.51,6.77,0.89,0.31,14.53,6.12,11.57,,19.72,0.061,Both
18059,Hancock,IN,82013,1019,17828,1,0.276753507,"Hancock, IN",0,0,0,889,895,1,1,0,11,430,102,61,,,230,817,48,33,29,54,,1,1,0,0,0,,889,AHRF_natality_24,0,0,0,1.12,FALSE,Metro (RUCC 1-3),895,TRUE,11.4,6.82,,,25.7,6.61,,0.5163,12.37,0,OB/GYN only
18061,Harrison,IN,39785,557,8224,1,0.8563574923,"Harrison, IN",0,0,0,375,409,1,1,1,0,354,55,35,,,146,390,,16,15,34,,2,1,1,0,0,,375,AHRF_natality_24,0,0,0,2.67,FALSE,Metro (RUCC 1-3),409,TRUE,13.45,8.56,,,35.7,8.72,,0.056,0,,Neither
18063,Hendricks,IN,179379,2468,40244,1,0.1524074879,"Hendricks, IN",2,2,2,1946,1868,2,2,0,22,2432,217,138,22,,513,1466,277,118,125,96,32,5,3,0,1,0,1,1946,AHRF_natality_24,0.51,1.03,0.56,1.03,FALSE,Metro (RUCC 1-3),1868,TRUE,11.62,7.39,1.18,,27.46,6.55,11.55,,11.31,0.043,Both
18065,Henry,IN,48896,448,9227,6,0.6206607515,"Henry, IN",1,1,1,457,442,1,1,0,0,374,52,38,,,204,426,,13,12,36,,1,1,0,2,0,6,457,AHRF_natality_24,4.38,2.19,4.09,2.19,FALSE,"Nonmetro, adjacent (RUCC 4-6)",442,TRUE,11.76,8.6,,,46.15,8.45,,0.1816,0,1,Midwife only
18067,Howard,IN,83610,1226,17438,3,0.2566042698,"Howard, IN",0,0,0,889,909,2,2,0,8,1302,110,79,12,12,468,765,83,41,61,62,,7,3,0,1,0,3,889,AHRF_natality_24,1.12,0,1.2,2.25,FALSE,Metro (RUCC 1-3),909,TRUE,12.1,8.69,1.32,1.32,51.49,8.1,,,9,0.111,Both
18069,Huntington,IN,36757,400,7657,6,0.5211663303,"Huntington, IN",3,1,3,406,405,1,1,0,3,410,56,35,,,165,393,,22,,34,,1,1,0,4,0,6,406,AHRF_natality_24,9.85,7.39,10.88,2.46,FALSE,"Nonmetro, adjacent (RUCC 4-6)",405,TRUE,13.83,8.64,,,40.74,8.65,,,7.39,0.571,Both
18071,Jackson,IN,46319,612,9657,4,0.4777504954,"Jackson, IN",0,0,0,627,633,1,1,0,4,835,83,49,,17,323,601,19,140,12,45,,1,1,0,1,0,4,627,AHRF_natality_24,1.59,0,2.16,1.59,FALSE,"Nonmetro, adjacent (RUCC 4-6)",633,TRUE,13.11,7.74,,2.69,51.03,7.49,,,6.38,0.2,Both
18073,Jasper,IN,33198,657,6993,1,0.8326447536,"Jasper, IN",1,1,1,359,379,0,1,1,0,0,45,30,,,156,374,,45,,29,,2,1,1,0,0,,359,AHRF_natality_24,0,2.79,0,0,FALSE,Metro (RUCC 1-3),379,TRUE,11.87,7.92,,,41.16,7.75,,1,0,,Neither
18075,Jay,IN,20281,434,4042,6,0.6892274636,"Jay, IN",0,0,0,263,291,0,1,1,0,0,28,20,,,108,287,,19,,20,,2,1,1,0,0,,263,AHRF_natality_24,0,0,0,0,FALSE,"Nonmetro, adjacent (RUCC 4-6)",291,TRUE,9.62,6.87,,,37.11,6.97,,1,0,,Neither
18077,Jefferson,IN,33074,401,7557,6,0.4736476906,"Jefferson, IN",0,0,0,299,337,1,2,0,3,363,40,31,,,165,323,,20,,28,,4,1,0,1,0,6,299,AHRF_natality_24,3.34,0,3.02,3.34,FALSE,"Nonmetro, adjacent (RUCC 4-6)",337,TRUE,11.87,9.2,,,48.96,8.67,,,10.03,0.25,Both
18079,Jennings,IN,27584,448,5847,6,0.7488139644,"Jennings, IN",0,0,0,324,316,0,1,1,0,0,42,29,,,152,310,,11,,28,,2,1,1,0,0,,324,AHRF_natality_24,0,0,0,0,FALSE,"Nonmetro, adjacent (RUCC 4-6)",316,TRUE,13.29,9.18,,,48.1,9.03,,1,0,,Neither
18081,Johnson,IN,163983,2421,37502,1,0.127345223,"Johnson, IN",2,2,2,1957,1892,1,3,0,10,314,211,147,25,14,592,1566,111,84,215,118,14,7,2,0,1,0,1,1957,AHRF_natality_24,0.51,1.02,0.61,0.51,FALSE,Metro (RUCC 1-3),1892,TRUE,11.15,7.77,1.32,0.74,31.29,7.54,12.61,0.8396,5.11,0.091,Both
18083,Knox,IN,36108,490,7527,7,0.454274847,"Knox, IN",0,0,0,368,390,1,1,0,3,398,41,33,,,181,367,13,21,10,29,,1,1,0,0,0,,368,AHRF_natality_24,0,0,0,2.72,FALSE,"Nonmetro, remote (RUCC 7-9)",390,TRUE,10.51,8.46,,,46.41,7.9,,,8.15,0,OB/GYN only
18085,Kosciusko,IN,80357,1052,17080,4,0.4836365902,"Kosciusko, IN",2,3,2,929,920,1,2,0,4,598,84,62,10,10,355,879,10,117,31,57,,2,1,0,2,0,4,929,AHRF_natality_24,2.15,2.15,2.49,1.08,FALSE,"Nonmetro, adjacent (RUCC 4-6)",920,TRUE,9.13,6.74,1.09,1.09,38.59,6.48,,0.3563,4.31,0.333,Both
18087,LaGrange,IN,40596,744,8395,8,1,"Lagrange, IN",2,2,2,687,718,0,1,1,1,139,47,30,,,88,711,,26,,30,,2,1,1,3,0,8,687,AHRF_natality_24,4.37,2.91,7.39,0,FALSE,"Nonmetro, remote (RUCC 7-9)",718,TRUE,6.55,4.18,,,12.26,4.22,,0.7977,1.46,0.75,Both
18089,Lake,IN,498990,6992,110679,1,0.0453679567,"Lake, IN",13,14,13,5463,5263,4,13,0,38,6068,704,485,84,58,2695,3505,1539,1282,219,254,211,27,18,0,7,1,1,5463,AHRF_natality_24,1.28,2.38,1.4,0.73,FALSE,Metro (RUCC 1-3),5263,TRUE,13.38,9.22,1.6,1.1,51.21,7.25,13.71,,6.96,0.156,Both
18091,LaPorte,IN,112141,1511,21767,3,0.3652116673,"La Porte, IN",1,1,1,1088,1112,1,2,0,4,1383,155,108,20,15,615,915,141,108,56,75,28,7,6,0,2,0,3,1088,AHRF_natality_24,1.84,0.92,1.78,0.92,FALSE,Metro (RUCC 1-3),1112,TRUE,13.94,9.71,1.8,1.35,55.31,8.2,19.86,,3.68,0.333,Both
18093,Lawrence,IN,45077,424,9046,6,0.6793672658,"Lawrence, IN",0,0,0,457,478,0,1,1,0,0,57,36,,,188,468,,11,,34,,4,2,2,0,0,,457,AHRF_natality_24,0,0,0,0,FALSE,"Nonmetro, adjacent (RUCC 4-6)",478,TRUE,11.92,7.53,,,39.33,7.26,,1,0,,Neither
18095,Madison,IN,130949,1202,27369,1,0.2462248999,"Madison, IN",5,6,5,1484,1429,2,3,1,5,1204,190,148,29,24,750,1229,140,106,60,118,23,6,3,1,3,0,1,1484,AHRF_natality_24,2.02,3.37,2.29,1.35,FALSE,Metro (RUCC 1-3),1429,TRUE,13.3,10.36,2.03,1.68,52.48,9.6,16.43,0.1887,3.37,0.375,Both
18097,Marion,IN,971822,13919,243544,1,0.0087944879,"Marion, IN",54,54,52,14466,14180,5,18,0,184,14805,2006,1454,242,201,7881,8192,4874,3004,1114,653,701,44,19,0,43,32,1,14466,AHRF_natality_24,2.97,3.73,4.42,0.35,FALSE,Metro (RUCC 1-3),14180,TRUE,14.15,10.25,1.71,1.42,55.58,7.97,14.38,,12.72,0.189,Both
18099,Marshall,IN,46225,488,9343,6,0.7336153596,"Marshall, IN",0,0,0,544,551,1,4,1,1,531,56,37,,,208,535,,108,12,36,,9,3,1,1,0,6,544,AHRF_natality_24,1.84,0,2.16,1.84,FALSE,"Nonmetro, adjacent (RUCC 4-6)",551,TRUE,10.16,6.72,,,37.75,6.73,,0.0239,1.84,0.5,Both
18101,Martin,IN,9854,158,1856,9,1,"Martin, IN",0,0,0,124,130,0,0,0,0,0,13,,,,33,127,,,,,,0,0,0,0,0,,124,AHRF_natality_24,0,0,0,0,TRUE,"Nonmetro, remote (RUCC 7-9)",130,TRUE,10,,,,25.38,,,1,0,,Neither
18103,Miami,IN,35772,238,6630,6,0.4555920138,"Miami, IN",0,0,0,326,345,1,1,1,2,324,49,31,,,164,334,,20,,30,,3,1,1,0,0,,326,AHRF_natality_24,0,0,0,3.07,FALSE,"Nonmetro, adjacent (RUCC 4-6)",345,TRUE,14.2,8.99,,,47.54,8.98,,0.0061,6.13,0,OB/GYN only
18105,Monroe,IN,139822,931,39288,3,0.2119626677,"Monroe, IN",6,6,6,1024,1042,1,3,0,17,1830,113,89,15,,338,883,63,69,95,68,,6,3,0,12,0,3,1024,AHRF_natality_24,11.72,5.86,8.58,0.98,FALSE,Metro (RUCC 1-3),1042,TRUE,10.84,8.54,1.44,,32.44,7.7,,,16.6,0.414,Both
18107,Montgomery,IN,38155,557,7561,6,0.5291280051,"Montgomery, IN",1,1,1,441,455,0,1,0,2,0,59,37,,,185,445,,32,,36,,1,1,0,1,0,6,441,AHRF_natality_24,2.27,2.27,2.62,0,FALSE,"Nonmetro, adjacent (RUCC 4-6)",455,TRUE,12.97,8.13,,,40.66,8.09,,1,4.54,0.333,Both
18109,Morgan,IN,72202,504,15075,1,0.5410002786,"Morgan, IN",2,2,2,751,753,0,1,0,0,703,84,63,,,296,720,14,18,19,59,,2,2,0,1,0,1,751,AHRF_natality_24,1.33,2.66,1.39,0,FALSE,Metro (RUCC 1-3),753,TRUE,11.16,8.37,,,39.31,8.19,,0.0639,0,1,Midwife only
18111,Newton,IN,13859,182,2674,1,1,"Newton, IN",0,0,0,159,146,0,0,0,0,0,17,10,,,74,144,,18,,10,,1,1,0,0,0,,159,AHRF_natality_24,0,0,0,0,FALSE,Metro (RUCC 1-3),146,TRUE,11.64,6.85,,,50.68,6.94,,1,0,,Neither
18113,Noble,IN,47417,571,9974,6,0.7769138378,"Noble, IN",0,0,0,630,623,1,1,0,1,277,61,41,,,244,607,,94,,39,,2,2,0,1,0,6,630,AHRF_natality_24,1.59,0,2.11,1.59,FALSE,"Nonmetro, adjacent (RUCC 4-6)",623,TRUE,9.79,6.58,,,39.17,6.43,,0.5603,1.59,0.5,Both
18115,Ohio,IN,5993,60,1079,1,1,"Ohio, IN",0,0,0,28,38,0,0,0,0,0,,,,,15,37,,,,,,0,0,0,0,0,,28,AHRF_natality_24,,,0,,TRUE,Metro (RUCC 1-3),38,FALSE,,,,,,,,,,,Neither
18117,Orange,IN,19746,214,3861,8,1,"Orange, IN",0,0,0,214,218,1,1,1,1,119,28,22,,,89,213,,,,22,,2,1,1,0,0,,214,AHRF_natality_24,0,0,0,4.67,FALSE,"Nonmetro, remote (RUCC 7-9)",218,TRUE,12.84,10.09,,,40.83,10.33,,0.4439,4.67,0,OB/GYN only
18119,Owen,IN,21434,263,4094,3,1,"Owen, IN",0,0,0,223,159,0,0,0,0,0,18,14,,,69,155,,,,14,,0,0,0,0,0,,223,AHRF_natality_24,0,0,0,0,TRUE,Metro (RUCC 1-3),159,TRUE,11.32,8.81,,,43.4,9.03,,1,0,,Neither
18121,Parke,IN,16346,264,3625,8,0.9937484526,"Parke, IN",0,0,0,191,209,0,0,0,0,0,15,,,,56,206,,,,,,0,0,0,0,0,,191,AHRF_natality_24,0,0,0,0,TRUE,"Nonmetro, remote (RUCC 7-9)",209,TRUE,7.18,,,,26.79,,,1,0,,Neither
18123,Perry,IN,19218,278,3453,7,0.5429838289,"Perry, IN",0,0,0,160,173,1,1,1,1,351,20,15,,,77,169,,,,14,,2,1,1,0,0,,160,AHRF_natality_24,0,0,0,6.25,FALSE,"Nonmetro, remote (RUCC 7-9)",173,TRUE,11.56,8.67,,,44.51,8.28,,,6.25,0,OB/GYN only
18125,Pike,IN,12187,97,2406,8,1,"Pike, IN",0,0,0,104,114,0,0,0,0,0,16,,,,36,113,,,,,,0,0,0,0,0,,104,AHRF_natality_24,0,0,0,0,TRUE,"Nonmetro, remote (RUCC 7-9)",114,TRUE,14.04,,,,31.58,,,1,0,,Neither
18127,Porter,IN,174150,2096,38655,1,0.2357936668,"Porter, IN",5,3,5,1635,1581,0,2,0,14,1307,193,125,17,,547,1417,115,197,49,104,15,4,2,0,6,1,1,1635,AHRF_natality_24,3.67,3.06,3.45,0,FALSE,Metro (RUCC 1-3),1581,TRUE,12.21,7.91,1.08,,34.6,7.34,13.04,0.2006,8.56,0.3,Both
18129,Posey,IN,25163,213,4882,2,0.7041075252,"Posey, IN",0,0,0,233,213,0,0,0,0,0,25,17,,,62,205,,,,16,,0,0,0,0,0,,233,AHRF_natality_24,0,0,0,0,TRUE,Metro (RUCC 1-3),213,TRUE,11.74,7.98,,,29.11,7.8,,1,0,,Neither
18131,Pulaski,IN,12441,148,2566,8,1,"Pulaski, IN",0,0,0,130,128,0,1,1,0,0,16,12,,,51,125,,,,12,,2,1,1,0,0,,130,AHRF_natality_24,0,0,0,0,FALSE,"Nonmetro, remote (RUCC 7-9)",128,TRUE,12.5,9.38,,,39.84,9.6,,1,0,,Neither
18133,Putnam,IN,37091,265,7853,6,0.72253989,"Putnam, IN",0,0,0,376,354,0,1,1,0,403,37,23,,,139,342,,10,,22,,2,1,1,0,0,,376,AHRF_natality_24,0,0,0,0,FALSE,"Nonmetro, adjacent (RUCC 4-6)",354,TRUE,10.45,6.5,,,39.27,6.43,,,0,,Neither
18135,Randolph,IN,24425,308,4812,6,0.6656599461,"Randolph, IN",2,2,2,298,286,1,1,1,2,383,29,21,,,138,279,,35,,20,,3,2,1,1,0,6,298,AHRF_natality_24,3.36,6.71,4.09,3.36,FALSE,"Nonmetro, adjacent (RUCC 4-6)",286,TRUE,10.14,7.34,,,48.25,7.17,,,6.71,0.333,Both
18137,Ripley,IN,29039,372,5921,6,0.8136575272,"Ripley, IN",0,0,0,288,325,0,0,0,0,0,31,17,,,121,319,,,,17,,2,1,1,0,0,,288,AHRF_natality_24,0,0,0,0,FALSE,"Nonmetro, adjacent (RUCC 4-6)",325,TRUE,9.54,5.23,,,37.23,5.33,,1,0,,Neither
18139,Rush,IN,16734,159,3449,6,0.6138371538,"Rush, IN",1,1,1,162,186,0,1,1,0,0,23,16,,,71,182,,,,16,,2,1,1,0,0,,162,AHRF_natality_24,0,6.17,0,0,FALSE,"Nonmetro, adjacent (RUCC 4-6)",186,TRUE,12.37,8.6,,,38.17,8.79,,1,0,,Neither
18141,St. Joseph,IN,272574,3254,63824,2,0.100193469,"St. Joseph, IN",18,17,18,3172,3200,2,4,0,32,3561,371,288,51,42,1593,2377,599,493,224,179,82,18,8,0,17,14,2,3172,AHRF_natality_24,5.36,5.67,6.24,0.63,FALSE,Metro (RUCC 1-3),3200,TRUE,11.59,9,1.59,1.31,49.78,7.53,13.69,,10.09,0.347,Both
18143,Scott,IN,24468,394,5284,6,0.6892224409,"Scott, IN",0,0,0,241,267,0,1,1,1,303,34,23,,,142,263,,,,23,,2,1,1,0,0,,241,AHRF_natality_24,0,0,0,0,FALSE,"Nonmetro, adjacent (RUCC 4-6)",267,TRUE,12.73,8.61,,,53.18,8.75,,,4.15,0,OB/GYN only
18145,Shelby,IN,45104,655,9174,1,0.5259127733,"Shelby, IN",0,0,0,465,474,0,1,0,2,558,55,37,,,212,452,10,41,13,35,,1,1,0,0,0,,465,AHRF_natality_24,0,0,0,0,FALSE,Metro (RUCC 1-3),474,TRUE,11.6,7.81,,,44.73,7.74,,,4.3,0,OB/GYN only
18147,Spencer,IN,19871,141,3806,8,1,"Spencer, IN",0,0,0,189,197,0,0,0,0,0,26,13,,,66,194,,,,13,,0,0,0,0,0,,189,AHRF_natality_24,0,0,0,0,TRUE,"Nonmetro, remote (RUCC 7-9)",197,TRUE,13.2,6.6,,,33.5,6.7,,1,0,,Neither
18149,Starke,IN,23300,288,4674,8,1,"Starke, IN",0,0,0,240,238,0,1,0,0,0,35,18,,,99,234,,10,,18,,1,1,0,0,0,,240,AHRF_natality_24,0,0,0,0,FALSE,"Nonmetro, remote (RUCC 7-9)",238,TRUE,14.71,7.56,,,41.6,7.69,,1,0,,Neither
18151,Steuben,IN,34648,318,6528,7,0.6315957601,"Steuben, IN",2,2,2,340,343,1,1,1,2,249,40,27,,,144,335,,28,,26,,2,1,1,0,0,,340,AHRF_natality_24,0,5.88,0,2.94,FALSE,"Nonmetro, remote (RUCC 7-9)",343,TRUE,11.66,7.87,,,41.98,7.76,,0.2676,5.88,0,OB/GYN only
18153,Sullivan,IN,20766,283,3858,3,0.7658644377,"Sullivan, IN",0,0,0,219,218,1,1,1,0,122,24,18,,,97,214,,,,17,,2,1,1,0,0,,219,AHRF_natality_24,0,0,0,4.57,FALSE,Metro (RUCC 1-3),218,TRUE,11.01,8.26,,,44.5,7.94,,0.4429,0,,Neither
18155,Switzerland,IN,9914,118,2049,8,1,"Switzerland, IN",0,0,0,99,113,0,0,0,0,0,12,,,,45,110,,,,,,0,0,0,0,0,,99,AHRF_natality_24,0,0,0,0,TRUE,"Nonmetro, remote (RUCC 7-9)",113,TRUE,10.62,,,,39.82,,,,0,,Neither
18157,Tippecanoe,IN,187399,2269,49859,3,0.1565145959,"Tippecanoe, IN",7,7,7,1979,1928,2,5,0,23,2547,236,177,28,23,810,1514,246,284,168,121,42,8,3,0,9,0,3,1979,AHRF_natality_24,4.55,3.54,4.8,1.01,FALSE,Metro (RUCC 1-3),1928,TRUE,12.24,9.18,1.45,1.19,42.01,7.99,17.07,,11.62,0.281,Both
18159,Tipton,IN,15329,271,3003,1,0.6154046487,"Tipton, IN",0,0,0,150,156,0,1,1,0,0,19,15,,,61,150,,,,14,,2,1,1,0,0,,150,AHRF_natality_24,0,0,0,0,FALSE,Metro (RUCC 1-3),156,TRUE,12.18,9.62,,,39.1,9.33,,1,0,,Neither
18161,Union,IN,7028,23,1410,8,1,"Union, IN",0,0,0,35,67,0,0,0,0,0,,,,,32,65,,,,,,0,0,0,0,0,,35,AHRF_natality_24,,,0,,TRUE,"Nonmetro, remote (RUCC 7-9)",67,FALSE,,,,,,,,,,,Neither
18163,Vanderburgh,IN,179908,1481,40697,2,0.07956766,"Vanderburgh, IN",1,1,1,2116,2130,1,5,0,18,1293,304,208,27,26,1035,1660,310,135,160,142,46,10,3,0,1,1,2,2116,AHRF_natality_24,0.47,0.47,0.56,0.47,FALSE,Metro (RUCC 1-3),2130,TRUE,14.27,9.77,1.27,1.22,48.59,8.55,14.84,0.3889,8.51,0.053,Both
18165,Vermillion,IN,15452,107,3027,3,0.5865664875,"Vermillion, IN",0,0,0,144,156,0,1,1,1,0,14,10,,,84,153,,,,10,,2,1,1,0,0,,144,AHRF_natality_24,0,0,0,0,FALSE,Metro (RUCC 1-3),156,TRUE,8.97,6.41,,,53.85,6.54,,1,6.94,0,OB/GYN only
18167,Vigo,IN,106201,1370,24355,3,0.2476708148,"Vigo, IN",2,2,2,1114,1107,1,4,0,13,2683,138,95,15,17,604,969,75,33,62,80,10,8,2,0,1,1,3,1114,AHRF_natality_24,0.9,1.8,0.94,0.9,FALSE,Metro (RUCC 1-3),1107,TRUE,12.47,8.58,1.36,1.54,54.56,8.26,,,11.67,0.071,Both
18169,Wabash,IN,30901,257,6335,6,0.5014850207,"Wabash, IN",0,0,0,347,324,0,1,1,0,1,39,23,,,120,315,,12,,23,,2,1,1,0,0,,347,AHRF_natality_24,0,0,0,0,FALSE,"Nonmetro, adjacent (RUCC 4-6)",324,TRUE,12.04,7.1,,,37.04,7.3,,0.9971,0,,Neither
18171,Warren,IN,8469,119,1646,3,1,"Warren, IN",0,0,0,60,72,0,1,1,0,0,10,,,,22,72,,,,,,2,1,1,0,0,,60,AHRF_natality_24,0,0,0,0,FALSE,Metro (RUCC 1-3),72,FALSE,,,,,,,,,0,,Neither
18173,Warrick,IN,64650,792,13676,2,0.2674105606,"Warrick, IN",0,0,0,677,631,0,4,1,15,0,74,48,,,167,583,15,24,33,44,,7,4,1,0,0,,677,AHRF_natality_24,0,0,0,0,FALSE,Metro (RUCC 1-3),631,TRUE,11.73,7.61,,,26.47,7.55,,1,22.16,0,OB/GYN only
18175,Washington,IN,28167,338,5795,1,0.7652047406,"Washington, IN",0,0,0,306,321,0,1,1,0,0,34,22,,,117,314,,,,22,,2,1,1,0,0,,306,AHRF_natality_24,0,0,0,0,FALSE,Metro (RUCC 1-3),321,TRUE,10.59,6.85,,,36.45,7.01,,1,0,,Neither
18177,Wayne,IN,66377,956,14014,5,0.3769927727,"Wayne, IN",1,1,1,711,755,1,2,0,6,611,112,73,,12,394,674,38,43,43,64,,3,2,0,2,0,5,711,AHRF_natality_24,2.81,1.41,3.01,1.41,FALSE,"Nonmetro, adjacent (RUCC 4-6)",755,TRUE,14.83,9.67,,1.59,52.19,9.5,,0.1406,8.44,0.25,Both
18179,Wells,IN,28261,436,5773,2,0.6328601845,"Wells, IN",1,1,1,342,325,1,1,0,0,480,36,25,,,100,316,,19,,24,,2,2,0,0,0,,342,AHRF_natality_24,0,2.92,0,2.92,FALSE,Metro (RUCC 1-3),325,TRUE,11.08,7.69,,,30.77,7.59,,,0,,Neither
18181,White,IN,24709,306,4631,6,0.6139014906,"White, IN",0,0,0,254,322,0,1,1,0,0,44,32,,,150,313,,66,,32,,2,1,1,0,0,,254,AHRF_natality_24,0,0,0,0,FALSE,"Nonmetro, adjacent (RUCC 4-6)",322,TRUE,13.66,9.94,,,46.58,10.22,,1,0,,Neither
18183,Whitley,IN,34388,578,6966,2,0.6908543184,"Whitley, IN",0,0,0,392,386,1,1,0,1,326,36,20,,,128,373,,12,,19,,1,1,0,0,0,,392,AHRF_natality_24,0,0,0,2.55,FALSE,Metro (RUCC 1-3),386,TRUE,9.33,5.18,,,33.16,5.09,,0.1684,2.55,0,OB/GYN only
19001,Adair,IA,7471,74,1386,8,1,"Adair, IA",0,0,0,85,84,0,1,1,0,0,,,,,30,82,,,,,,2,1,1,0,0,,85,AHRF_natality_24,0,0,0,0,FALSE,"Nonmetro, remote (RUCC 7-9)",84,FALSE,,,,,,,,,0,,Neither
19003,Adams,IA,3641,59,633,9,1,"Adams, IA",0,0,0,38,38,0,1,1,0,0,,,,,12,37,,,,,,2,1,1,0,0,,38,AHRF_natality_24,,,0,,FALSE,"Nonmetro, remote (RUCC 7-9)",38,FALSE,,,,,,,,,,,Neither
19005,Allamakee,IA,14038,139,2466,8,1,"Allamakee, IA",0,0,0,164,184,1,1,1,0,68,18,,,,55,177,,30,,,,3,2,1,1,0,8,164,AHRF_natality_24,6.1,0,7.12,6.1,FALSE,"Nonmetro, remote (RUCC 7-9)",184,TRUE,9.78,,,,29.89,,,0.5854,0,1,Midwife only
19007,Appanoose,IA,12242,64,2319,7,0.5722172607,"Appanoose, IA",0,0,0,133,125,0,1,1,0,0,12,10,,,47,125,,,,10,,2,1,1,0,0,,133,AHRF_natality_24,0,0,0,0,FALSE,"Nonmetro, remote (RUCC 7-9)",125,TRUE,9.6,8,,,37.6,8,,1,0,,Neither
19009,Audubon,IA,5622,118,991,9,1,"Audubon, IA",0,0,0,59,63,0,1,1,0,0,,,,,20,63,,,,,,2,1,1,0,0,,59,AHRF_natality_24,0,0,0,0,FALSE,"Nonmetro, remote (RUCC 7-9)",63,FALSE,,,,,,,,,0,,Neither
19011,Benton,IA,25698,290,4948,2,0.8130987292,"Benton, IA",0,0,0,240,268,0,1,1,0,0,31,17,,,77,259,,,,16,,2,1,1,1,0,2,240,AHRF_natality_24,4.17,0,3.89,0,FALSE,Metro (RUCC 1-3),268,TRUE,11.57,6.34,,,28.73,6.18,,1,0,1,Midwife only
19013,Black Hawk,IA,130693,1823,31200,3,0.129666626,"Black Hawk, IA",16,13,16,1615,1582,2,3,0,12,2236,209,144,23,17,712,1162,247,135,173,91,40,4,4,0,15,1,3,1615,AHRF_natality_24,9.29,9.91,11.48,1.24,FALSE,Metro (RUCC 1-3),1582,TRUE,13.21,9.1,1.45,1.07,45.01,7.83,16.19,,7.43,0.556,Both
19015,Boone,IA,26669,351,5379,3,0.5316863185,"Boone, IA",0,0,0,280,270,1,1,1,1,84,28,19,,,73,257,,,,18,,2,1,1,0,0,,280,AHRF_natality_24,0,0,0,3.57,FALSE,Metro (RUCC 1-3),270,TRUE,10.37,7.04,,,27.04,7,,0.7,3.57,0,OB/GYN only
19017,Bremer,IA,25118,270,5525,3,0.6334640628,"Bremer, IA",0,1,0,235,248,1,2,2,4,196,22,15,,,51,242,,,,14,,4,2,2,0,0,,235,AHRF_natality_24,0,0,0,4.26,FALSE,Metro (RUCC 1-3),248,TRUE,8.87,6.05,,,20.56,5.79,,0.166,17.02,0,OB/GYN only
19019,Buchanan,IA,20645,347,4056,6,0.6707512764,"Buchanan, IA",0,0,0,249,260,0,2,1,0,0,24,13,,,61,259,,,,13,,3,1,1,0,0,,249,AHRF_natality_24,0,0,0,0,FALSE,"Nonmetro, adjacent (RUCC 4-6)",260,TRUE,9.23,5,,,23.46,5.02,,1,0,,Neither
19021,Buena Vista,IA,20684,462,4636,7,0.430437497,"Buena Vista, IA",0,0,0,293,288,1,1,1,0,356,44,23,,,141,200,15,107,73,16,,3,2,1,0,0,,293,AHRF_natality_24,0,0,0,3.41,FALSE,"Nonmetro, remote (RUCC 7-9)",288,TRUE,15.28,7.99,,,48.96,8,,,0,,Neither
19023,Butler,IA,14301,224,2769,8,1,"Butler, IA",0,0,0,153,146,0,0,0,0,0,12,,,,43,144,,,,,,0,0,0,0,0,,153,AHRF_natality_24,0,0,0,0,TRUE,"Nonmetro, remote (RUCC 7-9)",146,TRUE,8.22,,,,29.45,,,1,0,,Neither
19025,Calhoun,IA,9858,143,1671,9,1,"Calhoun, IA",0,0,0,100,92,1,1,1,0,86,,,,,28,90,,,,,,2,1,1,0,0,,100,AHRF_natality_24,0,0,0,10,FALSE,"Nonmetro, remote (RUCC 7-9)",92,FALSE,,,,,,,,0.14,0,,Neither
19027,Carroll,IA,20677,257,3886,7,0.5110789981,"Carroll, IA",0,0,0,240,239,1,2,1,2,351,20,12,,,63,229,,17,,11,,4,2,2,0,0,,240,AHRF_natality_24,0,0,0,4.17,FALSE,"Nonmetro, remote (RUCC 7-9)",239,TRUE,8.37,5.02,,,26.36,4.8,,,8.33,0,OB/GYN only
19029,Cass,IA,13115,91,2447,6,0.4966100404,"Cass, IA",0,0,0,138,131,1,1,1,1,131,17,,,,48,117,,,14,,,2,1,1,0,0,,138,AHRF_natality_24,0,0,0,7.25,FALSE,"Nonmetro, adjacent (RUCC 4-6)",131,TRUE,12.98,,,,36.64,,,0.0507,7.25,0,OB/GYN only
19031,Cedar,IA,18427,188,3646,8,1,"Cedar, IA",0,0,0,151,165,0,0,0,0,0,20,11,,,51,158,,,,10,,0,0,0,0,0,,151,AHRF_natality_24,0,0,0,0,TRUE,"Nonmetro, remote (RUCC 7-9)",165,TRUE,12.12,6.67,,,30.91,6.33,,1,0,,Neither
19033,Cerro Gordo,IA,42785,831,8070,5,0.203283326,"Cerro Gordo, IA",2,2,2,427,430,1,1,0,3,709,51,41,,,190,382,14,35,34,33,,2,2,0,1,1,5,427,AHRF_natality_24,2.34,4.68,2.34,2.34,FALSE,"Nonmetro, adjacent (RUCC 4-6)",430,TRUE,11.86,9.53,,,44.19,8.64,,,7.03,0.25,Both
19035,Cherokee,IA,11587,253,2153,9,0.5964144793,"Cherokee, IA",0,0,0,118,123,1,2,1,0,62,13,,,,45,118,,10,,,,3,1,1,0,0,,118,AHRF_natality_24,0,0,0,8.47,FALSE,"Nonmetro, remote (RUCC 7-9)",123,TRUE,10.57,,,,36.59,,,0.4746,0,,Neither
19037,Chickasaw,IA,11868,189,2097,8,1,"Chickasaw, IA",0,0,0,114,133,0,1,1,0,0,12,,,,39,130,,15,,,,2,1,1,0,0,,114,AHRF_natality_24,0,0,0,0,FALSE,"Nonmetro, remote (RUCC 7-9)",133,TRUE,9.02,,,,29.32,,,1,0,,Neither
19039,Clarke,IA,9690,299,1724,6,0.4580426754,"Clarke, IA",0,0,0,124,126,0,1,1,0,0,17,11,,,51,121,,30,,11,,2,1,1,0,0,,124,AHRF_natality_24,0,0,0,0,FALSE,"Nonmetro, adjacent (RUCC 4-6)",126,TRUE,13.49,8.73,,,40.48,9.09,,1,0,,Neither
19041,Clay,IA,16446,124,3243,7,0.3306274414,"Clay, IA",0,0,0,171,165,1,1,0,1,265,24,15,,,60,160,,15,,14,,1,1,0,1,1,7,171,AHRF_natality_24,5.85,0,6.08,5.85,FALSE,"Nonmetro, remote (RUCC 7-9)",165,TRUE,14.55,9.09,,,36.36,8.75,,,5.85,0.5,Both
19043,Clayton,IA,17069,242,2998,8,0.9907293317,"Clayton, IA",0,0,0,142,190,0,2,2,0,0,17,11,,,50,188,,,,11,,4,2,2,0,0,,142,AHRF_natality_24,0,0,0,0,FALSE,"Nonmetro, remote (RUCC 7-9)",190,TRUE,8.95,5.79,,,26.32,5.85,,1,0,,Neither
19045,Clinton,IA,46383,699,9266,4,0.3014851485,"Clinton, IA",0,0,0,553,526,1,2,1,4,271,65,38,,,243,482,27,33,17,35,,4,3,1,0,0,,553,AHRF_natality_24,0,0,0,1.81,FALSE,"Nonmetro, adjacent (RUCC 4-6)",526,TRUE,12.36,7.22,,,46.2,7.26,,0.5099,7.23,0,OB/GYN only
19047,Crawford,IA,16289,244,3387,7,0.5072919818,"Crawford, IA",0,0,0,241,222,1,1,1,2,87,33,15,,,96,202,,99,14,14,,2,1,1,0,0,,241,AHRF_natality_24,0,0,0,4.15,FALSE,"Nonmetro, remote (RUCC 7-9)",222,TRUE,14.86,6.76,,,43.24,6.93,,0.639,8.3,0,OB/GYN only
19049,Dallas,IA,104136,1447,25087,2,0.2134874295,"Dallas, IA",0,0,0,1387,1392,0,1,1,1,0,135,84,13,,269,1201,75,123,116,68,,4,1,1,1,1,2,1387,AHRF_natality_24,0.72,0,0.96,0,FALSE,Metro (RUCC 1-3),1392,TRUE,9.7,6.03,0.93,,19.32,5.66,,1,0.72,0.5,Both
19051,Davis,IA,9127,154,1745,9,1,"Davis, IA",0,0,0,139,156,0,1,1,0,0,11,,,,25,155,,,,,,2,1,1,0,0,,139,AHRF_natality_24,0,0,0,0,FALSE,"Nonmetro, remote (RUCC 7-9)",156,TRUE,7.05,,,,16.03,,,1,0,,Neither
19053,Decatur,IA,7669,116,1622,9,1,"Decatur, IA",0,0,0,78,88,0,1,1,0,0,10,,,,31,85,,,,,,2,1,1,0,0,,78,AHRF_natality_24,0,0,0,0,FALSE,"Nonmetro, remote (RUCC 7-9)",88,FALSE,,,,,,,,,0,,Neither
19055,Delaware,IA,17549,211,3187,8,0.7190645014,"Delaware, IA",0,0,0,203,199,1,1,1,1,248,20,11,,,47,194,,,,11,,2,1,1,0,0,,203,AHRF_natality_24,0,0,0,4.93,FALSE,"Nonmetro, remote (RUCC 7-9)",199,TRUE,10.05,5.53,,,23.62,5.67,,,4.93,0,OB/GYN only
19057,Des Moines,IA,38597,426,7855,5,0.2697764071,"Des Moines, IA",1,1,1,425,401,1,1,0,5,818,45,34,,,205,332,45,17,24,25,,1,1,0,2,0,5,425,AHRF_natality_24,4.71,2.35,5.18,2.35,FALSE,"Nonmetro, adjacent (RUCC 4-6)",401,TRUE,11.22,8.48,,,51.12,7.53,,,11.76,0.286,Both
19059,Dickinson,IA,17844,165,3080,7,0.2681466418,"Dickinson, IA",0,0,0,146,154,1,1,0,0,231,18,,,,39,150,,,,,,1,1,0,1,0,7,146,AHRF_natality_24,6.85,0,5.6,6.85,FALSE,"Nonmetro, remote (RUCC 7-9)",154,TRUE,11.69,,,,25.32,,,,0,1,Midwife only
19061,Dubuque,IA,98948,1266,21025,3,0.3172486048,"Dubuque, IA",2,2,2,1098,1106,2,3,1,13,1278,128,77,11,,392,968,69,51,70,58,11,4,3,1,2,2,3,1098,AHRF_natality_24,1.82,1.82,2.02,1.82,FALSE,Metro (RUCC 1-3),1106,TRUE,11.57,6.96,0.99,,35.44,5.99,,,11.84,0.133,Both
19063,Emmet,IA,9316,83,1750,7,0.3849595228,"Emmet, IA",0,0,0,111,104,0,1,1,0,0,14,,,,51,100,,24,,,,2,1,1,0,0,,111,AHRF_natality_24,0,0,0,0,FALSE,"Nonmetro, remote (RUCC 7-9)",104,TRUE,13.46,,,,49.04,,,1,0,,Neither
19065,Fayette,IA,19393,275,3560,6,0.6990619714,"Fayette, IA",1,0,1,213,206,1,2,2,0,69,18,10,,,74,200,,,,10,,4,2,2,1,0,6,213,AHRF_natality_24,4.69,4.69,5.16,4.69,FALSE,"Nonmetro, adjacent (RUCC 4-6)",206,TRUE,8.74,4.85,,,35.92,5,,0.6761,0,1,Midwife only
19067,Floyd,IA,15502,196,2734,7,0.5357394254,"Floyd, IA",2,2,2,155,165,1,1,1,0,91,13,12,,,53,149,,,,11,,2,1,1,2,0,7,155,AHRF_natality_24,12.9,12.9,12.9,6.45,FALSE,"Nonmetro, remote (RUCC 7-9)",165,TRUE,7.88,7.27,,,32.12,7.38,,0.4129,0,1,Midwife only
19069,Franklin,IA,9977,128,1788,9,1,"Franklin, IA",0,0,0,119,124,0,1,1,0,0,17,11,,,46,117,,38,,11,,2,1,1,0,0,,119,AHRF_natality_24,0,0,0,0,FALSE,"Nonmetro, remote (RUCC 7-9)",124,TRUE,13.71,8.87,,,37.1,9.4,,1,0,,Neither
19071,Fremont,IA,6570,53,1172,8,0.9986373959,"Fremont, IA",0,0,0,71,66,0,1,1,0,0,10,,,,24,64,,,,,,2,1,1,0,0,,71,AHRF_natality_24,0,0,0,0,FALSE,"Nonmetro, remote (RUCC 7-9)",66,FALSE,,,,,,,,,0,,Neither
19073,Greene,IA,8722,68,1555,8,1,"Greene, IA",0,0,0,85,87,0,1,1,0,0,10,,,,30,84,,,,,,2,1,1,0,0,,85,AHRF_natality_24,0,0,0,0,FALSE,"Nonmetro, remote (RUCC 7-9)",87,FALSE,,,,,,,,,0,,Neither
19075,Grundy,IA,12352,155,2378,3,1,"Grundy, IA",0,0,0,135,139,0,1,1,0,0,12,,,,32,135,,,,,,2,1,1,0,0,,135,AHRF_natality_24,0,0,0,0,FALSE,Metro (RUCC 1-3),139,TRUE,8.63,,,,23.02,,,1,0,,Neither
19077,Guthrie,IA,10646,103,1937,2,1,"Guthrie, IA",0,0,0,95,95,0,1,1,0,0,,,,,25,94,,,,,,2,1,1,0,0,,95,AHRF_natality_24,0,0,0,0,FALSE,Metro (RUCC 1-3),95,FALSE,,,,,,,,,0,,Neither
19079,Hamilton,IA,14893,269,2837,6,0.4942482878,"Hamilton, IA",1,1,1,187,185,0,1,1,0,0,26,13,,,73,176,,52,,12,,2,1,1,1,0,6,187,AHRF_natality_24,5.35,5.35,6.71,0,FALSE,"Nonmetro, adjacent (RUCC 4-6)",185,TRUE,14.05,7.03,,,39.46,6.82,,1,0,1,Midwife only
19081,Hancock,IA,10718,176,1988,9,1,"Hancock, IA",0,0,0,122,114,0,1,1,0,0,13,,,,35,108,,13,,,,2,1,1,0,0,,122,AHRF_natality_24,0,0,0,0,FALSE,"Nonmetro, remote (RUCC 7-9)",114,TRUE,11.4,,,,30.7,,,1,0,,Neither
19083,Hardin,IA,16729,151,3163,6,0.7003199431,"Hardin, IA",1,1,1,155,158,0,1,1,0,0,17,11,,,50,154,,14,,11,,3,2,1,0,0,,155,AHRF_natality_24,0,6.45,0,0,FALSE,"Nonmetro, adjacent (RUCC 4-6)",158,TRUE,10.76,6.96,,,31.65,7.14,,1,0,,Neither
19085,Harrison,IA,14645,160,2789,2,1,"Harrison, IA",0,0,0,150,159,0,1,1,0,0,18,11,,,58,158,,,,11,,2,1,1,0,0,,150,AHRF_natality_24,0,0,0,0,FALSE,Metro (RUCC 1-3),159,TRUE,11.32,6.92,,,36.48,6.96,,1,0,,Neither
19087,Henry,IA,20228,253,3853,6,0.5467239527,"Henry, IA",1,1,1,199,187,0,1,1,1,0,21,10,,,74,176,,16,,,,3,1,1,2,0,6,199,AHRF_natality_24,10.05,5.03,9.89,0,FALSE,"Nonmetro, adjacent (RUCC 4-6)",187,TRUE,11.23,5.35,,,39.57,,,1,5.03,0.667,Both
19089,Howard,IA,9459,223,1856,8,1,"Howard, IA",1,1,1,107,121,1,1,1,0,70,11,,,,28,118,,,,,,2,1,1,1,0,8,107,AHRF_natality_24,9.35,9.35,10.57,9.35,FALSE,"Nonmetro, remote (RUCC 7-9)",121,TRUE,9.09,,,,23.14,,,0.3458,0,1,Midwife only
19091,Humboldt,IA,9573,170,1859,7,0.4436803168,"Humboldt, IA",0,0,0,130,113,0,1,1,0,0,11,,,,34,110,,13,,,,2,1,1,0,0,,130,AHRF_natality_24,0,0,0,0,FALSE,"Nonmetro, remote (RUCC 7-9)",113,TRUE,9.73,,,,30.09,,,1,0,,Neither
19093,Ida,IA,6944,58,1277,8,1,"Ida, IA",0,0,0,84,74,0,1,1,0,0,,,,,26,73,,,,,,2,1,1,0,0,,84,AHRF_natality_24,0,0,0,0,FALSE,"Nonmetro, remote (RUCC 7-9)",74,FALSE,,,,,,,,,0,,Neither
19095,Iowa,IA,16547,103,3148,8,1,"Iowa, IA",0,0,0,187,184,0,1,1,0,0,19,14,,,44,177,,,,13,,2,1,1,0,0,,187,AHRF_natality_24,0,0,0,0,FALSE,"Nonmetro, remote (RUCC 7-9)",184,TRUE,10.33,7.61,,,23.91,7.34,,1,0,,Neither
19097,Jackson,IA,19429,207,3415,6,0.6870413138,"Jackson, IA",0,0,0,205,205,0,1,1,0,0,22,16,,,68,196,,,,15,,2,1,1,0,0,,205,AHRF_natality_24,0,0,0,0,FALSE,"Nonmetro, adjacent (RUCC 4-6)",205,TRUE,10.73,7.8,,,33.17,7.65,,1,0,,Neither
19099,Jasper,IA,37864,339,7221,2,0.5783725174,"Jasper, IA",1,1,1,362,398,1,1,0,0,112,42,28,,,138,383,,16,,27,,1,1,0,1,0,2,362,AHRF_natality_24,2.76,2.76,2.64,2.76,FALSE,Metro (RUCC 1-3),398,TRUE,10.55,7.04,,,34.67,7.05,,0.6906,0,1,Midwife only
19101,Jefferson,IA,15676,93,2967,7,0.4119261955,"Jefferson, IA",0,0,0,142,137,0,1,1,0,0,14,,,,48,121,,,11,,,2,1,1,0,0,,142,AHRF_natality_24,0,0,0,0,FALSE,"Nonmetro, remote (RUCC 7-9)",137,TRUE,10.22,,,,35.04,,,1,0,,Neither
19103,Johnson,IA,154881,1647,43456,3,0.166551088,"Johnson, IA",13,12,13,1690,1679,1,6,0,61,4195,168,122,22,,375,1238,306,155,134,74,37,6,2,0,15,15,3,1690,AHRF_natality_24,8.88,7.69,9.68,0.59,FALSE,Metro (RUCC 1-3),1679,TRUE,10.01,7.27,1.31,,22.33,5.98,12.09,,36.09,0.197,Both
19105,Jones,IA,20799,237,3762,2,0.7379153347,"Jones, IA",0,0,0,175,190,0,1,1,0,0,22,13,,,63,185,,,,12,,4,2,1,0,0,,175,AHRF_natality_24,0,0,0,0,FALSE,Metro (RUCC 1-3),190,TRUE,11.58,6.84,,,33.16,6.49,,1,0,,Neither
19107,Keokuk,IA,9964,125,1833,8,1,"Keokuk, IA",0,0,0,112,104,0,1,1,0,0,13,,,,38,102,,,,,,2,1,1,0,0,,112,AHRF_natality_24,0,0,0,0,FALSE,"Nonmetro, remote (RUCC 7-9)",104,TRUE,12.5,,,,36.54,,,1,0,,Neither
19109,Kossuth,IA,14610,97,2612,7,0.6329241975,"Kossuth, IA",0,0,0,156,170,1,1,1,0,137,21,10,,,47,164,,13,,,,2,1,1,0,0,,156,AHRF_natality_24,0,0,0,6.41,FALSE,"Nonmetro, remote (RUCC 7-9)",170,TRUE,12.35,5.88,,,27.65,,,0.1218,0,,Neither
19111,Lee,IA,33175,567,6271,7,0.4094769781,"Lee, IA",0,0,0,320,342,0,0,0,1,0,42,21,,,172,322,,16,11,18,,2,2,0,0,0,,320,AHRF_natality_24,0,0,0,0,FALSE,"Nonmetro, remote (RUCC 7-9)",342,TRUE,12.28,6.14,,,50.29,5.59,,1,3.12,0,OB/GYN only
19113,Linn,IA,229463,2919,52125,2,0.1369176592,"Linn, IA",2,2,2,2619,2554,2,2,0,17,2968,280,178,29,17,973,1965,395,134,195,122,38,4,3,0,5,2,2,2619,AHRF_natality_24,1.91,0.76,2.18,0.76,FALSE,Metro (RUCC 1-3),2554,TRUE,10.96,6.97,1.14,0.67,38.1,6.21,9.62,,6.49,0.227,Both
19115,Louisa,IA,10710,137,2108,8,1,"Louisa, IA",0,0,0,117,106,0,0,0,0,0,,,,,40,97,,18,,,,0,0,0,0,0,,117,AHRF_natality_24,0,0,0,0,TRUE,"Nonmetro, remote (RUCC 7-9)",106,TRUE,,,,,37.74,,,1,0,,Neither
19117,Lucas,IA,8685,50,1531,8,1,"Lucas, IA",0,0,0,111,111,0,1,1,0,0,12,,,,28,110,,,,,,2,1,1,0,0,,111,AHRF_natality_24,0,0,0,0,FALSE,"Nonmetro, remote (RUCC 7-9)",111,TRUE,10.81,,,,25.23,,,1,0,,Neither
19119,Lyon,IA,12087,153,2338,8,1,"Lyon, IA",0,0,0,126,171,0,1,1,0,0,19,11,,,30,164,,12,,11,,2,1,1,0,0,,126,AHRF_natality_24,0,0,0,0,FALSE,"Nonmetro, remote (RUCC 7-9)",171,TRUE,11.11,6.43,,,17.54,6.71,,1,0,,Neither
19121,Madison,IA,16760,205,3354,2,0.6931955523,"Madison, IA",0,0,0,200,180,0,1,1,0,0,21,11,,,43,174,,,,10,,2,1,1,0,0,,200,AHRF_natality_24,0,0,0,0,FALSE,Metro (RUCC 1-3),180,TRUE,11.67,6.11,,,23.89,5.75,,1,0,,Neither
19123,Mahaska,IA,22045,263,4448,7,0.4348355115,"Mahaska, IA",0,0,0,230,229,1,1,1,0,181,21,18,,,73,217,,,,18,,2,1,1,0,0,,230,AHRF_natality_24,0,0,0,4.35,FALSE,"Nonmetro, remote (RUCC 7-9)",229,TRUE,9.17,7.86,,,31.88,8.29,,0.213,0,,Neither
19125,Marion,IA,33551,354,6878,6,0.4696534387,"Marion, IA",0,0,0,327,349,1,2,2,3,607,38,22,,,86,338,,,,21,,5,2,2,0,0,,327,AHRF_natality_24,0,0,0,3.06,FALSE,"Nonmetro, adjacent (RUCC 4-6)",349,TRUE,10.89,6.3,,,24.64,6.21,,,9.17,0,OB/GYN only
19127,Marshall,IA,39971,563,8130,4,0.3172671737,"Marshall, IA",1,1,1,480,484,0,1,0,0,0,65,41,,13,200,407,19,183,58,32,,1,1,0,1,0,4,480,AHRF_natality_24,2.08,2.08,2.5,0,FALSE,"Nonmetro, adjacent (RUCC 4-6)",484,TRUE,13.43,8.47,,2.69,41.32,7.86,,1,0,1,Midwife only
19129,Mills,IA,14563,126,2941,2,0.6541701188,"Mills, IA",0,0,0,130,134,0,0,0,0,0,23,10,,,43,129,,,,10,,0,0,0,0,0,,130,AHRF_natality_24,0,0,0,0,TRUE,Metro (RUCC 1-3),134,TRUE,17.16,7.46,,,32.09,7.75,,1,0,,Neither
19131,Mitchell,IA,10548,180,1957,9,1,"Mitchell, IA",0,0,0,118,121,0,1,1,0,0,14,,,,25,120,,,,,,2,1,1,0,0,,118,AHRF_natality_24,0,0,0,0,FALSE,"Nonmetro, remote (RUCC 7-9)",121,TRUE,11.57,,,,20.66,,,1,0,,Neither
19133,Monona,IA,8619,120,1570,8,1,"Monona, IA",0,0,0,83,93,0,1,1,0,0,11,,,,41,88,,,,,,2,1,1,0,0,,83,AHRF_natality_24,0,0,0,0,FALSE,"Nonmetro, remote (RUCC 7-9)",93,FALSE,,,,,,,,,0,,Neither
19135,Monroe,IA,7546,89,1471,9,1,"Monroe, IA",0,0,0,82,82,0,1,1,0,0,,,,,24,81,,,,,,2,1,1,0,0,,82,AHRF_natality_24,0,0,0,0,FALSE,"Nonmetro, remote (RUCC 7-9)",82,FALSE,,,,,,,,,0,,Neither
19137,Montgomery,IA,10254,154,1842,6,0.4660212972,"Montgomery, IA",0,0,0,95,103,0,1,1,2,0,18,11,,,41,103,,,,11,,2,1,1,0,0,,95,AHRF_natality_24,0,0,0,0,FALSE,"Nonmetro, adjacent (RUCC 4-6)",103,TRUE,17.48,10.68,,,39.81,10.68,,,21.05,0,OB/GYN only
19139,Muscatine,IA,42735,557,8969,4,0.418434139,"Muscatine, IA",2,2,2,438,457,0,1,0,0,0,63,40,,,205,413,26,117,17,35,,1,1,0,2,0,4,438,AHRF_natality_24,4.57,4.57,4.68,0,FALSE,"Nonmetro, adjacent (RUCC 4-6)",457,TRUE,13.79,8.75,,,44.86,8.47,,1,0,1,Midwife only
19141,O'Brien,IA,14103,248,2749,7,0.6382033564,"Obrien, IA",0,0,0,167,186,1,2,2,0,124,21,14,,,51,176,,20,,13,,5,3,2,0,0,,167,AHRF_natality_24,0,0,0,5.99,FALSE,"Nonmetro, remote (RUCC 7-9)",186,TRUE,11.29,7.53,,,27.42,7.39,,0.2575,0,,Neither
19143,Osceola,IA,6114,64,979,9,1,"Osceola, IA",0,0,0,62,66,0,1,1,0,0,,,,,22,62,,,,,,2,1,1,0,0,,62,AHRF_natality_24,0,0,0,0,FALSE,"Nonmetro, remote (RUCC 7-9)",66,FALSE,,,,,,,,,0,,Neither
19145,Page,IA,15168,100,2524,6,0.3375846427,"Page, IA",0,0,0,126,133,1,2,2,0,114,17,,,,53,129,,,,,,5,2,2,0,0,,126,AHRF_natality_24,0,0,0,7.94,FALSE,"Nonmetro, adjacent (RUCC 4-6)",133,TRUE,12.78,,,,39.85,,,0.0952,0,,Neither
19147,Palo Alto,IA,8902,106,1691,9,1,"Palo Alto, IA",0,0,0,103,116,1,1,1,0,73,16,,,,35,113,,,,,,2,1,1,0,0,,103,AHRF_natality_24,0,0,0,9.71,FALSE,"Nonmetro, remote (RUCC 7-9)",116,TRUE,13.79,,,,30.17,,,0.2913,0,,Neither
19149,Plymouth,IA,25699,271,4979,6,0.605494591,"Plymouth, IA",0,0,0,314,299,1,1,1,0,101,30,19,,,97,269,12,32,17,17,,3,2,1,0,0,,314,AHRF_natality_24,0,0,0,3.18,FALSE,"Nonmetro, adjacent (RUCC 4-6)",299,TRUE,10.03,6.35,,,32.44,6.32,,0.6783,0,,Neither
19151,Pocahontas,IA,7040,62,1216,9,1,"Pocahontas, IA",0,0,0,82,76,0,1,1,0,0,,,,,27,69,,,,,,2,1,1,0,0,,82,AHRF_natality_24,0,0,0,0,FALSE,"Nonmetro, remote (RUCC 7-9)",76,FALSE,,,,,,,,,0,,Neither
19153,Polk,IA,497441,5938,118337,2,0.0447338653,"Polk, IA",28,29,28,6453,6402,3,7,0,39,8056,738,491,77,65,2340,5028,773,986,601,350,86,11,7,0,23,18,2,6453,AHRF_natality_24,3.56,4.34,4.62,0.46,FALSE,Metro (RUCC 1-3),6402,TRUE,11.53,7.67,1.2,1.02,36.55,6.96,11.13,,6.04,0.371,Both
19155,Pottawattamie,IA,93407,945,19679,2,0.2692517108,"Pottawattamie, IA",3,3,3,964,964,2,2,0,6,1106,146,85,13,11,435,883,30,118,51,73,,2,2,0,3,3,2,964,AHRF_natality_24,3.11,3.11,3.21,2.07,FALSE,Metro (RUCC 1-3),964,TRUE,15.15,8.82,1.35,1.14,45.12,8.27,,,6.22,0.333,Both
19157,Poweshiek,IA,18582,157,4079,6,0.4916943522,"Poweshiek, IA",0,0,0,179,179,1,1,0,0,246,20,13,,,57,172,,,,11,,1,1,0,0,0,,179,AHRF_natality_24,0,0,0,5.59,FALSE,"Nonmetro, adjacent (RUCC 4-6)",179,TRUE,11.17,7.26,,,31.84,6.4,,,0,,Neither
19159,Ringgold,IA,4664,48,850,9,1,"Ringgold, IA",0,0,0,35,42,0,1,1,0,0,,,,,11,41,,,,,,2,1,1,0,0,,35,AHRF_natality_24,,,0,,FALSE,"Nonmetro, remote (RUCC 7-9)",42,FALSE,,,,,,,,,,,Neither
19161,Sac,IA,9759,87,1743,9,1,"Sac, IA",0,0,0,101,114,0,1,1,0,0,14,,,,42,108,,,,,,2,1,1,0,0,,101,AHRF_natality_24,0,0,0,0,FALSE,"Nonmetro, remote (RUCC 7-9)",114,TRUE,12.28,,,,36.84,,,1,0,,Neither
19163,Scott,IA,174302,1946,38716,2,0.1327768522,"Scott, IA",11,10,11,1897,1883,2,4,0,17,3090,206,147,25,24,810,1464,267,179,153,87,45,6,4,0,12,0,2,1897,AHRF_natality_24,6.33,5.8,6.88,1.05,FALSE,Metro (RUCC 1-3),1883,TRUE,10.94,7.81,1.33,1.27,43.02,5.94,16.85,,8.96,0.414,Both
19165,Shelby,IA,11757,69,2145,8,0.5987570237,"Shelby, IA",0,0,0,110,115,1,1,1,0,91,15,,,,34,113,,,,,,2,1,1,0,0,,110,AHRF_natality_24,0,0,0,9.09,FALSE,"Nonmetro, remote (RUCC 7-9)",115,TRUE,13.04,,,,29.57,,,0.1727,0,,Neither
19167,Sioux,IA,35984,823,8107,6,0.5660961195,"Sioux, IA",1,1,1,458,509,2,4,4,0,463,58,29,,,131,492,,141,12,27,,8,4,4,4,0,6,458,AHRF_natality_24,8.73,2.18,11.12,4.37,FALSE,"Nonmetro, adjacent (RUCC 4-6)",509,TRUE,11.39,5.7,,,25.74,5.49,,,0,1,Midwife only
19169,Story,IA,98592,849,27147,3,0.2584612887,"Story, IA",11,10,11,842,825,1,2,1,4,1431,83,64,,,185,711,45,59,70,51,,4,3,1,7,0,3,842,AHRF_natality_24,8.31,13.06,7.1,1.19,FALSE,Metro (RUCC 1-3),825,TRUE,10.06,7.76,,,22.42,7.17,,,4.75,0.636,Both
19171,Tama,IA,16982,396,3206,6,0.69285089,"Tama, IA",0,0,0,190,199,0,0,0,1,0,25,11,,,83,168,,42,29,,,0,0,0,0,0,,190,AHRF_natality_24,0,0,0,0,TRUE,"Nonmetro, adjacent (RUCC 4-6)",199,TRUE,12.56,5.53,,,41.71,,,1,5.26,0,OB/GYN only
19173,Taylor,IA,5901,63,1042,9,1,"Taylor, IA",0,0,0,64,72,0,0,0,0,0,10,,,,31,68,,13,,,,0,0,0,0,0,,64,AHRF_natality_24,0,0,0,0,TRUE,"Nonmetro, remote (RUCC 7-9)",72,FALSE,,,,,,,,,0,,Neither
19175,Union,IA,12038,99,2655,6,0.3815290822,"Union, IA",0,0,0,119,113,1,1,1,0,191,12,,,,46,110,,,,,,2,1,1,0,0,,119,AHRF_natality_24,0,0,0,8.4,FALSE,"Nonmetro, adjacent (RUCC 4-6)",113,TRUE,10.62,,,,40.71,,,,0,,Neither
19177,Van Buren,IA,7236,72,1269,9,1,"Van Buren, IA",0,0,0,96,96,0,1,1,0,0,,,,,22,95,,,,,,2,1,1,0,0,,96,AHRF_natality_24,0,0,0,0,FALSE,"Nonmetro, remote (RUCC 7-9)",96,FALSE,,,,,,,,,0,,Neither
19179,Wapello,IA,35265,515,7271,5,0.2939865113,"Wapello, IA",0,0,0,458,447,1,1,0,1,297,59,31,,,225,332,34,80,81,19,,2,2,0,2,2,5,458,AHRF_natality_24,4.37,0,5.67,2.18,FALSE,"Nonmetro, adjacent (RUCC 4-6)",447,TRUE,13.2,6.94,,,50.34,5.72,,0.3515,2.18,0.667,Both
19181,Warren,IA,53484,948,11886,2,0.4707364082,"Warren, IA",0,0,0,616,613,0,0,0,0,0,68,43,,,150,578,12,26,22,40,,0,0,0,0,0,,616,AHRF_natality_24,0,0,0,0,TRUE,Metro (RUCC 1-3),613,TRUE,11.09,7.01,,,24.47,6.92,,1,0,,Neither
19183,Washington,IA,22539,327,4508,3,0.6966097939,"Washington, IA",1,1,1,265,281,0,1,1,1,0,23,14,,,63,271,,31,,13,,2,1,1,1,0,3,265,AHRF_natality_24,3.77,3.77,4.44,0,FALSE,Metro (RUCC 1-3),281,TRUE,8.19,4.98,,,22.42,4.8,,1,3.77,0.5,Both
19185,Wayne,IA,6518,111,1198,9,1,"Wayne, IA",1,1,1,86,95,1,1,1,0,174,,,,,21,94,,,,,,2,1,1,1,1,9,86,AHRF_natality_24,11.63,11.63,15.34,11.63,FALSE,"Nonmetro, remote (RUCC 7-9)",95,FALSE,,,,,,,,,0,1,Midwife only
19187,Webster,IA,36848,518,6990,5,0.3324414173,"Webster, IA",0,0,0,391,423,1,1,0,3,462,50,31,,,209,380,20,43,23,27,,1,1,0,0,0,,391,AHRF_natality_24,0,0,0,2.56,FALSE,"Nonmetro, adjacent (RUCC 4-6)",423,TRUE,11.82,7.33,,,49.41,7.11,,,7.67,0,OB/GYN only
19189,Winnebago,IA,10648,192,2100,9,1,"Winnebago, IA",0,0,0,86,96,0,0,0,0,0,10,,,,32,92,,,,,,1,1,0,0,0,,86,AHRF_natality_24,0,0,0,0,FALSE,"Nonmetro, remote (RUCC 7-9)",96,FALSE,,,,,,,,,0,,Neither
19191,Winneshiek,IA,19972,262,4153,7,0.6017438964,"Winneshiek, IA",1,1,1,189,186,1,1,1,1,248,17,11,,,38,181,,,,10,,2,1,1,1,0,7,189,AHRF_natality_24,5.29,5.29,5.01,5.29,FALSE,"Nonmetro, remote (RUCC 7-9)",186,TRUE,9.14,5.91,,,20.43,5.52,,,5.29,0.5,Both
19193,Woodbury,IA,105760,1322,23550,3,0.1612784474,"Woodbury, IA",2,3,2,1426,1409,1,2,0,6,2225,204,112,18,24,724,1088,136,428,185,83,11,2,2,0,1,0,3,1426,AHRF_natality_24,0.7,1.4,0.95,0.7,FALSE,Metro (RUCC 1-3),1409,TRUE,14.48,7.95,1.28,1.7,51.38,7.63,8.09,,4.21,0.143,Both
19195,Worth,IA,7380,86,1372,9,1,"Worth, IA",0,0,0,80,81,0,0,0,0,0,,,,,24,78,,,,,,0,0,0,0,0,,80,AHRF_natality_24,0,0,0,0,TRUE,"Nonmetro, remote (RUCC 7-9)",81,FALSE,,,,,,,,,0,,Neither
19197,Wright,IA,12817,155,2458,9,1,"Wright, IA",0,1,0,180,175,1,2,2,0,626,19,12,,,85,169,,85,,12,,4,2,2,1,0,9,180,AHRF_natality_24,5.56,0,7.8,5.56,FALSE,"Nonmetro, remote (RUCC 7-9)",175,TRUE,10.86,6.86,,,48.57,7.1,,,0,1,Midwife only
20001,Allen,KS,12491,148,2464,7,0.5333705892,"Allen, KS",0,0,0,140,131,0,1,1,0,0,16,10,,,58,128,,,,10,,2,1,1,0,0,,140,AHRF_natality_24,0,0,0,0,FALSE,"Nonmetro, remote (RUCC 7-9)",131,TRUE,12.21,7.63,,,44.27,7.81,,1,0,,Neither
20003,Anderson,KS,7819,92,1449,8,1,"Anderson, KS",0,0,0,95,100,0,1,1,0,0,10,,,,32,100,,,,,,2,1,1,0,0,,95,AHRF_natality_24,0,0,0,0,FALSE,"Nonmetro, remote (RUCC 7-9)",100,TRUE,10,,,,32,,,,0,,Neither
20005,Atchison,KS,16211,323,3849,6,0.332823587,"Atchison, KS",0,1,0,160,170,0,1,1,0,112,19,12,,,74,153,,10,10,11,,2,1,1,0,0,,160,AHRF_natality_24,0,0,0,0,FALSE,"Nonmetro, adjacent (RUCC 4-6)",170,TRUE,11.18,7.06,,,43.53,7.19,,0.3,0,,Neither
20007,Barber,KS,4153,53,725,9,1,"Barber, KS",0,0,0,48,43,0,2,2,0,0,,,,,13,43,,,,,,4,2,2,0,0,,48,AHRF_natality_24,,,0,,FALSE,"Nonmetro, remote (RUCC 7-9)",43,FALSE,,,,,,,,,,,Neither
20009,Barton,KS,25275,369,5135,7,0.4207821755,"Barton, KS",0,0,0,282,295,1,3,2,1,234,37,26,,,134,281,,69,10,24,,6,4,2,0,0,,282,AHRF_natality_24,0,0,0,3.55,FALSE,"Nonmetro, remote (RUCC 7-9)",295,TRUE,12.54,8.81,,,45.42,8.54,,0.1702,3.55,0,OB/GYN only
20011,Bourbon,KS,14384,139,3005,6,0.4819637883,"Bourbon, KS",0,0,0,162,186,0,0,0,0,0,22,10,,,74,176,,,,,,1,1,0,0,0,,162,AHRF_natality_24,0,0,0,0,FALSE,"Nonmetro, adjacent (RUCC 4-6)",186,TRUE,11.83,5.38,,,39.78,,,1,0,,Neither
20013,Brown,KS,9415,108,1711,8,1,"Brown, KS",1,1,1,93,102,0,1,1,0,112,12,,,,46,83,,,17,,,4,2,2,1,0,8,93,AHRF_natality_24,10.75,10.75,10.62,0,FALSE,"Nonmetro, remote (RUCC 7-9)",102,TRUE,11.76,,,,45.1,,,,0,1,Midwife only
20015,Butler,KS,67916,962,14601,2,0.4610121698,"Butler, KS",1,0,1,663,691,1,2,0,1,159,88,48,,,195,654,,35,28,44,,3,3,0,1,0,2,663,AHRF_natality_24,1.51,1.51,1.47,1.51,FALSE,Metro (RUCC 1-3),691,TRUE,12.74,6.95,,,28.22,6.73,,0.7602,1.51,0.5,Both
20017,Chase,KS,2579,14,482,8,1,"Chase, KS",0,0,0,19,25,0,0,0,0,0,,,,,,24,,,,,,0,0,0,0,0,,19,AHRF_natality_24,,,0,,TRUE,"Nonmetro, remote (RUCC 7-9)",25,FALSE,,,,,,,,,,,Neither
20019,Chautauqua,KS,3370,47,551,9,1,"Chautauqua, KS",0,0,0,23,30,0,1,1,0,0,,,,,12,28,,,,,,4,2,2,0,0,,23,AHRF_natality_24,,,0,,FALSE,"Nonmetro, remote (RUCC 7-9)",30,FALSE,,,,,,,,,,,Neither
20021,Cherokee,KS,19236,268,3809,3,1,"Cherokee, KS",0,0,0,129,194,0,2,1,0,0,26,19,,,86,176,,,17,18,,4,3,1,0,0,,129,AHRF_natality_24,0,0,0,0,FALSE,Metro (RUCC 1-3),194,TRUE,13.4,9.79,,,44.33,10.23,,1,0,,Neither
20023,Cheyenne,KS,2628,4,467,9,1,"Cheyenne, KS",0,0,0,37,34,1,1,1,0,39,,,,,,33,,,,,,2,1,1,0,0,,37,AHRF_natality_24,,,0,,FALSE,"Nonmetro, remote (RUCC 7-9)",34,FALSE,,,,,,,,,,,Neither
20025,Clark,KS,1987,6,322,9,1,"Clark, KS",0,0,0,22,21,0,2,2,0,0,,,,,,20,,,,,,4,2,2,0,0,,22,AHRF_natality_24,,,0,,FALSE,"Nonmetro, remote (RUCC 7-9)",21,FALSE,,,,,,,,,,,Neither
20027,Clay,KS,8071,151,1458,8,0.4910681286,"Clay, KS",0,0,0,77,81,1,1,1,0,66,10,,,,25,77,,,,,,2,1,1,0,0,,77,AHRF_natality_24,0,0,0,12.99,FALSE,"Nonmetro, remote (RUCC 7-9)",81,FALSE,,,,,,,,,0,,Neither
20029,Cloud,KS,8973,80,1693,7,0.4429805137,"Cloud, KS",0,0,0,105,96,0,1,1,0,0,10,,,,34,94,,,,,,2,1,1,0,0,,105,AHRF_natality_24,0,0,0,0,FALSE,"Nonmetro, remote (RUCC 7-9)",96,FALSE,,,,,,,,1,0,,Neither
20031,Coffey,KS,8304,81,1637,8,1,"Coffey, KS",0,0,0,87,87,0,1,1,0,219,,,,,25,84,,,,,,2,1,1,0,0,,87,AHRF_natality_24,0,0,0,0,FALSE,"Nonmetro, remote (RUCC 7-9)",87,FALSE,,,,,,,,,0,,Neither
20033,Comanche,KS,1685,4,298,9,1,"Comanche, KS",0,0,0,21,20,0,1,1,0,0,,,,,,20,,,,,,2,1,1,0,0,,21,AHRF_natality_24,,,0,,FALSE,"Nonmetro, remote (RUCC 7-9)",20,FALSE,,,,,,,,,,,Neither
20035,Cowley,KS,34487,573,7210,4,0.3199513734,"Cowley, KS",0,3,0,394,404,1,2,1,0,263,56,30,,,209,360,10,81,34,26,,4,2,1,0,0,,394,AHRF_natality_24,0,0,0,2.54,FALSE,"Nonmetro, adjacent (RUCC 4-6)",404,TRUE,13.86,7.43,,,51.73,7.22,,0.3325,0,,Neither
20037,Crawford,KS,38963,595,9180,4,0.4067535667,"Crawford, KS",0,0,0,408,451,1,2,1,2,570,65,36,,,213,397,17,57,36,28,,3,2,1,0,0,,408,AHRF_natality_24,0,0,0,2.45,FALSE,"Nonmetro, adjacent (RUCC 4-6)",451,TRUE,14.41,7.98,,,47.23,7.05,,,4.9,0,OB/GYN only
20039,Decatur,KS,2746,34,421,9,1,"Decatur, KS",0,0,0,22,30,0,1,1,0,0,,,,,11,29,,,,,,2,1,1,0,0,,22,AHRF_natality_24,,,0,,FALSE,"Nonmetro, remote (RUCC 7-9)",30,FALSE,,,,,,,,,,,Neither
20041,Dickinson,KS,18423,341,3653,6,0.6410716226,"Dickinson, KS",0,0,0,221,190,0,1,1,0,0,21,13,,,56,183,,15,,13,,4,2,2,0,0,,221,AHRF_natality_24,0,0,0,0,FALSE,"Nonmetro, adjacent (RUCC 4-6)",190,TRUE,11.05,6.84,,,29.47,7.1,,1,0,,Neither
20043,Doniphan,KS,7492,60,1492,3,0.7167776298,"Doniphan, KS",0,0,0,44,74,0,0,0,0,0,,,,,26,69,,,,,,1,0,0,0,0,,44,AHRF_natality_24,,,0,,FALSE,Metro (RUCC 1-3),74,FALSE,,,,,,,,,,,Neither
20045,Douglas,KS,119547,1110,33323,3,0.1463737004,"Douglas, KS",4,4,4,969,999,1,1,0,12,853,106,67,,,346,832,47,110,120,53,,1,1,0,5,5,3,969,AHRF_natality_24,5.16,4.13,4.18,1.03,FALSE,Metro (RUCC 1-3),999,TRUE,10.61,6.71,,,34.63,6.37,,0.1197,12.38,0.294,Both
20047,Edwards,KS,2817,39,459,9,1,"Edwards, KS",0,0,0,24,28,0,1,1,0,0,,,,,12,26,,,,,,2,1,1,0,0,,24,AHRF_natality_24,,,0,,FALSE,"Nonmetro, remote (RUCC 7-9)",28,FALSE,,,,,,,,,,,Neither
20049,Elk,KS,2464,18,394,8,1,"Elk, KS",0,0,0,25,21,0,0,0,0,0,,,,,,19,,,,,,0,0,0,0,0,,25,AHRF_natality_24,,,0,,TRUE,"Nonmetro, remote (RUCC 7-9)",21,FALSE,,,,,,,,,,,Neither
20051,Ellis,KS,28870,452,7374,5,0.2437962259,"Ellis, KS",0,0,0,287,296,1,1,0,4,560,33,18,,,80,282,,27,,17,,2,2,0,0,0,,287,AHRF_natality_24,0,0,0,3.48,FALSE,"Nonmetro, adjacent (RUCC 4-6)",296,TRUE,11.15,6.08,,,27.03,6.03,,,13.94,0,OB/GYN only
20053,Ellsworth,KS,6366,80,1032,9,1,"Ellsworth, KS",0,0,0,66,57,0,1,1,0,0,,,,,18,55,,,,,,2,1,1,0,0,,66,AHRF_natality_24,0,0,0,0,FALSE,"Nonmetro, remote (RUCC 7-9)",57,FALSE,,,,,,,,,0,,Neither
20055,Finney,KS,38001,729,8408,5,0.1948011437,"Finney, KS",0,0,0,567,554,1,1,0,1,696,63,41,,,268,489,36,336,29,34,,1,1,0,1,0,5,567,AHRF_natality_24,1.76,0,2.63,1.76,FALSE,"Nonmetro, adjacent (RUCC 4-6)",554,TRUE,11.37,7.4,,,48.38,6.95,,,1.76,0.5,Both
20057,Ford,KS,34133,518,7166,5,0.1920552979,"Ford, KS",1,1,1,553,581,1,1,0,2,548,68,41,,19,301,547,19,426,15,38,,4,4,0,1,0,5,553,AHRF_natality_24,1.81,1.81,2.93,1.81,FALSE,"Nonmetro, adjacent (RUCC 4-6)",581,TRUE,11.7,7.06,,3.27,51.81,6.95,,0.009,3.62,0.333,Both
20059,Franklin,KS,25994,368,5427,6,0.5206570242,"Franklin, KS",0,0,0,300,295,0,1,0,0,128,33,22,,,118,285,,16,,21,,1,1,0,0,0,,300,AHRF_natality_24,0,0,0,0,FALSE,"Nonmetro, adjacent (RUCC 4-6)",295,TRUE,11.19,7.46,,,40,7.37,,0.5733,0,,Neither
20061,Geary,KS,35895,958,8605,3,0.1162252647,"Geary, KS",5,5,5,856,906,1,2,0,2,386,101,72,,,174,639,158,181,109,46,18,2,1,0,4,0,3,856,AHRF_natality_24,4.67,5.84,11.14,1.17,FALSE,Metro (RUCC 1-3),906,TRUE,11.15,7.95,,,19.21,7.2,11.39,0.5491,2.34,0.667,Both
20063,Gove,KS,2796,51,501,9,1,"Gove, KS",0,0,0,34,34,1,1,1,0,54,,,,,,34,,,,,,2,1,1,0,0,,34,AHRF_natality_24,,,0,,FALSE,"Nonmetro, remote (RUCC 7-9)",34,FALSE,,,,,,,,,,,Neither
20065,Graham,KS,2406,12,415,9,1,"Graham, KS",0,0,0,26,26,0,1,1,0,0,,,,,10,25,,,,,,2,1,1,0,0,,26,AHRF_natality_24,,,0,,FALSE,"Nonmetro, remote (RUCC 7-9)",26,FALSE,,,,,,,,,,,Neither
20067,Grant,KS,7284,453,1347,7,0.202257889,"Grant, KS",0,1,0,102,100,1,1,0,0,0,12,,,,42,100,,59,,,,2,1,1,0,0,,102,AHRF_natality_24,0,0,0,9.8,FALSE,"Nonmetro, remote (RUCC 7-9)",100,TRUE,12,,,,42,,,1,0,,Neither
20069,Gray,KS,5696,98,1217,9,1,"Gray, KS",0,0,0,82,89,0,0,0,0,0,,,,,15,88,,12,,,,0,0,0,0,0,,82,AHRF_natality_24,0,0,0,0,TRUE,"Nonmetro, remote (RUCC 7-9)",89,FALSE,,,,,,,,,0,,Neither
20071,Greeley,KS,1296,10,286,9,1,"Greeley, KS",0,0,0,13,18,0,1,1,0,0,,,,,,18,,,,,,2,1,1,0,0,,13,AHRF_natality_24,,,0,,FALSE,"Nonmetro, remote (RUCC 7-9)",18,FALSE,,,,,,,,,,,Neither
20073,Greenwood,KS,5956,78,1006,8,1,"Greenwood, KS",0,0,0,59,50,0,1,1,0,0,,,,,23,48,,,,,,2,1,1,0,0,,59,AHRF_natality_24,0,0,0,0,FALSE,"Nonmetro, remote (RUCC 7-9)",50,FALSE,,,,,,,,,0,,Neither
20075,Hamilton,KS,2485,31,513,9,1,"Hamilton, KS",0,0,0,44,42,0,1,1,0,112,,,,,20,41,,27,,,,2,1,1,0,0,,44,AHRF_natality_24,,,0,,FALSE,"Nonmetro, remote (RUCC 7-9)",42,FALSE,,,,,,,,,,,Neither
20077,Harper,KS,5446,128,1006,8,1,"Harper, KS",0,0,0,66,66,0,1,1,0,0,,,,,28,63,,11,,,,5,3,2,0,0,,66,AHRF_natality_24,0,0,0,0,FALSE,"Nonmetro, remote (RUCC 7-9)",66,FALSE,,,,,,,,,0,,Neither
20079,Harvey,KS,33823,566,6967,2,0.4010698331,"Harvey, KS",0,0,0,367,362,0,2,0,2,443,47,33,,,122,342,,55,14,31,,5,3,0,0,0,,367,AHRF_natality_24,0,0,0,0,FALSE,Metro (RUCC 1-3),362,TRUE,12.98,9.12,,,33.7,9.06,,,5.45,0,OB/GYN only
20081,Haskell,KS,3695,120,791,9,1,"Haskell, KS",0,0,0,53,56,0,1,1,0,0,,,,,11,55,,17,,,,2,1,1,0,0,,53,AHRF_natality_24,0,0,0,0,FALSE,"Nonmetro, remote (RUCC 7-9)",56,FALSE,,,,,,,,,0,,Neither
20083,Hodgeman,KS,1676,4,277,9,1,"Hodgeman, KS",0,0,0,17,15,0,1,1,0,0,,,,,,12,,,,,,2,1,1,0,0,,17,AHRF_natality_24,,,0,,FALSE,"Nonmetro, remote (RUCC 7-9)",15,FALSE,,,,,,,,,,,Neither
20085,Jackson,KS,13277,87,2525,3,1,"Jackson, KS",0,0,0,184,168,0,1,1,0,0,21,14,,,56,142,,16,26,12,,2,1,1,0,0,,184,AHRF_natality_24,0,0,0,0,FALSE,Metro (RUCC 1-3),168,TRUE,12.5,8.33,,,33.33,8.45,,1,0,,Neither
20087,Jefferson,KS,18391,186,3529,3,0.9912891986,"Jefferson, KS",0,0,0,183,166,0,1,1,1,0,17,,,,45,158,,,,,,2,1,1,0,0,,183,AHRF_natality_24,0,0,0,0,FALSE,Metro (RUCC 1-3),166,TRUE,10.24,,,,27.11,,,1,5.46,0,OB/GYN only
20089,Jewell,KS,2909,32,411,9,1,"Jewell, KS",0,0,0,30,32,0,1,1,0,0,,,,,10,32,,,,,,2,1,1,0,0,,30,AHRF_natality_24,,,0,,FALSE,"Nonmetro, remote (RUCC 7-9)",32,FALSE,,,,,,,,,,,Neither
20091,Johnson,KS,614764,8006,141276,1,0.0403730018,"Johnson, KS",18,16,18,6743,6941,5,16,0,138,9727,712,460,68,29,1342,5899,412,838,630,359,40,28,14,0,26,18,1,6743,AHRF_natality_24,3.86,2.67,4.23,0.74,FALSE,Metro (RUCC 1-3),6941,TRUE,10.26,6.63,0.98,0.42,19.33,6.09,9.71,,20.47,0.159,Both
20093,Kearny,KS,3910,61,728,9,1,"Kearny, KS",0,0,0,55,62,1,1,1,0,343,10,,,,22,60,,28,,,,2,1,1,0,0,,55,AHRF_natality_24,0,0,0,18.18,FALSE,"Nonmetro, remote (RUCC 7-9)",62,FALSE,,,,,,,,,0,,Neither
20095,Kingman,KS,7284,94,1383,8,1,"Kingman, KS",0,0,0,76,73,0,1,1,0,0,,,,,22,72,,,,,,2,1,1,0,0,,76,AHRF_natality_24,0,0,0,0,FALSE,"Nonmetro, remote (RUCC 7-9)",73,FALSE,,,,,,,,,0,,Neither
20097,Kiowa,KS,2422,30,513,9,1,"Kiowa, KS",0,0,0,33,30,0,1,1,0,1,,,,,,29,,,,,,2,1,1,0,0,,33,AHRF_natality_24,,,0,,FALSE,"Nonmetro, remote (RUCC 7-9)",30,FALSE,,,,,,,,,,,Neither
20099,Labette,KS,19949,132,3661,7,0.5326496235,"Labette, KS",0,0,0,204,244,1,2,0,2,248,29,19,,,109,222,,,15,15,,6,4,1,1,1,7,204,AHRF_natality_24,4.9,0,5.01,4.9,FALSE,"Nonmetro, remote (RUCC 7-9)",244,TRUE,11.89,7.79,,,44.67,6.76,,,9.8,0.333,Both
20101,Lane,KS,1497,23,262,9,1,"Lane, KS",0,0,0,17,21,0,1,1,0,0,,,,,,21,,,,,,2,1,1,0,0,,17,AHRF_natality_24,,,0,,FALSE,"Nonmetro, remote (RUCC 7-9)",21,FALSE,,,,,,,,,,,Neither
20103,Leavenworth,KS,82493,920,16536,1,0.3319817784,"Leavenworth, KS",0,0,0,882,897,0,1,0,2,0,107,70,10,,272,786,63,71,48,58,,5,2,0,0,0,,882,AHRF_natality_24,0,0,0,0,FALSE,Metro (RUCC 1-3),897,TRUE,11.93,7.8,1.11,,30.32,7.38,,1,2.27,0,OB/GYN only
20105,Lincoln,KS,2924,21,520,9,1,"Lincoln, KS",0,0,0,33,29,0,1,1,0,0,,,,,,29,,,,,,2,1,1,0,0,,33,AHRF_natality_24,,,0,,FALSE,"Nonmetro, remote (RUCC 7-9)",29,FALSE,,,,,,,,,,,Neither
20107,Linn,KS,9723,139,1779,1,1,"Linn, KS",0,0,0,104,97,0,0,0,0,0,10,,,,36,94,,,,,,0,0,0,0,0,,104,AHRF_natality_24,0,0,0,0,TRUE,Metro (RUCC 1-3),97,FALSE,,,,,,,,1,0,,Neither
20109,Logan,KS,2720,45,468,9,1,"Logan, KS",0,0,0,36,35,0,1,1,0,0,,,,,12,34,,,,,,2,1,1,0,0,,36,AHRF_natality_24,,,0,,FALSE,"Nonmetro, remote (RUCC 7-9)",35,FALSE,,,,,,,,,,,Neither
20111,Lyon,KS,32145,474,8096,4,0.2516237298,"Lyon, KS",0,0,0,357,358,1,1,1,2,345,49,32,,,151,333,11,104,14,29,,4,3,1,1,0,4,357,AHRF_natality_24,2.8,0,3.11,2.8,FALSE,"Nonmetro, adjacent (RUCC 4-6)",358,TRUE,13.69,8.94,,,42.18,8.71,,0.0336,5.6,0.333,Both
20113,McPherson,KS,30130,321,6588,7,0.5354862191,"McPherson, KS",0,0,0,333,313,1,3,1,0,134,30,18,,,96,295,,21,12,16,,5,3,1,0,0,,333,AHRF_natality_24,0,0,0,3,FALSE,"Nonmetro, remote (RUCC 7-9)",313,TRUE,9.58,5.75,,,30.67,5.42,,0.5976,0,,Neither
20115,Marion,KS,11795,141,2186,8,1,"Marion, KS",0,0,0,118,119,0,2,2,0,0,15,,,,31,114,,,,,,4,2,2,0,0,,118,AHRF_natality_24,0,0,0,0,FALSE,"Nonmetro, remote (RUCC 7-9)",119,TRUE,12.61,,,,26.05,,,1,0,,Neither
20117,Marshall,KS,10001,130,1827,8,1,"Marshall, KS",0,0,0,117,103,1,1,1,0,40,11,,,,29,98,,,,,,2,1,1,0,0,,117,AHRF_natality_24,0,0,0,8.55,FALSE,"Nonmetro, remote (RUCC 7-9)",103,TRUE,10.68,,,,28.16,,,0.6581,0,,Neither
20119,Meade,KS,3949,99,756,9,1,"Meade, KS",0,0,0,45,49,0,1,1,0,0,,,,,14,48,,12,,,,2,1,1,0,0,,45,AHRF_natality_24,,,0,,FALSE,"Nonmetro, remote (RUCC 7-9)",49,FALSE,,,,,,,,,,,Neither
20121,Miami,KS,34625,323,7008,1,0.7538241058,"Miami, KS",1,1,1,339,377,0,2,0,0,0,43,22,,,95,366,,20,,22,,3,1,0,2,0,1,339,AHRF_natality_24,5.9,2.95,5.78,0,FALSE,Metro (RUCC 1-3),377,TRUE,11.41,5.84,,,25.2,6.01,,1,0,1,Midwife only
20123,Mitchell,KS,5767,106,1050,9,1,"Mitchell, KS",0,0,0,68,67,1,1,1,0,53,12,,,,14,65,,,,,,2,1,1,0,0,,68,AHRF_natality_24,0,0,0,14.71,FALSE,"Nonmetro, remote (RUCC 7-9)",67,FALSE,,,,,,,,,0,,Neither
20125,Montgomery,KS,31143,243,6116,7,0.4539477863,"Montgomery, KS",0,0,0,313,327,1,1,0,3,183,33,22,,,169,276,17,46,34,18,,4,3,1,0,0,,313,AHRF_natality_24,0,0,0,3.19,FALSE,"Nonmetro, remote (RUCC 7-9)",327,TRUE,10.09,6.73,,,51.68,6.52,,0.4153,9.58,0,OB/GYN only
20127,Morris,KS,5388,34,849,8,1,"Morris, KS",0,0,0,39,48,1,1,1,0,16,,,,,12,48,,,,,,2,1,1,1,0,8,39,AHRF_natality_24,,,18.56,,FALSE,"Nonmetro, remote (RUCC 7-9)",48,FALSE,,,,,,,,,,1,Midwife only
20129,Morton,KS,2647,40,567,9,1,"Morton, KS",0,0,0,28,29,0,1,0,0,0,,,,,11,28,,12,,,,2,1,1,0,0,,28,AHRF_natality_24,,,0,,FALSE,"Nonmetro, remote (RUCC 7-9)",29,FALSE,,,,,,,,,,,Neither
20131,Nemaha,KS,10213,169,1840,9,1,"Nemaha, KS",0,0,0,120,128,2,2,2,0,55,12,,,,21,125,,,,,,4,2,2,0,0,,120,AHRF_natality_24,0,0,0,16.67,FALSE,"Nonmetro, remote (RUCC 7-9)",128,TRUE,9.38,,,,16.41,,,0.5417,0,,Neither
20133,Neosho,KS,15715,150,3126,7,0.4523390342,"Neosho, KS",2,2,2,179,197,1,1,1,1,342,20,10,,,83,190,,11,,10,,2,1,1,2,0,7,179,AHRF_natality_24,11.17,11.17,12.73,5.59,FALSE,"Nonmetro, remote (RUCC 7-9)",197,TRUE,10.15,5.08,,,42.13,5.26,,,5.59,0.667,Both
20135,Ness,KS,2659,39,494,9,1,"Ness, KS",0,0,0,28,30,0,2,2,0,0,,,,,,29,,,,,,4,2,2,0,0,,28,AHRF_natality_24,,,0,,FALSE,"Nonmetro, remote (RUCC 7-9)",30,FALSE,,,,,,,,,,,Neither
20137,Norton,KS,5392,35,904,9,1,"Norton, KS",0,0,0,45,51,1,1,1,0,23,,,,,19,49,,,,,,2,1,1,0,0,,45,AHRF_natality_24,,,0,,FALSE,"Nonmetro, remote (RUCC 7-9)",51,FALSE,,,,,,,,,,,Neither
20139,Osage,KS,15780,182,2988,3,1,"Osage, KS",0,0,0,134,150,0,0,0,0,0,18,11,,,53,145,,,,11,,0,0,0,0,0,,134,AHRF_natality_24,0,0,0,0,TRUE,Metro (RUCC 1-3),150,TRUE,12,7.33,,,35.33,7.59,,1,0,,Neither
20141,Osborne,KS,3473,15,590,9,1,"Osborne, KS",0,0,0,37,37,0,1,1,0,112,,,,,11,36,,,,,,2,1,1,0,0,,37,AHRF_natality_24,,,0,,FALSE,"Nonmetro, remote (RUCC 7-9)",37,FALSE,,,,,,,,,,,Neither
20143,Ottawa,KS,5782,71,1062,9,1,"Ottawa, KS",0,0,0,57,57,0,1,1,0,0,,,,,18,56,,,,,,2,1,1,0,0,,57,AHRF_natality_24,0,0,0,0,FALSE,"Nonmetro, remote (RUCC 7-9)",57,FALSE,,,,,,,,,0,,Neither
20145,Pawnee,KS,6220,90,1115,9,0.4028466336,"Pawnee, KS",0,0,0,46,53,0,2,1,0,0,,,,,25,50,,,,,,3,1,1,1,0,9,46,AHRF_natality_24,,,16.08,,FALSE,"Nonmetro, remote (RUCC 7-9)",53,FALSE,,,,,,,,,,1,Midwife only
20147,Phillips,KS,4874,83,817,9,1,"Phillips, KS",0,0,0,43,51,0,1,1,0,0,,,,,16,49,,,,,,2,1,1,0,0,,43,AHRF_natality_24,,,0,,FALSE,"Nonmetro, remote (RUCC 7-9)",51,FALSE,,,,,,,,,,,Neither
20149,Pottawatomie,KS,25808,509,5413,3,0.6553968755,"Pottawatomie, KS",0,0,0,380,375,1,2,2,0,70,32,19,,,52,354,,25,17,16,,5,3,2,0,0,,380,AHRF_natality_24,0,0,0,2.63,FALSE,Metro (RUCC 1-3),375,TRUE,8.53,5.07,,,13.87,4.52,,0.8158,0,,Neither
20151,Pratt,KS,9120,79,1832,7,0.2804411925,"Pratt, KS",0,0,0,114,108,1,1,0,2,221,11,,,,33,105,,15,,,,1,1,0,0,0,,114,AHRF_natality_24,0,0,0,8.77,FALSE,"Nonmetro, remote (RUCC 7-9)",108,TRUE,10.19,,,,30.56,,,,17.54,0,OB/GYN only
20153,Rawlins,KS,2533,26,406,9,1,"Rawlins, KS",0,0,0,30,28,0,1,1,0,0,,,,,,27,,,,,,2,1,1,0,0,,30,AHRF_natality_24,,,0,,FALSE,"Nonmetro, remote (RUCC 7-9)",28,FALSE,,,,,,,,,,,Neither
20155,Reno,KS,61693,998,12324,4,0.3137904294,"Reno, KS",3,3,3,645,655,0,2,0,5,653,74,51,,,275,613,14,91,27,49,,2,2,0,3,0,4,645,AHRF_natality_24,4.65,4.65,4.86,0,FALSE,"Nonmetro, adjacent (RUCC 4-6)",655,TRUE,11.3,7.79,,,41.98,7.99,,,7.75,0.375,Both
20157,Republic,KS,4662,21,786,9,1,"Republic, KS",0,0,0,43,48,1,1,1,0,37,,,,,15,46,,,,,,2,1,1,0,0,,43,AHRF_natality_24,,,0,,FALSE,"Nonmetro, remote (RUCC 7-9)",48,FALSE,,,,,,,,,,,Neither
20159,Rice,KS,9389,203,1830,9,1,"Rice, KS",1,1,1,118,107,0,1,1,0,112,13,,,,37,103,,15,,,,2,1,1,1,0,9,118,AHRF_natality_24,8.47,8.47,10.65,0,FALSE,"Nonmetro, remote (RUCC 7-9)",107,TRUE,12.15,,,,34.58,,,0.0508,0,1,Midwife only
20161,Riley,KS,71710,1033,20886,3,0.0984866382,"Riley, KS",0,0,0,680,718,1,2,0,9,1028,70,51,,,177,585,60,102,73,37,,4,4,0,0,0,,680,AHRF_natality_24,0,0,0,1.47,FALSE,Metro (RUCC 1-3),718,TRUE,9.75,7.1,,,24.65,6.32,,,13.24,0,OB/GYN only
20163,Rooks,KS,4869,29,854,9,1,"Rooks, KS",0,0,0,50,49,0,1,1,0,98,,,,,13,47,,,,,,2,1,1,0,0,,50,AHRF_natality_24,0,0,0,0,FALSE,"Nonmetro, remote (RUCC 7-9)",49,FALSE,,,,,,,,,0,,Neither
20165,Rush,KS,2957,60,567,9,1,"Rush, KS",0,0,0,29,26,0,1,0,0,0,,,,,12,26,,,,,,3,1,1,0,0,,29,AHRF_natality_24,,,0,,FALSE,"Nonmetro, remote (RUCC 7-9)",26,FALSE,,,,,,,,,,,Neither
20167,Russell,KS,6717,12,1185,9,0.3923180392,"Russell, KS",0,0,0,57,66,0,1,1,0,0,,,,,24,63,,,,,,2,1,1,0,0,,57,AHRF_natality_24,0,0,0,0,FALSE,"Nonmetro, remote (RUCC 7-9)",66,FALSE,,,,,,,,,0,,Neither
20169,Saline,KS,53801,730,11115,5,0.1428282047,"Saline, KS",0,0,0,641,604,1,2,0,9,1093,77,55,13,,260,549,17,107,38,50,,3,3,0,0,0,,641,AHRF_natality_24,0,0,0,1.56,FALSE,"Nonmetro, adjacent (RUCC 4-6)",604,TRUE,12.75,9.11,2.15,,43.05,9.11,,,14.04,0,OB/GYN only
20171,Scott,KS,5071,115,994,9,1,"Scott, KS",0,0,0,79,72,1,1,1,0,61,,,,,22,69,,22,,,,2,1,1,0,0,,79,AHRF_natality_24,0,0,0,12.66,FALSE,"Nonmetro, remote (RUCC 7-9)",72,FALSE,,,,,,,,,0,,Neither
20173,Sedgwick,KS,524810,7083,119894,2,0.0741985858,"Sedgwick, KS",5,3,5,6743,6566,1,10,0,47,5099,834,562,84,85,2806,5403,748,1250,415,412,112,25,12,0,5,4,2,6743,AHRF_natality_24,0.74,0.74,0.95,0.15,FALSE,Metro (RUCC 1-3),6566,TRUE,12.7,8.56,1.28,1.29,42.74,7.63,14.97,0.2438,6.97,0.096,Both
20175,Seward,KS,21640,317,4847,7,0.0965671098,"Seward, KS",1,0,1,390,378,0,1,0,2,452,42,26,,,206,362,,307,,23,,1,1,0,2,0,7,390,AHRF_natality_24,5.13,2.56,9.24,0,FALSE,"Nonmetro, remote (RUCC 7-9)",378,TRUE,11.11,6.88,,,54.5,6.35,,,5.13,0.5,Both
20177,Shawnee,KS,178315,2163,38528,3,0.168314618,"Shawnee, KS",12,12,12,1913,1913,2,5,0,17,2406,242,164,23,32,969,1508,202,413,202,116,30,13,3,0,13,13,3,1913,AHRF_natality_24,6.8,6.27,7.29,1.05,FALSE,Metro (RUCC 1-3),1913,TRUE,12.65,8.57,1.2,1.67,50.65,7.69,14.85,,8.89,0.433,Both
20179,Sheridan,KS,2442,15,437,9,1,"Sheridan, KS",0,0,0,20,27,0,1,1,0,0,,,,,,27,,,,,,2,1,1,0,0,,20,AHRF_natality_24,,,0,,FALSE,"Nonmetro, remote (RUCC 7-9)",27,FALSE,,,,,,,,,,,Neither
20181,Sherman,KS,5919,57,1049,9,0.2510544964,"Sherman, KS",0,0,0,59,67,0,1,1,0,0,,,,,22,63,,12,,,,2,1,1,0,0,,59,AHRF_natality_24,0,0,0,0,FALSE,"Nonmetro, remote (RUCC 7-9)",67,FALSE,,,,,,,,,0,,Neither
20183,Smith,KS,3579,61,545,9,1,"Smith, KS",0,0,0,27,36,1,1,1,0,48,,,,,,35,,,,,,2,1,1,1,0,9,27,AHRF_natality_24,,,27.94,,FALSE,"Nonmetro, remote (RUCC 7-9)",36,FALSE,,,,,,,,,,1,Midwife only
20185,Stafford,KS,4004,62,706,9,1,"Stafford, KS",0,0,0,43,49,0,1,1,0,0,,,,,16,48,,,,,,3,2,1,0,0,,43,AHRF_natality_24,,,0,,FALSE,"Nonmetro, remote (RUCC 7-9)",49,FALSE,,,,,,,,,,,Neither
20187,Stanton,KS,2018,47,443,9,1,"Stanton, KS",0,0,0,30,23,1,1,1,0,8,,,,,,22,,15,,,,2,1,1,0,0,,30,AHRF_natality_24,,,0,,FALSE,"Nonmetro, remote (RUCC 7-9)",23,FALSE,,,,,,,,,,,Neither
20189,Stevens,KS,5212,65,1063,9,1,"Stevens, KS",0,0,0,72,63,0,1,1,0,0,,,,,22,61,,29,,,,2,1,1,0,0,,72,AHRF_natality_24,0,0,0,0,FALSE,"Nonmetro, remote (RUCC 7-9)",63,FALSE,,,,,,,,,0,,Neither
20191,Sumner,KS,22386,296,4353,2,0.6264855688,"Sumner, KS",0,0,0,263,240,0,1,1,0,0,29,19,,,82,230,,,,18,,4,3,1,0,0,,263,AHRF_natality_24,0,0,0,0,FALSE,Metro (RUCC 1-3),240,TRUE,12.08,7.92,,,34.17,7.83,,1,0,,Neither
20193,Thomas,KS,7913,106,1780,7,0.310592686,"Thomas, KS",1,1,1,109,112,1,1,1,0,187,13,10,,,30,107,,14,,,,2,1,1,1,0,7,109,AHRF_natality_24,9.17,9.17,12.64,9.17,FALSE,"Nonmetro, remote (RUCC 7-9)",112,TRUE,11.61,8.93,,,26.79,,,,0,1,Midwife only
20195,Trego,KS,2778,20,459,9,1,"Trego, KS",0,0,0,24,26,0,1,1,0,0,,,,,,26,,,,,,2,1,1,0,0,,24,AHRF_natality_24,,,0,,FALSE,"Nonmetro, remote (RUCC 7-9)",26,FALSE,,,,,,,,,,,Neither
20197,Wabaunsee,KS,6961,131,1290,3,1,"Wabaunsee, KS",0,0,0,73,70,0,0,0,0,0,,,,,15,68,,,,,,0,0,0,0,0,,73,AHRF_natality_24,0,0,0,0,TRUE,Metro (RUCC 1-3),70,FALSE,,,,,,,,,0,,Neither
20199,Wallace,KS,1459,35,216,9,1,"Wallace, KS",0,0,0,18,22,0,0,0,0,0,,,,,,21,,,,,,0,0,0,0,0,,18,AHRF_natality_24,,,0,,TRUE,"Nonmetro, remote (RUCC 7-9)",22,FALSE,,,,,,,,,,,Neither
20201,Washington,KS,5519,106,933,9,1,"Washington, KS",0,0,0,68,72,0,2,2,0,81,,,,,,71,,,,,,4,2,2,0,0,,68,AHRF_natality_24,0,0,0,0,FALSE,"Nonmetro, remote (RUCC 7-9)",72,FALSE,,,,,,,,,0,,Neither
20203,Wichita,KS,2115,35,343,9,1,"Wichita, KS",0,0,0,35,35,0,1,1,0,0,,,,,,34,,12,,,,2,1,1,0,0,,35,AHRF_natality_24,,,0,,FALSE,"Nonmetro, remote (RUCC 7-9)",35,FALSE,,,,,,,,,,,Neither
20205,Wilson,KS,8559,92,1574,9,1,"Wilson, KS",0,0,0,92,80,0,2,2,1,0,,,,,39,78,,,,,,4,2,2,0,0,,92,AHRF_natality_24,0,0,0,0,FALSE,"Nonmetro, remote (RUCC 7-9)",80,FALSE,,,,,,,,,10.87,0,OB/GYN only
20207,Woodson,KS,3118,55,550,9,1,"Woodson, KS",0,0,0,32,27,0,0,0,0,0,,,,,12,27,,,,,,0,0,0,0,0,,32,AHRF_natality_24,,,0,,TRUE,"Nonmetro, remote (RUCC 7-9)",27,FALSE,,,,,,,,,,,Neither
20209,Wyandotte,KS,167277,2647,38470,1,0.0528878253,"Wyandotte, KS",6,6,6,2298,2344,2,4,0,43,2894,328,233,32,58,1361,1664,478,996,202,131,85,6,3,0,7,6,1,2298,AHRF_natality_24,3.05,2.61,4.18,0.87,FALSE,Metro (RUCC 1-3),2344,TRUE,13.99,9.94,1.37,2.47,58.06,7.87,17.78,,18.71,0.14,Both
21001,Adair,KY,19016,110,4175,7,0.7345394911,"Adair, KY",0,0,0,203,196,0,1,0,1,0,30,19,,,78,188,,,,19,,3,2,1,0,0,,203,AHRF_natality_24,0,0,0,0,FALSE,"Nonmetro, remote (RUCC 7-9)",196,TRUE,15.31,9.69,,,39.8,10.11,,1,4.93,0,OB/GYN only
21003,Allen,KY,21029,383,4291,3,0.7747717117,"Allen, KY",0,0,0,278,267,0,1,1,0,0,46,21,,,98,261,,,,21,,2,1,1,0,0,,278,AHRF_natality_24,0,0,0,0,FALSE,Metro (RUCC 1-3),267,TRUE,17.23,7.87,,,36.7,8.05,,1,0,,Neither
21005,Anderson,KY,24098,180,4976,6,0.4322069428,"Anderson, KY",0,0,0,273,267,0,0,0,0,0,28,18,,,104,256,,,,17,,0,0,0,0,0,,273,AHRF_natality_24,0,0,0,0,TRUE,"Nonmetro, adjacent (RUCC 4-6)",267,TRUE,10.49,6.74,,,38.95,6.64,,1,0,,Neither
21007,Ballard,KY,7678,16,1469,3,1,"Ballard, KY",0,0,0,72,66,0,0,0,0,0,,,,,32,61,,,,,,0,0,0,0,0,,72,AHRF_natality_24,0,0,0,0,TRUE,Metro (RUCC 1-3),66,FALSE,,,,,,,,,0,,Neither
21009,Barren,KY,44670,455,9517,6,0.6210183208,"Barren, KY",0,0,0,605,529,0,1,0,3,405,79,44,,,231,503,13,31,13,42,,1,1,0,1,0,6,605,AHRF_natality_24,1.65,0,2.24,0,FALSE,"Nonmetro, adjacent (RUCC 4-6)",529,TRUE,14.93,8.32,,,43.67,8.35,,0.3306,4.96,0.25,Both
21011,Bath,KY,12812,99,2545,8,1,"Bath, KY",0,0,0,172,175,0,0,0,0,0,17,15,,,63,173,,,,15,,0,0,0,0,0,,172,AHRF_natality_24,0,0,0,0,TRUE,"Nonmetro, remote (RUCC 7-9)",175,TRUE,9.71,8.57,,,36,8.67,,1,0,,Neither
21013,Bell,KY,23878,182,4790,7,0.5926878865,"Bell, KY",1,1,1,263,271,1,2,0,2,696,40,25,,,141,265,,,,24,,4,4,0,0,0,,263,AHRF_natality_24,0,3.8,0,3.8,FALSE,"Nonmetro, remote (RUCC 7-9)",271,TRUE,14.76,9.23,,,52.03,9.06,,,7.6,0,OB/GYN only
21015,Boone,KY,137676,1600,31278,1,0.1146593316,"Boone, KY",7,5,7,1686,1711,0,2,0,11,0,186,122,21,17,621,1429,174,193,109,98,15,2,1,0,8,0,1,1686,AHRF_natality_24,4.74,4.15,5.81,0,FALSE,Metro (RUCC 1-3),1711,TRUE,10.87,7.13,1.23,0.99,36.29,6.86,8.62,1,6.52,0.421,Both
21017,Bourbon,KY,20174,156,4027,2,0.4435611298,"Bourbon, KY",0,0,0,205,209,0,1,0,0,0,27,19,,,100,196,,18,,17,,1,1,0,0,0,,205,AHRF_natality_24,0,0,0,0,FALSE,Metro (RUCC 1-3),209,TRUE,12.92,9.09,,,47.85,8.67,,1,0,,Neither
21019,Boyd,KY,48043,477,9464,2,0.2379146723,"Boyd, KY",4,4,4,397,511,1,1,0,7,1176,61,49,,,251,487,,,15,46,,3,2,0,2,2,2,397,AHRF_natality_24,5.04,10.08,4.16,2.52,FALSE,Metro (RUCC 1-3),511,TRUE,11.94,9.59,,,49.12,9.45,,,17.63,0.222,Both
21021,Boyle,KY,30708,420,6314,7,0.3536290586,"Boyle, KY",1,0,1,319,315,0,2,0,7,565,45,28,,,146,281,20,21,15,24,,2,1,0,3,0,7,319,AHRF_natality_24,9.4,3.13,9.77,0,FALSE,"Nonmetro, remote (RUCC 7-9)",315,TRUE,14.29,8.89,,,46.35,8.54,,,21.94,0.3,Both
21023,Bracken,KY,8427,107,1712,1,1,"Bracken, KY",0,0,0,92,91,0,0,0,0,0,,,,,42,90,,,,,,0,0,0,0,0,,92,AHRF_natality_24,0,0,0,0,TRUE,Metro (RUCC 1-3),91,FALSE,,,,,,,,,0,,Neither
21025,Breathitt,KY,13438,169,2766,9,1,"Breathitt, KY",0,0,0,137,138,0,1,0,0,0,22,14,,,61,138,,,,14,,2,1,1,0,0,,137,AHRF_natality_24,0,0,0,0,FALSE,"Nonmetro, remote (RUCC 7-9)",138,TRUE,15.94,10.14,,,44.2,10.14,,1,0,,Neither
21027,Breckinridge,KY,20722,283,4106,8,1,"Breckinridge, KY",0,0,0,259,245,0,1,1,0,0,29,17,,,86,238,,,,16,,2,1,1,0,0,,259,AHRF_natality_24,0,0,0,0,FALSE,"Nonmetro, remote (RUCC 7-9)",245,TRUE,11.84,6.94,,,35.1,6.72,,1,0,,Neither
21029,Bullitt,KY,83209,828,18101,1,0.2945254631,"Bullitt, KY",0,0,0,761,762,0,0,0,0,0,105,57,,,291,715,23,31,23,53,,0,0,0,0,0,,761,AHRF_natality_24,0,0,0,0,TRUE,Metro (RUCC 1-3),762,TRUE,13.78,7.48,,,38.19,7.41,,1,0,,Neither
21031,Butler,KY,12373,131,2384,3,1,"Butler, KY",0,0,0,166,144,0,0,0,0,0,23,13,,,58,139,,18,,13,,0,0,0,0,0,,166,AHRF_natality_24,0,0,0,0,TRUE,Metro (RUCC 1-3),144,TRUE,15.97,9.03,,,40.28,9.35,,1,0,,Neither
21033,Caldwell,KY,12631,314,2537,7,0.5210688592,"Caldwell, KY",0,0,0,151,160,0,1,1,0,0,20,13,,,69,148,,,,12,,2,1,1,0,0,,151,AHRF_natality_24,0,0,0,0,FALSE,"Nonmetro, remote (RUCC 7-9)",160,TRUE,12.5,8.12,,,43.12,8.11,,1,0,,Neither
21035,Calloway,KY,37882,401,9697,7,0.4890440126,"Calloway, KY",0,0,0,354,349,1,1,0,6,483,39,30,,,139,315,16,21,18,26,,1,1,0,0,0,,354,AHRF_natality_24,0,0,0,2.82,FALSE,"Nonmetro, remote (RUCC 7-9)",349,TRUE,11.17,8.6,,,39.83,8.25,,,16.95,0,OB/GYN only
21037,Campbell,KY,93193,1276,20810,1,0.1711074821,"Campbell, KY",1,2,1,941,983,0,2,0,10,0,106,74,,11,350,906,38,47,40,64,,3,2,0,1,0,1,941,AHRF_natality_24,1.06,1.06,1.07,0,FALSE,Metro (RUCC 1-3),983,TRUE,10.78,7.53,,1.12,35.61,7.06,,1,10.63,0.091,Both
21039,Carlisle,KY,4763,28,932,3,1,"Carlisle, KY",0,0,0,58,59,0,0,0,0,0,,,,,20,55,,,,,,0,0,0,0,0,,58,AHRF_natality_24,0,0,0,0,TRUE,Metro (RUCC 1-3),59,FALSE,,,,,,,,,0,,Neither
21041,Carroll,KY,10878,142,2176,6,0.4938945421,"Carroll, KY",0,0,0,169,154,0,1,1,0,0,19,16,,,80,147,,17,,16,,2,1,1,0,0,,169,AHRF_natality_24,0,0,0,0,FALSE,"Nonmetro, adjacent (RUCC 4-6)",154,TRUE,12.34,10.39,,,51.95,10.88,,1,0,,Neither
21043,Carter,KY,26515,290,5474,2,0.796522327,"Carter, KY",0,0,0,248,275,0,0,0,0,0,25,19,,,115,271,,,,19,,0,0,0,0,0,,248,AHRF_natality_24,0,0,0,0,TRUE,Metro (RUCC 1-3),275,TRUE,9.09,6.91,,,41.82,7.01,,1,0,,Neither
21045,Casey,KY,15951,314,3330,9,1,"Casey, KY",0,0,0,170,182,0,1,1,0,0,19,11,,,65,178,,,,,,3,2,1,0,0,,170,AHRF_natality_24,0,0,0,0,FALSE,"Nonmetro, remote (RUCC 7-9)",182,TRUE,10.44,6.04,,,35.71,,,1,0,,Neither
21047,Christian,KY,72599,1417,15800,2,0.2907296421,"Christian, KY",13,12,13,1181,1409,0,3,0,6,494,153,105,19,11,388,1044,258,166,107,72,28,3,1,0,0,0,,1181,AHRF_natality_24,0,11.01,0,0,FALSE,Metro (RUCC 1-3),1409,TRUE,10.86,7.45,1.35,0.78,27.54,6.9,10.85,0.5817,5.08,0,OB/GYN only
21049,Clark,KY,37004,215,8219,2,0.2899221032,"Clark, KY",1,1,1,416,405,0,1,0,4,281,55,33,,,172,379,19,27,,29,,1,1,0,1,0,2,416,AHRF_natality_24,2.4,2.4,2.7,0,FALSE,Metro (RUCC 1-3),405,TRUE,13.58,8.15,,,42.47,7.65,,0.3245,9.62,0.2,Both
21051,Clay,KY,20105,194,3991,9,1,"Clay, KY",2,2,2,228,225,1,1,0,2,96,35,25,,,113,223,,,,25,,1,1,0,2,0,9,228,AHRF_natality_24,8.77,8.77,9.95,4.39,FALSE,"Nonmetro, remote (RUCC 7-9)",225,TRUE,15.56,11.11,,,50.22,11.21,,0.5789,8.77,0.5,Both
21053,Clinton,KY,9240,83,1895,9,1,"Clinton, KY",0,0,0,109,120,0,1,1,0,0,18,,,,56,118,,,,,,2,1,1,0,0,,109,AHRF_natality_24,0,0,0,0,FALSE,"Nonmetro, remote (RUCC 7-9)",120,TRUE,15,,,,46.67,,,1,0,,Neither
21055,Crittenden,KY,8972,265,1692,8,1,"Crittenden, KY",0,0,0,113,101,0,1,0,0,0,15,,,,37,99,,,,,,2,1,0,0,0,,113,AHRF_natality_24,0,0,0,0,FALSE,"Nonmetro, remote (RUCC 7-9)",101,TRUE,14.85,,,,36.63,,,1,0,,Neither
21057,Cumberland,KY,5948,99,1074,9,1,"Cumberland, KY",0,0,0,80,74,0,1,1,0,0,11,,,,29,72,,,,,,2,1,1,0,0,,80,AHRF_natality_24,0,0,0,0,FALSE,"Nonmetro, remote (RUCC 7-9)",74,FALSE,,,,,,,,,0,,Neither
21059,Daviess,KY,103195,1269,22142,3,0.260173068,"Daviess, KY",3,4,3,1348,1292,1,2,0,11,2122,249,120,19,14,550,1136,71,106,85,97,12,3,2,0,1,1,3,1348,AHRF_natality_24,0.74,2.23,0.97,0.74,FALSE,Metro (RUCC 1-3),1292,TRUE,19.27,9.29,1.47,1.08,42.57,8.54,,,8.16,0.083,Both
21061,Edmonson,KY,12243,118,2462,3,1,"Edmonson, KY",0,0,0,120,113,0,0,0,1,0,21,,,,34,111,,,,,,0,0,0,0,0,,120,AHRF_natality_24,0,0,0,0,TRUE,Metro (RUCC 1-3),113,TRUE,18.58,,,,30.09,,,1,8.33,0,OB/GYN only
21063,Elliott,KY,7336,89,1208,8,1,"Elliott, KY",0,0,0,51,55,0,0,0,0,0,,,,,23,55,,,,,,0,0,0,0,0,,51,AHRF_natality_24,0,0,0,0,TRUE,"Nonmetro, remote (RUCC 7-9)",55,FALSE,,,,,,,,,0,,Neither
21065,Estill,KY,14079,71,2779,8,0.7155263715,"Estill, KY",0,0,0,126,128,0,1,1,0,0,18,10,,,57,127,,,,10,,2,1,1,0,0,,126,AHRF_natality_24,0,0,0,0,FALSE,"Nonmetro, remote (RUCC 7-9)",128,TRUE,14.06,7.81,,,44.53,7.87,,1,0,,Neither
21067,Fayette,KY,321122,4403,81689,2,0.0292742661,"Fayette, KY",15,15,15,3732,3675,3,10,0,91,7069,463,355,49,49,1464,2646,727,565,302,211,108,18,10,0,26,25,2,3732,AHRF_natality_24,6.97,4.02,8.1,0.8,FALSE,Metro (RUCC 1-3),3675,TRUE,12.6,9.66,1.33,1.33,39.84,7.97,14.86,,24.38,0.222,Both
21069,Fleming,KY,15221,89,3085,9,1,"Fleming, KY",0,0,0,207,208,0,1,1,0,0,23,19,,,72,205,,,,19,,3,1,1,0,0,,207,AHRF_natality_24,0,0,0,0,FALSE,"Nonmetro, remote (RUCC 7-9)",208,TRUE,11.06,9.13,,,34.62,9.27,,1,0,,Neither
21071,Floyd,KY,35342,332,7195,7,0.7821490179,"Floyd, KY",1,0,1,364,358,1,3,2,0,494,56,39,,,183,354,,,,39,,5,3,2,2,0,7,364,AHRF_natality_24,5.49,2.75,5.66,2.75,FALSE,"Nonmetro, remote (RUCC 7-9)",358,TRUE,15.64,10.89,,,51.12,11.02,,,0,1,Midwife only
21073,Franklin,KY,51563,600,11584,4,0.2659048136,"Franklin, KY",1,1,1,492,512,1,1,0,3,462,63,43,,,246,425,51,41,35,36,,1,1,0,2,0,4,492,AHRF_natality_24,4.07,2.03,3.88,2.03,FALSE,"Nonmetro, adjacent (RUCC 4-6)",512,TRUE,12.3,8.4,,,48.05,8.47,,0.061,6.1,0.4,Both
21075,Fulton,KY,6440,51,1138,9,0.6419033001,"Fulton, KY",0,0,0,80,69,0,0,0,0,0,12,,,,45,46,17,,,,,1,1,0,0,0,,80,AHRF_natality_24,0,0,0,0,FALSE,"Nonmetro, remote (RUCC 7-9)",69,FALSE,,,,,,,,,0,,Neither
21077,Gallatin,KY,8749,114,1755,1,1,"Gallatin, KY",0,0,0,117,114,0,0,0,0,0,17,15,,,49,110,,10,,15,,0,0,0,0,0,,117,AHRF_natality_24,0,0,0,0,TRUE,Metro (RUCC 1-3),114,TRUE,14.91,13.16,,,42.98,13.64,,1,0,,Neither
21079,Garrard,KY,17346,197,3595,8,1,"Garrard, KY",0,0,0,180,174,0,0,0,0,0,25,18,,,65,168,,,,15,,2,1,1,0,0,,180,AHRF_natality_24,0,0,0,0,FALSE,"Nonmetro, remote (RUCC 7-9)",174,TRUE,14.37,10.34,,,37.36,8.93,,1,0,,Neither
21081,Grant,KY,25238,384,5500,1,1,"Grant, KY",0,0,0,353,357,0,1,1,1,0,37,29,,,165,346,,14,,28,,2,1,1,0,0,,353,AHRF_natality_24,0,0,0,0,FALSE,Metro (RUCC 1-3),357,TRUE,10.36,8.12,,,46.22,8.09,,1,2.83,0,OB/GYN only
21083,Graves,KY,36612,670,7493,6,0.665584327,"Graves, KY",1,1,1,455,455,0,1,0,3,806,61,39,,,187,418,18,65,18,36,,1,1,0,1,0,6,455,AHRF_natality_24,2.2,2.2,2.73,0,FALSE,"Nonmetro, adjacent (RUCC 4-6)",455,TRUE,13.41,8.57,,,41.1,8.61,,,6.59,0.25,Both
21085,Grayson,KY,26586,380,5395,6,0.7544284633,"Grayson, KY",0,0,0,379,378,1,1,0,0,350,57,31,,,153,371,,,,30,,1,1,0,0,0,,379,AHRF_natality_24,0,0,0,2.64,FALSE,"Nonmetro, adjacent (RUCC 4-6)",378,TRUE,15.08,8.2,,,40.48,8.09,,0.0765,0,,Neither
21087,Green,KY,11278,151,2039,8,1,"Green, KY",0,0,0,125,120,0,1,1,0,0,15,,,,44,116,,,,,,2,1,1,0,0,,125,AHRF_natality_24,0,0,0,0,FALSE,"Nonmetro, remote (RUCC 7-9)",120,TRUE,12.5,,,,36.67,,,1,0,,Neither
21089,Greenup,KY,35639,315,7103,2,0.4268394416,"Greenup, KY",0,0,0,311,325,0,0,0,0,0,41,26,,,142,317,,,,25,,0,0,0,0,0,,311,AHRF_natality_24,0,0,0,0,TRUE,Metro (RUCC 1-3),325,TRUE,12.62,8,,,43.69,7.89,,1,0,,Neither
21091,Hancock,KY,9032,76,1898,8,0.9142385926,"Hancock, KY",0,0,0,95,94,0,0,0,0,0,16,,,,41,93,,,,,,0,0,0,0,0,,95,AHRF_natality_24,0,0,0,0,TRUE,"Nonmetro, remote (RUCC 7-9)",94,FALSE,,,,,,,,,0,,Neither
21093,Hardin,KY,111452,1128,25014,3,0.3349713646,"Hardin, KY",4,4,4,1301,1331,1,3,0,6,1121,162,120,20,18,565,1073,156,115,103,85,25,3,1,0,0,0,,1301,AHRF_natality_24,0,3.07,0,0.77,FALSE,Metro (RUCC 1-3),1331,TRUE,12.17,9.02,1.5,1.35,42.45,7.92,16.03,0.1384,4.61,0,OB/GYN only
21095,Harlan,KY,26185,117,5358,7,0.7708993329,"Harlan, KY",0,0,0,305,276,1,1,0,3,366,41,27,,,126,267,,,,27,,1,1,0,0,0,,305,AHRF_natality_24,0,0,0,3.28,FALSE,"Nonmetro, remote (RUCC 7-9)",276,TRUE,14.86,9.78,,,45.65,10.11,,,9.84,0,OB/GYN only
21097,Harrison,KY,18971,141,3846,6,0.6579820244,"Harrison, KY",0,0,0,265,246,1,1,0,3,212,29,16,,,112,238,,,,16,,1,1,0,1,0,6,265,AHRF_natality_24,3.77,0,5.27,3.77,FALSE,"Nonmetro, adjacent (RUCC 4-6)",246,TRUE,11.79,6.5,,,45.53,6.72,,0.2,11.32,0.25,Both
21099,Hart,KY,19470,118,3962,8,0.8832434674,"Hart, KY",0,0,0,258,251,0,1,1,0,0,40,23,,,84,243,,,,20,,2,1,1,0,0,,258,AHRF_natality_24,0,0,0,0,FALSE,"Nonmetro, remote (RUCC 7-9)",251,TRUE,15.94,9.16,,,33.47,8.23,,1,0,,Neither
21101,Henderson,KY,44493,601,9373,4,0.3653026142,"Henderson, KY",0,1,0,514,475,1,1,0,3,416,104,63,,11,269,399,60,27,16,49,10,1,1,0,1,0,4,514,AHRF_natality_24,1.95,0,2.25,1.95,FALSE,"Nonmetro, adjacent (RUCC 4-6)",475,TRUE,21.89,13.26,,2.32,56.63,12.28,,0.1907,5.84,0.25,Both
21103,Henry,KY,15774,129,3234,1,1,"Henry, KY",0,0,0,190,189,0,0,0,0,0,23,11,,,79,183,,12,,10,,0,0,0,0,0,,190,AHRF_natality_24,0,0,0,0,TRUE,Metro (RUCC 1-3),189,TRUE,12.17,5.82,,,41.8,5.46,,1,0,,Neither
21105,Hickman,KY,4470,14,830,8,1,"Hickman, KY",0,0,0,35,40,0,0,0,0,0,,,,,17,34,,,,,,1,1,0,0,0,,35,AHRF_natality_24,,,0,,FALSE,"Nonmetro, remote (RUCC 7-9)",40,FALSE,,,,,,,,,,,Neither
21107,Hopkins,KY,45143,680,9480,5,0.5304581379,"Hopkins, KY",2,2,2,518,493,0,2,0,6,568,80,47,10,10,239,433,36,28,24,38,,3,2,0,2,0,5,518,AHRF_natality_24,3.86,3.86,4.43,0,FALSE,"Nonmetro, adjacent (RUCC 4-6)",493,TRUE,16.23,9.53,2.03,2.03,48.48,8.78,,,11.58,0.25,Both
21109,Jackson,KY,13003,77,2782,9,1,"Jackson, KY",0,0,0,174,157,0,0,0,0,0,25,17,,,60,155,,,,17,,0,0,0,0,0,,174,AHRF_natality_24,0,0,0,0,TRUE,"Nonmetro, remote (RUCC 7-9)",157,TRUE,15.92,10.83,,,38.22,10.97,,1,0,,Neither
21111,Jefferson,KY,777392,9505,178433,1,0.0163275941,"Jefferson, KY",14,8,14,9653,9538,3,12,0,159,13241,1328,903,166,113,4525,6066,2705,1443,766,434,390,25,12,0,18,15,1,9653,AHRF_natality_24,1.86,1.45,2.32,0.31,FALSE,Metro (RUCC 1-3),9538,TRUE,13.92,9.47,1.74,1.18,47.44,7.15,14.42,,16.47,0.102,Both
21113,Jessamine,KY,53792,467,12260,2,0.2473250175,"Jessamine, KY",0,0,0,617,627,0,0,0,1,0,67,48,,,206,570,30,41,27,41,,0,0,0,0,0,,617,AHRF_natality_24,0,0,0,0,TRUE,Metro (RUCC 1-3),627,TRUE,10.69,7.66,,,32.85,7.19,,1,1.62,0,OB/GYN only
21115,Johnson,KY,22464,268,4650,7,0.7380511464,"Johnson, KY",0,0,0,231,233,0,1,0,2,0,39,25,,,98,230,,,,24,,1,1,0,0,0,,231,AHRF_natality_24,0,0,0,0,FALSE,"Nonmetro, remote (RUCC 7-9)",233,TRUE,16.74,10.73,,,42.06,10.43,,1,8.66,0,OB/GYN only
21117,Kenton,KY,169817,2368,38534,1,0.0671994038,"Kenton, KY",7,4,7,2099,2161,1,3,0,16,4149,260,186,27,29,920,1884,170,240,107,151,24,3,1,0,5,5,1,2099,AHRF_natality_24,2.38,3.33,2.94,0.48,FALSE,Metro (RUCC 1-3),2161,TRUE,12.03,8.61,1.25,1.34,42.57,8.01,14.12,,7.62,0.238,Both
21119,Knott,KY,14046,93,2844,9,1,"Knott, KY",0,0,0,104,108,0,0,0,0,0,12,,,,54,106,,,,,,0,0,0,0,0,,104,AHRF_natality_24,0,0,0,0,TRUE,"Nonmetro, remote (RUCC 7-9)",108,TRUE,11.11,,,,50,,,1,0,,Neither
21121,Knox,KY,30034,409,6415,7,0.6204749445,"Knox, KY",0,0,0,348,375,0,1,1,1,0,60,38,,,187,369,,,,37,,5,3,1,0,0,,348,AHRF_natality_24,0,0,0,0,FALSE,"Nonmetro, remote (RUCC 7-9)",375,TRUE,16,10.13,,,49.87,10.03,,1,2.87,0,OB/GYN only
21123,Larue,KY,15028,215,3083,3,1,"Larue, KY",0,0,0,155,157,0,0,0,0,0,22,18,,,66,151,,,,18,,0,0,0,0,0,,155,AHRF_natality_24,0,0,0,0,TRUE,Metro (RUCC 1-3),157,TRUE,14.01,11.46,,,42.04,11.92,,1,0,,Neither
21125,Laurel,KY,62731,878,13895,5,0.6099212624,"Laurel, KY",2,2,2,710,680,1,1,0,5,462,104,66,,14,319,659,,16,15,65,,1,1,0,1,1,5,710,AHRF_natality_24,1.41,2.82,1.59,1.41,FALSE,"Nonmetro, adjacent (RUCC 4-6)",680,TRUE,15.29,9.71,,2.06,46.91,9.86,,0.3493,7.04,0.167,Both
21127,Lawrence,KY,16171,234,3224,2,0.7602037685,"Lawrence, KY",0,0,0,122,161,0,1,0,0,0,23,13,,,64,159,,,,13,,1,1,0,0,0,,122,AHRF_natality_24,0,0,0,0,FALSE,Metro (RUCC 1-3),161,TRUE,14.29,8.07,,,39.75,8.18,,1,0,,Neither
21129,Lee,KY,7375,62,1121,9,1,"Lee, KY",0,0,0,69,69,0,0,0,0,0,12,,,,37,68,,,,,,0,0,0,0,0,,69,AHRF_natality_24,0,0,0,0,TRUE,"Nonmetro, remote (RUCC 7-9)",69,FALSE,,,,,,,,,0,,Neither
21131,Leslie,KY,10261,127,2118,9,1,"Leslie, KY",1,1,1,90,93,0,1,1,0,0,16,10,,,43,91,,,,10,,2,1,1,2,0,9,90,AHRF_natality_24,22.22,11.11,19.49,0,FALSE,"Nonmetro, remote (RUCC 7-9)",93,FALSE,,,,,,,,,0,1,Midwife only
21133,Letcher,KY,21146,248,4090,9,1,"Letcher, KY",2,2,2,193,188,1,1,0,2,320,25,18,,,90,185,,,,18,,3,2,1,0,0,,193,AHRF_natality_24,0,10.36,0,5.18,FALSE,"Nonmetro, remote (RUCC 7-9)",188,TRUE,13.3,9.57,,,47.87,9.73,,,10.36,0,OB/GYN only
21135,Lewis,KY,13028,175,2572,8,1,"Lewis, KY",0,0,0,160,157,0,0,0,0,0,20,14,,,74,156,,,,14,,0,0,0,0,0,,160,AHRF_natality_24,0,0,0,0,TRUE,"Nonmetro, remote (RUCC 7-9)",157,TRUE,12.74,8.92,,,47.13,8.97,,1,0,,Neither
21137,Lincoln,KY,24415,359,5179,9,0.9989289392,"Lincoln, KY",1,1,1,298,314,0,1,1,1,89,47,36,,,128,304,,,,35,,2,1,1,1,0,9,298,AHRF_natality_24,3.36,3.36,4.1,0,FALSE,"Nonmetro, remote (RUCC 7-9)",314,TRUE,14.97,11.46,,,40.76,11.51,,0.7013,3.36,0.5,Both
21139,Livingston,KY,8941,148,1669,3,0.953420342,"Livingston, KY",0,0,0,91,92,0,1,1,0,0,15,,,,43,88,,,,,,2,1,1,0,0,,91,AHRF_natality_24,0,0,0,0,FALSE,Metro (RUCC 1-3),92,FALSE,,,,,,,,,0,,Neither
21141,Logan,KY,27731,288,5661,6,0.7579104695,"Logan, KY",0,0,0,349,359,0,1,0,0,0,51,31,,,141,333,18,10,,27,,1,1,0,0,0,,349,AHRF_natality_24,0,0,0,0,FALSE,"Nonmetro, adjacent (RUCC 4-6)",359,TRUE,14.21,8.64,,,39.28,8.11,,1,0,,Neither
21143,Lyon,KY,8831,47,1286,8,1,"Lyon, KY",0,0,0,47,54,0,0,0,0,0,,,,,19,51,,,,,,0,0,0,0,0,,47,AHRF_natality_24,,,0,,TRUE,"Nonmetro, remote (RUCC 7-9)",54,FALSE,,,,,,,,,,,Neither
21145,McCracken,KY,67584,630,14248,3,0.2682430939,"McCracken, KY",3,3,3,691,679,1,3,0,10,1902,100,67,15,13,356,543,93,39,42,39,22,5,3,0,4,4,3,691,AHRF_natality_24,5.79,4.34,5.92,1.45,FALSE,Metro (RUCC 1-3),679,TRUE,14.73,9.87,2.21,1.91,52.43,7.18,,,14.47,0.286,Both
21147,McCreary,KY,16905,87,3238,9,1,"McCreary, KY",0,0,0,186,183,0,0,0,0,0,31,18,,,84,182,,,,18,,0,0,0,0,0,,186,AHRF_natality_24,0,0,0,0,TRUE,"Nonmetro, remote (RUCC 7-9)",183,TRUE,16.94,9.84,,,45.9,9.89,,1,0,,Neither
21149,McLean,KY,9127,91,1788,3,1,"McLean, KY",0,0,0,96,94,0,0,0,0,0,16,,,,36,93,,,,,,1,1,0,0,0,,96,AHRF_natality_24,0,0,0,0,FALSE,Metro (RUCC 1-3),94,FALSE,,,,,,,,,0,,Neither
21151,Madison,KY,94064,1208,24189,4,0.3618515442,"Madison, KY",2,2,2,1031,1071,0,2,1,5,206,140,91,16,13,420,973,49,52,49,75,,3,2,1,3,3,4,1031,AHRF_natality_24,2.91,1.94,3.19,0,FALSE,"Nonmetro, adjacent (RUCC 4-6)",1071,TRUE,13.07,8.5,1.49,1.21,39.22,7.71,,0.8002,4.85,0.375,Both
21153,Magoffin,KY,11495,139,2304,9,1,"Magoffin, KY",0,0,0,131,129,0,0,0,0,0,25,16,,,54,128,,,,16,,0,0,0,0,0,,131,AHRF_natality_24,0,0,0,0,TRUE,"Nonmetro, remote (RUCC 7-9)",129,TRUE,19.38,12.4,,,41.86,12.5,,1,0,,Neither
21155,Marion,KY,19680,258,4173,6,0.6829068995,"Marion, KY",1,1,1,212,215,1,1,0,2,167,29,21,,,111,196,10,14,,20,,1,1,0,1,0,6,212,AHRF_natality_24,4.72,4.72,5.08,4.72,FALSE,"Nonmetro, adjacent (RUCC 4-6)",215,TRUE,13.49,9.77,,,51.63,10.2,,0.2123,9.43,0.333,Both
21157,Marshall,KY,31728,402,6229,8,0.8518272845,"Marshall, KY",0,0,0,292,287,0,1,1,0,0,41,21,,,108,277,,,,20,,2,1,1,0,0,,292,AHRF_natality_24,0,0,0,0,FALSE,"Nonmetro, remote (RUCC 7-9)",287,TRUE,14.29,7.32,,,37.63,7.22,,1,0,,Neither
21159,Martin,KY,11181,130,1927,8,1,"Martin, KY",0,0,0,83,99,0,0,0,0,0,19,10,,,45,98,,,,10,,0,0,0,0,0,,83,AHRF_natality_24,0,0,0,0,TRUE,"Nonmetro, remote (RUCC 7-9)",99,FALSE,,,,,,,,,0,,Neither
21161,Mason,KY,16995,209,3427,6,0.5348714953,"Mason, KY",3,3,3,177,185,1,1,0,3,114,21,13,,,95,173,,,,11,,1,1,0,0,0,,177,AHRF_natality_24,0,16.95,0,5.65,FALSE,"Nonmetro, adjacent (RUCC 4-6)",185,TRUE,11.35,7.03,,,51.35,6.36,,0.3559,16.95,0,OB/GYN only
21163,Meade,KY,30032,301,6622,1,0.9059760691,"Meade, KY",0,0,0,273,259,0,0,0,0,0,33,22,,,104,245,,13,,21,,0,0,0,0,0,,273,AHRF_natality_24,0,0,0,0,TRUE,Metro (RUCC 1-3),259,TRUE,12.74,8.49,,,40.15,8.57,,1,0,,Neither
21165,Menifee,KY,6203,74,1136,9,1,"Menifee, KY",0,0,0,76,70,0,0,0,0,0,,,,,29,70,,,,,,0,0,0,0,0,,76,AHRF_natality_24,0,0,0,0,TRUE,"Nonmetro, remote (RUCC 7-9)",70,FALSE,,,,,,,,,0,,Neither
21167,Mercer,KY,22824,342,4552,6,0.5675544366,"Mercer, KY",0,0,0,272,253,0,1,1,0,0,37,29,,,105,241,,,,27,,2,1,1,0,0,,272,AHRF_natality_24,0,0,0,0,FALSE,"Nonmetro, adjacent (RUCC 4-6)",253,TRUE,14.62,11.46,,,41.5,11.2,,1,0,,Neither
21169,Metcalfe,KY,10372,61,2018,9,1,"Metcalfe, KY",0,0,0,118,120,0,0,0,0,0,20,,,,48,119,,,,,,0,0,0,0,0,,118,AHRF_natality_24,0,0,0,0,TRUE,"Nonmetro, remote (RUCC 7-9)",120,TRUE,16.67,,,,40,,,1,0,,Neither
21171,Monroe,KY,11318,158,2235,8,1,"Monroe, KY",0,0,0,139,145,0,1,0,0,0,23,16,,,61,140,,,,15,,1,1,0,0,0,,139,AHRF_natality_24,0,0,0,0,FALSE,"Nonmetro, remote (RUCC 7-9)",145,TRUE,15.86,11.03,,,42.07,10.71,,1,0,,Neither
21173,Montgomery,KY,28271,367,6241,6,0.504873017,"Montgomery, KY",0,0,0,322,329,1,1,0,1,149,44,29,,,147,316,,18,,28,,1,1,0,1,0,6,322,AHRF_natality_24,3.11,0,3.54,3.11,FALSE,"Nonmetro, adjacent (RUCC 4-6)",329,TRUE,13.37,8.81,,,44.68,8.86,,0.5373,3.11,0.5,Both
21175,Morgan,KY,13938,157,2417,9,1,"Morgan, KY",0,0,0,138,128,0,1,1,1,0,17,12,,,52,127,,,,12,,2,1,1,0,0,,138,AHRF_natality_24,0,0,0,0,FALSE,"Nonmetro, remote (RUCC 7-9)",128,TRUE,13.28,9.38,,,40.62,9.45,,1,7.25,0,OB/GYN only
21177,Muhlenberg,KY,30712,345,6096,6,0.6351849457,"Muhlenberg, KY",0,0,0,319,327,0,1,0,1,0,55,36,,10,147,314,,,,33,,1,1,0,0,0,,319,AHRF_natality_24,0,0,0,0,FALSE,"Nonmetro, adjacent (RUCC 4-6)",327,TRUE,16.82,11.01,,3.06,44.95,10.51,,1,3.13,0,OB/GYN only
21179,Nelson,KY,47102,477,10101,1,0.6216782918,"Nelson, KY",1,1,1,544,551,1,1,0,6,149,69,41,,,226,502,29,19,20,37,,1,1,0,1,0,1,544,AHRF_natality_24,1.84,1.84,2.12,1.84,FALSE,Metro (RUCC 1-3),551,TRUE,12.52,7.44,,,41.02,7.37,,0.7261,11.03,0.143,Both
21181,Nicholas,KY,7655,34,1537,8,1,"Nicholas, KY",0,0,0,99,101,0,0,0,0,0,12,,,,39,99,,,,,,2,1,1,0,0,,99,AHRF_natality_24,0,0,0,0,FALSE,"Nonmetro, remote (RUCC 7-9)",101,TRUE,11.88,,,,38.61,,,,0,,Neither
21183,Ohio,KY,23704,312,4880,6,0.7619888945,"Ohio, KY",0,0,0,263,243,0,1,1,1,0,48,24,,,118,236,,23,,23,,2,1,1,0,0,,263,AHRF_natality_24,0,0,0,0,FALSE,"Nonmetro, adjacent (RUCC 4-6)",243,TRUE,19.75,9.88,,,48.56,9.75,,1,3.8,0,OB/GYN only
21185,Oldham,KY,68600,738,14168,1,0.2516307483,"Oldham, KY",0,0,0,566,537,0,1,0,6,231,57,33,,,126,500,13,44,24,30,,3,2,0,0,0,,566,AHRF_natality_24,0,0,0,0,FALSE,Metro (RUCC 1-3),537,TRUE,10.61,6.15,,,23.46,6,,0.5919,10.6,0,OB/GYN only
21187,Owen,KY,11270,105,2249,8,1,"Owen, KY",0,0,0,105,114,0,0,0,0,0,10,,,,47,112,,,,,,2,1,1,0,0,,105,AHRF_natality_24,0,0,0,0,FALSE,"Nonmetro, remote (RUCC 7-9)",114,TRUE,8.77,,,,41.23,,,1,0,,Neither
21189,Owsley,KY,4021,40,740,9,1,"Owsley, KY",0,0,0,50,51,0,0,0,0,0,,,,,22,50,,,,,,0,0,0,0,0,,50,AHRF_natality_24,0,0,0,0,TRUE,"Nonmetro, remote (RUCC 7-9)",51,FALSE,,,,,,,,,0,,Neither
21191,Pendleton,KY,14683,243,2932,1,1,"Pendleton, KY",0,0,0,160,161,0,0,0,0,0,21,14,,,79,158,,,,14,,0,0,0,0,0,,160,AHRF_natality_24,0,0,0,0,TRUE,Metro (RUCC 1-3),161,TRUE,13.04,8.7,,,49.07,8.86,,1,0,,Neither
21193,Perry,KY,27847,224,5774,7,0.7257752959,"Perry, KY",1,1,1,311,312,1,1,0,1,1272,47,30,,,167,307,,,,30,,3,2,0,1,0,7,311,AHRF_natality_24,3.22,3.22,3.59,3.22,FALSE,"Nonmetro, remote (RUCC 7-9)",312,TRUE,15.06,9.62,,,53.53,9.77,,,3.22,0.5,Both
21195,Pike,KY,57466,473,11683,7,0.847841279,"Pike, KY",0,0,0,523,524,2,2,0,6,1627,94,61,10,12,230,514,,,,60,,4,3,0,0,0,,523,AHRF_natality_24,0,0,0,3.82,FALSE,"Nonmetro, remote (RUCC 7-9)",524,TRUE,17.94,11.64,1.91,2.29,43.89,11.67,,,11.47,0,OB/GYN only
21197,Powell,KY,13057,296,2859,8,1,"Powell, KY",0,0,0,172,152,0,0,0,0,0,20,13,,,79,150,,,,13,,0,0,0,0,0,,172,AHRF_natality_24,0,0,0,0,TRUE,"Nonmetro, remote (RUCC 7-9)",152,TRUE,13.16,8.55,,,51.97,8.67,,1,0,,Neither
21199,Pulaski,KY,65503,900,13599,5,0.5259095242,"Pulaski, KY",0,0,0,666,716,0,1,0,8,1048,95,69,,13,325,691,10,38,15,65,,1,1,0,0,0,,666,AHRF_natality_24,0,0,0,0,FALSE,"Nonmetro, adjacent (RUCC 4-6)",716,TRUE,13.27,9.64,,1.82,45.39,9.41,,,12.01,0,OB/GYN only
21201,Robertson,KY,2239,10,508,8,1,"Robertson, KY",0,0,0,24,20,0,0,0,0,0,,,,,10,20,,,,,,0,0,0,0,0,,24,AHRF_natality_24,,,0,,TRUE,"Nonmetro, remote (RUCC 7-9)",20,FALSE,,,,,,,,,,,Neither
21203,Rockcastle,KY,16144,246,3348,9,1,"Rockcastle, KY",0,0,0,164,166,0,1,0,0,0,30,14,,,65,163,,,,13,,1,1,0,0,0,,164,AHRF_natality_24,0,0,0,0,FALSE,"Nonmetro, remote (RUCC 7-9)",166,TRUE,18.07,8.43,,,39.16,7.98,,1,0,,Neither
21205,Rowan,KY,24525,323,6620,6,0.6198605142,"Rowan, KY",1,0,1,290,260,1,1,0,3,334,31,15,,,122,252,,,,14,,1,1,0,7,0,6,290,AHRF_natality_24,24.14,3.45,28.54,3.45,FALSE,"Nonmetro, adjacent (RUCC 4-6)",260,TRUE,11.92,5.77,,,46.92,5.56,,,10.34,0.7,Both
21207,Russell,KY,18117,143,3581,9,1,"Russell, KY",0,0,0,208,209,0,1,1,0,0,24,17,,,96,204,,22,,16,,2,1,1,0,0,,208,AHRF_natality_24,0,0,0,0,FALSE,"Nonmetro, remote (RUCC 7-9)",209,TRUE,11.48,8.13,,,45.93,7.84,,1,0,,Neither
21209,Scott,KY,58269,938,14169,2,0.3230338553,"Scott, KY",0,0,0,705,715,1,1,0,2,206,84,57,,,247,643,39,64,34,49,,1,1,0,2,0,2,705,AHRF_natality_24,2.84,0,3.43,1.42,FALSE,Metro (RUCC 1-3),715,TRUE,11.75,7.97,,,34.55,7.62,,0.7078,2.84,0.5,Both
21211,Shelby,KY,48599,649,11076,1,0.5176323728,"Shelby, KY",1,2,1,561,573,0,1,0,1,0,73,44,,,204,499,44,105,31,34,,1,1,0,2,1,1,561,AHRF_natality_24,3.57,1.78,4.12,0,FALSE,Metro (RUCC 1-3),573,TRUE,12.74,7.68,,,35.6,6.81,,1,1.78,0.667,Both
21213,Simpson,KY,19786,89,4162,6,0.4060426661,"Simpson, KY",0,0,0,230,226,0,1,1,0,0,47,25,,,99,208,14,,,21,,2,1,1,0,0,,230,AHRF_natality_24,0,0,0,0,FALSE,"Nonmetro, adjacent (RUCC 4-6)",226,TRUE,20.8,11.06,,,43.81,10.1,,1,0,,Neither
21215,Spencer,KY,19875,255,4244,1,1,"Spencer, KY",0,0,0,211,197,0,0,0,0,0,26,17,,,51,186,,,,13,,0,0,0,0,0,,211,AHRF_natality_24,0,0,0,0,TRUE,Metro (RUCC 1-3),197,TRUE,13.2,8.63,,,25.89,6.99,,1,0,,Neither
21217,Taylor,KY,26205,246,5734,7,0.5085501287,"Taylor, KY",3,3,3,337,323,1,1,0,2,320,44,26,,,145,297,13,12,13,23,,1,1,0,1,0,7,337,AHRF_natality_24,2.97,8.9,3.82,2.97,FALSE,"Nonmetro, remote (RUCC 7-9)",323,TRUE,13.62,8.05,,,44.89,7.74,,0.0504,5.93,0.333,Both
21219,Todd,KY,12330,140,2625,8,1,"Todd, KY",0,0,0,164,189,0,0,0,0,0,20,10,,,52,177,,12,,,,0,0,0,0,0,,164,AHRF_natality_24,0,0,0,0,TRUE,"Nonmetro, remote (RUCC 7-9)",189,TRUE,10.58,5.29,,,27.51,,,1,0,,Neither
21221,Trigg,KY,14211,193,2594,2,1,"Trigg, KY",0,0,0,157,163,0,1,1,0,0,20,18,,,58,152,,,,16,,2,1,1,0,0,,157,AHRF_natality_24,0,0,0,0,FALSE,Metro (RUCC 1-3),163,TRUE,12.27,11.04,,,35.58,10.53,,1,0,,Neither
21223,Trimble,KY,8531,23,1715,8,1,"Trimble, KY",0,0,0,86,83,0,0,0,0,0,14,,,,35,81,,,,,,0,0,0,0,0,,86,AHRF_natality_24,0,0,0,0,TRUE,"Nonmetro, remote (RUCC 7-9)",83,FALSE,,,,,,,,,0,,Neither
21225,Union,KY,13379,207,2739,8,1,"Union, KY",0,0,0,165,139,0,1,1,1,0,32,21,,,69,128,,,,19,,2,1,1,0,0,,165,AHRF_natality_24,0,0,0,0,FALSE,"Nonmetro, remote (RUCC 7-9)",139,TRUE,23.02,15.11,,,49.64,14.84,,1,6.06,0,OB/GYN only
21227,Warren,KY,137549,1604,34884,3,0.2730502252,"Warren, KY",5,5,5,1944,1835,0,5,0,16,1197,325,157,28,23,768,1411,251,176,173,113,29,7,3,0,4,0,3,1944,AHRF_natality_24,2.06,2.57,2.91,0,FALSE,Metro (RUCC 1-3),1835,TRUE,17.71,8.56,1.53,1.25,41.85,8.01,11.55,0.3843,8.23,0.2,Both
21229,Washington,KY,12091,79,2405,8,1,"Washington, KY",0,0,0,136,137,0,0,0,0,0,16,15,,,52,127,,,,14,,0,0,0,0,0,,136,AHRF_natality_24,0,0,0,0,TRUE,"Nonmetro, remote (RUCC 7-9)",137,TRUE,11.68,10.95,,,37.96,11.02,,1,0,,Neither
21231,Wayne,KY,19592,264,4084,7,0.6583482485,"Wayne, KY",0,0,0,202,201,0,1,1,0,0,28,16,,,87,197,,11,,15,,2,1,1,0,0,,202,AHRF_natality_24,0,0,0,0,FALSE,"Nonmetro, remote (RUCC 7-9)",201,TRUE,13.93,7.96,,,43.28,7.61,,1,0,,Neither
21233,Webster,KY,12873,116,2640,9,1,"Webster, KY",0,0,0,169,160,0,0,0,0,0,29,18,,,78,152,,25,,18,,0,0,0,0,0,,169,AHRF_natality_24,0,0,0,0,TRUE,"Nonmetro, remote (RUCC 7-9)",160,TRUE,18.12,11.25,,,48.75,11.84,,1,0,,Neither
21235,Whitley,KY,36755,542,8270,7,0.6366038353,"Whitley, KY",1,1,1,574,548,0,2,0,1,970,87,59,,14,255,535,,13,,57,,0,0,0,0,0,,574,AHRF_natality_24,0,1.74,0,0,TRUE,"Nonmetro, remote (RUCC 7-9)",548,TRUE,15.88,10.77,,2.55,46.53,10.65,,,1.74,0,OB/GYN only
21237,Wolfe,KY,6484,78,1232,9,1,"Wolfe, KY",0,0,0,93,83,0,0,0,0,0,15,,,,42,83,,,,,,0,0,0,0,0,,93,AHRF_natality_24,0,0,0,0,TRUE,"Nonmetro, remote (RUCC 7-9)",83,FALSE,,,,,,,,,0,,Neither
21239,Woodford,KY,27017,158,5853,2,0.3724461315,"Woodford, KY",0,0,0,276,266,0,1,1,4,0,32,18,,,96,249,10,33,,16,,2,1,1,2,0,2,276,AHRF_natality_24,7.25,0,7.4,0,FALSE,Metro (RUCC 1-3),266,TRUE,12.03,6.77,,,36.09,6.43,,1,14.49,0.333,Both
22001,Acadia,LA,57218,763,12415,2,0.6168716132,"Acadia, LA",0,0,0,838,845,0,2,1,2,0,113,82,,16,464,635,192,34,18,48,32,8,3,1,0,0,,838,AHRF_natality_24,0,0,0,0,FALSE,Metro (RUCC 1-3),845,TRUE,13.37,9.7,,1.89,54.91,7.56,16.67,1,2.39,0,OB/GYN only
22003,Allen,LA,22552,271,3954,6,0.7054945055,"Allen, LA",0,0,0,282,269,0,2,0,0,0,62,24,,,141,217,39,,13,15,,2,2,0,0,0,,282,AHRF_natality_24,0,0,0,0,FALSE,"Nonmetro, adjacent (RUCC 4-6)",269,TRUE,23.05,8.92,,,52.42,6.91,,1,0,,Neither
22005,Ascension,LA,128593,1986,30401,2,0.1083636364,"Ascension, LA",0,0,0,1602,1680,0,2,1,3,0,209,174,26,20,716,1129,492,199,59,97,70,10,5,1,0,0,,1602,AHRF_natality_24,0,0,0,0,FALSE,Metro (RUCC 1-3),1680,TRUE,12.44,10.36,1.55,1.19,42.62,8.59,14.23,1,1.87,0,OB/GYN only
22007,Assumption,LA,20720,202,4498,2,0.6449926327,"Assumption, LA",0,0,0,160,188,0,1,0,0,0,29,25,,,107,115,69,,,15,10,3,1,1,0,0,,160,AHRF_natality_24,0,0,0,0,FALSE,Metro (RUCC 1-3),188,TRUE,15.43,13.3,,,56.91,13.04,,1,0,,Neither
22009,Avoyelles,LA,39176,696,8250,6,0.831657975,"Avoyelles, LA",0,0,0,477,464,0,4,1,0,0,253,56,10,10,311,282,168,,14,24,31,4,2,1,0,0,,477,AHRF_natality_24,0,0,0,0,FALSE,"Nonmetro, adjacent (RUCC 4-6)",464,TRUE,54.53,12.07,2.16,2.16,67.03,8.51,18.45,1,0,,Neither
22011,Beauregard,LA,36646,559,7689,6,0.7297053271,"Beauregard, LA",1,0,1,468,492,1,2,0,4,300,81,46,,,203,426,50,26,16,37,,4,2,0,1,0,6,468,AHRF_natality_24,2.14,2.14,2.73,2.14,FALSE,"Nonmetro, adjacent (RUCC 4-6)",492,TRUE,16.46,9.35,,,41.26,8.69,,0.359,8.55,0.2,Both
22013,Bienville,LA,12769,44,2530,8,1,"Bienville, LA",0,0,0,128,153,0,1,1,0,0,33,25,,,94,78,70,,,,14,4,1,1,0,0,,128,AHRF_natality_24,0,0,0,0,FALSE,"Nonmetro, remote (RUCC 7-9)",153,TRUE,21.57,16.34,,,61.44,,,1,0,,Neither
22015,Bossier,LA,129134,1183,29724,2,0.2716744598,"Bossier, LA",0,0,0,1609,1622,0,3,0,13,0,304,189,29,27,680,1050,456,211,116,98,79,9,4,0,0,0,,1609,AHRF_natality_24,0,0,0,0,FALSE,Metro (RUCC 1-3),1622,TRUE,18.74,11.65,1.79,1.66,41.92,9.33,17.32,1,8.08,0,OB/GYN only
22017,Caddo,LA,232973,2521,52658,2,0.1596565874,"Caddo, LA",1,1,1,2667,2793,2,13,1,81,3485,631,419,79,59,1783,1067,1615,159,112,91,316,40,16,1,2,2,2,2667,AHRF_natality_24,0.75,0.37,0.86,0.75,FALSE,Metro (RUCC 1-3),2793,TRUE,22.59,15,2.83,2.11,63.84,8.53,19.57,,30.37,0.024,Both
22019,Calcasieu,LA,208668,2585,47082,2,0.2504047789,"Calcasieu, LA",2,2,2,2352,2538,0,7,1,24,3387,420,276,40,40,1309,1678,761,202,99,143,119,17,9,1,2,0,2,2352,AHRF_natality_24,0.85,0.85,0.96,0,FALSE,Metro (RUCC 1-3),2538,TRUE,16.55,10.87,1.58,1.58,51.58,8.52,15.64,,10.2,0.077,Both
22021,Caldwell,LA,9563,127,1825,8,1,"Caldwell, LA",0,0,0,91,103,0,2,0,0,0,22,13,,,56,84,18,,,,,4,3,0,0,0,,91,AHRF_natality_24,0,0,0,0,FALSE,"Nonmetro, remote (RUCC 7-9)",103,TRUE,21.36,12.62,,,54.37,,,,0,,Neither
22023,Cameron,LA,5222,148,1017,2,1,"Cameron, LA",0,0,0,51,60,0,0,0,0,0,,,,,24,56,,,,,,2,2,0,0,0,,51,AHRF_natality_24,0,0,0,0,FALSE,Metro (RUCC 1-3),60,FALSE,,,,,,,,,0,,Neither
22025,Catahoula,LA,8738,113,1607,9,1,"Catahoula, LA",0,0,0,49,100,0,0,0,1,0,36,,,,58,66,32,,,,,3,2,0,0,0,,49,AHRF_natality_24,,,0,,FALSE,"Nonmetro, remote (RUCC 7-9)",100,TRUE,36,,,,58,,,,,0,OB/GYN only
22027,Claiborne,LA,14019,176,2299,9,1,"Claiborne, LA",0,0,0,123,133,0,1,0,0,0,26,16,,,90,49,82,,,,13,3,2,0,0,0,,123,AHRF_natality_24,0,0,0,0,FALSE,"Nonmetro, remote (RUCC 7-9)",133,TRUE,19.55,12.03,,,67.67,,,1,0,,Neither
22029,Concordia,LA,18325,529,3711,6,0.341360304,"Concordia, LA",0,0,0,64,231,0,2,1,0,0,49,32,,11,163,111,116,,,,22,5,1,1,0,0,,64,AHRF_natality_24,0,0,0,0,FALSE,"Nonmetro, adjacent (RUCC 4-6)",231,TRUE,21.21,13.85,,4.76,70.56,,18.97,,0,,Neither
22031,De Soto,LA,26897,335,5820,2,0.7910637028,"De Soto, LA",0,0,0,323,340,0,1,0,0,0,64,43,,,183,194,136,15,10,20,23,7,1,0,0,0,,323,AHRF_natality_24,0,0,0,0,FALSE,Metro (RUCC 1-3),340,TRUE,18.82,12.65,,,53.82,10.31,16.91,1,0,,Neither
22033,East Baton Rouge,LA,452821,5327,115808,2,0.0685820995,"East Baton Rouge, LA",16,13,16,5271,5559,2,19,0,107,2719,764,717,126,111,3230,2248,3042,683,269,162,528,44,17,0,15,11,2,5271,AHRF_natality_24,2.85,3.04,3.31,0.38,FALSE,Metro (RUCC 1-3),5559,TRUE,13.74,12.9,2.27,2,58.1,7.21,17.36,0.4842,20.3,0.123,Both
22035,East Carroll,LA,7195,132,1217,8,1,"East Carroll, LA",0,0,0,54,66,0,1,0,0,0,14,,,,52,16,49,,,,,2,2,0,0,0,,54,AHRF_natality_24,0,0,0,0,FALSE,"Nonmetro, remote (RUCC 7-9)",66,FALSE,,,,,,,,,0,,Neither
22037,East Feliciana,LA,19378,81,3228,2,1,"East Feliciana, LA",0,0,0,201,188,0,2,0,1,0,26,19,,,97,113,72,,,11,,4,2,0,0,0,,201,AHRF_natality_24,0,0,0,0,FALSE,Metro (RUCC 1-3),188,TRUE,13.83,10.11,,,51.6,9.73,,1,4.98,0,OB/GYN only
22039,Evangeline,LA,32162,454,7076,6,0.7497063369,"Evangeline, LA",0,0,0,387,422,0,2,0,2,245,68,47,,,246,271,142,10,,27,18,2,2,0,0,0,,387,AHRF_natality_24,0,0,0,0,FALSE,"Nonmetro, adjacent (RUCC 4-6)",422,TRUE,16.11,11.14,,,58.29,9.96,12.68,0.3669,5.17,0,OB/GYN only
22041,Franklin,LA,19590,326,4212,6,0.7399615657,"Franklin, LA",0,0,0,221,245,0,1,0,0,0,44,31,,,159,142,101,,,12,20,2,1,0,0,0,,221,AHRF_natality_24,0,0,0,0,FALSE,"Nonmetro, adjacent (RUCC 4-6)",245,TRUE,17.96,12.65,,,64.9,8.45,19.8,1,0,,Neither
22043,Grant,LA,22123,334,4180,3,1,"Grant, LA",0,0,0,252,243,0,0,0,1,0,146,35,,,121,213,25,,,27,,0,0,0,0,0,,252,AHRF_natality_24,0,0,0,0,TRUE,Metro (RUCC 1-3),243,TRUE,60.08,14.4,,,49.79,12.68,,1,3.97,0,OB/GYN only
22045,Iberia,LA,69194,1201,14899,4,0.3243718629,"Iberia, LA",0,0,0,847,872,1,1,0,6,368,131,96,15,14,588,462,372,38,38,36,56,4,3,0,0,0,,847,AHRF_natality_24,0,0,0,1.18,FALSE,"Nonmetro, adjacent (RUCC 4-6)",872,TRUE,15.02,11.01,1.72,1.61,67.43,7.79,15.05,0.5655,7.08,0,OB/GYN only
22047,Iberville,LA,29950,577,6277,2,0.5847028868,"Iberville, LA",0,0,0,345,350,0,1,0,0,0,64,57,12,,230,164,182,14,,17,40,6,2,0,0,0,,345,AHRF_natality_24,0,0,0,0,FALSE,Metro (RUCC 1-3),350,TRUE,18.29,16.29,3.43,,65.71,10.37,21.98,1,0,,Neither
22049,Jackson,LA,14939,121,2930,6,0.6510544874,"Jackson, LA",0,0,0,135,133,0,1,1,0,0,24,12,,,72,93,37,,,,,2,1,1,0,0,,135,AHRF_natality_24,0,0,0,0,FALSE,"Nonmetro, adjacent (RUCC 4-6)",133,TRUE,18.05,9.02,,,54.14,,,1,0,,Neither
22051,Jefferson,LA,432484,6198,95195,1,0.0157130185,"Jefferson, LA",3,3,3,5123,5265,2,11,0,74,9879,778,522,85,77,2833,3022,1873,1548,370,227,260,31,15,0,5,5,1,5123,AHRF_natality_24,0.98,0.59,1.16,0.39,FALSE,Metro (RUCC 1-3),5265,TRUE,14.78,9.91,1.61,1.46,53.81,7.51,13.88,,14.44,0.063,Both
22053,Jefferson Davis,LA,32083,423,6808,2,0.7092093023,"Jefferson Davis, LA",0,0,0,415,416,0,3,0,2,335,59,38,,,212,320,81,10,15,27,11,5,2,0,0,0,,415,AHRF_natality_24,0,0,0,0,FALSE,Metro (RUCC 1-3),416,TRUE,14.18,9.13,,,50.96,8.44,,0.1928,4.82,0,OB/GYN only
22055,Lafayette,LA,245075,3425,58345,2,0.0907992869,"Lafayette, LA",3,4,3,3195,3319,2,12,0,49,5859,409,332,54,45,1684,1978,1176,296,165,139,180,34,12,0,5,4,2,3195,AHRF_natality_24,1.56,0.94,2.04,0.63,FALSE,Metro (RUCC 1-3),3319,TRUE,12.32,10,1.63,1.36,50.74,7.03,15.31,,15.34,0.093,Both
22057,Lafourche,LA,96670,1489,21748,3,0.2336787724,"Lafourche, LA",1,0,1,1108,1107,1,3,2,14,1359,164,111,15,18,563,804,233,78,70,65,40,7,3,2,1,1,3,1108,AHRF_natality_24,0.9,0.9,1.03,0.9,FALSE,Metro (RUCC 1-3),1107,TRUE,14.81,10.03,1.36,1.63,50.86,8.08,17.17,,12.64,0.067,Both
22059,LaSalle,LA,14804,231,2957,8,1,"La Salle, LA",0,0,0,146,166,0,2,1,0,0,94,20,,,74,146,18,,,15,,4,2,1,0,0,,146,AHRF_natality_24,0,0,0,0,FALSE,"Nonmetro, remote (RUCC 7-9)",166,TRUE,56.63,12.05,,,44.58,10.27,,1,0,,Neither
22061,Lincoln,LA,48160,468,13397,4,0.4041036449,"Lincoln, LA",0,0,0,494,507,0,3,0,3,851,87,61,13,,274,263,224,31,20,17,42,7,2,0,0,0,,494,AHRF_natality_24,0,0,0,0,FALSE,"Nonmetro, adjacent (RUCC 4-6)",507,TRUE,17.16,12.03,2.56,,54.04,6.46,18.75,,6.07,0,OB/GYN only
22063,Livingston,LA,145583,1259,34697,2,0.3875683502,"Livingston, LA",1,1,1,1818,1872,0,1,0,1,0,233,175,29,22,843,1532,286,196,54,131,39,3,2,0,1,0,2,1818,AHRF_natality_24,0.55,0.55,0.69,0,FALSE,Metro (RUCC 1-3),1872,TRUE,12.45,9.35,1.55,1.18,45.03,8.55,13.64,1,0.55,0.5,Both
22065,Madison,LA,9757,81,2215,6,0.2853149646,"Madison, LA",0,0,0,112,120,0,1,1,0,0,23,20,,,98,26,92,,,,16,3,1,1,0,0,,112,AHRF_natality_24,0,0,0,0,FALSE,"Nonmetro, adjacent (RUCC 4-6)",120,TRUE,19.17,16.67,,,81.67,,,1,0,,Neither
22067,Morehouse,LA,24967,377,5108,3,0.5082133521,"Morehouse, LA",0,0,0,241,271,1,3,0,2,230,58,45,,,188,116,152,,,13,32,3,1,0,0,0,,241,AHRF_natality_24,0,0,0,4.15,FALSE,Metro (RUCC 1-3),271,TRUE,21.4,16.61,,,69.37,11.21,21.05,0.0456,8.3,0,OB/GYN only
22069,Natchitoches,LA,37047,450,9157,6,0.4952685592,"Natchitoches, LA",0,0,0,412,439,0,2,0,3,745,98,54,12,,288,201,222,14,15,17,35,3,1,0,0,0,,412,AHRF_natality_24,0,0,0,0,FALSE,"Nonmetro, adjacent (RUCC 4-6)",439,TRUE,22.32,12.3,2.73,,65.6,8.46,15.77,,7.28,0,OB/GYN only
22071,Orleans,LA,376035,4679,96528,1,0.0043047211,"Orleans, LA",12,9,12,3809,4012,1,9,0,186,2267,683,500,95,71,2389,1503,2332,517,177,111,371,51,21,0,13,13,1,3809,AHRF_natality_24,3.41,3.15,3.46,0.26,FALSE,Metro (RUCC 1-3),4012,TRUE,17.02,12.46,2.37,1.77,59.55,7.39,15.91,0.4048,48.83,0.065,Both
22073,Ouachita,LA,158916,1901,37286,3,0.2519455253,"Ouachita, LA",1,1,1,1915,1994,2,7,0,14,5547,374,272,44,49,1210,980,954,68,61,79,185,26,10,0,2,0,3,1915,AHRF_natality_24,1.04,0.52,1.26,1.04,FALSE,Metro (RUCC 1-3),1994,TRUE,18.76,13.64,2.21,2.46,60.68,8.06,19.39,,7.31,0.125,Both
22075,Plaquemines,LA,23070,339,4994,1,0.3318732724,"Plaquemines, LA",0,0,0,245,264,0,0,0,2,0,36,20,,,113,179,67,31,18,10,,2,1,0,0,0,,245,AHRF_natality_24,0,0,0,0,FALSE,Metro (RUCC 1-3),264,TRUE,13.64,7.58,,,42.8,5.59,,1,8.16,0,OB/GYN only
22077,Pointe Coupee,LA,20438,495,3941,2,0.6727044995,"Pointe Coupee, LA",0,0,0,230,250,0,1,1,2,0,37,29,,,151,143,101,,,13,15,2,1,1,0,0,,230,AHRF_natality_24,0,0,0,0,FALSE,Metro (RUCC 1-3),250,TRUE,14.8,11.6,,,60.4,9.09,14.85,1,8.7,0,OB/GYN only
22079,Rapides,LA,128470,1729,28272,3,0.3977603962,"Rapides, LA",0,0,0,1543,1609,1,12,0,16,4180,988,200,33,35,916,912,630,70,67,80,113,24,10,0,0,0,,1543,AHRF_natality_24,0,0,0,0.65,FALSE,Metro (RUCC 1-3),1609,TRUE,61.4,12.43,2.05,2.18,56.93,8.77,17.94,,10.37,0,OB/GYN only
22081,Red River,LA,7529,28,1441,8,1,"Red River, LA",0,0,0,90,101,0,2,1,0,0,17,10,,,65,50,48,,,,,5,2,1,0,0,,90,AHRF_natality_24,0,0,0,0,FALSE,"Nonmetro, remote (RUCC 7-9)",101,TRUE,16.83,9.9,,,64.36,,,,0,,Neither
22083,Richland,LA,19908,382,4284,3,1,"Richland, LA",0,0,0,241,259,0,2,1,1,0,54,38,,,157,151,105,,,15,22,4,2,1,0,0,,241,AHRF_natality_24,0,0,0,0,FALSE,Metro (RUCC 1-3),259,TRUE,20.85,14.67,,,60.62,9.93,20.95,1,4.15,0,OB/GYN only
22085,Sabine,LA,22085,179,4430,8,1,"Sabine, LA",0,0,0,239,264,0,1,0,0,0,49,25,,,143,162,62,,40,10,10,6,4,0,0,0,,239,AHRF_natality_24,0,0,0,0,FALSE,"Nonmetro, remote (RUCC 7-9)",264,TRUE,18.56,9.47,,,54.17,6.17,,1,0,,Neither
22087,St. Bernard,LA,44172,391,10776,1,0.0537656521,"St. Bernard, LA",0,0,0,553,573,0,1,0,0,0,94,64,11,11,329,356,192,109,25,34,28,3,2,0,0,0,,553,AHRF_natality_24,0,0,0,0,FALSE,Metro (RUCC 1-3),573,TRUE,16.4,11.17,1.92,1.92,57.42,9.55,14.58,1,0,,Neither
22089,St. Charles,LA,51863,395,11598,1,0.1777959619,"St. Charles, LA",0,0,0,507,556,0,1,0,2,0,82,54,13,,249,393,147,56,16,29,23,4,2,0,0,0,,507,AHRF_natality_24,0,0,0,0,FALSE,Metro (RUCC 1-3),556,TRUE,14.75,9.71,2.34,,44.78,7.38,15.65,1,3.94,0,OB/GYN only
22091,St. Helena,LA,10849,97,2551,2,1,"St. Helena, LA",0,0,0,84,94,0,1,1,0,0,17,11,,,61,43,51,,,,,2,1,1,0,0,,84,AHRF_natality_24,0,0,0,0,FALSE,Metro (RUCC 1-3),94,FALSE,,,,,,,,,0,,Neither
22093,St. James,LA,19797,209,4285,1,0.495790412,"St. James, LA",0,0,0,225,214,0,2,1,1,1,38,30,,,118,108,105,,,10,20,5,2,1,0,0,,225,AHRF_natality_24,0,0,0,0,FALSE,Metro (RUCC 1-3),214,TRUE,17.76,14.02,,,55.14,9.26,19.05,0.9956,4.44,0,OB/GYN only
22095,St. John the Baptist,LA,41342,262,9531,1,0.1172870024,"St. John the Baptist, LA",0,0,0,429,483,0,1,0,3,0,95,70,15,12,337,162,311,67,10,11,58,4,2,0,0,0,,429,AHRF_natality_24,0,0,0,0,FALSE,Metro (RUCC 1-3),483,TRUE,19.67,14.49,3.11,2.48,69.77,6.79,18.65,1,6.99,0,OB/GYN only
22097,St. Landry,LA,82128,1022,17639,4,0.5919554156,"St. Landry, LA",0,0,0,1041,1122,1,3,0,12,1047,169,136,15,28,735,549,536,46,37,44,87,12,5,0,0,0,,1041,AHRF_natality_24,0,0,0,0.96,FALSE,"Nonmetro, adjacent (RUCC 4-6)",1122,TRUE,15.06,12.12,1.34,2.5,65.51,8.01,16.23,,11.53,0,OB/GYN only
22099,St. Martin,LA,51559,719,11121,2,0.5220893619,"St. Martin, LA",0,0,0,630,647,0,2,1,2,0,92,61,12,12,386,389,239,29,19,30,30,6,3,1,0,0,,630,AHRF_natality_24,0,0,0,0,FALSE,Metro (RUCC 1-3),647,TRUE,14.22,9.43,1.85,1.85,59.66,7.71,12.55,1,3.17,0,OB/GYN only
22101,St. Mary,LA,48455,364,9936,4,0.1951787232,"St. Mary, LA",0,0,0,582,605,0,2,1,5,213,79,55,,11,412,362,211,95,32,27,26,5,3,1,0,0,,582,AHRF_natality_24,0,0,0,0,FALSE,"Nonmetro, adjacent (RUCC 4-6)",605,TRUE,13.06,9.09,,1.82,68.1,7.46,12.32,0.634,8.59,0,OB/GYN only
22103,St. Tammany,LA,269331,3523,57702,2,0.2298219753,"St. Tammany, LA",3,3,3,2799,2926,2,12,0,34,3136,362,257,44,27,1209,2201,598,286,127,158,87,26,10,0,2,2,2,2799,AHRF_natality_24,0.71,1.07,0.74,0.71,FALSE,Metro (RUCC 1-3),2926,TRUE,12.37,8.78,1.5,0.92,41.32,7.18,14.55,,12.15,0.056,Both
22105,Tangipahoa,LA,135218,2188,32184,3,0.459870679,"Tangipahoa, LA",5,5,5,1867,1945,1,8,2,12,1059,269,209,39,29,1109,1111,791,134,43,78,127,18,7,2,4,0,3,1867,AHRF_natality_24,2.14,2.68,2.96,0.54,FALSE,Metro (RUCC 1-3),1945,TRUE,13.83,10.75,2.01,1.49,57.02,7.02,16.06,0.4328,6.43,0.25,Both
22107,Tensas,LA,3992,59,689,9,1,"Tensas, LA",0,0,0,23,33,0,0,0,0,0,,,,,26,12,20,,,,,2,2,0,0,0,,23,AHRF_natality_24,,,0,,FALSE,"Nonmetro, remote (RUCC 7-9)",33,FALSE,,,,,,,,,,,Neither
22109,Terrebonne,LA,107362,1922,23815,3,0.2070268297,"Terrebonne, LA",0,0,0,1249,1295,1,5,0,13,1314,202,134,17,19,800,818,324,127,154,66,55,6,3,0,0,0,,1249,AHRF_natality_24,0,0,0,0.8,FALSE,Metro (RUCC 1-3),1295,TRUE,15.6,10.35,1.31,1.47,61.78,8.07,16.98,,10.41,0,OB/GYN only
22111,Union,LA,20914,298,4098,3,1,"Union, LA",0,0,0,226,229,0,2,2,0,0,41,25,,,136,156,70,22,,14,11,8,2,2,0,0,,226,AHRF_natality_24,0,0,0,0,FALSE,Metro (RUCC 1-3),229,TRUE,17.9,10.92,,,59.39,8.97,,1,0,,Neither
22113,Vermilion,LA,57031,1061,12742,2,0.5593368085,"Vermilion, LA",0,0,0,713,715,1,2,1,2,294,89,65,,13,400,521,164,39,29,38,25,8,4,1,0,0,,713,AHRF_natality_24,0,0,0,1.4,FALSE,Metro (RUCC 1-3),715,TRUE,12.45,9.09,,1.82,55.94,7.29,15.24,0.5877,2.81,0,OB/GYN only
22115,Vernon,LA,47764,944,10959,4,0.5782974359,"Vernon, LA",0,0,0,830,827,0,4,0,3,783,162,74,12,,224,650,113,119,63,57,11,8,3,0,1,0,4,830,AHRF_natality_24,1.2,0,2.09,0,FALSE,"Nonmetro, adjacent (RUCC 4-6)",827,TRUE,19.59,8.95,1.45,,27.09,8.77,9.73,0.0566,3.61,0.25,Both
22117,Washington,LA,45238,715,9375,6,0.7576270814,"Washington, LA",0,0,0,582,571,1,2,1,2,250,91,69,13,10,366,361,194,18,17,37,31,8,4,1,0,0,,582,AHRF_natality_24,0,0,0,1.72,FALSE,"Nonmetro, adjacent (RUCC 4-6)",571,TRUE,15.94,12.08,2.28,1.75,64.1,10.25,15.98,0.5704,3.44,0,OB/GYN only
22119,Webster,LA,36189,459,7305,6,0.4971190521,"Webster, LA",0,0,0,429,423,0,2,0,5,630,85,63,10,11,257,230,180,15,14,23,39,6,4,0,0,0,,429,AHRF_natality_24,0,0,0,0,FALSE,"Nonmetro, adjacent (RUCC 4-6)",423,TRUE,20.09,14.89,2.36,2.6,60.76,10,21.67,,11.66,0,OB/GYN only
22121,West Baton Rouge,LA,27666,181,6377,2,0.2610390088,"West Baton Rouge, LA",1,1,1,334,348,0,0,0,0,0,49,43,,,179,191,146,25,10,17,23,0,0,0,0,0,,334,AHRF_natality_24,0,2.99,0,0,TRUE,Metro (RUCC 1-3),348,TRUE,14.08,12.36,,,51.44,8.9,15.75,1,0,,Neither
22123,West Carroll,LA,9622,97,1907,8,1,"West Carroll, LA",0,0,0,102,115,0,1,0,0,0,16,14,,,60,100,14,,,12,,2,1,1,0,0,,102,AHRF_natality_24,0,0,0,0,FALSE,"Nonmetro, remote (RUCC 7-9)",115,TRUE,13.91,12.17,,,52.17,12,,1,0,,Neither
22125,West Feliciana,LA,15381,132,1813,2,1,"West Feliciana, LA",0,0,0,84,106,0,1,1,0,0,,,,,55,74,31,,,,,2,1,1,0,0,,84,AHRF_natality_24,0,0,0,0,FALSE,Metro (RUCC 1-3),106,TRUE,,,,,51.89,,,,0,,Neither
22127,Winn,LA,13506,134,2465,8,0.6604143948,"Winn, LA",0,0,0,125,133,0,1,0,1,0,39,13,,,80,95,36,,,,,4,2,0,0,0,,125,AHRF_natality_24,0,0,0,0,FALSE,"Nonmetro, remote (RUCC 7-9)",133,TRUE,29.32,9.77,,,60.15,,,1,8,0,OB/GYN only
23001,Androscoggin,ME,112323,1176,24448,3,0.453450184,"Androscoggin, ME",10,11,10,1165,1139,0,2,0,6,1558,140,117,15,,485,899,195,29,45,89,22,2,2,0,8,0,3,1165,AHRF_natality_24,6.87,8.58,7.12,0,FALSE,Metro (RUCC 1-3),1139,TRUE,12.29,10.27,1.32,,42.58,9.9,11.28,,5.15,0.571,Both
23003,Aroostook,ME,67227,589,11985,7,0.8563147306,"Aroostook, ME",4,3,4,549,598,3,4,1,13,494,64,45,,,240,565,,,30,43,,8,5,2,6,0,7,549,AHRF_natality_24,10.93,7.29,8.92,5.46,FALSE,"Nonmetro, remote (RUCC 7-9)",598,TRUE,10.7,7.53,,,40.13,7.61,,0.1002,23.68,0.316,Both
23005,Cumberland,ME,305940,3004,68229,2,0.3764555266,"Cumberland, ME",21,17,21,2863,2857,2,6,1,75,4333,285,211,35,,689,2356,373,112,128,166,35,14,9,1,27,25,2,2863,AHRF_natality_24,9.43,7.33,8.83,0.7,FALSE,Metro (RUCC 1-3),2857,TRUE,9.98,7.39,1.23,,24.12,7.05,9.38,,26.2,0.265,Both
23007,Franklin,ME,30145,322,6208,8,1,"Franklin, ME",1,1,1,211,223,1,1,0,3,228,25,18,,,107,218,,,,18,,2,1,1,1,0,8,211,AHRF_natality_24,4.74,4.74,3.32,4.74,FALSE,"Nonmetro, remote (RUCC 7-9)",223,TRUE,11.21,8.07,,,47.98,8.26,,,14.22,0.25,Both
23009,Hancock,ME,56084,567,10551,8,1,"Hancock, ME",9,9,9,403,390,2,3,2,4,244,40,22,,,154,362,,,19,21,,6,4,2,8,2,8,403,AHRF_natality_24,19.85,22.33,14.26,4.96,FALSE,"Nonmetro, remote (RUCC 7-9)",390,TRUE,10.26,5.64,,,39.49,5.8,,0.3945,9.93,0.667,Both
23011,Kennebec,ME,125614,1350,26093,4,0.6223289821,"Kennebec, ME",7,8,7,1077,1075,2,4,0,9,1295,100,86,13,,459,1013,14,29,48,80,,8,4,0,5,5,4,1077,AHRF_natality_24,4.64,6.5,3.98,1.86,FALSE,"Nonmetro, adjacent (RUCC 4-6)",1075,TRUE,9.3,8,1.21,,42.7,7.9,,,8.36,0.357,Both
23013,Knox,ME,40860,227,7184,7,0.6422291723,"Knox, ME",9,10,9,276,281,1,1,0,3,209,25,21,,,118,271,,,,21,,1,1,0,7,0,7,276,AHRF_natality_24,25.36,32.61,17.13,3.62,FALSE,"Nonmetro, remote (RUCC 7-9)",281,TRUE,8.9,7.47,,,41.99,7.75,,0.2428,10.87,0.7,Both
23015,Lincoln,ME,35840,262,6250,8,0.9129608082,"Lincoln, ME",8,6,8,254,265,1,1,1,2,120,26,20,,,110,254,,,10,19,,3,2,1,7,0,8,254,AHRF_natality_24,27.56,31.5,19.53,3.94,FALSE,"Nonmetro, remote (RUCC 7-9)",265,TRUE,9.81,7.55,,,41.51,7.48,,0.5276,7.87,0.778,Both
23017,Oxford,ME,58728,549,11138,6,0.8276822957,"Oxford, ME",0,0,0,492,491,1,2,2,7,445,54,47,,,252,476,,10,13,47,,4,2,2,1,0,6,492,AHRF_natality_24,2.03,0,1.7,2.03,FALSE,"Nonmetro, adjacent (RUCC 4-6)",491,TRUE,11,9.57,,,51.32,9.87,,0.0955,14.23,0.125,Both
23019,Penobscot,ME,153571,2122,33273,3,0.5706213576,"Penobscot, ME",13,12,13,1314,1284,1,6,2,13,1570,160,85,15,,490,1180,31,31,73,77,,13,5,2,10,10,3,1314,AHRF_natality_24,7.61,9.89,6.51,0.76,FALSE,Metro (RUCC 1-3),1284,TRUE,12.46,6.62,1.17,,38.16,6.53,,,9.89,0.435,Both
23021,Piscataquis,ME,17125,266,2951,8,1,"Piscataquis, ME",0,0,0,101,122,1,2,2,1,103,15,10,,,63,118,,,,10,,5,2,2,1,0,8,101,AHRF_natality_24,9.9,0,5.84,9.9,FALSE,"Nonmetro, remote (RUCC 7-9)",122,TRUE,12.3,8.2,,,51.64,8.47,,,9.9,0.5,Both
23023,Sagadahoc,ME,37093,273,7153,2,0.6138586882,"Sagadahoc, ME",2,2,2,303,294,0,0,0,1,0,26,18,,,98,281,,,,16,,0,0,0,3,0,2,303,AHRF_natality_24,9.9,6.6,8.09,0,TRUE,Metro (RUCC 1-3),294,TRUE,8.84,6.12,,,33.33,5.69,,1,3.3,0.75,Both
23025,Somerset,ME,50852,587,9668,6,0.8487826139,"Somerset, ME",0,0,0,427,453,1,2,2,3,115,45,38,,,242,438,,,14,36,,4,2,2,0,0,,427,AHRF_natality_24,0,0,0,2.34,FALSE,"Nonmetro, adjacent (RUCC 4-6)",453,TRUE,9.93,8.39,,,53.42,8.22,,0.7307,7.03,0,OB/GYN only
23027,Waldo,ME,40006,362,7715,8,0.9052187745,"Waldo, ME",2,2,2,293,318,1,1,1,3,110,39,27,,,127,311,,,,27,,2,1,1,3,0,8,293,AHRF_natality_24,10.24,6.83,7.5,3.41,FALSE,"Nonmetro, remote (RUCC 7-9)",318,TRUE,12.26,8.49,,,39.94,8.68,,0.6246,10.24,0.5,Both
23029,Washington,ME,31261,388,5708,9,1,"Washington, ME",2,2,2,260,270,1,2,2,2,112,30,26,,,143,238,,,31,23,,4,2,2,1,0,9,260,AHRF_natality_24,3.85,7.69,3.2,3.85,FALSE,"Nonmetro, remote (RUCC 7-9)",270,TRUE,11.11,9.63,,,52.96,9.66,,0.5692,7.69,0.333,Both
23031,York,ME,214731,2011,43466,2,0.5197903497,"York, ME",4,4,4,1621,1850,0,2,0,13,986,186,140,16,,581,1727,55,56,69,130,,4,3,0,1,1,2,1621,AHRF_natality_24,0.62,2.47,0.47,0,FALSE,Metro (RUCC 1-3),1850,TRUE,10.05,7.57,0.86,,31.41,7.53,,0.3917,8.02,0.071,Both
24001,Allegany,MD,67762,753,13344,4,0.3498517018,"Allegany, MD",0,0,0,537,591,1,2,0,5,867,70,59,,,297,541,20,11,30,53,,4,3,0,4,0,4,537,AHRF_natality_24,7.45,0,5.9,1.86,FALSE,"Nonmetro, adjacent (RUCC 4-6)",591,TRUE,11.84,9.98,,,50.25,9.8,,,9.31,0.444,Both
24003,Anne Arundel,MD,590936,7532,132969,1,0.0748239302,"Anne Arundel, MD",27,25,26,6695,6805,2,2,0,65,7283,767,513,90,35,2042,4672,1454,1189,679,302,151,7,3,0,34,22,1,6695,AHRF_natality_24,5.08,4.03,5.75,0.3,FALSE,Metro (RUCC 1-3),6805,TRUE,11.27,7.54,1.32,0.51,30.01,6.46,10.39,,9.71,0.343,Both
24005,Baltimore,MD,849586,10171,195609,1,0.0712914041,"Baltimore, MD",32,30,32,9082,9265,3,7,0,152,8137,1192,873,151,70,4009,4919,3281,1403,1065,338,437,9,5,0,29,23,1,9082,AHRF_natality_24,3.19,3.52,3.41,0.33,FALSE,Metro (RUCC 1-3),9265,TRUE,12.87,9.42,1.63,0.76,43.27,6.87,13.32,0.1041,16.74,0.16,Both
24009,Calvert,MD,93791,1012,20000,3,0.6189064807,"Calvert, MD",0,0,0,935,939,1,1,0,5,559,105,67,,,291,768,114,59,57,48,16,1,1,0,1,0,3,935,AHRF_natality_24,1.07,0,1.07,1.07,FALSE,Metro (RUCC 1-3),939,TRUE,11.18,7.14,,,30.99,6.25,14.04,0.4021,5.35,0.167,Both
24011,Caroline,MD,33406,299,7054,6,0.849547953,"Caroline, MD",0,0,0,486,431,0,0,0,1,0,55,41,,,228,345,60,95,27,28,,0,0,0,1,0,6,486,AHRF_natality_24,2.06,0,2.99,0,TRUE,"Nonmetro, adjacent (RUCC 4-6)",431,TRUE,12.76,9.51,,,52.9,8.12,,1,2.06,0.5,Both
24013,Carroll,MD,174318,2402,36168,1,0.4223875158,"Carroll, MD",10,8,10,1740,1741,1,2,0,9,1027,159,106,15,,396,1580,71,134,89,94,,3,1,0,11,11,1,1740,AHRF_natality_24,6.32,5.75,6.31,0.57,FALSE,Metro (RUCC 1-3),1741,TRUE,9.13,6.09,0.86,,22.75,5.95,,0.4098,5.17,0.55,Both
24015,Cecil,MD,104366,1012,22188,1,0.4834803567,"Cecil, MD",0,0,0,1090,1154,1,1,0,6,384,128,86,15,11,495,978,115,87,61,66,14,2,1,0,1,1,1,1090,AHRF_natality_24,0.92,0,0.96,0.92,FALSE,Metro (RUCC 1-3),1154,TRUE,11.09,7.45,1.3,0.95,42.89,6.75,12.17,0.6477,5.5,0.143,Both
24017,Charles,MD,168710,2388,39624,1,0.2841486763,"Charles, MD",1,1,1,1539,1807,0,1,0,10,528,240,179,31,11,765,688,941,248,179,43,115,1,1,0,2,0,1,1539,AHRF_natality_24,1.3,0.65,1.19,0,FALSE,Metro (RUCC 1-3),1807,TRUE,13.28,9.91,1.72,0.61,42.34,6.25,12.22,0.6569,6.5,0.167,Both
24019,Dorchester,MD,32612,368,6947,6,0.5395776336,"Dorchester, MD",1,1,1,338,352,0,1,0,0,0,49,37,,10,222,208,126,42,18,13,23,2,1,0,2,0,6,338,AHRF_natality_24,5.92,2.96,6.13,0,FALSE,"Nonmetro, adjacent (RUCC 4-6)",352,TRUE,13.92,10.51,,2.84,63.07,6.25,18.25,1,0,1,Midwife only
24021,Frederick,MD,280341,3540,63450,1,0.2754115495,"Frederick, MD",11,7,11,2981,3156,1,1,0,11,2426,297,205,34,13,848,2343,460,632,353,135,46,1,1,0,7,5,1,2981,AHRF_natality_24,2.35,3.69,2.5,0.34,FALSE,Metro (RUCC 1-3),3156,TRUE,9.41,6.5,1.08,0.41,26.87,5.76,10,0.1862,3.69,0.389,Both
24023,Garrett,MD,28713,279,5401,8,0.8421162258,"Garrett, MD",1,1,1,201,256,1,1,0,1,232,29,19,,,92,251,,,,19,,1,1,0,1,1,8,201,AHRF_natality_24,4.98,4.98,3.48,4.98,FALSE,"Nonmetro, remote (RUCC 7-9)",256,TRUE,11.33,7.42,,,35.94,7.57,,,4.98,0.5,Both
24025,Harford,MD,262509,3120,56723,1,0.2092869954,"Harford, MD",13,13,13,2595,2635,1,1,0,16,1278,295,200,35,15,873,1914,505,235,216,115,62,4,2,0,10,7,1,2595,AHRF_natality_24,3.85,5.01,3.81,0.39,FALSE,Metro (RUCC 1-3),2635,TRUE,11.2,7.59,1.33,0.57,33.13,6.01,12.28,0.5075,6.17,0.385,Both
24027,Howard,MD,333916,3394,76763,1,0.1187751454,"Howard, MD",15,15,15,3054,3118,1,2,0,103,2557,371,275,40,10,730,1561,764,458,794,101,97,3,1,0,14,14,1,3054,AHRF_natality_24,4.58,4.91,4.19,0.33,FALSE,Metro (RUCC 1-3),3118,TRUE,11.9,8.82,1.28,0.32,23.41,6.47,12.7,0.1627,33.73,0.12,Both
24029,Kent,MD,19265,158,3890,6,0.6962704448,"Kent, MD",0,0,0,157,154,0,1,0,1,0,17,,,,70,119,28,15,,,,2,1,0,0,0,,157,AHRF_natality_24,0,0,0,0,FALSE,"Nonmetro, adjacent (RUCC 4-6)",154,TRUE,11.04,,,,45.45,,,1,6.37,0,OB/GYN only
24031,Montgomery,MD,1057586,12686,237881,1,0.0267941295,"Montgomery, MD",45,40,44,11212,11430,5,10,0,295,20056,1312,846,148,62,3416,6641,2795,3682,1993,411,269,11,6,0,60,48,1,11212,AHRF_natality_24,5.35,4.01,5.67,0.45,FALSE,Metro (RUCC 1-3),11430,TRUE,11.48,7.4,1.29,0.54,29.89,6.19,9.62,,26.31,0.169,Both
24033,Prince George's,MD,955584,12586,223309,1,0.0243455083,"Prince George's, MD",26,21,26,10041,10778,1,5,0,67,1869,1440,1025,203,119,5711,3989,5887,3854,901,288,667,11,9,0,30,24,1,10041,AHRF_natality_24,2.99,2.59,3.14,0.1,FALSE,Metro (RUCC 1-3),10778,TRUE,13.36,9.51,1.88,1.1,52.99,7.22,11.33,0.8139,6.67,0.309,Both
24035,Queen Anne's,MD,50951,337,9843,1,0.590267474,"Queen Anne's, MD",1,0,1,518,533,0,0,0,1,0,52,31,,,161,476,31,72,26,27,,0,0,0,1,0,1,518,AHRF_natality_24,1.93,1.93,1.96,0,TRUE,Metro (RUCC 1-3),533,TRUE,9.76,5.82,,,30.21,5.67,,1,1.93,0.5,Both
24037,St. Mary's,MD,114372,1567,26010,3,0.5674433321,"St. Mary's, MD",6,6,6,1374,1381,1,1,0,8,1113,139,95,15,15,443,1053,215,120,113,56,29,2,1,0,6,0,3,1374,AHRF_natality_24,4.37,4.37,5.25,0.73,FALSE,Metro (RUCC 1-3),1381,TRUE,10.07,6.88,1.09,1.09,32.08,5.32,13.49,0.19,5.82,0.429,Both
24039,Somerset,MD,24685,412,4935,3,0.5972786353,"Somerset, MD",0,0,0,265,245,0,0,0,1,0,33,26,,,152,129,101,16,15,,18,1,1,0,0,0,,265,AHRF_natality_24,0,0,0,0,FALSE,Metro (RUCC 1-3),245,TRUE,13.47,10.61,,,62.04,,17.82,1,3.77,0,OB/GYN only
24041,Talbot,MD,37707,469,6376,6,0.5194531791,"Talbot, MD",7,8,7,342,328,0,1,0,6,616,38,28,,,156,263,46,80,20,19,,1,1,0,8,8,6,342,AHRF_natality_24,23.39,20.47,21.22,0,FALSE,"Nonmetro, adjacent (RUCC 4-6)",328,TRUE,11.59,8.54,,,47.56,7.22,,,17.54,0.571,Both
24043,Washington,MD,155033,1749,31633,2,0.3222714198,"Washington, MD",13,13,13,1534,1603,1,3,0,16,1929,184,155,24,20,797,1201,267,203,135,107,32,3,1,0,16,15,2,1534,AHRF_natality_24,10.43,8.47,10.32,0.65,FALSE,Metro (RUCC 1-3),1603,TRUE,11.48,9.67,1.5,1.25,49.72,8.91,11.99,,10.43,0.5,Both
24045,Wicomico,MD,104117,1135,25286,3,0.2686990771,"Wicomico, MD",11,9,11,1376,1350,1,3,0,14,2145,175,130,23,20,753,679,581,152,90,48,74,4,1,0,8,8,3,1376,AHRF_natality_24,5.81,7.99,7.68,0.73,FALSE,Metro (RUCC 1-3),1350,TRUE,12.96,9.63,1.7,1.48,55.78,7.07,12.74,,10.17,0.364,Both
24047,Worcester,MD,53279,608,9457,4,0.4095882577,"Worcester, MD",1,1,1,430,440,0,1,0,3,0,44,34,,,182,353,61,27,26,25,,1,1,0,1,0,4,430,AHRF_natality_24,2.33,2.33,1.88,0,FALSE,"Nonmetro, adjacent (RUCC 4-6)",440,TRUE,10,7.73,,,41.36,7.08,,1,6.98,0.25,Both
24510,Baltimore,MD,577193,7501,150782,1,0,"Baltimore City, MD",61,56,60,7087,7063,6,14,0,182,11855,1054,856,149,131,4415,2701,3897,1184,464,192,625,38,22,0,62,62,1,7087,AHRF_natality_24,8.75,8.61,10.74,0.85,FALSE,Metro (RUCC 1-3),7063,TRUE,14.92,12.12,2.11,1.85,62.51,7.11,16.04,,25.68,0.254,Both
25001,Barnstable,MA,230073,1637,36080,3,0.0279349858,"Barnstable, MA",7,5,7,1518,1508,1,4,0,25,934,138,87,14,,489,1225,183,166,100,64,14,7,2,0,9,8,3,1518,AHRF_natality_24,5.93,4.61,3.91,0.66,FALSE,Metro (RUCC 1-3),1508,TRUE,9.15,5.77,0.93,,32.43,5.22,7.65,0.3847,16.47,0.265,Both
25003,Berkshire,MA,128047,948,24950,3,0.3468680731,"Berkshire, MA",7,6,7,814,908,1,3,1,15,810,99,82,13,,430,784,73,95,51,66,,6,4,2,8,5,3,814,AHRF_natality_24,9.83,8.6,6.25,1.23,FALSE,Metro (RUCC 1-3),908,TRUE,10.9,9.03,1.43,,47.36,8.42,,0.0049,18.43,0.348,Both
25005,Bristol,MA,578436,6539,129052,1,0.1044388812,"Bristol, MA",19,18,19,5215,5652,2,10,0,28,4462,604,503,72,40,2518,4372,904,1035,376,352,107,15,7,0,18,16,1,5215,AHRF_natality_24,3.45,3.64,3.11,0.38,FALSE,Metro (RUCC 1-3),5652,TRUE,10.69,8.9,1.27,0.71,44.55,8.05,11.84,0.1444,5.37,0.391,Both
25007,Dukes,MA,20751,275,3678,7,0.3172815534,"Dukes, MA",2,2,2,163,172,1,1,1,4,117,22,11,,,49,149,18,27,,,,2,1,1,1,0,7,163,AHRF_natality_24,6.13,12.27,4.82,6.13,FALSE,"Nonmetro, remote (RUCC 7-9)",172,TRUE,12.79,6.4,,,28.49,,,0.2822,24.54,0.2,Both
25009,Essex,MA,807258,9057,177518,1,0.0515454497,"Essex, MA",30,31,30,8443,8517,1,8,0,77,5453,872,601,85,56,3168,6866,1072,3302,579,451,99,28,15,0,33,23,1,8443,AHRF_natality_24,3.91,3.55,4.09,0.12,FALSE,Metro (RUCC 1-3),8517,TRUE,10.24,7.06,1,0.66,37.2,6.57,9.24,0.3541,9.12,0.3,Both
25011,Franklin,MA,70922,660,13938,4,0.5485365133,"Franklin, MA",15,14,15,493,498,1,1,0,1,433,41,32,,,189,458,14,44,27,30,,2,2,0,13,0,4,493,AHRF_natality_24,26.37,30.43,18.33,2.03,FALSE,"Nonmetro, adjacent (RUCC 4-6)",498,TRUE,8.23,6.43,,,37.95,6.55,,0.1217,2.03,0.929,Both
25013,Hampden,MA,462853,5571,105062,2,0.0952739763,"Hampden, MA",71,71,71,4764,4717,1,8,0,45,5359,570,440,70,50,2537,3743,698,1896,276,325,85,18,8,0,54,52,2,4764,AHRF_natality_24,11.34,14.9,11.67,0.21,FALSE,Metro (RUCC 1-3),4717,TRUE,12.08,9.33,1.48,1.06,53.78,8.68,12.18,,9.45,0.545,Both
25015,Hampshire,MA,156595,933,41588,3,0.285469601,"Hampshire, MA",14,15,14,909,914,1,2,0,28,592,90,66,11,,292,794,40,111,80,56,,4,3,0,10,8,3,909,AHRF_natality_24,11,15.4,6.39,1.1,FALSE,Metro (RUCC 1-3),914,TRUE,9.85,7.22,1.2,,31.95,7.05,,0.3487,30.8,0.263,Both
25017,Middlesex,MA,1622896,18139,387994,1,0.0353774076,"Middlesex, MA",60,56,60,16251,15944,4,16,0,265,12508,1561,1135,161,49,3439,11224,1614,2718,3106,735,155,42,25,0,66,64,1,16251,AHRF_natality_24,4.06,3.69,4.07,0.25,FALSE,Metro (RUCC 1-3),15944,TRUE,9.79,7.12,1.01,0.31,21.57,6.55,9.6,0.2303,16.31,0.199,Both
25019,Nantucket,MA,14299,99,3482,7,0.1574184497,"Nantucket, MA",0,0,0,162,161,0,1,0,0,140,13,10,,,54,136,19,51,,,,3,2,1,0,0,,162,AHRF_natality_24,0,0,0,0,FALSE,"Nonmetro, remote (RUCC 7-9)",161,TRUE,8.07,6.21,,,33.54,,,0.1358,0,,Neither
25021,Norfolk,MA,724540,6890,164875,1,0.0202222923,"Norfolk, MA",28,28,28,7102,7090,1,7,0,128,3585,732,494,63,,1401,4989,917,701,1183,304,95,20,7,0,21,21,1,7102,AHRF_natality_24,2.96,3.94,2.9,0.14,FALSE,Metro (RUCC 1-3),7090,TRUE,10.32,6.97,0.89,,19.76,6.09,10.36,0.4952,18.02,0.141,Both
25023,Plymouth,MA,531889,5565,110491,1,0.1246507755,"Plymouth, MA",20,24,19,5304,5371,1,6,0,24,2229,573,386,57,17,1734,4004,1136,499,231,253,115,10,5,0,30,11,1,5304,AHRF_natality_24,5.66,3.77,5.64,0.19,FALSE,Metro (RUCC 1-3),5371,TRUE,10.67,7.19,1.06,0.32,32.28,6.32,10.12,0.5798,4.52,0.556,Both
25025,Suffolk,MA,782172,7714,229444,1,4.51164e-5,"Suffolk, MA",101,99,101,8253,8209,5,19,0,269,20887,960,679,103,48,3154,4968,2376,2615,866,339,274,50,20,0,94,94,1,8253,AHRF_natality_24,11.39,12.24,12.02,0.61,FALSE,Metro (RUCC 1-3),8209,TRUE,11.69,8.27,1.25,0.58,38.42,6.82,11.53,,32.59,0.259,Both
25027,Worcester,MA,861664,9926,192760,2,0.2117581147,"Worcester, MA",23,20,23,8460,8609,2,14,1,103,7987,886,665,90,40,3098,6790,1089,1952,729,489,108,36,18,1,24,15,2,8460,AHRF_natality_24,2.84,2.72,2.79,0.24,FALSE,Metro (RUCC 1-3),8609,TRUE,10.29,7.72,1.05,0.46,35.99,7.2,9.92,0.0559,12.17,0.189,Both
26001,Alcona,MI,10310,61,1344,9,0.9290842923,"Alcona, MI",0,0,0,72,68,0,0,0,0,0,,,,,34,67,,,,,,0,0,0,0,0,,72,AHRF_natality_24,0,0,0,0,TRUE,"Nonmetro, remote (RUCC 7-9)",68,FALSE,,,,,,,,,0,,Neither
26003,Alger,MI,8813,53,1220,9,1,"Alger, MI",0,0,0,49,61,0,1,1,0,0,,,,,22,54,,,,,,2,1,1,0,0,,49,AHRF_natality_24,,,0,,FALSE,"Nonmetro, remote (RUCC 7-9)",61,FALSE,,,,,,,,,,,Neither
26005,Allegan,MI,120913,1379,24991,4,0.6757813148,"Allegan, MI",1,1,1,1206,1208,0,1,1,1,0,139,92,15,,370,1151,22,110,34,88,,6,4,1,1,0,4,1206,AHRF_natality_24,0.83,0.83,0.83,0,FALSE,"Nonmetro, adjacent (RUCC 4-6)",1208,TRUE,11.51,7.62,1.24,,30.63,7.65,,1,0.83,0.5,Both
26007,Alpena,MI,28908,211,5239,7,0.4663922233,"Alpena, MI",0,0,0,240,253,1,1,0,3,380,27,21,,,116,243,,,,20,,1,1,0,1,0,7,240,AHRF_natality_24,4.17,0,3.46,4.17,FALSE,"Nonmetro, remote (RUCC 7-9)",253,TRUE,10.67,8.3,,,45.85,8.23,,,12.5,0.25,Both
26009,Antrim,MI,23876,236,3980,8,1,"Antrim, MI",0,0,0,182,188,0,0,0,0,0,17,14,,,78,182,,,,14,,0,0,0,0,0,,182,AHRF_natality_24,0,0,0,0,TRUE,"Nonmetro, remote (RUCC 7-9)",188,TRUE,9.04,7.45,,,41.49,7.69,,1,0,,Neither
26011,Arenac,MI,15054,153,2584,8,0.8754166111,"Arenac, MI",0,0,0,124,122,0,1,1,0,0,11,,,,56,118,,,,,,2,1,1,0,0,,124,AHRF_natality_24,0,0,0,0,FALSE,"Nonmetro, remote (RUCC 7-9)",122,TRUE,9.02,,,,45.9,,,1,0,,Neither
26013,Baraga,MI,8249,58,1268,9,1,"Baraga, MI",0,0,0,77,76,0,1,1,0,0,,,,,38,58,,,18,,,2,1,1,0,0,,77,AHRF_natality_24,0,0,0,0,FALSE,"Nonmetro, remote (RUCC 7-9)",76,FALSE,,,,,,,,,0,,Neither
26015,Barry,MI,62982,563,12665,1,0.8711853003,"Barry, MI",6,5,6,563,588,1,1,1,1,285,65,42,,,183,567,,17,18,40,,2,1,1,4,0,1,563,AHRF_natality_24,7.1,10.66,6.35,1.78,FALSE,Metro (RUCC 1-3),588,TRUE,11.05,7.14,,,31.12,7.05,,0.4938,1.78,0.8,Both
26017,Bay,MI,103235,945,20835,3,0.28939108,"Bay, MI",5,5,5,936,902,1,2,0,9,483,98,80,11,11,403,826,21,72,54,71,,4,3,0,4,4,3,936,AHRF_natality_24,4.27,5.34,3.87,1.07,FALSE,Metro (RUCC 1-3),902,TRUE,10.86,8.87,1.22,1.22,44.68,8.6,,0.484,9.62,0.308,Both
26019,Benzie,MI,18177,179,3184,3,0.855147468,"Benzie, MI",0,0,0,132,136,0,1,1,1,0,12,,,,48,131,,,,,,2,1,1,0,0,,132,AHRF_natality_24,0,0,0,0,FALSE,Metro (RUCC 1-3),136,TRUE,8.82,,,,35.29,,,1,7.58,0,OB/GYN only
26021,Berrien,MI,153411,1638,31181,3,0.3009668472,"Berrien, MI",13,13,13,1435,1470,1,2,0,12,1306,168,130,22,22,677,1066,300,137,104,70,48,7,6,0,9,0,3,1435,AHRF_natality_24,6.27,9.06,5.87,0.7,FALSE,Metro (RUCC 1-3),1470,TRUE,11.43,8.84,1.5,1.5,46.05,6.57,16,0.0899,8.36,0.429,Both
26023,Branch,MI,44914,565,8561,6,0.6941509518,"Branch, MI",0,0,0,594,589,0,1,0,3,228,57,43,,,207,557,19,50,13,40,,2,1,0,0,0,,594,AHRF_natality_24,0,0,0,0,FALSE,"Nonmetro, adjacent (RUCC 4-6)",589,TRUE,9.68,7.3,,,35.14,7.18,,0.6162,5.05,0,OB/GYN only
26025,Calhoun,MI,133846,1622,28696,3,0.3234234234,"Calhoun, MI",12,12,12,1450,1444,1,4,0,10,1335,166,132,23,20,757,1104,209,97,131,90,27,13,7,0,14,0,3,1450,AHRF_natality_24,9.66,8.28,10.46,0.69,FALSE,Metro (RUCC 1-3),1444,TRUE,11.5,9.14,1.59,1.39,52.42,8.15,12.92,0.0793,6.9,0.583,Both
26027,Cass,MI,51606,694,9860,2,0.7410300645,"Cass, MI",0,0,0,479,458,0,1,1,0,0,47,36,,,215,409,19,33,30,31,,2,1,1,0,0,,479,AHRF_natality_24,0,0,0,0,FALSE,Metro (RUCC 1-3),458,TRUE,10.26,7.86,,,46.94,7.58,,1,0,,Neither
26029,Charlevoix,MI,26143,245,4517,7,0.6980118216,"Charlevoix, MI",1,1,1,188,192,1,1,1,2,170,16,13,,,72,181,,,11,12,,3,1,1,1,0,7,188,AHRF_natality_24,5.32,5.32,3.83,5.32,FALSE,"Nonmetro, remote (RUCC 7-9)",192,TRUE,8.33,6.77,,,37.5,6.63,,0.0957,10.64,0.333,Both
26031,Cheboygan,MI,25778,170,4407,7,0.7884983776,"Cheboygan, MI",0,0,0,183,185,0,0,0,0,0,21,17,,,88,169,,,12,16,,2,1,1,0,0,,183,AHRF_natality_24,0,0,0,0,FALSE,"Nonmetro, remote (RUCC 7-9)",185,TRUE,11.35,9.19,,,47.57,9.47,,1,0,,Neither
26033,Chippewa,MI,36448,275,7151,7,0.511295365,"Chippewa, MI",0,0,0,275,275,1,1,0,1,301,21,16,,,127,180,,,93,10,,2,1,0,1,0,7,275,AHRF_natality_24,3.64,0,2.74,3.64,FALSE,"Nonmetro, remote (RUCC 7-9)",275,TRUE,7.64,5.82,,,46.18,5.56,,,3.64,0.5,Both
26035,Clare,MI,31109,378,5439,8,0.8769769251,"Clare, MI",0,0,0,316,319,0,1,0,2,0,37,30,,,146,309,,15,,28,,1,1,0,0,0,,316,AHRF_natality_24,0,0,0,0,FALSE,"Nonmetro, remote (RUCC 7-9)",319,TRUE,11.6,9.4,,,45.77,9.06,,1,6.33,0,OB/GYN only
26037,Clinton,MI,79419,940,16884,2,0.5131938126,"Clinton, MI",0,0,0,703,692,0,2,1,2,0,69,52,,,172,650,14,46,29,47,,5,1,1,1,1,2,703,AHRF_natality_24,1.42,0,1.26,0,FALSE,Metro (RUCC 1-3),692,TRUE,9.97,7.51,,,24.86,7.23,,1,2.84,0.333,Both
26039,Crawford,MI,13271,114,2214,9,0.9983831229,"Crawford, MI",0,0,0,103,110,1,1,0,2,300,15,,,,57,108,,,,,,1,1,0,1,0,9,103,AHRF_natality_24,9.71,0,7.54,9.71,FALSE,"Nonmetro, remote (RUCC 7-9)",110,TRUE,13.64,,,,51.82,,,,19.42,0.333,Both
26041,Delta,MI,36829,306,6528,5,0.4266319811,"Delta, MI",0,0,0,245,307,1,1,1,3,289,30,15,,,135,281,,,24,14,,2,1,1,0,0,,245,AHRF_natality_24,0,0,0,4.08,FALSE,"Nonmetro, adjacent (RUCC 4-6)",307,TRUE,9.77,4.89,,,43.97,4.98,,,12.24,0,OB/GYN only
26043,Dickinson,MI,25940,381,4579,7,0.3524877635,"Dickinson, MI",0,0,0,198,226,1,2,0,1,321,17,12,,,90,212,,,13,11,,4,2,1,0,0,,198,AHRF_natality_24,0,0,0,5.05,FALSE,"Nonmetro, remote (RUCC 7-9)",226,TRUE,7.52,5.31,,,39.82,5.19,,,5.05,0,OB/GYN only
26045,Eaton,MI,109000,1131,23028,2,0.3798488665,"Eaton, MI",0,0,0,1008,1045,0,2,2,3,0,108,93,16,,369,883,78,79,84,75,,4,2,2,0,0,,1008,AHRF_natality_24,0,0,0,0,FALSE,Metro (RUCC 1-3),1045,TRUE,10.33,8.9,1.53,,35.31,8.49,,1,2.98,0,OB/GYN only
26047,Emmet,MI,34159,320,6646,7,0.6313027674,"Emmet, MI",2,2,2,225,241,1,1,0,4,354,23,17,,,80,220,,,19,16,,1,1,0,0,0,,225,AHRF_natality_24,0,8.89,0,4.44,FALSE,"Nonmetro, remote (RUCC 7-9)",241,TRUE,9.54,7.05,,,33.2,7.27,,,17.78,0,OB/GYN only
26049,Genesee,MI,404087,4643,87661,2,0.181991625,"Genesee, MI",9,9,9,4228,4256,3,4,0,52,3867,595,464,74,53,2353,2994,1083,214,179,259,182,9,7,0,10,10,2,4228,AHRF_natality_24,2.37,2.13,2.47,0.71,FALSE,Metro (RUCC 1-3),4256,TRUE,13.98,10.9,1.74,1.25,55.29,8.65,16.81,0.0854,12.3,0.161,Both
26051,Gladwin,MI,25543,265,4177,8,1,"Gladwin, MI",0,0,0,232,235,0,1,1,0,0,25,18,,,85,230,,,,18,,2,1,1,0,0,,232,AHRF_natality_24,0,0,0,0,FALSE,"Nonmetro, remote (RUCC 7-9)",235,TRUE,10.64,7.66,,,36.17,7.83,,1,0,,Neither
26053,Gogebic,MI,14348,155,2370,7,0.6408205841,"Gogebic, MI",1,1,1,74,105,1,1,1,0,116,11,,,,52,94,,,,,,2,1,1,1,0,7,74,AHRF_natality_24,13.51,13.51,6.97,13.51,FALSE,"Nonmetro, remote (RUCC 7-9)",105,TRUE,10.48,,,,49.52,,,,0,1,Midwife only
26055,Grand Traverse,MI,95757,854,19627,3,0.4317289317,"Grand Traverse, MI",3,4,2,887,879,1,1,0,11,1724,75,52,,,260,824,10,40,45,48,,2,2,0,6,6,3,887,AHRF_natality_24,6.76,3.38,6.27,1.13,FALSE,Metro (RUCC 1-3),879,TRUE,8.53,5.92,,,29.58,5.83,,,12.4,0.353,Both
26057,Gratiot,MI,41478,563,8210,6,0.5829362324,"Gratiot, MI",0,0,0,373,377,1,1,0,3,457,39,30,,,152,366,,37,,29,,1,1,0,0,0,,373,AHRF_natality_24,0,0,0,2.68,FALSE,"Nonmetro, adjacent (RUCC 4-6)",377,TRUE,10.34,7.96,,,40.32,7.92,,,8.04,0,OB/GYN only
26059,Hillsdale,MI,45658,533,8999,6,0.7673676387,"Hillsdale, MI",1,1,1,452,487,1,1,0,1,391,53,46,,,176,473,,13,10,45,,1,1,0,1,0,6,452,AHRF_natality_24,2.21,2.21,2.19,2.21,FALSE,"Nonmetro, adjacent (RUCC 4-6)",487,TRUE,10.88,9.45,,,36.14,9.51,,0.135,2.21,0.5,Both
26061,Houghton,MI,37428,306,7804,5,0.4521024598,"Houghton, MI",3,2,3,370,377,2,2,1,4,382,42,21,,,75,355,,,17,19,,4,2,1,4,0,5,370,AHRF_natality_24,10.81,8.11,10.69,5.41,FALSE,"Nonmetro, adjacent (RUCC 4-6)",377,TRUE,11.14,5.57,,,19.89,5.35,,,10.81,0.5,Both
26063,Huron,MI,31258,250,5319,9,1,"Huron, MI",0,0,0,250,265,1,3,3,0,276,26,18,,,91,258,,12,,17,,6,3,3,0,0,,250,AHRF_natality_24,0,0,0,4,FALSE,"Nonmetro, remote (RUCC 7-9)",265,TRUE,9.81,6.79,,,34.34,6.59,,,0,,Neither
26065,Ingham,MI,282015,2785,74746,2,0.1456756757,"Ingham, MI",5,6,5,2817,2812,1,3,0,45,3932,317,254,37,35,1224,1902,554,310,356,144,74,6,5,0,7,6,2,2817,AHRF_natality_24,2.48,1.77,2.48,0.35,FALSE,Metro (RUCC 1-3),2812,TRUE,11.27,9.03,1.32,1.24,43.53,7.57,13.36,,15.97,0.135,Both
26067,Ionia,MI,66706,789,13400,1,0.6101730435,"Ionia, MI",0,0,0,594,640,0,1,1,0,0,69,48,,,240,625,,31,10,46,,3,2,1,0,0,,594,AHRF_natality_24,0,0,0,0,FALSE,Metro (RUCC 1-3),640,TRUE,10.78,7.5,,,37.5,7.36,,1,0,,Neither
26069,Iosco,MI,25333,145,3949,7,0.4975234774,"Iosco, MI",0,0,0,169,202,0,1,0,1,257,21,19,,,100,192,,,,18,,2,1,0,0,0,,169,AHRF_natality_24,0,0,0,0,FALSE,"Nonmetro, remote (RUCC 7-9)",202,TRUE,10.4,9.41,,,49.5,9.38,,,5.92,0,OB/GYN only
26071,Iron,MI,11650,91,1776,9,1,"Iron, MI",0,0,0,77,80,0,1,1,0,0,,,,,41,75,,,,,,3,2,1,0,0,,77,AHRF_natality_24,0,0,0,0,FALSE,"Nonmetro, remote (RUCC 7-9)",80,FALSE,,,,,,,,,0,,Neither
26073,Isabella,MI,64475,855,18499,4,0.5226573904,"Isabella, MI",0,0,0,572,589,1,1,0,5,424,64,51,,,260,516,12,38,62,44,,1,1,0,0,0,,572,AHRF_natality_24,0,0,0,1.75,FALSE,"Nonmetro, adjacent (RUCC 4-6)",589,TRUE,10.87,8.66,,,44.14,8.53,,0.2587,8.74,0,OB/GYN only
26075,Jackson,MI,160187,1675,32112,3,0.4728433708,"Jackson, MI",4,2,4,1579,1594,1,2,0,6,1087,197,163,24,28,793,1353,142,82,99,124,25,3,2,0,8,0,3,1579,AHRF_natality_24,5.07,2.53,4.99,0.63,FALSE,Metro (RUCC 1-3),1594,TRUE,12.36,10.23,1.51,1.76,49.75,9.16,17.61,0.3116,3.8,0.571,Both
26077,Kalamazoo,MI,261437,3281,65218,2,0.2163870524,"Kalamazoo, MI",29,31,29,2634,2654,1,3,0,45,4145,311,218,34,24,1087,1978,482,197,194,135,67,7,4,0,25,22,2,2634,AHRF_natality_24,9.49,11.01,9.56,0.38,FALSE,Metro (RUCC 1-3),2654,TRUE,11.72,8.21,1.28,0.9,40.96,6.83,13.9,,17.08,0.357,Both
26079,Kalkaska,MI,18116,112,3450,3,1,"Kalkaska, MI",0,0,0,163,171,0,1,1,1,0,19,14,,,82,163,,,,13,,2,1,1,0,0,,163,AHRF_natality_24,0,0,0,0,FALSE,Metro (RUCC 1-3),171,TRUE,11.11,8.19,,,47.95,7.98,,1,6.13,0,OB/GYN only
26081,Kent,MI,658844,8587,157436,1,0.1618863359,"Kent, MI",34,30,34,7888,8053,3,7,0,123,11344,1022,720,96,70,2719,6559,1101,971,393,507,179,16,6,0,32,21,1,7888,AHRF_natality_24,4.06,4.31,4.86,0.38,FALSE,Metro (RUCC 1-3),8053,TRUE,12.69,8.94,1.19,0.87,33.76,7.73,16.26,,15.59,0.206,Both
26083,Keweenaw,MI,2106,6,316,9,1,"Keweenaw, MI",0,0,0,18,17,0,0,0,0,0,,,,,,16,,,,,,0,0,0,0,0,,18,AHRF_natality_24,,,0,,TRUE,"Nonmetro, remote (RUCC 7-9)",17,FALSE,,,,,,,,,,,Neither
26085,Lake,MI,12393,129,1824,9,1,"Lake, MI",0,0,0,85,90,0,0,0,0,0,10,10,,,52,78,,,,,,0,0,0,0,0,,85,AHRF_natality_24,0,0,0,0,TRUE,"Nonmetro, remote (RUCC 7-9)",90,FALSE,,,,,,,,,0,,Neither
26087,Lapeer,MI,88703,1269,16967,1,0.8594996558,"Lapeer, MI",1,3,1,765,782,1,1,0,1,137,88,58,,,253,763,,42,12,56,,2,2,0,3,0,1,765,AHRF_natality_24,3.92,1.31,3.38,1.31,FALSE,Metro (RUCC 1-3),782,TRUE,11.25,7.42,,,32.35,7.34,,0.8209,1.31,0.75,Both
26089,Leelanau,MI,22607,103,3463,3,0.8758351643,"Leelanau, MI",0,0,0,124,144,0,0,0,1,0,12,12,,,31,132,,,11,10,,2,1,1,0,0,,124,AHRF_natality_24,0,0,0,0,FALSE,Metro (RUCC 1-3),144,TRUE,8.33,8.33,,,21.53,7.58,,1,8.06,0,OB/GYN only
26091,Lenawee,MI,98823,763,19755,4,0.5686108848,"Lenawee, MI",1,1,1,785,868,1,1,0,4,445,108,75,10,,357,816,19,94,33,68,,7,6,1,1,0,4,785,AHRF_natality_24,1.27,1.27,1.01,1.27,FALSE,"Nonmetro, adjacent (RUCC 4-6)",868,TRUE,12.44,8.64,1.15,,41.13,8.33,,0.4331,5.1,0.2,Both
26093,Livingston,MI,195143,2407,38692,1,0.395128594,"Livingston, MI",2,1,2,1658,1698,0,2,0,10,0,176,117,11,,316,1634,17,51,46,111,,3,2,0,3,2,1,1658,AHRF_natality_24,1.81,1.21,1.54,0,FALSE,Metro (RUCC 1-3),1698,TRUE,10.37,6.89,0.65,,18.61,6.79,,1,6.03,0.231,Both
26095,Luce,MI,6325,53,853,9,1,"Luce, MI",0,0,0,38,48,0,1,1,0,0,,,,,20,38,,,10,,,3,1,1,0,0,,38,AHRF_natality_24,,,0,,FALSE,"Nonmetro, remote (RUCC 7-9)",48,FALSE,,,,,,,,,,,Neither
26097,Mackinac,MI,10865,105,1809,9,0.7467232786,"Mackinac, MI",0,0,0,88,81,0,1,1,1,0,,,,,29,62,,,15,,,3,1,1,0,0,,88,AHRF_natality_24,0,0,0,0,FALSE,"Nonmetro, remote (RUCC 7-9)",81,FALSE,,,,,,,,,11.36,0,OB/GYN only
26099,Macomb,MI,877624,10163,191879,1,0.0320999254,"Macomb, MI",9,9,9,8466,8661,2,7,0,45,2804,1142,827,129,38,3028,6073,1720,314,868,467,266,16,6,0,12,8,1,8466,AHRF_natality_24,1.42,1.06,1.37,0.24,FALSE,Metro (RUCC 1-3),8661,TRUE,13.19,9.55,1.49,0.44,34.96,7.69,15.47,0.6688,5.32,0.211,Both
26101,Manistee,MI,25247,197,4117,6,0.6766938319,"Manistee, MI",1,1,1,162,185,0,1,0,3,0,20,16,,,76,171,,,13,14,,3,2,1,0,0,,162,AHRF_natality_24,0,6.17,0,0,FALSE,"Nonmetro, adjacent (RUCC 4-6)",185,TRUE,10.81,8.65,,,41.08,8.19,,1,18.52,0,OB/GYN only
26103,Marquette,MI,66430,439,15085,5,0.4549888665,"Marquette, MI",0,0,0,512,532,2,2,1,9,725,47,34,,,175,493,,10,35,30,,4,2,1,0,0,,512,AHRF_natality_24,0,0,0,3.91,FALSE,"Nonmetro, adjacent (RUCC 4-6)",532,TRUE,8.83,6.39,,,32.89,6.09,,,17.58,0,OB/GYN only
26105,Mason,MI,29177,209,5243,7,0.5909748038,"Mason, MI",2,1,2,230,225,1,1,0,3,256,20,15,,,100,210,,19,13,15,,1,1,0,2,0,7,230,AHRF_natality_24,8.7,8.7,6.85,4.35,FALSE,"Nonmetro, remote (RUCC 7-9)",225,TRUE,8.89,6.67,,,44.44,7.14,,,13.04,0.4,Both
26107,Mecosta,MI,40321,537,8611,6,0.7447751423,"Mecosta, MI",0,0,0,381,411,1,1,0,2,415,46,30,,,171,390,,11,13,29,,2,2,0,0,0,,381,AHRF_natality_24,0,0,0,2.62,FALSE,"Nonmetro, adjacent (RUCC 4-6)",411,TRUE,11.19,7.3,,,41.61,7.44,,,5.25,0,OB/GYN only
26109,Menominee,MI,23295,187,3975,7,0.6316909199,"Menominee, MI",0,0,0,89,196,0,0,0,0,0,19,12,,,97,174,,11,19,11,,1,1,0,0,0,,89,AHRF_natality_24,0,0,0,0,FALSE,"Nonmetro, remote (RUCC 7-9)",196,TRUE,9.69,6.12,,,49.49,6.32,,,0,,Neither
26111,Midland,MI,83641,1255,17378,3,0.4321627901,"Midland, MI",7,4,7,801,825,1,1,0,14,1335,76,58,,,251,763,16,38,46,52,,1,1,0,6,6,3,801,AHRF_natality_24,7.49,8.74,7.17,1.25,FALSE,Metro (RUCC 1-3),825,TRUE,9.21,7.03,,,30.42,6.82,,,17.48,0.3,Both
26113,Missaukee,MI,15156,174,2856,8,1,"Missaukee, MI",0,0,0,149,154,0,0,0,0,0,14,,,,52,146,,,,,,0,0,0,0,0,,149,AHRF_natality_24,0,0,0,0,TRUE,"Nonmetro, remote (RUCC 7-9)",154,TRUE,9.09,,,,33.77,,,1,0,,Neither
26115,Monroe,MI,155001,1791,31927,3,0.3772132111,"Monroe, MI",3,3,3,1187,1464,1,1,0,6,446,161,111,18,,577,1371,60,57,33,99,,2,1,0,2,0,3,1187,AHRF_natality_24,1.68,2.53,1.29,0.84,FALSE,Metro (RUCC 1-3),1464,TRUE,11,7.58,1.23,,39.41,7.22,,0.6243,5.05,0.25,Both
26117,Montcalm,MI,67174,687,12793,1,0.8459032636,"Montcalm, MI",2,0,2,681,690,1,3,1,0,484,75,56,,,266,672,,28,13,55,,7,5,2,2,0,1,681,AHRF_natality_24,2.94,2.94,2.98,1.47,FALSE,Metro (RUCC 1-3),690,TRUE,10.87,8.12,,,38.55,8.18,,0.2893,0,1,Midwife only
26119,Montmorency,MI,9372,115,1299,9,1,"Montmorency, MI",0,0,0,64,68,0,0,0,1,0,,,,,30,65,,,,,,0,0,0,0,0,,64,AHRF_natality_24,0,0,0,0,TRUE,"Nonmetro, remote (RUCC 7-9)",68,FALSE,,,,,,,,,15.62,0,OB/GYN only
26121,Muskegon,MI,175378,1569,37214,3,0.2601351351,"Muskegon, MI",3,3,3,1843,1862,1,1,0,6,863,232,191,29,28,994,1412,303,155,147,120,55,7,5,0,4,0,3,1843,AHRF_natality_24,2.17,1.63,2.28,0.54,FALSE,Metro (RUCC 1-3),1862,TRUE,12.46,10.26,1.56,1.5,53.38,8.5,18.15,0.5317,3.26,0.4,Both
26123,Newaygo,MI,50414,687,9758,6,0.896654528,"Newaygo, MI",2,3,2,493,502,1,1,1,3,439,65,41,,,202,472,,35,22,39,,2,1,1,1,0,6,493,AHRF_natality_24,2.03,4.06,1.98,2.03,FALSE,"Nonmetro, adjacent (RUCC 4-6)",502,TRUE,12.95,8.17,,,40.24,8.26,,0.1095,6.09,0.25,Both
26125,Oakland,MI,1272294,13124,276690,1,0.0554223769,"Oakland, MI",51,48,50,12241,12451,7,15,0,337,18248,1456,993,144,44,3079,9041,1821,739,1589,592,255,25,16,0,68,42,1,12241,AHRF_natality_24,5.56,4.17,5.34,0.57,FALSE,Metro (RUCC 1-3),12451,TRUE,11.69,7.98,1.16,0.35,24.73,6.55,14,,27.53,0.168,Both
26127,Oceana,MI,26788,357,4968,8,1,"Oceana, MI",0,0,0,269,273,0,1,1,0,0,25,22,,,120,258,,54,12,21,,4,2,1,0,0,,269,AHRF_natality_24,0,0,0,0,FALSE,"Nonmetro, remote (RUCC 7-9)",273,TRUE,9.16,8.06,,,43.96,8.14,,1,0,,Neither
26129,Ogemaw,MI,20853,241,3525,9,1,"Ogemaw, MI",0,0,0,162,181,1,1,0,1,56,16,11,,,96,173,,,,11,,1,1,0,0,0,,162,AHRF_natality_24,0,0,0,6.17,FALSE,"Nonmetro, remote (RUCC 7-9)",181,TRUE,8.84,6.08,,,53.04,6.36,,0.6543,6.17,0,OB/GYN only
26131,Ontonagon,MI,5870,26,765,9,1,"Ontonagon, MI",0,0,0,22,29,0,0,0,0,0,,,,,15,28,,,,,,3,2,1,0,0,,22,AHRF_natality_24,,,0,,FALSE,"Nonmetro, remote (RUCC 7-9)",29,FALSE,,,,,,,,,,,Neither
26133,Osceola,MI,23122,292,4338,9,1,"Osceola, MI",0,0,0,234,266,0,1,1,1,0,32,27,,,124,255,,,,25,,2,1,1,0,0,,234,AHRF_natality_24,0,0,0,0,FALSE,"Nonmetro, remote (RUCC 7-9)",266,TRUE,12.03,10.15,,,46.62,9.8,,1,4.27,0,OB/GYN only
26135,Oscoda,MI,8338,44,1246,9,1,"Oscoda, MI",0,0,0,67,86,0,0,0,0,0,,,,,30,84,,,,,,0,0,0,0,0,,67,AHRF_natality_24,0,0,0,0,TRUE,"Nonmetro, remote (RUCC 7-9)",86,FALSE,,,,,,,,,0,,Neither
26137,Otsego,MI,25352,267,4790,7,0.6621896297,"Otsego, MI",0,0,0,239,231,1,1,0,2,327,20,12,,,106,221,,,,11,,1,1,0,0,0,,239,AHRF_natality_24,0,0,0,4.18,FALSE,"Nonmetro, remote (RUCC 7-9)",231,TRUE,8.66,5.19,,,45.89,4.98,,,8.37,0,OB/GYN only
26139,Ottawa,MI,298614,3309,70176,1,0.2119885213,"Ottawa, MI",10,6,10,3017,3080,1,3,0,15,1227,308,209,28,14,716,2836,97,365,147,182,16,3,3,0,9,0,1,3017,AHRF_natality_24,2.98,3.31,3.01,0.33,FALSE,Metro (RUCC 1-3),3080,TRUE,10,6.79,0.91,0.45,23.25,6.42,,0.5933,4.97,0.375,Both
26141,Presque Isle,MI,13142,48,1976,9,1,"Presque Isle, MI",0,0,0,93,91,0,0,0,0,0,13,,,,35,87,,,,,,3,2,0,0,0,,93,AHRF_natality_24,0,0,0,0,FALSE,"Nonmetro, remote (RUCC 7-9)",91,FALSE,,,,,,,,,0,,Neither
26143,Roscommon,MI,23639,109,3379,7,0.4387228782,"Roscommon, MI",1,1,1,169,165,0,0,0,0,0,18,14,,,85,161,,,,13,,0,0,0,1,0,7,169,AHRF_natality_24,5.92,5.92,4.23,0,TRUE,"Nonmetro, remote (RUCC 7-9)",165,TRUE,10.91,8.48,,,51.52,8.07,,1,0,1,Midwife only
26145,Saginaw,MI,189210,2384,40318,3,0.3261503019,"Saginaw, MI",8,7,8,1889,1928,1,5,0,29,2707,226,198,34,26,1048,1295,481,212,152,96,86,8,6,0,10,10,3,1889,AHRF_natality_24,5.29,4.24,5.29,0.53,FALSE,Metro (RUCC 1-3),1928,TRUE,11.72,10.27,1.76,1.35,54.36,7.41,17.88,,15.35,0.256,Both
26147,St. Clair,MI,160089,1881,31827,1,0.3950605738,"St. Clair, MI",0,0,0,1422,1439,2,3,0,5,1116,164,110,14,10,622,1339,43,66,57,99,,4,4,0,0,0,,1422,AHRF_natality_24,0,0,0,1.41,FALSE,Metro (RUCC 1-3),1439,TRUE,11.4,7.64,0.97,0.69,43.22,7.39,,0.2152,3.52,0,OB/GYN only
26149,St. Joseph,MI,60870,581,12322,4,0.6371945716,"St. Joseph, MI",3,1,3,739,681,1,2,0,2,252,70,46,,10,290,645,19,90,17,42,,3,2,0,3,0,4,739,AHRF_natality_24,4.06,4.06,4.93,1.35,FALSE,"Nonmetro, adjacent (RUCC 4-6)",681,TRUE,10.28,6.75,,1.47,42.58,6.51,,0.659,2.71,0.6,Both
26151,Sanilac,MI,40574,472,7579,8,0.9364457905,"Sanilac, MI",0,0,0,379,383,0,3,3,0,0,36,27,,,156,373,,12,,25,,6,3,3,0,0,,379,AHRF_natality_24,0,0,0,0,FALSE,"Nonmetro, remote (RUCC 7-9)",383,TRUE,9.4,7.05,,,40.73,6.7,,1,0,,Neither
26153,Schoolcraft,MI,8093,96,1232,9,1,"Schoolcraft, MI",0,0,0,49,60,0,1,1,0,0,,,,,28,48,,,12,,,2,1,1,0,0,,49,AHRF_natality_24,,,0,,FALSE,"Nonmetro, remote (RUCC 7-9)",60,FALSE,,,,,,,,,,,Neither
26155,Shiawassee,MI,68061,758,13750,4,0.5978353453,"Shiawassee, MI",2,2,2,679,672,1,1,0,2,431,74,50,,,283,659,,21,10,49,,1,1,0,1,0,4,679,AHRF_natality_24,1.47,2.95,1.47,1.47,FALSE,"Nonmetro, adjacent (RUCC 4-6)",672,TRUE,11.01,7.44,,,42.11,7.44,,0.3652,2.95,0.333,Both
26157,Tuscola,MI,53071,609,10104,6,0.8990491908,"Tuscola, MI",1,1,1,483,498,0,3,2,0,0,44,31,,,183,481,,22,13,31,,5,2,2,0,0,,483,AHRF_natality_24,0,2.07,0,0,FALSE,"Nonmetro, adjacent (RUCC 4-6)",498,TRUE,8.84,6.22,,,36.75,6.44,,1,0,,Neither
26159,Van Buren,MI,75681,926,15167,6,0.7805178139,"Van Buren, MI",0,0,0,807,806,0,2,1,3,0,98,69,10,10,359,749,23,147,34,64,,4,2,2,1,0,6,807,AHRF_natality_24,1.24,0,1.32,0,FALSE,"Nonmetro, adjacent (RUCC 4-6)",806,TRUE,12.16,8.56,1.24,1.24,44.54,8.54,,1,3.72,0.25,Both
26161,Washtenaw,MI,368394,4119,94852,2,0.1719479501,"Washtenaw, MI",67,65,67,3150,3207,2,7,0,147,9279,341,262,44,15,824,2270,519,234,417,143,77,12,6,0,78,77,2,3150,AHRF_natality_24,24.76,21.27,21.17,0.63,FALSE,Metro (RUCC 1-3),3207,TRUE,10.63,8.17,1.37,0.47,25.69,6.3,14.84,,46.67,0.347,Both
26163,Wayne,MI,1773767,24068,405579,1,0.0089681923,"Wayne, MI",70,66,70,20184,20831,9,22,0,216,17597,2783,2434,427,245,10555,10934,8552,1667,1346,872,1396,79,51,0,68,63,1,20184,AHRF_natality_24,3.37,3.47,3.83,0.45,FALSE,Metro (RUCC 1-3),20831,TRUE,13.36,11.68,2.05,1.18,50.67,7.98,16.32,0.1282,10.7,0.239,Both
26165,Wexford,MI,33868,400,6741,6,0.6374543403,"Wexford, MI",0,0,0,334,348,1,1,0,3,308,38,27,,,149,333,,11,12,27,,1,1,0,3,0,6,334,AHRF_natality_24,8.98,0,8.86,2.99,FALSE,"Nonmetro, adjacent (RUCC 4-6)",348,TRUE,10.92,7.76,,,42.82,8.11,,0.0778,8.98,0.5,Both
27001,Aitkin,MN,15930,139,2335,8,1,"Aitkin, MN",1,1,1,124,114,0,1,1,3,238,11,,,,48,105,,,,,,2,1,1,0,0,,124,AHRF_natality_24,0,8.06,0,0,FALSE,"Nonmetro, remote (RUCC 7-9)",114,TRUE,9.65,,,,42.11,,,,24.19,0,OB/GYN only
27003,Anoka,MN,367095,4967,80664,1,0.1590246423,"Anoka, MN",6,5,6,4020,4060,1,2,0,21,2797,437,292,47,13,1241,2872,606,318,582,184,57,3,2,0,9,7,1,4020,AHRF_natality_24,2.24,1.49,2.45,0.25,FALSE,Metro (RUCC 1-3),4060,TRUE,10.76,7.19,1.16,0.32,30.57,6.41,9.41,0.3042,5.22,0.3,Both
27005,Becker,MN,35260,501,6676,6,0.7091208822,"Becker, MN",2,2,2,318,359,1,1,0,4,470,41,20,,,135,290,,18,64,15,,1,1,0,1,0,6,318,AHRF_natality_24,3.14,6.29,2.84,3.14,FALSE,"Nonmetro, adjacent (RUCC 4-6)",359,TRUE,11.42,5.57,,,37.6,5.17,,,12.58,0.2,Both
27007,Beltrami,MN,46421,482,10323,7,0.6787877477,"Beltrami, MN",0,0,0,517,541,1,3,0,4,1187,64,32,,11,287,314,,10,222,16,,3,2,0,0,0,,517,AHRF_natality_24,0,0,0,1.93,FALSE,"Nonmetro, remote (RUCC 7-9)",541,TRUE,11.83,5.91,,2.03,53.05,5.1,,,7.74,0,OB/GYN only
27009,Benton,MN,41458,324,9403,3,0.450349211,"Benton, MN",0,0,0,491,473,0,0,0,0,0,54,37,,,162,400,58,18,15,27,,0,0,0,2,2,3,491,AHRF_natality_24,4.07,0,4.82,0,TRUE,Metro (RUCC 1-3),473,TRUE,11.42,7.82,,,34.25,6.75,,1,0,1,Midwife only
27011,Big Stone,MN,5152,72,871,9,1,"Big Stone, MN",0,0,0,53,59,0,2,2,0,268,,,,,14,56,,,,,,4,2,2,0,0,,53,AHRF_natality_24,0,0,0,0,FALSE,"Nonmetro, remote (RUCC 7-9)",59,FALSE,,,,,,,,,0,,Neither
27013,Blue Earth,MN,69386,1237,18131,3,0.3357304086,"Blue Earth, MN",3,3,3,665,681,1,1,0,10,1257,66,50,11,,247,574,64,42,43,38,,1,1,0,6,6,3,665,AHRF_natality_24,9.02,4.51,8.65,1.5,FALSE,Metro (RUCC 1-3),681,TRUE,9.69,7.34,1.62,,36.27,6.62,,,15.04,0.375,Both
27015,Brown,MN,25826,270,5001,6,0.4815143563,"Brown, MN",0,0,0,263,256,1,2,2,2,451,28,14,,,85,249,,22,,14,,7,4,3,0,0,,263,AHRF_natality_24,0,0,0,3.8,FALSE,"Nonmetro, adjacent (RUCC 4-6)",256,TRUE,10.94,5.47,,,33.2,5.62,,,7.6,0,OB/GYN only
27017,Carlton,MN,36457,249,6895,2,0.6350705665,"Carlton, MN",0,1,0,316,347,1,2,2,1,307,31,20,,,122,299,,,46,14,,4,2,2,1,0,2,316,AHRF_natality_24,3.16,0,2.74,3.16,FALSE,Metro (RUCC 1-3),347,TRUE,8.93,5.76,,,35.16,4.68,,0.0285,3.16,0.5,Both
27019,Carver,MN,108622,1112,24037,1,0.2465067993,"Carver, MN",6,5,6,1181,1201,1,1,0,16,1486,123,69,14,,159,1080,37,77,85,58,,1,1,0,4,0,1,1181,AHRF_natality_24,3.39,5.08,3.68,0.85,FALSE,Metro (RUCC 1-3),1201,TRUE,10.24,5.75,1.17,,13.24,5.37,,,13.55,0.2,Both
27021,Cass,MN,30688,352,5001,9,1,"Cass, MN",1,1,1,245,263,0,1,1,1,0,31,13,,,137,174,,,88,,,2,1,1,0,0,,245,AHRF_natality_24,0,4.08,0,0,FALSE,"Nonmetro, remote (RUCC 7-9)",263,TRUE,11.79,4.94,,,52.09,,,1,4.08,0,OB/GYN only
27023,Chippewa,MN,12388,174,2286,7,0.5720749325,"Chippewa, MN",1,1,1,160,167,0,1,1,0,198,23,14,,,72,137,,35,28,,,2,1,1,2,0,7,160,AHRF_natality_24,12.5,6.25,16.14,0,FALSE,"Nonmetro, remote (RUCC 7-9)",167,TRUE,13.77,8.38,,,43.11,,,,0,1,Midwife only
27025,Chisago,MN,57434,803,11484,1,0.6565585207,"Chisago, MN",0,0,0,568,604,1,1,0,4,476,65,45,,,183,565,,25,33,41,,3,3,0,1,0,1,568,AHRF_natality_24,1.76,0,1.74,1.76,FALSE,Metro (RUCC 1-3),604,TRUE,10.76,7.45,,,30.3,7.26,,0.162,7.04,0.2,Both
27027,Clay,MN,65628,974,16344,3,0.2579227778,"Clay, MN",0,0,0,375,802,0,0,0,0,0,89,57,,,217,647,92,53,63,42,,1,1,0,0,0,,375,AHRF_natality_24,0,0,0,0,FALSE,Metro (RUCC 1-3),802,TRUE,11.1,7.11,,,27.06,6.49,,1,0,,Neither
27029,Clearwater,MN,8579,115,1582,8,1,"Clearwater, MN",0,0,0,95,101,0,1,1,0,0,,,,,41,83,,,17,,,2,1,1,0,0,,95,AHRF_natality_24,0,0,0,0,FALSE,"Nonmetro, remote (RUCC 7-9)",101,TRUE,,,,,40.59,,,,0,,Neither
27031,Cook,MN,5633,62,996,9,1,"Cook, MN",0,0,0,36,34,0,1,1,0,0,,,,,10,25,,,,,,2,1,1,0,0,,36,AHRF_natality_24,,,0,,FALSE,"Nonmetro, remote (RUCC 7-9)",34,FALSE,,,,,,,,,,,Neither
27033,Cottonwood,MN,11458,164,2088,9,1,"Cottonwood, MN",0,0,0,126,149,0,2,2,1,232,19,11,,,53,133,,34,15,10,,5,3,2,0,0,,126,AHRF_natality_24,0,0,0,0,FALSE,"Nonmetro, remote (RUCC 7-9)",149,TRUE,12.75,7.38,,,35.57,7.52,,,7.94,0,OB/GYN only
27035,Crow Wing,MN,67113,525,12327,4,0.6871436565,"Crow Wing, MN",1,1,1,629,628,1,3,1,5,739,70,46,,,225,594,,14,29,45,,6,2,1,1,0,4,629,AHRF_natality_24,1.59,1.59,1.49,1.59,FALSE,"Nonmetro, adjacent (RUCC 4-6)",628,TRUE,11.15,7.32,,,35.83,7.58,,,7.95,0.167,Both
27037,Dakota,MN,442204,5589,98257,1,0.0498110857,"Dakota, MN",8,7,8,4842,4908,1,1,0,25,1889,530,350,60,20,1353,3593,766,642,549,228,74,5,5,0,15,6,1,4842,AHRF_natality_24,3.1,1.65,3.39,0.21,FALSE,Metro (RUCC 1-3),4908,TRUE,10.8,7.13,1.22,0.41,27.57,6.35,9.66,0.6099,5.16,0.375,Both
27039,Dodge,MN,20962,253,4592,3,0.6334403604,"Dodge, MN",0,0,0,249,262,0,0,0,0,0,26,19,,,80,255,,17,,18,,0,0,0,2,0,3,249,AHRF_natality_24,8.03,0,9.54,0,TRUE,Metro (RUCC 1-3),262,TRUE,9.92,7.25,,,30.53,7.06,,1,0,1,Midwife only
27041,Douglas,MN,39354,631,7159,6,0.5139978465,"Douglas, MN",8,7,8,387,392,1,2,0,6,594,44,26,,,113,377,,11,12,24,,2,1,0,6,0,6,387,AHRF_natality_24,15.5,20.67,15.25,2.58,FALSE,"Nonmetro, adjacent (RUCC 4-6)",392,TRUE,11.22,6.63,,,28.83,6.37,,,15.5,0.5,Both
27043,Faribault,MN,13909,190,2503,8,1,"Faribault, MN",0,0,0,130,134,0,1,1,0,198,12,,,,55,129,,20,,,,3,2,1,0,0,,130,AHRF_natality_24,0,0,0,0,FALSE,"Nonmetro, remote (RUCC 7-9)",134,TRUE,8.96,,,,41.04,,,,0,,Neither
27045,Fillmore,MN,21346,218,3974,3,1,"Fillmore, MN",0,0,0,226,240,0,0,0,0,0,23,16,,,50,233,,,,15,,2,2,0,0,0,,226,AHRF_natality_24,0,0,0,0,FALSE,Metro (RUCC 1-3),240,TRUE,9.58,6.67,,,20.83,6.44,,1,0,,Neither
27047,Freeborn,MN,30752,366,5865,7,0.4176403949,"Freeborn, MN",0,0,0,271,289,1,1,0,2,616,36,24,,,135,243,10,50,36,20,,1,1,0,0,0,,271,AHRF_natality_24,0,0,0,3.69,FALSE,"Nonmetro, remote (RUCC 7-9)",289,TRUE,12.46,8.3,,,46.71,8.23,,,7.38,0,OB/GYN only
27049,Goodhue,MN,47844,638,9458,6,0.6691185743,"Goodhue, MN",3,3,3,476,499,1,2,1,3,310,51,31,,,157,470,10,31,19,29,,7,4,3,1,1,6,476,AHRF_natality_24,2.1,6.3,2.09,2.1,FALSE,"Nonmetro, adjacent (RUCC 4-6)",499,TRUE,10.22,6.21,,,31.46,6.17,,0.3487,6.3,0.25,Both
27051,Grant,MN,6108,86,1098,9,1,"Grant, MN",0,0,0,74,68,0,1,1,1,111,,,,,20,66,,,,,,2,1,1,0,0,,74,AHRF_natality_24,0,0,0,0,FALSE,"Nonmetro, remote (RUCC 7-9)",68,FALSE,,,,,,,,,13.51,0,OB/GYN only
27053,Hennepin,MN,1268903,15553,302699,1,0.023880958,"Hennepin, MN",127,125,126,14290,14346,4,11,0,297,13033,1644,1134,186,89,4472,9200,3115,1603,2031,570,379,26,16,0,141,129,1,14290,AHRF_natality_24,9.87,8.89,11.11,0.28,FALSE,Metro (RUCC 1-3),14346,TRUE,11.46,7.9,1.3,0.62,31.17,6.2,12.17,0.088,20.78,0.322,Both
27055,Houston,MN,18768,215,3402,3,0.7101841533,"Houston, MN",0,0,0,22,161,0,0,0,0,0,12,,,,45,157,,,,,,2,2,0,0,0,,22,AHRF_natality_24,,,0,,FALSE,Metro (RUCC 1-3),161,TRUE,7.45,,,,27.95,,,,,,Neither
27057,Hubbard,MN,21700,232,3657,9,1,"Hubbard, MN",1,1,1,163,202,0,1,1,0,178,22,11,,,87,183,,11,17,10,,2,1,1,2,0,9,163,AHRF_natality_24,12.27,6.13,9.22,0,FALSE,"Nonmetro, remote (RUCC 7-9)",202,TRUE,10.89,5.45,,,43.07,5.46,,,0,1,Midwife only
27059,Isanti,MN,41934,489,8705,1,0.5928284916,"Isanti, MN",1,1,1,442,468,0,1,0,2,0,52,27,,,165,436,,15,27,25,,1,1,0,0,0,,442,AHRF_natality_24,0,2.26,0,0,FALSE,Metro (RUCC 1-3),468,TRUE,11.11,5.77,,,35.26,5.73,,1,4.52,0,OB/GYN only
27061,Itasca,MN,45141,334,8092,6,0.7701159639,"Itasca, MN",0,0,0,404,395,1,3,2,3,379,49,30,,,168,353,,,40,26,,5,3,2,0,0,,404,AHRF_natality_24,0,0,0,2.48,FALSE,"Nonmetro, adjacent (RUCC 4-6)",395,TRUE,12.41,7.59,,,42.53,7.37,,0.0619,7.43,0,OB/GYN only
27063,Jackson,MN,9964,128,1738,9,1,"Jackson, MN",0,0,0,79,91,0,1,1,0,0,,,,,35,83,,10,,,,4,3,1,0,0,,79,AHRF_natality_24,0,0,0,0,FALSE,"Nonmetro, remote (RUCC 7-9)",91,FALSE,,,,,,,,,0,,Neither
27065,Kanabec,MN,16261,169,3126,8,1,"Kanabec, MN",0,0,0,147,164,1,1,1,0,242,24,,,,72,155,,,,,,2,1,1,0,0,,147,AHRF_natality_24,0,0,0,6.8,FALSE,"Nonmetro, remote (RUCC 7-9)",164,TRUE,14.63,,,,43.9,,,,0,,Neither
27067,Kandiyohi,MN,43757,720,8539,4,0.4296167566,"Kandiyohi, MN",0,0,0,550,540,1,2,0,0,599,54,30,,,210,445,68,139,27,25,,2,1,0,0,0,,550,AHRF_natality_24,0,0,0,1.82,FALSE,"Nonmetro, adjacent (RUCC 4-6)",540,TRUE,10,5.56,,,38.89,5.62,,,0,,Neither
27069,Kittson,MN,4163,56,710,9,1,"Kittson, MN",0,0,0,32,45,0,1,1,0,0,,,,,,43,,,,,,3,2,1,0,0,,32,AHRF_natality_24,,,0,,FALSE,"Nonmetro, remote (RUCC 7-9)",45,FALSE,,,,,,,,,,,Neither
27071,Koochiching,MN,11950,87,2035,7,0.454899685,"Koochiching, MN",0,0,0,98,99,0,1,1,0,121,,,,,42,92,,,,,,3,2,1,0,0,,98,AHRF_natality_24,0,0,0,0,FALSE,"Nonmetro, remote (RUCC 7-9)",99,FALSE,,,,,,,,,0,,Neither
27073,Lac qui Parle,MN,6694,66,1130,9,1,"Lac qui Parle, MN",0,0,0,62,82,0,2,2,0,117,,,,,21,77,,,,,,4,2,2,0,0,,62,AHRF_natality_24,0,0,0,0,FALSE,"Nonmetro, remote (RUCC 7-9)",82,FALSE,,,,,,,,,0,,Neither
27075,Lake,MN,10911,68,1799,8,1,"Lake, MN",0,0,0,69,83,0,1,1,0,0,,,,,25,80,,,,,,2,1,1,0,0,,69,AHRF_natality_24,0,0,0,0,FALSE,"Nonmetro, remote (RUCC 7-9)",83,FALSE,,,,,,,,,0,,Neither
27077,Lake of the Woods,MN,3800,48,564,9,1,"Lake of the Woods, MN",0,0,0,42,39,0,1,1,0,0,,,,,17,38,,,,,,2,1,1,0,0,,42,AHRF_natality_24,,,0,,FALSE,"Nonmetro, remote (RUCC 7-9)",39,FALSE,,,,,,,,,,,Neither
27079,Le Sueur,MN,28936,373,5736,1,0.857745693,"Le Sueur, MN",0,0,0,286,300,0,1,1,0,0,32,22,,,88,287,,32,10,20,,3,2,1,0,0,,286,AHRF_natality_24,0,0,0,0,FALSE,Metro (RUCC 1-3),300,TRUE,10.67,7.33,,,29.33,6.97,,1,0,,Neither
27081,Lincoln,MN,5594,87,1037,9,1,"Lincoln, MN",0,0,0,34,62,0,2,2,0,0,11,,,,13,61,,,,,,6,3,3,0,0,,34,AHRF_natality_24,,,0,,FALSE,"Nonmetro, remote (RUCC 7-9)",62,FALSE,,,,,,,,,,,Neither
27083,Lyon,MN,25498,319,5512,7,0.4654319522,"Lyon, MN",1,1,1,268,323,1,2,2,3,399,31,20,,,116,270,17,53,36,16,,4,2,2,1,0,7,268,AHRF_natality_24,3.73,3.73,3.92,3.73,FALSE,"Nonmetro, remote (RUCC 7-9)",323,TRUE,9.6,6.19,,,35.91,5.93,,,11.19,0.25,Both
27085,McLeod,MN,36771,439,7445,4,0.4449974164,"McLeod, MN",1,1,1,409,394,0,2,1,1,573,35,18,,,129,377,,42,13,16,,4,3,1,1,0,4,409,AHRF_natality_24,2.44,2.44,2.72,0,FALSE,"Nonmetro, adjacent (RUCC 4-6)",394,TRUE,8.88,4.57,,,32.74,4.24,,,2.44,0.5,Both
27087,Mahnomen,MN,5371,117,1011,8,1,"Mahnomen, MN",0,0,0,78,77,0,1,0,0,0,12,,,,56,24,,,52,,,3,1,1,0,0,,78,AHRF_natality_24,0,0,0,0,FALSE,"Nonmetro, remote (RUCC 7-9)",77,FALSE,,,,,,,,,0,,Neither
27089,Marshall,MN,8961,78,1626,8,1,"Marshall, MN",0,0,0,56,97,0,1,1,0,0,,,,,23,94,,,,,,2,1,1,0,0,,56,AHRF_natality_24,0,0,0,0,FALSE,"Nonmetro, remote (RUCC 7-9)",97,FALSE,,,,,,,,,0,,Neither
27091,Martin,MN,19864,263,3560,6,0.5811735331,"Martin, MN",0,0,0,219,215,1,1,0,3,137,23,11,,,101,200,,35,13,10,,2,2,0,0,0,,219,AHRF_natality_24,0,0,0,4.57,FALSE,"Nonmetro, adjacent (RUCC 4-6)",215,TRUE,10.7,5.12,,,46.98,5,,0.3744,13.7,0,OB/GYN only
27093,Meeker,MN,23422,329,4461,6,0.7192735043,"Meeker, MN",0,0,0,239,252,0,1,1,0,212,29,14,,,72,246,,17,,13,,2,1,1,0,0,,239,AHRF_natality_24,0,0,0,0,FALSE,"Nonmetro, adjacent (RUCC 4-6)",252,TRUE,11.51,5.56,,,28.57,5.28,,0.113,0,,Neither
27095,Mille Lacs,MN,26912,279,5316,1,0.8184738652,"Mille Lacs, MN",0,0,0,270,297,1,2,1,0,356,42,26,,,125,265,,,31,21,,3,2,1,2,0,1,270,AHRF_natality_24,7.41,0,7.43,3.7,FALSE,Metro (RUCC 1-3),297,TRUE,14.14,8.75,,,42.09,7.92,,,0,1,Midwife only
27097,Morrison,MN,34131,353,6461,6,0.7232872685,"Morrison, MN",0,0,0,360,364,0,1,1,3,216,45,25,,,119,355,,10,,23,,2,1,1,0,0,,360,AHRF_natality_24,0,0,0,0,FALSE,"Nonmetro, adjacent (RUCC 4-6)",364,TRUE,12.36,6.87,,,32.69,6.48,,0.4,8.33,0,OB/GYN only
27099,Mower,MN,40069,782,8261,4,0.3634864723,"Mower, MN",2,1,2,483,493,0,0,0,1,0,61,29,,,204,377,37,112,79,20,,1,1,0,1,1,4,483,AHRF_natality_24,2.07,4.14,2.5,0,FALSE,"Nonmetro, adjacent (RUCC 4-6)",493,TRUE,12.37,5.88,,,41.38,5.31,,1,2.07,0.5,Both
27101,Murray,MN,8119,66,1449,9,1,"Murray, MN",0,0,0,56,67,0,1,1,0,125,,,,,22,62,,,,,,2,1,1,1,0,9,56,AHRF_natality_24,17.86,0,12.32,0,FALSE,"Nonmetro, remote (RUCC 7-9)",67,FALSE,,,,,,,,,0,1,Midwife only
27103,Nicollet,MN,34350,376,7947,3,0.2521042549,"Nicollet, MN",1,1,1,294,305,0,1,1,2,0,31,21,,,96,270,25,28,10,20,,4,1,1,1,0,3,294,AHRF_natality_24,3.4,3.4,2.91,0,FALSE,Metro (RUCC 1-3),305,TRUE,10.16,6.89,,,31.48,7.41,,1,6.8,0.333,Both
27105,Nobles,MN,22067,357,4263,7,0.3808882907,"Nobles, MN",4,4,4,289,370,1,1,0,5,336,45,32,,14,196,325,15,211,30,27,,2,2,0,3,0,7,289,AHRF_natality_24,10.38,13.84,13.59,3.46,FALSE,"Nonmetro, remote (RUCC 7-9)",370,TRUE,12.16,8.65,,3.78,52.97,8.31,,,17.3,0.375,Both
27107,Norman,MN,6411,71,1200,8,1,"Norman, MN",0,0,0,35,73,0,1,1,0,0,,,,,24,68,,,,,,2,1,1,0,0,,35,AHRF_natality_24,,,0,,FALSE,"Nonmetro, remote (RUCC 7-9)",73,FALSE,,,,,,,,,,,Neither
27109,Olmsted,MN,163425,2539,37753,3,0.1736845014,"Olmsted, MN",20,19,20,1976,1961,2,3,0,62,3255,252,147,20,12,507,1477,271,163,214,97,31,7,3,0,27,27,3,1976,AHRF_natality_24,13.66,10.12,16.52,1.01,FALSE,Metro (RUCC 1-3),1961,TRUE,12.85,7.5,1.02,0.61,25.85,6.57,11.44,,31.38,0.303,Both
27111,Otter Tail,MN,60281,744,10459,6,0.7791980826,"Otter Tail, MN",1,2,1,574,610,0,3,1,1,704,51,34,,,180,573,16,39,22,31,,8,4,2,1,1,6,574,AHRF_natality_24,1.74,1.74,1.66,0,FALSE,"Nonmetro, adjacent (RUCC 4-6)",610,TRUE,8.36,5.57,,,29.51,5.41,,,1.74,0.5,Both
27113,Pennington,MN,13877,187,2914,6,0.3644939966,"Pennington, MN",0,0,0,136,156,1,2,1,2,199,15,10,,,60,143,,13,11,,,3,1,1,0,0,,136,AHRF_natality_24,0,0,0,7.35,FALSE,"Nonmetro, adjacent (RUCC 4-6)",156,TRUE,9.62,6.41,,,38.46,,,,14.71,0,OB/GYN only
27115,Pine,MN,29411,203,4978,8,1,"Pine, MN",0,0,0,246,263,0,1,1,0,0,25,20,,,124,235,,11,24,17,,4,3,1,0,0,,246,AHRF_natality_24,0,0,0,0,FALSE,"Nonmetro, remote (RUCC 7-9)",263,TRUE,9.51,7.6,,,47.15,7.23,,1,0,,Neither
27117,Pipestone,MN,9352,134,1755,8,1,"Pipestone, MN",0,0,0,82,131,0,1,1,1,161,17,,,,37,122,,23,,,,2,1,1,0,0,,82,AHRF_natality_24,0,0,0,0,FALSE,"Nonmetro, remote (RUCC 7-9)",131,TRUE,12.98,,,,28.24,,,,12.2,0,OB/GYN only
27119,Polk,MN,30905,407,6181,3,0.4653436779,"Polk, MN",0,0,0,221,352,1,2,2,2,151,34,22,,,118,313,19,32,20,17,,4,2,2,0,0,,221,AHRF_natality_24,0,0,0,4.52,FALSE,Metro (RUCC 1-3),352,TRUE,9.66,6.25,,,33.52,5.43,,0.3167,9.05,0,OB/GYN only
27121,Pope,MN,11363,181,1971,8,0.6284046693,"Pope, MN",0,0,0,129,120,1,1,1,0,115,11,,,,29,118,,,,,,4,2,2,0,0,,129,AHRF_natality_24,0,0,0,7.75,FALSE,"Nonmetro, remote (RUCC 7-9)",120,TRUE,9.17,,,,24.17,,,0.1085,0,,Neither
27123,Ramsey,MN,544438,7648,130847,1,2.009588e-4,"Ramsey, MN",77,73,77,6557,6552,2,5,0,61,6220,768,562,88,54,2820,3262,1358,747,1932,222,169,14,9,0,78,68,1,6557,AHRF_natality_24,11.9,11.74,14.33,0.31,FALSE,Metro (RUCC 1-3),6552,TRUE,11.72,8.58,1.34,0.82,43.04,6.81,12.44,0.0514,9.3,0.561,Both
27125,Red Lake,MN,3922,61,741,8,1,"Red Lake, MN",0,0,0,34,48,0,0,0,0,0,,,,,19,45,,,,,,1,1,0,0,0,,34,AHRF_natality_24,,,0,,FALSE,"Nonmetro, remote (RUCC 7-9)",48,FALSE,,,,,,,,,,,Neither
27127,Redwood,MN,15383,236,2905,9,0.7012641815,"Redwood, MN",1,1,1,169,187,1,1,1,0,121,15,11,,,70,163,,12,23,10,,2,1,1,1,0,9,169,AHRF_natality_24,5.92,5.92,6.5,5.92,FALSE,"Nonmetro, remote (RUCC 7-9)",187,TRUE,8.02,5.88,,,37.43,6.13,,0.284,0,1,Midwife only
27129,Renville,MN,14587,160,2693,9,1,"Renville, MN",0,0,0,180,156,0,1,1,0,159,17,12,,,66,144,,30,10,12,,2,1,1,0,0,,180,AHRF_natality_24,0,0,0,0,FALSE,"Nonmetro, remote (RUCC 7-9)",156,TRUE,10.9,7.69,,,42.31,8.33,,0.1167,0,,Neither
27131,Rice,MN,67389,922,15076,4,0.3218772821,"Rice, MN",7,6,7,671,661,1,2,0,10,554,76,42,,,217,535,101,92,25,36,,1,1,0,1,0,4,671,AHRF_natality_24,1.49,10.43,1.48,1.49,FALSE,"Nonmetro, adjacent (RUCC 4-6)",661,TRUE,11.5,6.35,,,32.83,6.73,,0.1744,14.9,0.091,Both
27133,Rock,MN,9628,205,1940,2,0.5045342127,"Rock, MN",0,0,0,57,94,1,1,1,1,91,,,,,28,87,,,,,,2,1,1,0,0,,57,AHRF_natality_24,0,0,0,17.54,FALSE,Metro (RUCC 1-3),94,FALSE,,,,,,,,,17.54,0,OB/GYN only
27135,Roseau,MN,15301,203,2779,9,1,"Roseau, MN",0,0,0,177,174,1,1,1,0,148,15,12,,,67,158,,,14,11,,3,2,1,0,0,,177,AHRF_natality_24,0,0,0,5.65,FALSE,"Nonmetro, remote (RUCC 7-9)",174,TRUE,8.62,6.9,,,38.51,6.96,,0.1638,0,,Neither
27137,St. Louis,MN,200056,1946,42707,2,0.392876228,"St. Louis, MN",8,6,8,1779,1778,3,8,3,28,2539,202,141,19,15,665,1566,49,41,164,113,,13,9,3,15,14,2,1779,AHRF_natality_24,8.43,4.5,7.5,1.69,FALSE,Metro (RUCC 1-3),1778,TRUE,11.36,7.93,1.07,0.84,37.4,7.22,,,15.74,0.349,Both
27139,Scott,MN,152957,1842,35659,1,0.181020089,"Scott, MN",2,2,2,1703,1676,1,2,1,8,1094,170,115,17,,365,1301,185,139,189,83,15,2,1,1,2,0,1,1703,AHRF_natality_24,1.17,1.17,1.31,0.59,FALSE,Metro (RUCC 1-3),1676,TRUE,10.14,6.86,1.01,,21.78,6.38,8.11,0.3576,4.7,0.2,Both
27141,Sherburne,MN,99178,1602,22141,1,0.5092866036,"Sherburne, MN",2,2,2,1139,1161,0,0,0,3,0,123,81,11,,295,1003,108,45,50,65,10,1,1,0,1,0,1,1139,AHRF_natality_24,0.88,1.76,1.01,0,FALSE,Metro (RUCC 1-3),1161,TRUE,10.59,6.98,0.95,,25.41,6.48,9.26,1,2.63,0.25,Both
27143,Sibley,MN,14933,210,2891,8,1,"Sibley, MN",0,0,0,152,178,0,1,1,0,0,20,,,,61,171,,25,,,,3,2,1,0,0,,152,AHRF_natality_24,0,0,0,0,FALSE,"Nonmetro, remote (RUCC 7-9)",178,TRUE,11.24,,,,34.27,,,1,0,,Neither
27145,Stearns,MN,159358,1992,36380,3,0.3798865388,"Stearns, MN",2,2,2,2069,2010,4,5,3,15,2820,227,136,21,12,573,1475,467,163,68,90,42,10,5,4,5,5,3,2069,AHRF_natality_24,2.42,0.97,3.14,1.93,FALSE,Metro (RUCC 1-3),2010,TRUE,11.29,6.77,1.04,0.6,28.51,6.1,8.99,,7.25,0.25,Both
27147,Steele,MN,37413,444,7509,5,0.2974923809,"Steele, MN",0,0,0,404,407,0,1,0,2,363,47,24,,,141,363,31,61,13,20,,1,1,0,1,0,5,404,AHRF_natality_24,2.48,0,2.67,0,FALSE,"Nonmetro, adjacent (RUCC 4-6)",407,TRUE,11.55,5.9,,,34.64,5.51,,0.1015,4.95,0.333,Both
27149,Stevens,MN,9686,193,2157,7,0.4798883259,"Stevens, MN",1,1,1,128,118,1,1,1,0,64,15,11,,,20,114,,21,,10,,2,1,1,1,0,7,128,AHRF_natality_24,7.81,7.81,10.32,7.81,FALSE,"Nonmetro, remote (RUCC 7-9)",118,TRUE,12.71,9.32,,,16.95,8.77,,0.5,0,1,Midwife only
27151,Swift,MN,9787,175,1719,9,1,"Swift, MN",0,0,0,108,111,0,2,2,0,0,12,,,,39,100,,15,10,,,4,2,2,0,0,,108,AHRF_natality_24,0,0,0,0,FALSE,"Nonmetro, remote (RUCC 7-9)",111,TRUE,10.81,,,,35.14,,,1,0,,Neither
27153,Todd,MN,25402,310,4343,8,0.9942205684,"Todd, MN",6,5,6,326,345,1,2,2,1,479,33,18,,,106,332,,64,,18,,6,4,2,4,0,8,326,AHRF_natality_24,12.27,18.4,15.75,3.07,FALSE,"Nonmetro, remote (RUCC 7-9)",345,TRUE,9.57,5.22,,,30.72,5.42,,,3.07,0.8,Both
27155,Traverse,MN,3279,56,553,9,1,"Traverse, MN",0,0,0,25,38,0,1,1,0,0,,,,,13,30,,,,,,2,1,1,0,0,,25,AHRF_natality_24,,,0,,FALSE,"Nonmetro, remote (RUCC 7-9)",38,FALSE,,,,,,,,,,,Neither
27157,Wabasha,MN,21519,272,3917,3,0.8118015617,"Wabasha, MN",0,0,0,218,217,0,2,2,1,0,25,11,,,53,210,,13,,10,,2,1,1,0,0,,218,AHRF_natality_24,0,0,0,0,FALSE,Metro (RUCC 1-3),217,TRUE,11.52,5.07,,,24.42,4.76,,1,4.59,0,OB/GYN only
27159,Wadena,MN,14135,150,2784,9,0.7184500533,"Wadena, MN",2,2,2,192,191,1,1,1,0,147,18,13,,,64,185,,,,13,,1,1,0,2,0,9,192,AHRF_natality_24,10.42,10.42,14.15,5.21,FALSE,"Nonmetro, remote (RUCC 7-9)",191,TRUE,9.42,6.81,,,33.51,7.03,,0.2344,0,1,Midwife only
27161,Waseca,MN,18958,249,4525,6,0.5143926613,"Waseca, MN",0,0,0,189,189,0,1,1,0,0,23,12,,,74,184,,19,,12,,2,1,1,0,0,,189,AHRF_natality_24,0,0,0,0,FALSE,"Nonmetro, adjacent (RUCC 4-6)",189,TRUE,12.17,6.35,,,39.15,6.52,,1,0,,Neither
27163,Washington,MN,272298,3002,58589,1,0.1336632183,"Washington, MN",16,16,16,2775,2777,1,2,0,33,2420,295,193,33,,726,2074,235,171,468,135,22,2,2,0,16,16,1,2775,AHRF_natality_24,5.77,5.77,5.88,0.36,FALSE,Metro (RUCC 1-3),2777,TRUE,10.62,6.95,1.19,,26.14,6.51,9.36,0.1279,11.89,0.327,Both
27165,Watonwan,MN,11169,184,2098,8,1,"Watonwan, MN",0,0,0,165,176,0,2,2,0,0,20,,,,98,166,,90,,,,4,2,2,0,0,,165,AHRF_natality_24,0,0,0,0,FALSE,"Nonmetro, remote (RUCC 7-9)",176,TRUE,11.36,,,,55.68,,,1,0,,Neither
27167,Wilkin,MN,6413,105,1138,8,0.4795573317,"Wilkin, MN",0,0,0,33,67,0,1,1,0,361,,,,,23,62,,,,,,2,1,1,0,0,,33,AHRF_natality_24,,,0,,FALSE,"Nonmetro, remote (RUCC 7-9)",67,FALSE,,,,,,,,,,,Neither
27169,Winona,MN,49705,448,12163,4,0.4034144672,"Winona, MN",2,3,2,282,444,1,1,0,3,179,48,35,,,129,410,14,23,21,29,,1,1,0,3,0,4,282,AHRF_natality_24,10.64,7.09,6.04,3.55,FALSE,"Nonmetro, adjacent (RUCC 4-6)",444,TRUE,10.81,7.88,,,29.05,7.07,,0.3652,10.64,0.5,Both
27171,Wright,MN,145270,2542,32107,1,0.39168087620000003,"Wright, MN",2,2,2,1842,1877,2,3,1,9,786,196,108,23,,366,1720,77,77,80,94,,4,2,1,3,0,1,1842,AHRF_natality_24,1.63,1.09,2.07,1.09,FALSE,Metro (RUCC 1-3),1877,TRUE,10.44,5.75,1.23,,19.5,5.47,,0.5733,4.89,0.25,Both
27173,Yellow Medicine,MN,9509,104,1769,9,1,"Yellow Medicine, MN",0,0,0,87,122,1,2,2,0,6,12,,,,41,111,,,10,,,5,3,2,0,0,,87,AHRF_natality_24,0,0,0,11.49,FALSE,"Nonmetro, remote (RUCC 7-9)",122,TRUE,9.84,,,,33.61,,,,0,,Neither
28001,Adams,MS,29098,387,5753,7,0.3647843456,"Adams, MS",0,0,0,265,274,1,1,0,3,583,42,33,,,200,89,185,,,,27,3,2,0,0,0,,265,AHRF_natality_24,0,0,0,3.77,FALSE,"Nonmetro, remote (RUCC 7-9)",274,TRUE,15.33,12.04,,,72.99,,14.59,,11.32,0,OB/GYN only
28003,Alcorn,MS,34500,498,7279,7,0.6412204951,"Alcorn, MS",0,0,0,381,390,1,1,0,6,443,62,48,11,,181,320,63,21,,33,15,1,1,0,0,0,,381,AHRF_natality_24,0,0,0,2.62,FALSE,"Nonmetro, remote (RUCC 7-9)",390,TRUE,15.9,12.31,2.82,,46.41,10.31,,,15.75,0,OB/GYN only
28005,Amite,MS,12611,128,2201,8,1,"Amite, MS",0,0,0,113,117,0,0,0,1,0,20,14,,,51,71,44,,,,,0,0,0,0,0,,113,AHRF_natality_24,0,0,0,0,TRUE,"Nonmetro, remote (RUCC 7-9)",117,TRUE,17.09,11.97,,,43.59,,,1,8.85,0,OB/GYN only
28007,Attala,MS,17685,308,3831,6,0.6245737604,"Attala, MS",0,0,0,209,222,0,1,1,0,0,42,32,,,138,105,113,,,,22,2,1,1,0,0,,209,AHRF_natality_24,0,0,0,0,FALSE,"Nonmetro, adjacent (RUCC 4-6)",222,TRUE,18.92,14.41,,,62.16,,19.47,1,0,,Neither
28009,Benton,MS,7592,69,1442,1,1,"Benton, MS",0,0,0,81,84,0,0,0,0,0,13,,,,48,55,28,,,,,0,0,0,0,0,,81,AHRF_natality_24,0,0,0,0,TRUE,Metro (RUCC 1-3),84,FALSE,,,,,,,,,0,,Neither
28011,Bolivar,MS,30163,484,6913,7,0.5370017751,"Bolivar, MS",0,0,0,349,370,1,1,0,3,338,65,53,,14,262,107,259,10,,,44,2,2,0,0,0,,349,AHRF_natality_24,0,0,0,2.87,FALSE,"Nonmetro, remote (RUCC 7-9)",370,TRUE,17.57,14.32,,3.78,70.81,,16.99,0.0315,8.6,0,OB/GYN only
28013,Calhoun,MS,13029,104,2459,9,1,"Calhoun, MS",0,0,0,161,159,0,1,1,0,0,26,19,,,96,110,47,16,,,10,4,3,1,0,0,,161,AHRF_natality_24,0,0,0,0,FALSE,"Nonmetro, remote (RUCC 7-9)",159,TRUE,16.35,11.95,,,60.38,,,1,0,,Neither
28015,Carroll,MS,9828,126,1707,8,1,"Carroll, MS",0,0,0,70,74,0,0,0,0,0,13,10,,,38,48,25,,,,,0,0,0,0,0,,70,AHRF_natality_24,0,0,0,0,TRUE,"Nonmetro, remote (RUCC 7-9)",74,FALSE,,,,,,,,,0,,Neither
28017,Chickasaw,MS,16994,213,3478,9,1,"Chickasaw, MS",0,0,0,223,219,0,1,0,0,0,39,31,,,143,114,103,15,,10,21,3,2,0,0,0,,223,AHRF_natality_24,0,0,0,0,FALSE,"Nonmetro, remote (RUCC 7-9)",219,TRUE,17.81,14.16,,,65.3,8.77,20.39,1,0,,Neither
28019,Choctaw,MS,8172,79,1595,9,1,"Choctaw, MS",0,0,0,93,90,0,1,1,0,0,16,11,,,40,62,27,,,,,4,2,2,0,0,,93,AHRF_natality_24,0,0,0,0,FALSE,"Nonmetro, remote (RUCC 7-9)",90,FALSE,,,,,,,,,0,,Neither
28021,Claiborne,MS,8908,32,2375,8,1,"Claiborne, MS",0,0,0,97,100,0,1,1,0,0,22,18,,,85,,94,,,,17,2,1,1,0,0,,97,AHRF_natality_24,0,0,0,0,FALSE,"Nonmetro, remote (RUCC 7-9)",100,TRUE,22,18,,,85,,,,0,,Neither
28023,Clarke,MS,15424,116,3231,9,1,"Clarke, MS",1,1,1,169,176,0,1,1,0,0,31,17,,,94,112,62,,,,10,2,1,1,1,0,9,169,AHRF_natality_24,5.92,5.92,6.48,0,FALSE,"Nonmetro, remote (RUCC 7-9)",176,TRUE,17.61,9.66,,,53.41,,,1,0,1,Midwife only
28025,Clay,MS,18462,273,4130,7,0.563532947,"Clay, MS",0,0,0,236,231,1,1,0,4,248,52,42,,,157,69,160,,,,35,1,1,0,0,0,,236,AHRF_natality_24,0,0,0,4.24,FALSE,"Nonmetro, remote (RUCC 7-9)",231,TRUE,22.51,18.18,,,67.97,,21.88,,16.95,0,OB/GYN only
28027,Coahoma,MS,20808,323,4709,6,0.3264142122,"Coahoma, MS",0,0,0,265,284,1,1,0,4,505,55,49,,,234,44,239,,,,43,1,1,0,0,0,,265,AHRF_natality_24,0,0,0,3.77,FALSE,"Nonmetro, adjacent (RUCC 4-6)",284,TRUE,19.37,17.25,,,82.39,,17.99,,15.09,0,OB/GYN only
28029,Copiah,MS,27994,246,6180,2,0.8217357586,"Copiah, MS",0,0,0,321,328,0,1,1,0,4,58,43,,,215,154,170,55,,14,28,2,1,1,0,0,,321,AHRF_natality_24,0,0,0,0,FALSE,Metro (RUCC 1-3),328,TRUE,17.68,13.11,,,65.55,9.09,16.47,0.9875,0,,Neither
28031,Covington,MS,18226,269,3844,8,1,"Covington, MS",0,0,0,243,240,0,1,1,1,0,37,29,,,136,139,95,10,,13,15,2,1,1,0,0,,243,AHRF_natality_24,0,0,0,0,FALSE,"Nonmetro, remote (RUCC 7-9)",240,TRUE,15.42,12.08,,,56.67,9.35,,1,4.12,0,OB/GYN only
28033,DeSoto,MS,188598,2865,46483,1,0.2190120552,"DeSoto, MS",1,1,1,1659,2250,2,3,0,13,2179,336,237,47,33,999,1285,873,160,92,98,129,3,2,0,0,0,,1659,AHRF_natality_24,0,0.6,0,1.21,FALSE,Metro (RUCC 1-3),2250,TRUE,14.93,10.53,2.09,1.47,44.4,7.63,14.78,,7.84,0,OB/GYN only
28035,Forrest,MS,78027,1397,21534,3,0.345965864,"Forrest, MS",0,0,0,991,1005,1,2,0,8,3941,187,151,24,21,573,537,437,89,32,58,89,4,3,0,0,0,,991,AHRF_natality_24,0,0,0,1.01,FALSE,Metro (RUCC 1-3),1005,TRUE,18.61,15.02,2.39,2.09,57.01,10.8,20.37,,8.07,0,OB/GYN only
28037,Franklin,MS,7655,52,1574,9,1,"Franklin, MS",0,0,0,95,89,0,1,1,0,0,15,13,,,48,54,34,,,,,2,1,1,0,0,,95,AHRF_natality_24,0,0,0,0,FALSE,"Nonmetro, remote (RUCC 7-9)",89,FALSE,,,,,,,,,0,,Neither
28039,George,MS,24870,804,5300,8,1,"George, MS",0,0,0,349,353,0,1,0,1,262,41,25,,,138,326,24,11,,20,,1,1,0,0,0,,349,AHRF_natality_24,0,0,0,0,FALSE,"Nonmetro, remote (RUCC 7-9)",353,TRUE,11.61,7.08,,,39.09,6.13,,0.2493,2.87,0,OB/GYN only
28041,Greene,MS,13595,170,2265,8,1,"Greene, MS",0,0,0,161,145,0,1,0,0,0,18,10,,,59,123,21,,,,,4,2,1,0,0,,161,AHRF_natality_24,0,0,0,0,FALSE,"Nonmetro, remote (RUCC 7-9)",145,TRUE,12.41,6.9,,,40.69,,,1,0,,Neither
28043,Grenada,MS,21342,414,4562,7,0.5248971289,"Grenada, MS",0,0,0,246,248,1,1,0,2,381,42,33,,,166,115,132,,,,25,2,2,0,0,0,,246,AHRF_natality_24,0,0,0,4.07,FALSE,"Nonmetro, remote (RUCC 7-9)",248,TRUE,16.94,13.31,,,66.94,,18.94,,8.13,0,OB/GYN only
28045,Hancock,MS,46057,453,9046,2,0.3826026535,"Hancock, MS",0,0,0,446,420,1,1,0,3,0,55,43,,,208,358,47,17,15,34,,3,2,1,0,0,,446,AHRF_natality_24,0,0,0,2.24,FALSE,Metro (RUCC 1-3),420,TRUE,13.1,10.24,,,49.52,9.5,,1,6.73,0,OB/GYN only
28047,Harrison,MS,209443,2726,47807,2,0.191735252,"Harrison, MS",5,5,5,2454,2443,3,9,0,23,3362,376,281,50,48,1277,1496,790,256,157,135,132,15,5,0,2,0,2,2454,AHRF_natality_24,0.81,2.04,0.95,1.22,FALSE,Metro (RUCC 1-3),2443,TRUE,15.39,11.5,2.05,1.96,52.27,9.02,16.71,,9.37,0.08,Both
28049,Hinds,MS,222494,3430,54906,2,0.1757998086,"Hinds, MS",7,6,7,2601,2663,3,8,0,54,7117,535,417,72,60,1838,602,2023,112,39,37,376,19,8,0,4,3,2,2601,AHRF_natality_24,1.54,2.69,1.8,1.15,FALSE,Metro (RUCC 1-3),2663,TRUE,20.09,15.66,2.7,2.25,69.02,6.15,18.59,,20.76,0.069,Both
28051,Holmes,MS,16491,258,3739,2,1,"Holmes, MS",0,0,0,205,211,0,1,1,0,0,57,45,,,178,19,192,,,,43,3,2,1,0,0,,205,AHRF_natality_24,0,0,0,0,FALSE,Metro (RUCC 1-3),211,TRUE,27.01,21.33,,,84.36,,22.4,1,0,,Neither
28053,Humphreys,MS,7570,64,1678,8,1,"Humphreys, MS",0,0,0,95,96,0,0,0,0,0,25,21,,,79,13,82,,,,18,2,1,1,0,0,,95,AHRF_natality_24,0,0,0,0,FALSE,"Nonmetro, remote (RUCC 7-9)",96,FALSE,,,,,,,,,0,,Neither
28055,Issaquena,MS,1095,9,134,9,1,"Issaquena, MS",0,0,0,9,,0,0,0,0,0,,,,,,,,,,,,0,0,0,0,0,,9,AHRF_natality_24,,,0,,TRUE,"Nonmetro, remote (RUCC 7-9)",,FALSE,,,,,,,,,,,Neither
28057,Itawamba,MS,23942,398,5384,9,1,"Itawamba, MS",0,0,0,284,279,0,0,0,0,0,49,33,,,114,256,19,,,29,,1,1,0,0,0,,284,AHRF_natality_24,0,0,0,0,FALSE,"Nonmetro, remote (RUCC 7-9)",279,TRUE,17.56,11.83,,,40.86,11.33,,1,0,,Neither
28059,Jackson,MS,144437,1920,32461,2,0.3034093765,"Jackson, MS",0,0,0,1537,1525,1,1,0,11,1426,240,152,23,27,776,1044,413,134,68,80,68,1,1,0,0,0,,1537,AHRF_natality_24,0,0,0,0.65,FALSE,Metro (RUCC 1-3),1525,TRUE,15.74,9.97,1.51,1.77,50.89,7.66,16.46,0.0722,7.16,0,OB/GYN only
28061,Jasper,MS,16211,309,3294,8,1,"Jasper, MS",0,0,0,192,197,0,1,0,0,0,38,31,,,118,85,110,,,,23,1,1,0,0,0,,192,AHRF_natality_24,0,0,0,0,FALSE,"Nonmetro, remote (RUCC 7-9)",197,TRUE,19.29,15.74,,,59.9,,20.91,1,0,,Neither
28063,Jefferson,MS,7127,16,1352,9,1,"Jefferson, MS",0,0,0,72,72,0,1,0,1,0,15,12,,,55,,64,,,,11,2,1,0,0,0,,72,AHRF_natality_24,0,0,0,0,FALSE,"Nonmetro, remote (RUCC 7-9)",72,FALSE,,,,,,,,,13.89,0,OB/GYN only
28065,Jefferson Davis,MS,11183,116,2197,8,1,"Jefferson Davis, MS",0,0,0,110,115,0,1,1,0,0,19,14,,,72,43,70,,,,11,2,1,1,0,0,,110,AHRF_natality_24,0,0,0,0,FALSE,"Nonmetro, remote (RUCC 7-9)",115,TRUE,16.52,12.17,,,62.61,,,1,0,,Neither
28067,Jones,MS,66839,961,14857,4,0.6252416501,"Jones, MS",1,1,1,868,894,1,1,0,5,865,155,104,18,24,507,546,330,102,19,49,54,3,3,0,0,0,,868,AHRF_natality_24,0,1.15,0,1.15,FALSE,"Nonmetro, adjacent (RUCC 4-6)",894,TRUE,17.34,11.63,2.01,2.68,56.71,8.97,16.36,0.0035,5.76,0,OB/GYN only
28069,Kemper,MS,8855,232,1897,9,1,"Kemper, MS",0,0,0,78,80,0,1,1,0,0,14,10,,,57,20,60,,,,,3,2,1,0,0,,78,AHRF_natality_24,0,0,0,0,FALSE,"Nonmetro, remote (RUCC 7-9)",80,FALSE,,,,,,,,,0,,Neither
28071,Lafayette,MS,56920,711,16751,4,0.3994589074,"Lafayette, MS",1,1,1,529,571,1,1,0,10,1026,61,44,,,220,380,163,43,27,20,21,1,1,0,1,0,4,529,AHRF_natality_24,1.89,1.89,1.76,1.89,FALSE,"Nonmetro, adjacent (RUCC 4-6)",571,TRUE,10.68,7.71,,,38.53,5.26,12.88,,18.9,0.091,Both
28073,Lamar,MS,65081,868,16294,3,0.5374949394,"Lamar, MS",0,0,0,734,751,0,1,0,12,0,108,72,10,,281,515,203,29,33,39,31,3,2,0,0,0,,734,AHRF_natality_24,0,0,0,0,FALSE,Metro (RUCC 1-3),751,TRUE,14.38,9.59,1.33,,37.42,7.57,15.27,1,16.35,0,OB/GYN only
28075,Lauderdale,MS,71984,1098,15649,5,0.536761482,"Lauderdale, MS",8,8,8,868,849,2,7,0,10,1884,160,114,15,23,492,394,428,31,27,39,72,11,7,0,8,0,5,868,AHRF_natality_24,9.22,9.22,11.11,2.3,FALSE,"Nonmetro, adjacent (RUCC 4-6)",849,TRUE,18.85,13.43,1.77,2.71,57.95,9.9,16.82,,11.52,0.444,Both
28077,Lawrence,MS,11883,107,2438,8,1,"Lawrence, MS",0,0,0,139,147,0,1,1,1,0,27,18,,,80,93,53,,,,11,2,1,1,0,0,,139,AHRF_natality_24,0,0,0,0,FALSE,"Nonmetro, remote (RUCC 7-9)",147,TRUE,18.37,12.24,,,54.42,,,1,7.19,0,OB/GYN only
28079,Leake,MS,21288,209,4606,8,1,"Leake, MS",1,1,1,298,306,0,1,1,0,0,56,37,,,203,133,131,46,42,12,22,4,3,1,0,0,,298,AHRF_natality_24,0,3.36,0,0,FALSE,"Nonmetro, remote (RUCC 7-9)",306,TRUE,18.3,12.09,,,66.34,9.02,16.79,1,0,,Neither
28081,Lee,MS,83138,752,19263,5,0.5172599978,"Lee, MS",0,0,0,1001,1063,1,3,0,17,2441,194,150,24,25,534,632,411,52,20,66,81,6,4,0,0,0,,1001,AHRF_natality_24,0,0,0,1,FALSE,"Nonmetro, adjacent (RUCC 4-6)",1063,TRUE,18.25,14.11,2.26,2.35,50.24,10.44,19.71,,16.98,0,OB/GYN only
28083,Leflore,MS,27432,258,6487,6,0.3127845019,"Leflore, MS",0,0,0,333,352,1,1,0,5,1,67,58,,13,275,69,281,19,,,52,3,2,0,0,0,,333,AHRF_natality_24,0,0,0,3,FALSE,"Nonmetro, adjacent (RUCC 4-6)",352,TRUE,19.03,16.48,,3.69,78.12,,18.51,0.997,15.02,0,OB/GYN only
28085,Lincoln,MS,34830,470,7782,6,0.7091700805,"Lincoln, MS",0,0,0,410,417,1,1,0,5,752,71,52,10,12,206,286,127,,,27,25,1,1,0,0,0,,410,AHRF_natality_24,0,0,0,2.44,FALSE,"Nonmetro, adjacent (RUCC 4-6)",417,TRUE,17.03,12.47,2.4,2.88,49.4,9.44,19.69,,12.2,0,OB/GYN only
28087,Lowndes,MS,58187,838,13412,5,0.5432157476,"Lowndes, MS",0,0,0,688,723,1,1,0,6,832,139,112,20,15,381,348,353,20,22,35,72,3,2,0,0,0,,688,AHRF_natality_24,0,0,0,1.45,FALSE,"Nonmetro, adjacent (RUCC 4-6)",723,TRUE,19.23,15.49,2.77,2.07,52.7,10.06,20.4,,8.72,0,OB/GYN only
28089,Madison,MS,110303,1028,26191,2,0.2575747858,"Madison, MS",1,1,1,1316,1301,0,1,0,30,0,217,149,23,18,515,713,532,119,55,56,89,2,1,0,0,0,,1316,AHRF_natality_24,0,0.76,0,0,FALSE,Metro (RUCC 1-3),1301,TRUE,16.68,11.45,1.77,1.38,39.58,7.85,16.73,1,22.8,0,OB/GYN only
28091,Marion,MS,24303,382,5353,6,0.7448549568,"Marion, MS",0,0,0,241,260,0,1,0,0,0,46,37,,,135,168,87,,,16,21,1,1,0,0,0,,241,AHRF_natality_24,0,0,0,0,FALSE,"Nonmetro, adjacent (RUCC 4-6)",260,TRUE,17.69,14.23,,,51.92,9.52,,1,0,,Neither
28093,Marshall,MS,33899,416,7085,1,0.835298649,"Marshall, MS",0,0,0,316,387,0,1,0,0,0,51,41,,,219,223,155,29,,18,22,3,2,0,0,0,,316,AHRF_natality_24,0,0,0,0,FALSE,Metro (RUCC 1-3),387,TRUE,13.18,10.59,,,56.59,8.07,14.19,1,0,,Neither
28095,Monroe,MS,33928,382,7208,7,0.8251316559,"Monroe, MS",0,0,0,394,385,1,2,1,4,554,68,59,,12,197,262,119,,,32,26,3,2,1,0,0,,394,AHRF_natality_24,0,0,0,2.54,FALSE,"Nonmetro, remote (RUCC 7-9)",385,TRUE,17.66,15.32,,3.12,51.17,12.21,21.85,,10.15,0,OB/GYN only
28097,Montgomery,MS,9708,131,2028,9,1,"Montgomery, MS",0,0,0,124,119,0,1,1,0,0,20,18,,,71,57,62,,,,13,3,2,1,0,0,,124,AHRF_natality_24,0,0,0,0,FALSE,"Nonmetro, remote (RUCC 7-9)",119,TRUE,16.81,15.13,,,59.66,,,1,0,,Neither
28099,Neshoba,MS,28927,458,6399,7,0.755423385,"Neshoba, MS",0,0,0,460,429,0,3,1,0,0,69,45,,14,265,196,100,,133,15,18,6,3,2,0,0,,460,AHRF_natality_24,0,0,0,0,FALSE,"Nonmetro, remote (RUCC 7-9)",429,TRUE,16.08,10.49,,3.26,61.77,7.65,18,1,0,,Neither
28101,Newton,MS,21151,364,4828,8,1,"Newton, MS",0,0,0,308,288,0,0,0,0,0,54,35,,,155,151,98,,38,13,19,5,3,2,0,0,,308,AHRF_natality_24,0,0,0,0,FALSE,"Nonmetro, remote (RUCC 7-9)",288,TRUE,18.75,12.15,,,53.82,8.61,,1,0,,Neither
28103,Noxubee,MS,10136,209,2197,9,1,"Noxubee, MS",0,0,0,135,147,0,1,1,1,0,24,20,,,93,46,100,,,,18,2,1,1,0,0,,135,AHRF_natality_24,0,0,0,0,FALSE,"Nonmetro, remote (RUCC 7-9)",147,TRUE,16.33,13.61,,,63.27,,18,1,7.41,0,OB/GYN only
28105,Oktibbeha,MS,51473,732,15342,5,0.3664169306,"Oktibbeha, MS",0,0,0,498,487,1,1,0,4,868,74,63,10,,231,219,239,11,29,13,47,1,1,0,1,0,5,498,AHRF_natality_24,2.01,0,1.94,2.01,FALSE,"Nonmetro, adjacent (RUCC 4-6)",487,TRUE,15.2,12.94,2.05,,47.43,5.94,19.67,,8.03,0.2,Both
28107,Panola,MS,32965,366,7384,6,0.811099735,"Panola, MS",0,0,0,411,415,0,2,0,1,0,72,63,14,11,279,179,231,12,,18,44,6,3,0,0,0,,411,AHRF_natality_24,0,0,0,0,FALSE,"Nonmetro, adjacent (RUCC 4-6)",415,TRUE,17.35,15.18,3.37,2.65,67.23,10.06,19.05,1,2.43,0,OB/GYN only
28109,Pearl River,MS,56781,798,11911,6,0.7096624811,"Pearl River, MS",1,1,1,700,624,1,2,1,4,218,93,60,,10,283,531,77,24,16,44,15,3,2,1,0,0,,700,AHRF_natality_24,0,1.43,0,1.43,FALSE,"Nonmetro, adjacent (RUCC 4-6)",624,TRUE,14.9,9.62,,1.6,45.35,8.29,,0.6886,5.71,0,OB/GYN only
28111,Perry,MS,11459,64,2399,3,1,"Perry, MS",0,0,0,151,147,0,1,0,1,0,19,13,,,69,118,25,,,,,3,1,1,0,0,,151,AHRF_natality_24,0,0,0,0,FALSE,Metro (RUCC 1-3),147,TRUE,12.93,8.84,,,46.94,,,1,6.62,0,OB/GYN only
28113,Pike,MS,39930,1034,9014,6,0.6199037794,"Pike, MS",1,1,1,472,474,1,2,0,9,466,86,66,13,10,319,167,301,,,14,51,3,2,0,1,0,6,472,AHRF_natality_24,2.12,2.12,2.5,2.12,FALSE,"Nonmetro, adjacent (RUCC 4-6)",474,TRUE,18.14,13.92,2.74,2.11,67.3,8.38,16.94,0.0127,19.07,0.1,Both
28115,Pontotoc,MS,31312,309,6821,9,1,"Pontotoc, MS",0,0,0,441,426,0,1,1,0,0,70,42,,,192,353,68,42,,30,12,2,1,1,0,0,,441,AHRF_natality_24,0,0,0,0,FALSE,"Nonmetro, remote (RUCC 7-9)",426,TRUE,16.43,9.86,,,45.07,8.5,,1,0,,Neither
28117,Prentiss,MS,24999,332,5583,7,0.74256238,"Prentiss, MS",0,0,0,319,292,0,1,0,0,0,48,30,,,128,249,38,,,24,,1,1,0,0,0,,319,AHRF_natality_24,0,0,0,0,FALSE,"Nonmetro, remote (RUCC 7-9)",292,TRUE,16.44,10.27,,,43.84,9.64,,1,0,,Neither
28119,Quitman,MS,5908,107,1353,8,1,"Quitman, MS",0,0,0,75,68,0,0,0,0,0,13,10,,,52,15,53,,,,,4,2,2,0,0,,75,AHRF_natality_24,0,0,0,0,FALSE,"Nonmetro, remote (RUCC 7-9)",68,FALSE,,,,,,,,,0,,Neither
28121,Rankin,MS,158218,1815,37444,2,0.329985799,"Rankin, MS",0,0,0,1771,1773,1,5,0,32,1556,296,196,35,25,637,1294,428,98,52,125,66,6,4,0,1,0,2,1771,AHRF_natality_24,0.56,0,0.63,0.56,FALSE,Metro (RUCC 1-3),1773,TRUE,16.69,11.05,1.97,1.41,35.93,9.66,15.42,0.1214,18.07,0.03,Both
28123,Scott,MS,27754,538,6106,2,1,"Scott, MS",0,0,0,463,457,0,2,2,0,6,88,58,,16,296,259,185,133,13,24,32,5,3,2,0,0,,463,AHRF_natality_24,0,0,0,0,FALSE,Metro (RUCC 1-3),457,TRUE,19.26,12.69,,3.5,64.77,9.27,17.3,0.987,0,,Neither
28125,Sharkey,MS,3848,13,775,8,1,"Sharkey, MS",0,0,0,48,45,0,1,0,0,0,,,,,39,,39,,,,,3,1,1,0,0,,48,AHRF_natality_24,,,0,,FALSE,"Nonmetro, remote (RUCC 7-9)",45,FALSE,,,,,,,,,,,Neither
28127,Simpson,MS,25817,262,5530,2,1,"Simpson, MS",1,1,1,313,308,0,2,1,0,0,52,37,,,167,185,119,,,16,21,3,2,1,0,0,,313,AHRF_natality_24,0,3.19,0,0,FALSE,Metro (RUCC 1-3),308,TRUE,16.88,12.01,,,54.22,8.65,17.65,1,0,,Neither
28129,Smith,MS,14193,153,2953,8,1,"Smith, MS",0,0,0,167,174,0,1,0,0,0,28,19,,,79,127,46,,,10,,6,4,1,0,0,,167,AHRF_natality_24,0,0,0,0,FALSE,"Nonmetro, remote (RUCC 7-9)",174,TRUE,16.09,10.92,,,45.4,7.87,,1,0,,Neither
28131,Stone,MS,18515,302,4296,2,1,"Stone, MS",0,0,0,206,198,0,1,0,0,0,29,21,,,84,161,32,,,14,,3,2,1,0,0,,206,AHRF_natality_24,0,0,0,0,FALSE,Metro (RUCC 1-3),198,TRUE,14.65,10.61,,,42.42,8.7,,1,0,,Neither
28133,Sunflower,MS,25328,298,5178,7,0.6403295984,"Sunflower, MS",0,0,0,258,257,1,2,1,0,190,53,43,,10,203,50,206,,,,38,3,2,1,1,0,7,258,AHRF_natality_24,3.88,0,3.95,3.88,FALSE,"Nonmetro, remote (RUCC 7-9)",257,TRUE,20.62,16.73,,3.89,78.99,,18.45,0.2636,0,1,Midwife only
28135,Tallahatchie,MS,12363,74,2322,9,1,"Tallahatchie, MS",0,0,0,115,124,0,1,1,0,0,24,17,,,95,44,81,,,,14,2,1,1,0,0,,115,AHRF_natality_24,0,0,0,0,FALSE,"Nonmetro, remote (RUCC 7-9)",124,TRUE,19.35,13.71,,,76.61,,,1,0,,Neither
28137,Tate,MS,28135,294,6566,1,0.757090935,"Tate, MS",1,1,1,247,322,0,1,0,0,0,40,32,,,162,209,108,15,,13,19,2,2,0,0,0,,247,AHRF_natality_24,0,4.05,0,0,FALSE,Metro (RUCC 1-3),322,TRUE,12.42,9.94,,,50.31,6.22,17.59,1,0,,Neither
28139,Tippah,MS,21621,264,4945,8,1,"Tippah, MS",0,0,0,276,259,0,1,1,0,0,41,25,,,122,213,44,22,,19,,2,1,1,0,0,,276,AHRF_natality_24,0,0,0,0,FALSE,"Nonmetro, remote (RUCC 7-9)",259,TRUE,15.83,9.65,,,47.1,8.92,,1,0,,Neither
28141,Tishomingo,MS,18738,169,3864,8,1,"Tishomingo, MS",0,0,0,209,200,0,1,0,1,0,27,18,,,73,194,,,,17,,1,1,0,0,0,,209,AHRF_natality_24,0,0,0,0,FALSE,"Nonmetro, remote (RUCC 7-9)",200,TRUE,13.5,9,,,36.5,8.76,,1,4.78,0,OB/GYN only
28143,Tunica,MS,9586,156,2268,1,1,"Tunica, MS",0,0,0,129,126,0,0,0,0,0,23,16,,,108,16,108,,,,14,2,2,0,0,0,,129,AHRF_natality_24,0,0,0,0,FALSE,Metro (RUCC 1-3),126,TRUE,18.25,12.7,,,85.71,,12.96,1,0,,Neither
28145,Union,MS,28009,269,6222,7,0.7565251827,"Union, MS",0,0,0,321,341,1,1,0,4,782,51,29,,,145,278,61,23,,18,11,1,1,0,0,0,,321,AHRF_natality_24,0,0,0,3.12,FALSE,"Nonmetro, remote (RUCC 7-9)",341,TRUE,14.96,8.5,,,42.52,6.47,,,12.46,0,OB/GYN only
28147,Walthall,MS,13864,90,2972,9,1,"Walthall, MS",0,0,0,161,163,0,1,1,0,0,23,13,,,89,92,68,,,,,2,1,1,0,0,,161,AHRF_natality_24,0,0,0,0,FALSE,"Nonmetro, remote (RUCC 7-9)",163,TRUE,14.11,7.98,,,54.6,,,1,0,,Neither
28149,Warren,MS,43623,537,9597,4,0.4249586333,"Warren, MS",0,0,0,489,502,1,1,0,6,333,94,69,12,13,319,212,281,10,,20,48,5,4,0,0,0,,489,AHRF_natality_24,0,0,0,2.04,FALSE,"Nonmetro, adjacent (RUCC 4-6)",502,TRUE,18.73,13.75,2.39,2.59,63.55,9.43,17.08,0.319,12.27,0,OB/GYN only
28151,Washington,MS,43674,537,9670,5,0.3484929433,"Washington, MS",0,0,0,545,544,0,2,0,3,932,88,84,19,18,433,104,434,,,10,73,6,5,0,0,0,,545,AHRF_natality_24,0,0,0,0,FALSE,"Nonmetro, adjacent (RUCC 4-6)",544,TRUE,16.18,15.44,3.49,3.31,79.6,9.62,16.82,,5.5,0,OB/GYN only
28153,Wayne,MS,19699,320,4236,9,1,"Wayne, MS",1,1,1,253,268,0,1,0,0,174,41,36,,10,178,136,129,10,,12,23,1,1,0,1,0,9,253,AHRF_natality_24,3.95,3.95,5.08,0,FALSE,"Nonmetro, remote (RUCC 7-9)",268,TRUE,15.3,13.43,,3.73,66.42,8.82,17.83,0.3123,0,1,Midwife only
28155,Webster,MS,9942,201,2037,9,1,"Webster, MS",0,0,0,114,123,0,1,0,0,0,25,16,,,49,98,24,,,,,2,2,0,0,0,,114,AHRF_natality_24,0,0,0,0,FALSE,"Nonmetro, remote (RUCC 7-9)",123,TRUE,20.33,13.01,,,39.84,,,1,0,,Neither
28157,Wilkinson,MS,8376,68,1505,8,1,"Wilkinson, MS",0,0,0,70,72,0,1,1,0,0,14,13,,,53,19,52,,,,,2,1,1,0,0,,70,AHRF_natality_24,0,0,0,0,FALSE,"Nonmetro, remote (RUCC 7-9)",72,FALSE,,,,,,,,,0,,Neither
28159,Winston,MS,17609,271,3778,9,1,"Winston, MS",0,0,0,178,197,0,1,0,0,0,38,28,,,120,101,89,,,,18,1,1,0,0,0,,178,AHRF_natality_24,0,0,0,0,FALSE,"Nonmetro, remote (RUCC 7-9)",197,TRUE,19.29,14.21,,,60.91,,,1,0,,Neither
28161,Yalobusha,MS,12439,96,2566,9,1,"Yalobusha, MS",0,0,0,146,147,0,1,0,0,0,24,20,,,84,90,54,,,12,,1,1,0,0,0,,146,AHRF_natality_24,0,0,0,0,FALSE,"Nonmetro, remote (RUCC 7-9)",147,TRUE,16.33,13.61,,,57.14,,,1,0,,Neither
28163,Yazoo,MS,26837,246,4782,2,0.4368619826,"Yazoo, MS",0,0,0,291,286,0,1,1,0,1,58,48,,12,207,94,189,,,,39,2,1,1,0,0,,291,AHRF_natality_24,0,0,0,0,FALSE,Metro (RUCC 1-3),286,TRUE,20.28,16.78,,4.2,72.38,,20.63,0.9966,0,,Neither
29001,Adair,MO,25224,436,7132,7,0.3345184483,"Adair, MO",0,0,0,289,278,1,1,0,0,496,37,22,,,111,229,39,,,17,,2,2,0,1,0,7,289,AHRF_natality_24,3.46,0,3.96,3.46,FALSE,"Nonmetro, remote (RUCC 7-9)",278,TRUE,13.31,7.91,,,39.93,7.42,,,0,1,Midwife only
29003,Andrew,MO,18086,144,3591,3,0.6041356493,"Andrew, MO",0,0,0,160,164,0,0,0,0,0,14,12,,,57,158,,,,10,,0,0,0,0,0,,160,AHRF_natality_24,0,0,0,0,TRUE,Metro (RUCC 1-3),164,TRUE,8.54,7.32,,,34.76,6.33,,1,0,,Neither
29005,Atchison,MO,5216,28,924,9,1,"Atchison, MO",0,0,0,47,52,0,1,1,0,50,,,,,18,51,,,,,,2,1,1,0,0,,47,AHRF_natality_24,,,0,,FALSE,"Nonmetro, remote (RUCC 7-9)",52,FALSE,,,,,,,,,,,Neither
29007,Audrain,MO,24688,579,5808,6,0.5452688086,"Audrain, MO",0,0,0,268,293,0,0,0,1,0,38,27,,,117,266,13,15,13,23,,1,1,0,0,0,,268,AHRF_natality_24,0,0,0,0,FALSE,"Nonmetro, adjacent (RUCC 4-6)",293,TRUE,12.97,9.22,,,39.93,8.65,,1,3.73,0,OB/GYN only
29009,Barry,MO,34831,293,6586,6,0.8251578155,"Barry, MO",0,0,0,419,409,0,2,2,0,191,59,37,,,153,373,,69,32,35,,4,2,2,0,0,,419,AHRF_natality_24,0,0,0,0,FALSE,"Nonmetro, adjacent (RUCC 4-6)",409,TRUE,14.43,9.05,,,37.41,9.38,,0.5442,0,,Neither
29011,Barton,MO,11685,203,2331,8,1,"Barton, MO",0,0,0,146,141,0,1,1,0,0,17,13,,,47,135,,,,12,,2,1,1,0,0,,146,AHRF_natality_24,0,0,0,0,FALSE,"Nonmetro, remote (RUCC 7-9)",141,TRUE,12.06,9.22,,,33.33,8.89,,1,0,,Neither
29013,Bates,MO,16121,220,3216,1,1,"Bates, MO",0,0,0,186,189,0,1,0,0,0,24,14,,,80,184,,,,13,,1,1,0,0,0,,186,AHRF_natality_24,0,0,0,0,FALSE,Metro (RUCC 1-3),189,TRUE,12.7,7.41,,,42.33,7.07,,1,0,,Neither
29015,Benton,MO,19887,260,2987,9,1,"Benton, MO",0,0,0,172,159,0,0,0,0,0,16,11,,,66,155,,,,11,,0,0,0,0,0,,172,AHRF_natality_24,0,0,0,0,TRUE,"Nonmetro, remote (RUCC 7-9)",159,TRUE,10.06,6.92,,,41.51,7.1,,1,0,,Neither
29017,Bollinger,MO,10591,63,2072,3,1,"Bollinger, MO",0,0,0,135,134,0,0,0,0,0,20,13,,,51,132,,,,13,,0,0,0,0,0,,135,AHRF_natality_24,0,0,0,0,TRUE,Metro (RUCC 1-3),134,TRUE,14.93,9.7,,,38.06,9.85,,1,0,,Neither
29019,Boone,MO,185874,2774,52118,3,0.2275420729,"Boone, MO",3,2,3,2004,1919,2,6,0,46,3874,226,177,28,14,637,1444,289,112,186,111,47,13,5,0,6,5,3,2004,AHRF_natality_24,2.99,1.5,3.23,1,FALSE,Metro (RUCC 1-3),1919,TRUE,11.78,9.22,1.46,0.73,33.19,7.69,16.26,,22.95,0.115,Both
29021,Buchanan,MO,83855,1170,17791,3,0.1374995577,"Buchanan, MO",0,0,0,996,993,1,3,0,9,1333,119,102,13,16,542,835,63,114,95,85,,5,3,0,0,0,,996,AHRF_natality_24,0,0,0,1,FALSE,Metro (RUCC 1-3),993,TRUE,11.98,10.27,1.31,1.61,54.58,10.18,,,9.04,0,OB/GYN only
29023,Butler,MO,42166,627,8803,5,0.5146214099,"Butler, MO",0,0,0,472,506,1,2,0,6,1209,68,50,,12,273,451,35,17,20,38,,5,4,0,0,0,,472,AHRF_natality_24,0,0,0,2.12,FALSE,"Nonmetro, adjacent (RUCC 4-6)",506,TRUE,13.44,9.88,,2.37,53.95,8.43,,,12.71,0,OB/GYN only
29025,Caldwell,MO,8890,140,1725,1,1,"Caldwell, MO",0,0,0,109,99,0,0,0,0,0,12,,,,36,96,,,,,,0,0,0,0,0,,109,AHRF_natality_24,0,0,0,0,TRUE,Metro (RUCC 1-3),99,FALSE,,,,,,,,1,0,,Neither
29027,Callaway,MO,44541,535,9411,3,0.6011336179,"Callaway, MO",0,0,0,491,464,0,1,0,0,0,60,43,,,195,428,18,19,17,38,,3,2,0,0,0,,491,AHRF_natality_24,0,0,0,0,FALSE,Metro (RUCC 1-3),464,TRUE,12.93,9.27,,,42.03,8.88,,1,0,,Neither
29029,Camden,MO,43416,281,7067,7,0.5625219324,"Camden, MO",0,0,0,376,356,1,2,0,1,652,41,24,,,143,336,,22,15,22,,2,1,0,1,0,7,376,AHRF_natality_24,2.66,0,2.3,2.66,FALSE,"Nonmetro, remote (RUCC 7-9)",356,TRUE,11.52,6.74,,,40.17,6.55,,,2.66,0.5,Both
29031,Cape Girardeau,MO,82180,691,19724,3,0.3220046506,"Cape Girardeau, MO",4,5,4,934,895,2,3,0,9,1897,105,75,16,22,363,714,126,41,55,49,19,5,3,0,7,0,3,934,AHRF_natality_24,7.49,4.28,8.52,2.14,FALSE,Metro (RUCC 1-3),895,TRUE,11.73,8.38,1.79,2.46,40.56,6.86,15.08,,9.64,0.438,Both
29033,Carroll,MO,8459,209,1717,8,1,"Carroll, MO",0,0,0,83,84,0,1,1,0,0,,,,,30,83,,,,,,2,1,1,0,0,,83,AHRF_natality_24,0,0,0,0,FALSE,"Nonmetro, remote (RUCC 7-9)",84,FALSE,,,,,,,,,0,,Neither
29035,Carter,MO,5269,14,1033,9,1,"Carter, MO",0,0,0,75,85,0,0,0,0,0,12,,,,38,82,,,,,,0,0,0,0,0,,75,AHRF_natality_24,0,0,0,0,TRUE,"Nonmetro, remote (RUCC 7-9)",85,FALSE,,,,,,,,,0,,Neither
29037,Cass,MO,109393,1490,23392,1,0.296612999,"Cass, MO",0,0,0,1228,1162,0,2,1,0,0,141,95,13,10,383,1033,72,82,57,82,,3,2,1,1,0,1,1228,AHRF_natality_24,0.81,0,0.91,0,FALSE,Metro (RUCC 1-3),1162,TRUE,12.13,8.18,1.12,0.86,32.96,7.94,,1,0,1,Midwife only
29039,Cedar,MO,14440,245,2499,8,1,"Cedar, MO",0,0,0,228,202,0,1,1,0,0,18,10,,,66,196,,,,10,,3,1,1,1,0,8,228,AHRF_natality_24,4.39,0,6.93,0,FALSE,"Nonmetro, remote (RUCC 7-9)",202,TRUE,8.91,4.95,,,32.67,5.1,,1,0,1,Midwife only
29041,Chariton,MO,7406,63,1281,8,1,"Chariton, MO",0,0,0,71,73,0,0,0,0,0,,,,,27,71,,,,,,0,0,0,0,0,,71,AHRF_natality_24,0,0,0,0,TRUE,"Nonmetro, remote (RUCC 7-9)",73,FALSE,,,,,,,,,0,,Neither
29043,Christian,MO,91229,1197,20171,2,0.4224916143,"Christian, MO",0,0,0,1027,1042,0,0,0,5,0,107,70,10,,263,978,,49,56,66,,1,0,0,0,0,,1027,AHRF_natality_24,0,0,0,0,FALSE,Metro (RUCC 1-3),1042,TRUE,10.27,6.72,0.96,,25.24,6.75,,1,4.87,0,OB/GYN only
29045,Clark,MO,6680,38,1242,9,1,"Clark, MO",0,0,0,88,73,0,0,0,0,0,,,,,29,73,,,,,,0,0,0,0,0,,88,AHRF_natality_24,0,0,0,0,TRUE,"Nonmetro, remote (RUCC 7-9)",73,FALSE,,,,,,,,,0,,Neither
29047,Clay,MO,255566,3302,59909,1,0.0809205203,"Clay, MO",3,2,3,3043,2923,2,5,1,22,3357,350,233,32,22,940,2351,330,265,242,164,46,7,4,1,3,1,1,3043,AHRF_natality_24,0.99,0.99,1.17,0.66,FALSE,Metro (RUCC 1-3),2923,TRUE,11.97,7.97,1.09,0.75,32.16,6.98,13.94,,7.23,0.12,Both
29049,Clinton,MO,21259,228,4387,1,0.7577416918,"Clinton, MO",0,0,0,240,234,1,1,0,0,94,25,21,,,87,223,,,,19,,1,1,0,0,0,,240,AHRF_natality_24,0,0,0,4.17,FALSE,Metro (RUCC 1-3),234,TRUE,10.68,8.97,,,37.18,8.52,,0.6083,0,,Neither
29051,Cole,MO,76924,958,16177,3,0.3429651005,"Cole, MO",0,0,0,792,825,2,2,0,8,1356,103,76,11,13,326,662,110,44,52,52,17,6,4,0,0,0,,792,AHRF_natality_24,0,0,0,2.53,FALSE,Metro (RUCC 1-3),825,TRUE,12.48,9.21,1.33,1.58,39.52,7.85,15.45,,10.1,0,OB/GYN only
29053,Cooper,MO,16835,223,3400,3,0.5302578495,"Cooper, MO",0,0,0,171,178,0,0,0,0,0,22,14,,,60,165,,,,13,,1,1,0,0,0,,171,AHRF_natality_24,0,0,0,0,FALSE,Metro (RUCC 1-3),178,TRUE,12.36,7.87,,,33.71,7.88,,1,0,,Neither
29055,Crawford,MO,22890,289,4436,8,0.9320350451,"Crawford, MO",0,0,0,240,242,0,0,0,0,0,29,27,,,108,235,,,,26,,1,0,1,1,1,8,240,AHRF_natality_24,4.17,0,4.37,0,FALSE,"Nonmetro, remote (RUCC 7-9)",242,TRUE,11.98,11.16,,,44.63,11.06,,1,0,1,Midwife only
29057,Dade,MO,7627,115,1327,8,1,"Dade, MO",0,0,0,66,62,0,0,0,0,0,,,,,24,61,,,,,,1,1,0,0,0,,66,AHRF_natality_24,0,0,0,0,FALSE,"Nonmetro, remote (RUCC 7-9)",62,FALSE,,,,,,,,,0,,Neither
29059,Dallas,MO,17344,349,3384,2,1,"Dallas, MO",0,0,0,200,209,0,0,0,0,0,23,13,,,60,201,,,,12,,0,0,0,0,0,,200,AHRF_natality_24,0,0,0,0,TRUE,Metro (RUCC 1-3),209,TRUE,11,6.22,,,28.71,5.97,,1,0,,Neither
29061,Daviess,MO,8449,154,1635,8,1,"Daviess, MO",0,0,0,127,113,0,0,0,0,0,13,,,,26,112,,,,,,0,0,0,0,0,,127,AHRF_natality_24,0,0,0,0,TRUE,"Nonmetro, remote (RUCC 7-9)",113,TRUE,11.5,,,,23.01,,,1,0,,Neither
29063,DeKalb,MO,11176,122,1748,3,0.6991567685,"DeKalb, MO",0,0,0,101,93,0,0,0,0,0,,,,,38,89,,,,,,0,0,0,0,0,,101,AHRF_natality_24,0,0,0,0,TRUE,Metro (RUCC 1-3),93,FALSE,,,,,,,,1,0,,Neither
29065,Dent,MO,14506,139,2679,9,0.6751958949,"Dent, MO",0,0,0,156,146,0,1,1,0,0,18,11,,,60,139,,,,10,,2,1,1,0,0,,156,AHRF_natality_24,0,0,0,0,FALSE,"Nonmetro, remote (RUCC 7-9)",146,TRUE,12.33,7.53,,,41.1,7.19,,1,0,,Neither
29067,Douglas,MO,11850,163,2067,8,1,"Douglas, MO",0,0,0,143,146,0,0,0,0,0,12,,,,45,142,,,,,,0,0,0,0,0,,143,AHRF_natality_24,0,0,0,0,TRUE,"Nonmetro, remote (RUCC 7-9)",146,TRUE,8.22,,,,30.82,,,1,0,,Neither
29069,Dunklin,MO,27795,544,5870,7,0.6266308383,"Dunklin, MO",0,0,0,344,349,0,0,0,1,0,56,39,,15,209,280,53,39,16,28,,1,1,0,0,0,,344,AHRF_natality_24,0,0,0,0,FALSE,"Nonmetro, remote (RUCC 7-9)",349,TRUE,16.05,11.17,,4.3,59.89,10,,1,2.91,0,OB/GYN only
29071,Franklin,MO,105316,1227,21253,1,0.5498939646,"Franklin, MO",2,1,2,1072,1120,2,2,1,4,920,124,93,12,14,401,1083,,31,29,89,,2,2,0,1,0,1,1072,AHRF_natality_24,0.93,1.87,0.95,1.87,FALSE,Metro (RUCC 1-3),1120,TRUE,11.07,8.3,1.07,1.25,35.8,8.22,,0.1418,3.73,0.2,Both
29073,Gasconade,MO,14774,189,2760,8,1,"Gasconade, MO",0,0,0,134,155,0,1,1,0,0,20,13,,,59,152,,,,13,,2,1,1,0,0,,134,AHRF_natality_24,0,0,0,0,FALSE,"Nonmetro, remote (RUCC 7-9)",155,TRUE,12.9,8.39,,,38.06,8.55,,1,0,,Neither
29075,Gentry,MO,6224,115,1259,8,1,"Gentry, MO",0,0,0,83,79,0,1,1,0,0,10,,,,26,78,,,,,,2,1,1,0,0,,83,AHRF_natality_24,0,0,0,0,FALSE,"Nonmetro, remote (RUCC 7-9)",79,FALSE,,,,,,,,,0,,Neither
29077,Greene,MO,301121,4091,72869,2,0.1414147835,"Greene, MO",7,8,7,3287,3233,2,6,0,34,6506,363,271,40,43,1266,2849,133,225,250,228,21,12,7,0,6,6,2,3287,AHRF_natality_24,1.83,2.13,1.99,0.61,FALSE,Metro (RUCC 1-3),3233,TRUE,11.23,8.38,1.24,1.33,39.16,8,15.79,,10.34,0.15,Both
29079,Grundy,MO,9822,119,1875,7,0.4467781403,"Grundy, MO",0,0,0,145,138,0,1,1,0,0,12,10,,,38,133,,,,10,,2,1,1,0,0,,145,AHRF_natality_24,0,0,0,0,FALSE,"Nonmetro, remote (RUCC 7-9)",138,TRUE,8.7,7.25,,,27.54,7.52,,1,0,,Neither
29081,Harrison,MO,8198,87,1462,9,1,"Harrison, MO",0,0,0,83,95,0,1,1,0,0,,,,,30,93,,,,,,2,1,1,0,0,,83,AHRF_natality_24,0,0,0,0,FALSE,"Nonmetro, remote (RUCC 7-9)",95,FALSE,,,,,,,,,0,,Neither
29083,Henry,MO,22194,262,4233,6,0.5960083842,"Henry, MO",0,0,0,241,238,1,2,0,1,301,32,21,,,108,227,,,10,20,,3,2,0,0,0,,241,AHRF_natality_24,0,0,0,4.15,FALSE,"Nonmetro, adjacent (RUCC 4-6)",238,TRUE,13.45,8.82,,,45.38,8.81,,,4.15,0,OB/GYN only
29085,Hickory,MO,8501,80,1228,8,1,"Hickory, MO",0,0,0,93,104,0,0,0,0,0,13,,,,32,97,,,,,,0,0,0,0,0,,93,AHRF_natality_24,0,0,0,0,TRUE,"Nonmetro, remote (RUCC 7-9)",104,TRUE,12.5,,,,30.77,,,,0,,Neither
29087,Holt,MO,4254,47,722,8,1,"Holt, MO",0,0,0,39,44,0,0,0,0,0,,,,,13,42,,,,,,0,0,0,0,0,,39,AHRF_natality_24,,,0,,TRUE,"Nonmetro, remote (RUCC 7-9)",44,FALSE,,,,,,,,,,,Neither
29089,Howard,MO,10141,66,2241,3,1,"Howard, MO",0,0,0,107,95,0,0,0,0,0,14,,,,40,88,,,,,,1,1,0,0,0,,107,AHRF_natality_24,0,0,0,0,FALSE,Metro (RUCC 1-3),95,FALSE,,,,,,,,1,0,,Neither
29091,Howell,MO,40168,710,8253,7,0.701836478,"Howell, MO",1,1,1,450,449,1,2,1,1,520,51,34,,,199,429,,14,18,33,,3,2,1,0,0,,450,AHRF_natality_24,0,2.22,0,2.22,FALSE,"Nonmetro, remote (RUCC 7-9)",449,TRUE,11.36,7.57,,,44.32,7.69,,,2.22,0,OB/GYN only
29093,Iron,MO,9482,131,1791,9,1,"Iron, MO",0,0,0,86,90,0,1,1,0,0,10,,,,39,89,,,,,,3,2,1,0,0,,86,AHRF_natality_24,0,0,0,0,FALSE,"Nonmetro, remote (RUCC 7-9)",90,FALSE,,,,,,,,,0,,Neither
29095,Jackson,MO,717021,8465,169575,1,0.0426893882,"Jackson, MO",16,16,16,8850,8525,6,12,0,92,8898,1161,868,137,126,4122,5619,2200,1444,705,429,363,38,23,0,17,12,1,8850,AHRF_natality_24,1.92,1.81,2.37,0.68,FALSE,Metro (RUCC 1-3),8525,TRUE,13.62,10.18,1.61,1.48,48.35,7.63,16.5,,10.4,0.156,Both
29097,Jasper,MO,123532,1637,28342,3,0.2346673618,"Jasper, MO",2,2,2,1610,1583,1,3,1,9,1370,217,138,24,32,720,1393,35,245,155,118,,10,7,2,1,0,3,1610,AHRF_natality_24,0.62,1.24,0.81,0.62,FALSE,Metro (RUCC 1-3),1583,TRUE,13.71,8.72,1.52,2.02,45.48,8.47,,0.1491,5.59,0.1,Both
29099,Jefferson,MO,228227,2419,49094,1,0.3477169786,"Jefferson, MO",1,1,1,2103,2370,1,1,0,6,521,337,196,29,17,862,2244,40,78,86,180,,2,2,0,0,0,,2103,AHRF_natality_24,0,0.48,0,0.48,FALSE,Metro (RUCC 1-3),2370,TRUE,14.22,8.27,1.22,0.72,36.37,8.02,,0.7523,2.85,0,OB/GYN only
29101,Johnson,MO,54331,595,13471,4,0.5276877789,"Johnson, MO",5,5,5,718,703,1,1,0,1,599,79,51,,,191,628,22,59,53,45,,2,1,0,4,0,4,718,AHRF_natality_24,5.57,6.96,7.36,1.39,FALSE,"Nonmetro, adjacent (RUCC 4-6)",703,TRUE,11.24,7.25,,,27.17,7.17,,0.1657,1.39,0.8,Both
29103,Knox,MO,3760,15,670,9,1,"Knox, MO",0,0,0,51,47,0,0,0,0,0,,,,,10,46,,,,,,0,0,0,0,0,,51,AHRF_natality_24,0,0,0,0,TRUE,"Nonmetro, remote (RUCC 7-9)",47,FALSE,,,,,,,,,0,,Neither
29105,Laclede,MO,36245,654,7501,6,0.5918310719,"Laclede, MO",0,0,0,457,465,1,1,0,0,184,56,39,,,192,443,,18,16,37,,1,1,0,0,0,,457,AHRF_natality_24,0,0,0,2.19,FALSE,"Nonmetro, adjacent (RUCC 4-6)",465,TRUE,12.04,8.39,,,41.29,8.35,,0.5974,0,,Neither
29107,Lafayette,MO,32974,269,6808,1,0.6931542566,"Lafayette, MO",0,0,0,382,361,0,1,1,1,0,47,34,,,142,339,,16,17,32,,3,2,1,1,0,1,382,AHRF_natality_24,2.62,0,3.03,0,FALSE,Metro (RUCC 1-3),361,TRUE,13.02,9.42,,,39.34,9.44,,1,2.62,0.5,Both
29109,Lawrence,MO,38392,333,7898,6,0.7152969659,"Lawrence, MO",0,0,0,510,497,1,1,1,0,104,60,35,,,185,473,,53,21,32,,3,1,1,0,0,,510,AHRF_natality_24,0,0,0,1.96,FALSE,"Nonmetro, adjacent (RUCC 4-6)",497,TRUE,12.07,7.04,,,37.22,6.77,,0.7961,0,,Neither
29111,Lewis,MO,9945,87,2067,9,1,"Lewis, MO",0,0,0,110,92,0,0,0,0,0,10,,,,33,89,,,,,,0,0,0,0,0,,110,AHRF_natality_24,0,0,0,0,TRUE,"Nonmetro, remote (RUCC 7-9)",92,FALSE,,,,,,,,1,0,,Neither
29113,Lincoln,MO,61636,917,13570,1,0.7201967301,"Lincoln, MO",0,1,0,808,809,0,1,1,0,0,94,59,,,259,776,,27,26,57,,2,1,1,0,0,,808,AHRF_natality_24,0,0,0,0,FALSE,Metro (RUCC 1-3),809,TRUE,11.62,7.29,,,32.01,7.35,,1,0,,Neither
29115,Linn,MO,11850,145,2319,9,0.6741620347,"Linn, MO",0,0,0,132,134,0,1,1,0,0,15,10,,,52,129,,,,,,3,2,1,0,0,,132,AHRF_natality_24,0,0,0,0,FALSE,"Nonmetro, remote (RUCC 7-9)",134,TRUE,11.19,7.46,,,38.81,,,1,0,,Neither
29117,Livingston,MO,14330,149,3692,7,0.3733598956,"Livingston, MO",0,0,0,153,156,1,1,1,2,117,19,12,,,60,151,,,,11,,2,1,1,0,0,,153,AHRF_natality_24,0,0,0,6.54,FALSE,"Nonmetro, remote (RUCC 7-9)",156,TRUE,12.18,7.69,,,38.46,7.28,,0.2353,13.07,0,OB/GYN only
29119,McDonald,MO,23492,302,4847,8,0.9989271768,"McDonald, MO",0,0,0,326,326,0,0,0,0,0,48,31,,,145,255,,55,62,23,,0,0,0,0,0,,326,AHRF_natality_24,0,0,0,0,TRUE,"Nonmetro, remote (RUCC 7-9)",326,TRUE,14.72,9.51,,,44.48,9.02,,1,0,,Neither
29121,Macon,MO,15163,154,2985,7,0.6476428431,"Macon, MO",0,0,0,178,174,0,1,1,0,0,19,12,,,61,170,,,,11,,2,1,1,0,0,,178,AHRF_natality_24,0,0,0,0,FALSE,"Nonmetro, remote (RUCC 7-9)",174,TRUE,10.92,6.9,,,35.06,6.47,,1,0,,Neither
29123,Madison,MO,12665,184,2544,9,0.6051005861,"Madison, MO",0,0,0,121,123,0,1,1,0,0,19,16,,,52,120,,,,15,,2,1,1,0,0,,121,AHRF_natality_24,0,0,0,0,FALSE,"Nonmetro, remote (RUCC 7-9)",123,TRUE,15.45,13.01,,,42.28,12.5,,1,0,,Neither
29125,Maries,MO,8435,110,1631,8,1,"Maries, MO",0,0,0,101,94,0,0,0,0,0,10,,,,24,93,,,,,,0,0,0,0,0,,101,AHRF_natality_24,0,0,0,0,TRUE,"Nonmetro, remote (RUCC 7-9)",94,FALSE,,,,,,,,1,0,,Neither
29127,Marion,MO,28493,336,5985,7,0.3895179667,"Marion, MO",0,0,0,336,328,1,1,0,3,531,43,30,,,138,296,20,,13,25,,2,2,0,0,0,,336,AHRF_natality_24,0,0,0,2.98,FALSE,"Nonmetro, remote (RUCC 7-9)",328,TRUE,13.11,9.15,,,42.07,8.45,,,8.93,0,OB/GYN only
29129,Mercer,MO,3501,74,660,9,1,"Mercer, MO",0,0,0,62,47,0,0,0,0,0,,,,,,45,,,,,,0,0,0,0,0,,62,AHRF_natality_24,0,0,0,0,TRUE,"Nonmetro, remote (RUCC 7-9)",47,FALSE,,,,,,,,,0,,Neither
29131,Miller,MO,25081,251,5091,6,0.7646226033,"Miller, MO",0,0,0,292,294,0,0,0,0,0,37,23,,,117,283,,,,22,,0,0,0,0,0,,292,AHRF_natality_24,0,0,0,0,TRUE,"Nonmetro, adjacent (RUCC 4-6)",294,TRUE,12.59,7.82,,,39.8,7.77,,1,0,,Neither
29133,Mississippi,MO,12079,104,2314,8,1,"Mississippi, MO",0,0,0,155,141,0,0,0,0,0,21,14,,,80,105,31,,,,,0,0,0,0,0,,155,AHRF_natality_24,0,0,0,0,TRUE,"Nonmetro, remote (RUCC 7-9)",141,TRUE,14.89,9.93,,,56.74,,,1,0,,Neither
29135,Moniteau,MO,15303,205,3163,3,1,"Moniteau, MO",0,0,0,211,197,0,0,0,0,0,17,11,,,57,193,,15,,11,,0,0,0,0,0,,211,AHRF_natality_24,0,0,0,0,TRUE,Metro (RUCC 1-3),197,TRUE,8.63,5.58,,,28.93,5.7,,1,0,,Neither
29137,Monroe,MO,8672,67,1510,9,1,"Monroe, MO",0,0,0,101,88,0,0,0,0,0,12,,,,32,85,,,,,,0,0,0,0,0,,101,AHRF_natality_24,0,0,0,0,TRUE,"Nonmetro, remote (RUCC 7-9)",88,FALSE,,,,,,,,1,0,,Neither
29139,Montgomery,MO,11422,105,2190,8,1,"Montgomery, MO",0,0,0,111,120,0,0,0,0,0,16,13,,,52,115,,,,12,,0,0,0,0,0,,111,AHRF_natality_24,0,0,0,0,TRUE,"Nonmetro, remote (RUCC 7-9)",120,TRUE,13.33,10.83,,,43.33,10.43,,1,0,,Neither
29141,Morgan,MO,21430,409,3700,8,1,"Morgan, MO",0,0,0,265,259,0,0,0,0,0,28,16,,,80,254,,,,16,,0,0,0,0,0,,265,AHRF_natality_24,0,0,0,0,TRUE,"Nonmetro, remote (RUCC 7-9)",259,TRUE,10.81,6.18,,,30.89,6.3,,1,0,,Neither
29143,New Madrid,MO,16041,252,3334,9,0.8742850189,"New Madrid, MO",0,0,0,177,185,0,0,0,0,0,33,22,,,107,142,34,,,11,10,1,1,0,0,0,,177,AHRF_natality_24,0,0,0,0,FALSE,"Nonmetro, remote (RUCC 7-9)",185,TRUE,17.84,11.89,,,57.84,7.75,,1,0,,Neither
29145,Newton,MO,59490,1019,12268,3,0.6322807257,"Newton, MO",0,0,0,707,712,1,2,1,0,1710,88,64,,13,274,603,11,72,98,55,,2,1,1,9,9,3,707,AHRF_natality_24,12.73,0,15.13,1.41,FALSE,Metro (RUCC 1-3),712,TRUE,12.36,8.99,,1.83,38.48,9.12,,,0,1,Midwife only
29147,Nodaway,MO,20959,306,5491,6,0.4721529118,"Nodaway, MO",0,0,0,201,210,1,1,0,3,184,23,13,,,63,205,,,,12,,2,1,1,0,0,,201,AHRF_natality_24,0,0,0,4.98,FALSE,"Nonmetro, adjacent (RUCC 4-6)",210,TRUE,10.95,6.19,,,30,5.85,,0.0846,14.93,0,OB/GYN only
29149,Oregon,MO,8704,82,1585,9,1,"Oregon, MO",0,0,0,100,107,0,0,0,0,0,12,10,,,42,103,,,,,,0,0,0,0,0,,100,AHRF_natality_24,0,0,0,0,TRUE,"Nonmetro, remote (RUCC 7-9)",107,TRUE,11.21,9.35,,,39.25,,,1,0,,Neither
29151,Osage,MO,13379,168,2691,3,1,"Osage, MO",0,0,0,167,166,0,0,0,0,0,17,11,,,34,164,,,,10,,0,0,0,0,0,,167,AHRF_natality_24,0,0,0,0,TRUE,Metro (RUCC 1-3),166,TRUE,10.24,6.63,,,20.48,6.1,,1,0,,Neither
29153,Ozark,MO,8773,95,1445,9,1,"Ozark, MO",0,0,0,89,80,0,0,0,0,0,,,,,32,78,,,,,,0,0,0,0,0,,89,AHRF_natality_24,0,0,0,0,TRUE,"Nonmetro, remote (RUCC 7-9)",80,FALSE,,,,,,,,,0,,Neither
29155,Pemiscot,MO,15232,190,3334,7,0.6603665155,"Pemiscot, MO",0,0,0,166,199,0,1,0,1,0,33,25,,,143,120,70,10,,12,11,2,1,0,0,0,,166,AHRF_natality_24,0,0,0,0,FALSE,"Nonmetro, remote (RUCC 7-9)",199,TRUE,16.58,12.56,,,71.86,10,,1,6.02,0,OB/GYN only
29157,Perry,MO,18947,184,3926,6,0.5746993037,"Perry, MO",0,0,0,192,208,0,1,1,0,84,23,13,,,78,201,,10,,12,,2,1,1,0,0,,192,AHRF_natality_24,0,0,0,0,FALSE,"Nonmetro, adjacent (RUCC 4-6)",208,TRUE,11.06,6.25,,,37.5,5.97,,0.5625,0,,Neither
29159,Pettis,MO,43205,686,9096,5,0.3940670079,"Pettis, MO",4,3,4,557,584,1,1,0,2,456,73,44,,,244,536,19,92,29,40,,1,1,0,3,0,5,557,AHRF_natality_24,5.39,7.18,6.94,1.8,FALSE,"Nonmetro, adjacent (RUCC 4-6)",584,TRUE,12.5,7.53,,,41.78,7.46,,0.1813,3.59,0.6,Both
29161,Phelps,MO,44948,408,9480,5,0.5382857655,"Phelps, MO",3,2,3,432,420,1,1,0,5,690,49,34,,,174,374,16,17,29,27,,1,1,0,4,4,5,432,AHRF_natality_24,9.26,6.94,8.9,2.31,FALSE,"Nonmetro, adjacent (RUCC 4-6)",420,TRUE,11.67,8.1,,,41.43,7.22,,,11.57,0.444,Both
29163,Pike,MO,17623,216,3152,8,1,"Pike, MO",0,0,0,188,192,0,1,1,0,0,27,17,,,70,182,,,,15,,2,1,1,0,0,,188,AHRF_natality_24,0,0,0,0,FALSE,"Nonmetro, remote (RUCC 7-9)",192,TRUE,14.06,8.85,,,36.46,8.24,,1,0,,Neither
29165,Platte,MO,108751,1707,24871,1,0.1364156,"Platte, MO",0,0,0,1191,1174,1,1,0,7,643,137,85,13,,320,915,152,99,106,56,20,3,2,0,1,0,1,1191,AHRF_natality_24,0.84,0,0.92,0.84,FALSE,Metro (RUCC 1-3),1174,TRUE,11.67,7.24,1.11,,27.26,6.12,13.16,0.4601,5.88,0.125,Both
29167,Polk,MO,32109,555,7002,2,0.6724515372,"Polk, MO",0,0,0,372,389,1,1,0,1,525,44,25,,,116,377,,15,10,24,,1,1,0,0,0,,372,AHRF_natality_24,0,0,0,2.69,FALSE,Metro (RUCC 1-3),389,TRUE,11.31,6.43,,,29.82,6.37,,,2.69,0,OB/GYN only
29169,Pulaski,MO,53850,683,13025,5,0.4129923084,"Pulaski, MO",2,2,2,689,692,0,1,0,1,175,75,52,,,207,542,72,83,78,37,,2,1,0,3,0,5,689,AHRF_natality_24,4.35,2.9,5.57,0,FALSE,"Nonmetro, adjacent (RUCC 4-6)",692,TRUE,10.84,7.51,,,29.91,6.83,,0.746,1.45,0.75,Both
29171,Putnam,MO,4675,39,832,9,1,"Putnam, MO",0,0,0,75,59,0,1,1,0,0,,,,,17,59,,,,,,2,1,1,0,0,,75,AHRF_natality_24,0,0,0,0,FALSE,"Nonmetro, remote (RUCC 7-9)",59,FALSE,,,,,,,,,0,,Neither
29173,Ralls,MO,10394,123,1893,9,0.9750845002,"Ralls, MO",0,0,0,103,91,0,0,0,0,0,14,,,,37,89,,,,,,0,0,0,0,0,,103,AHRF_natality_24,0,0,0,0,TRUE,"Nonmetro, remote (RUCC 7-9)",91,FALSE,,,,,,,,1,0,,Neither
29175,Randolph,MO,24524,195,4837,6,0.5078896262,"Randolph, MO",0,0,0,288,282,0,1,0,0,0,28,22,,,129,261,,10,15,20,,1,1,0,0,0,,288,AHRF_natality_24,0,0,0,0,FALSE,"Nonmetro, adjacent (RUCC 4-6)",282,TRUE,9.93,7.8,,,45.74,7.66,,1,0,,Neither
29177,Ray,MO,23149,269,4575,1,0.7406943605,"Ray, MO",0,0,0,242,249,0,1,1,0,0,30,23,,,102,237,,,11,21,,2,1,1,0,0,,242,AHRF_natality_24,0,0,0,0,FALSE,Metro (RUCC 1-3),249,TRUE,12.05,9.24,,,40.96,8.86,,1,0,,Neither
29179,Reynolds,MO,6058,60,1088,9,1,"Reynolds, MO",0,0,0,67,59,0,0,0,0,0,,,,,30,56,,,,,,5,2,3,0,0,,67,AHRF_natality_24,0,0,0,0,FALSE,"Nonmetro, remote (RUCC 7-9)",59,FALSE,,,,,,,,,0,,Neither
29181,Ripley,MO,10755,68,2037,9,1,"Ripley, MO",0,0,0,128,139,0,0,0,0,0,19,14,,,66,136,,,,14,,1,1,0,0,0,,128,AHRF_natality_24,0,0,0,0,FALSE,"Nonmetro, remote (RUCC 7-9)",139,TRUE,13.67,10.07,,,47.48,10.29,,1,0,,Neither
29183,St. Charles,MO,409830,4947,91169,1,0.0565856162,"St. Charles, MO",1,1,1,3889,4147,2,6,0,30,1972,456,301,46,19,950,3514,295,242,338,230,42,7,5,0,3,2,1,3889,AHRF_natality_24,0.77,0.26,0.73,0.51,FALSE,Metro (RUCC 1-3),4147,TRUE,11,7.26,1.11,0.46,22.91,6.55,14.24,0.4929,7.71,0.091,Both
29185,St. Clair,MO,9451,61,1626,8,1,"St. Clair, MO",0,0,0,117,115,0,1,1,0,0,,,,,36,109,,,,,,3,2,1,0,0,,117,AHRF_natality_24,0,0,0,0,FALSE,"Nonmetro, remote (RUCC 7-9)",115,TRUE,,,,,31.3,,,1,0,,Neither
29186,Ste. Genevieve,MO,18551,178,3415,8,0.7300719736,"Ste. Genevieve, MO",0,0,0,174,185,1,1,1,3,154,20,14,,,64,180,,,,14,,2,1,1,1,0,8,174,AHRF_natality_24,5.75,0,5.39,5.75,FALSE,"Nonmetro, remote (RUCC 7-9)",185,TRUE,10.81,7.57,,,34.59,7.78,,0.1149,17.24,0.25,Both
29187,St. Francois,MO,66864,855,13583,4,0.4097606168,"St. Francois, MO",0,0,0,630,671,1,3,0,4,487,86,61,,10,305,644,,12,20,56,,6,3,1,1,0,4,630,AHRF_natality_24,1.59,0,1.5,1.59,FALSE,"Nonmetro, adjacent (RUCC 4-6)",671,TRUE,12.82,9.09,,1.49,45.45,8.7,,0.227,6.35,0.2,Both
29189,St. Louis,MO,996618,11310,221845,1,0.0135461222,"St. Louis, MO",26,26,26,9409,10226,7,17,0,256,18347,1348,1043,163,90,4064,5957,3333,564,936,407,547,34,18,0,27,23,1,9409,AHRF_natality_24,2.87,2.76,2.71,0.74,FALSE,Metro (RUCC 1-3),10226,TRUE,13.18,10.2,1.59,0.88,39.74,6.83,16.41,,27.21,0.095,Both
29195,Saline,MO,23177,233,5213,7,0.4226631809,"Saline, MO",1,1,1,251,250,1,1,0,3,275,34,25,,,123,207,,36,34,21,,5,4,1,2,0,7,251,AHRF_natality_24,7.97,3.98,8.63,3.98,FALSE,"Nonmetro, remote (RUCC 7-9)",250,TRUE,13.6,10,,,49.2,10.14,,,11.95,0.4,Both
29197,Schuyler,MO,4044,16,776,9,1,"Schuyler, MO",0,0,0,66,62,0,0,0,0,0,,,,,15,61,,,,,,0,0,0,0,0,,66,AHRF_natality_24,0,0,0,0,TRUE,"Nonmetro, remote (RUCC 7-9)",62,FALSE,,,,,,,,,0,,Neither
29199,Scotland,MO,4698,79,868,9,1,"Scotland, MO",0,0,0,82,83,1,1,1,1,74,,,,,,81,,,,,,2,1,1,0,0,,82,AHRF_natality_24,0,0,0,12.2,FALSE,"Nonmetro, remote (RUCC 7-9)",83,FALSE,,,,,,,,,12.2,0,OB/GYN only
29201,Scott,MO,37967,587,8088,4,0.4599700465,"Scott, MO",0,0,0,468,461,1,1,0,4,455,75,57,13,10,238,368,79,17,14,40,17,1,1,0,0,0,,468,AHRF_natality_24,0,0,0,2.14,FALSE,"Nonmetro, adjacent (RUCC 4-6)",461,TRUE,16.27,12.36,2.82,2.17,51.63,10.87,,0.0278,8.55,0,OB/GYN only
29203,Shannon,MO,7137,152,1256,9,1,"Shannon, MO",0,0,0,98,88,0,0,0,0,0,11,,,,34,87,,,,,,0,0,0,0,0,,98,AHRF_natality_24,0,0,0,0,TRUE,"Nonmetro, remote (RUCC 7-9)",88,FALSE,,,,,,,,,0,,Neither
29205,Shelby,MO,6011,88,1137,9,1,"Shelby, MO",0,0,0,67,71,0,0,0,0,0,,,,,22,69,,,,,,0,0,0,0,0,,67,AHRF_natality_24,0,0,0,0,TRUE,"Nonmetro, remote (RUCC 7-9)",71,FALSE,,,,,,,,,0,,Neither
29207,Stoddard,MO,28547,468,5799,6,0.6639578683,"Stoddard, MO",0,0,0,335,326,0,1,0,0,0,44,28,,,141,316,,12,,27,,1,1,0,0,0,,335,AHRF_natality_24,0,0,0,0,FALSE,"Nonmetro, adjacent (RUCC 4-6)",326,TRUE,13.5,8.59,,,43.25,8.54,,1,0,,Neither
29209,Stone,MO,31697,245,4956,6,0.8292894838,"Stone, MO",0,0,0,269,269,0,0,0,0,0,33,23,,,108,255,,13,12,22,,0,0,0,0,0,,269,AHRF_natality_24,0,0,0,0,TRUE,"Nonmetro, adjacent (RUCC 4-6)",269,TRUE,12.27,8.55,,,40.15,8.63,,1,0,,Neither
29211,Sullivan,MO,5903,38,1123,9,1,"Sullivan, MO",0,0,0,74,68,0,1,1,0,0,,,,,31,64,,18,,,,2,1,1,0,0,,74,AHRF_natality_24,0,0,0,0,FALSE,"Nonmetro, remote (RUCC 7-9)",68,FALSE,,,,,,,,,0,,Neither
29213,Taney,MO,56382,789,11950,4,0.3717226126,"Taney, MO",0,0,0,599,588,1,1,0,1,528,76,49,,,242,543,11,69,33,43,,1,1,0,0,0,,599,AHRF_natality_24,0,0,0,1.67,FALSE,"Nonmetro, adjacent (RUCC 4-6)",588,TRUE,12.93,8.33,,,41.16,7.92,,0.1185,1.67,0,OB/GYN only
29215,Texas,MO,24956,240,4358,9,0.9938334627,"Texas, MO",1,1,1,261,279,1,1,0,0,0,34,21,,,95,272,,,,21,,1,1,0,1,0,9,261,AHRF_natality_24,3.83,3.83,4.01,3.83,FALSE,"Nonmetro, remote (RUCC 7-9)",279,TRUE,12.19,7.53,,,34.05,7.72,,1,0,1,Midwife only
29217,Vernon,MO,19713,274,3994,6,0.5672096209,"Vernon, MO",0,0,0,223,240,1,2,0,0,292,22,14,,,107,231,,,,13,,4,1,0,0,0,,223,AHRF_natality_24,0,0,0,4.48,FALSE,"Nonmetro, adjacent (RUCC 4-6)",240,TRUE,9.17,5.83,,,44.58,5.63,,,0,,Neither
29219,Warren,MO,36467,271,7570,1,0.7355060227,"Warren, MO",0,0,0,438,441,0,0,0,0,0,49,34,,,164,418,,21,16,33,,0,0,0,0,0,,438,AHRF_natality_24,0,0,0,0,TRUE,Metro (RUCC 1-3),441,TRUE,11.11,7.71,,,37.19,7.89,,1,0,,Neither
29221,Washington,MO,23483,528,4639,8,1,"Washington, MO",0,0,0,252,254,0,1,1,0,0,33,27,,,131,249,,,,26,,2,1,1,0,0,,252,AHRF_natality_24,0,0,0,0,FALSE,"Nonmetro, remote (RUCC 7-9)",254,TRUE,12.99,10.63,,,51.57,10.44,,1,0,,Neither
29223,Wayne,MO,10942,88,1885,9,1,"Wayne, MO",0,0,0,129,115,0,0,0,0,0,16,11,,,52,110,,,,10,,0,0,0,0,0,,129,AHRF_natality_24,0,0,0,0,TRUE,"Nonmetro, remote (RUCC 7-9)",115,TRUE,13.91,9.57,,,45.22,9.09,,1,0,,Neither
29225,Webster,MO,39868,435,8222,2,0.8071638736,"Webster, MO",0,0,0,614,611,0,0,0,0,0,71,45,,,133,594,,15,15,43,,0,0,0,0,0,,614,AHRF_natality_24,0,0,0,0,TRUE,Metro (RUCC 1-3),611,TRUE,11.62,7.36,,,21.77,7.24,,1,0,,Neither
29227,Worth,MO,1956,41,312,9,1,"Worth, MO",0,0,0,24,20,0,0,0,0,0,,,,,,20,,,,,,0,0,0,0,0,,24,AHRF_natality_24,,,0,,TRUE,"Nonmetro, remote (RUCC 7-9)",20,FALSE,,,,,,,,,,,Neither
29229,Wright,MO,18722,313,3624,8,0.7763360457,"Wright, MO",0,0,0,263,256,0,0,0,0,0,27,21,,,90,250,,,,21,,1,1,0,0,0,,263,AHRF_natality_24,0,0,0,0,FALSE,"Nonmetro, remote (RUCC 7-9)",256,TRUE,10.55,8.2,,,35.16,8.4,,1,0,,Neither
29510,St. Louis,MO,293109,3262,76567,1,0,"St. Louis City, MO",6,4,6,3136,3433,1,9,0,98,3548,515,434,73,62,1907,1517,1639,271,277,125,282,33,17,0,10,10,1,3136,AHRF_natality_24,3.19,1.91,3.41,0.32,FALSE,Metro (RUCC 1-3),3433,TRUE,15,12.64,2.13,1.81,55.55,8.24,17.21,,31.25,0.093,Both
30001,Beaverhead,MT,9590,84,1951,9,0.5273716786,"Beaverhead, MT",0,0,0,95,89,1,1,1,0,71,11,,,,26,87,,,,,,2,1,1,0,0,,95,AHRF_natality_24,0,0,0,10.53,FALSE,"Nonmetro, remote (RUCC 7-9)",89,FALSE,,,,,,,,,0,,Neither
30003,Big Horn,MT,12963,162,2855,8,1,"Big Horn, MT",0,0,0,183,180,0,2,2,1,543,30,11,,,124,30,,,151,,,4,2,2,0,0,,183,AHRF_natality_24,0,0,0,0,FALSE,"Nonmetro, remote (RUCC 7-9)",180,TRUE,16.67,6.11,,,68.89,,,,5.46,0,OB/GYN only
30005,Blaine,MT,6997,80,1467,9,1,"Blaine, MT",0,0,0,84,82,0,1,1,0,0,13,,,,55,26,,,57,,,2,1,1,0,0,,84,AHRF_natality_24,0,0,0,0,FALSE,"Nonmetro, remote (RUCC 7-9)",82,FALSE,,,,,,,,,0,,Neither
30007,Broadwater,MT,7310,80,1283,3,1,"Broadwater, MT",0,0,0,76,78,0,1,1,1,0,11,,,,16,77,,,,,,2,1,1,0,0,,76,AHRF_natality_24,0,0,0,0,FALSE,Metro (RUCC 1-3),78,FALSE,,,,,,,,,13.16,0,OB/GYN only
30009,Carbon,MT,10877,79,1874,3,1,"Carbon, MT",0,0,0,95,92,0,1,1,0,0,,,,,25,89,,,,,,2,1,1,0,0,,95,AHRF_natality_24,0,0,0,0,FALSE,Metro (RUCC 1-3),92,FALSE,,,,,,,,,0,,Neither
30011,Carter,MT,1361,20,172,9,1,"Carter, MT",0,0,0,10,17,0,1,1,0,0,,,,,,16,,,,,,2,1,1,0,0,,10,AHRF_natality_24,,,0,,FALSE,"Nonmetro, remote (RUCC 7-9)",17,FALSE,,,,,,,,,,,Neither
30013,Cascade,MT,84601,1569,17499,3,0.2051436965,"Cascade, MT",2,3,2,933,929,1,2,0,5,1276,113,65,12,12,286,790,23,79,116,53,,4,3,0,3,0,3,933,AHRF_natality_24,3.22,2.14,3.55,1.07,FALSE,Metro (RUCC 1-3),929,TRUE,12.16,7,1.29,1.29,30.79,6.71,,,5.36,0.375,Both
30015,Chouteau,MT,5888,39,1096,8,1,"Chouteau, MT",0,0,0,49,41,0,2,2,0,0,,,,,,39,,,,,,4,2,2,0,0,,49,AHRF_natality_24,,,0,,FALSE,"Nonmetro, remote (RUCC 7-9)",41,FALSE,,,,,,,,,,,Neither
30017,Custer,MT,11938,155,2438,7,0.2224656611,"Custer, MT",0,0,0,139,122,1,1,1,3,200,13,,,,43,113,,,,,,3,1,1,1,0,7,139,AHRF_natality_24,7.19,0,8.38,7.19,FALSE,"Nonmetro, remote (RUCC 7-9)",122,TRUE,10.66,,,,35.25,,,,21.58,0.25,Both
30019,Daniels,MT,1524,13,254,9,1,"Daniels, MT",0,0,0,8,14,0,1,1,0,1,,,,,,12,,,,,,2,1,1,0,0,,8,AHRF_natality_24,,,0,,FALSE,"Nonmetro, remote (RUCC 7-9)",14,FALSE,,,,,,,,,,,Neither
30021,Dawson,MT,8874,118,1652,7,0.2533557047,"Dawson, MT",0,0,0,73,90,1,1,1,1,73,,,,,29,83,,,,,,2,1,1,0,0,,73,AHRF_natality_24,0,0,0,13.7,FALSE,"Nonmetro, remote (RUCC 7-9)",90,FALSE,,,,,,,,,13.7,0,OB/GYN only
30023,Deer Lodge,MT,9512,89,1709,7,0.2891412801,"Deer Lodge, MT",0,0,0,76,77,1,2,1,1,129,,,,,28,74,,,,,,3,1,1,0,0,,76,AHRF_natality_24,0,0,0,13.16,FALSE,"Nonmetro, remote (RUCC 7-9)",77,FALSE,,,,,,,,,13.16,0,OB/GYN only
30025,Fallon,MT,2817,46,631,9,1,"Fallon, MT",0,0,0,39,38,0,1,1,0,0,,,,,,36,,,,,,2,1,1,0,0,,39,AHRF_natality_24,,,0,,FALSE,"Nonmetro, remote (RUCC 7-9)",38,FALSE,,,,,,,,,,,Neither
30027,Fergus,MT,11581,127,2114,7,0.4737026035,"Fergus, MT",1,1,1,132,120,1,1,1,0,84,14,12,,,29,116,,,,11,,2,1,1,3,0,7,132,AHRF_natality_24,22.73,7.58,25.9,7.58,FALSE,"Nonmetro, remote (RUCC 7-9)",120,TRUE,11.67,10,,,24.17,9.48,,0.3636,0,1,Midwife only
30029,Flathead,MT,108445,1111,22193,5,0.514953477,"Flathead, MT",14,14,14,1234,1169,2,2,1,17,1196,112,83,,,298,1110,,55,55,78,,5,3,1,12,11,5,1234,AHRF_natality_24,9.72,11.35,11.07,1.62,FALSE,"Nonmetro, adjacent (RUCC 4-6)",1169,TRUE,9.58,7.1,,,25.49,7.03,,0.0308,13.78,0.414,Both
30031,Gallatin,MT,122194,1183,31156,3,0.3475622058,"Gallatin, MT",7,4,7,1141,1205,1,2,1,28,1290,123,95,11,,238,1140,,115,59,88,,3,2,1,9,8,3,1141,AHRF_natality_24,7.89,6.13,7.37,0.88,FALSE,Metro (RUCC 1-3),1205,TRUE,10.21,7.88,0.91,,19.75,7.72,,,24.54,0.243,Both
30033,Garfield,MT,938,21,161,9,1,"Garfield, MT",0,0,0,19,18,0,1,1,0,0,,,,,,17,,,,,,3,1,1,0,0,,19,AHRF_natality_24,,,0,,FALSE,"Nonmetro, remote (RUCC 7-9)",18,FALSE,,,,,,,,,,,Neither
30035,Glacier,MT,13713,173,3029,9,1,"Glacier, MT",0,0,0,160,171,0,2,1,0,95,24,18,,,114,40,,,131,,,3,2,1,0,0,,160,AHRF_natality_24,0,0,0,0,FALSE,"Nonmetro, remote (RUCC 7-9)",171,TRUE,14.04,10.53,,,66.67,,,0.4062,0,,Neither
30037,Golden Valley,MT,840,4,122,8,1,"Golden Valley, MT",0,0,0,18,12,0,0,0,0,0,,,,,,12,,,,,,0,0,0,0,0,,18,AHRF_natality_24,,,0,,TRUE,"Nonmetro, remote (RUCC 7-9)",12,FALSE,,,,,,,,,,,Neither
30039,Granite,MT,3419,3,570,8,1,"Granite, MT",0,0,0,24,26,0,1,1,0,0,,,,,,25,,,,,,3,2,1,0,0,,24,AHRF_natality_24,,,0,,FALSE,"Nonmetro, remote (RUCC 7-9)",26,FALSE,,,,,,,,,,,Neither
30041,Hill,MT,16260,184,3321,7,0.397510577,"Hill, MT",0,0,0,191,211,1,1,1,1,217,31,14,,,106,125,,,85,,,2,1,1,0,0,,191,AHRF_natality_24,0,0,0,5.24,FALSE,"Nonmetro, remote (RUCC 7-9)",211,TRUE,14.69,6.64,,,50.24,,,,5.24,0,OB/GYN only
30043,Jefferson,MT,12501,137,2331,3,1,"Jefferson, MT",0,0,0,111,105,0,0,0,1,0,12,,,,23,102,,,,,,0,0,0,0,0,,111,AHRF_natality_24,0,0,0,0,TRUE,Metro (RUCC 1-3),105,TRUE,11.43,,,,21.9,,,1,9.01,0,OB/GYN only
30045,Judith Basin,MT,2053,21,334,8,1,"Judith Basin, MT",0,0,0,19,20,0,0,0,0,0,,,,,,19,,,,,,0,0,0,0,0,,19,AHRF_natality_24,,,0,,TRUE,"Nonmetro, remote (RUCC 7-9)",20,FALSE,,,,,,,,,,,Neither
30047,Lake,MT,32073,301,6173,6,0.8212886234,"Lake, MT",0,0,0,282,295,2,2,2,1,191,40,21,,,120,190,,20,105,12,,6,4,2,1,0,6,282,AHRF_natality_24,3.55,0,3.12,7.09,FALSE,"Nonmetro, adjacent (RUCC 4-6)",295,TRUE,13.56,7.12,,,40.68,6.32,,0.3227,3.55,0.5,Both
30049,Lewis and Clark,MT,72580,881,14998,3,0.2619728629,"Lewis and Clark, MT",2,1,2,669,686,1,3,0,5,659,81,58,,,203,640,,34,42,53,,4,1,0,2,0,3,669,AHRF_natality_24,2.99,2.99,2.76,1.49,FALSE,Metro (RUCC 1-3),686,TRUE,11.81,8.45,,,29.59,8.28,,0.0149,7.47,0.286,Both
30051,Liberty,MT,1968,72,369,9,1,"Liberty, MT",0,0,0,20,18,0,1,1,0,0,,,,,,18,,,,,,2,1,1,0,0,,20,AHRF_natality_24,,,0,,FALSE,"Nonmetro, remote (RUCC 7-9)",18,FALSE,,,,,,,,,,,Neither
30053,Lincoln,MT,20656,136,3378,9,0.7793871017,"Lincoln, MT",0,0,0,198,182,1,1,1,1,109,29,17,,,67,172,,,10,15,,2,1,1,0,0,,198,AHRF_natality_24,0,0,0,5.05,FALSE,"Nonmetro, remote (RUCC 7-9)",182,TRUE,15.93,9.34,,,36.81,8.72,,0.4495,5.05,0,OB/GYN only
30055,McCone,MT,1818,25,276,9,1,"McCone, MT",0,0,0,20,21,0,1,1,0,0,,,,,,21,,,,,,2,1,1,0,0,,20,AHRF_natality_24,,,0,,FALSE,"Nonmetro, remote (RUCC 7-9)",21,FALSE,,,,,,,,,,,Neither
30057,Madison,MT,8975,91,1429,8,1,"Madison, MT",0,0,0,87,74,0,2,2,0,0,,,,,11,72,,,,,,4,2,2,0,0,,87,AHRF_natality_24,0,0,0,0,FALSE,"Nonmetro, remote (RUCC 7-9)",74,FALSE,,,,,,,,,0,,Neither
30059,Meagher,MT,1979,9,269,8,1,"Meagher, MT",0,0,0,17,20,0,1,1,0,0,,,,,,19,,,,,,2,1,1,0,0,,17,AHRF_natality_24,,,0,,FALSE,"Nonmetro, remote (RUCC 7-9)",20,FALSE,,,,,,,,,,,Neither
30061,Mineral,MT,4796,41,758,3,1,"Mineral, MT",0,0,0,41,38,0,1,1,0,0,,,,,15,35,,,,,,2,1,1,0,0,,41,AHRF_natality_24,,,0,,FALSE,Metro (RUCC 1-3),38,FALSE,,,,,,,,,,,Neither
30063,Missoula,MT,119639,1208,30141,3,0.2528196605,"Missoula, MT",10,9,10,1133,1069,2,2,0,12,1550,122,82,,,289,957,13,55,99,72,,4,4,0,7,7,3,1133,AHRF_natality_24,6.18,8.83,5.85,1.77,FALSE,Metro (RUCC 1-3),1069,TRUE,11.41,7.67,,,27.03,7.52,,,10.59,0.368,Both
30065,Musselshell,MT,5068,71,831,8,1,"Musselshell, MT",0,0,0,49,50,0,1,1,0,0,,,,,14,47,,,,,,2,1,1,0,0,,49,AHRF_natality_24,,,0,,FALSE,"Nonmetro, remote (RUCC 7-9)",50,FALSE,,,,,,,,,,,Neither
30067,Park,MT,17484,185,3446,6,0.4561107556,"Park, MT",1,1,1,159,151,1,1,1,3,134,22,11,,,34,145,,,,10,,2,1,1,1,0,6,159,AHRF_natality_24,6.29,6.29,5.72,6.29,FALSE,"Nonmetro, adjacent (RUCC 4-6)",151,TRUE,14.57,7.28,,,22.52,6.9,,0.1572,18.87,0.25,Both
30069,Petroleum,MT,401,6,50,9,1,"Petroleum, MT",0,0,0,2,,0,0,0,0,0,,,,,,,,,,,,0,0,0,0,0,,2,AHRF_natality_24,,,0,,TRUE,"Nonmetro, remote (RUCC 7-9)",,FALSE,,,,,,,,,,,Neither
30071,Phillips,MT,4224,42,753,9,1,"Phillips, MT",0,0,0,46,40,0,1,1,0,0,,,,,17,28,,,12,,,2,1,1,0,0,,46,AHRF_natality_24,,,0,,FALSE,"Nonmetro, remote (RUCC 7-9)",40,FALSE,,,,,,,,,,,Neither
30073,Pondera,MT,6012,115,1119,9,1,"Pondera, MT",0,0,0,89,75,0,1,1,0,1,11,,,,25,57,,,18,,,2,1,1,0,0,,89,AHRF_natality_24,0,0,0,0,FALSE,"Nonmetro, remote (RUCC 7-9)",75,FALSE,,,,,,,,,0,,Neither
30075,Powder River,MT,1762,26,275,9,1,"Powder River, MT",0,0,0,10,19,0,0,0,0,0,,,,,,18,,,,,,0,0,0,0,0,,10,AHRF_natality_24,,,0,,TRUE,"Nonmetro, remote (RUCC 7-9)",19,FALSE,,,,,,,,,,,Neither
30077,Powell,MT,7029,12,882,8,1,"Powell, MT",0,0,0,47,48,0,1,1,0,0,,,,,19,47,,,,,,3,2,1,0,0,,47,AHRF_natality_24,,,0,,FALSE,"Nonmetro, remote (RUCC 7-9)",48,FALSE,,,,,,,,,,,Neither
30079,Prairie,MT,1251,8,178,9,1,"Prairie, MT",0,0,0,21,10,0,1,1,0,0,,,,,,10,,,,,,2,1,1,0,0,,21,AHRF_natality_24,,,0,,FALSE,"Nonmetro, remote (RUCC 7-9)",10,FALSE,,,,,,,,,,,Neither
30081,Ravalli,MT,45807,585,8066,6,0.8444786526,"Ravalli, MT",0,0,0,395,392,1,1,1,5,114,39,29,,,96,375,,21,17,26,,2,1,1,1,0,6,395,AHRF_natality_24,2.53,0,2.18,2.53,FALSE,"Nonmetro, adjacent (RUCC 4-6)",392,TRUE,9.95,7.4,,,24.49,6.93,,0.7114,12.66,0.167,Both
30083,Richland,MT,11329,161,2505,7,0.4324253764,"Richland, MT",1,0,1,116,130,1,2,2,3,238,15,,,,38,123,,,,,,2,1,1,1,0,7,116,AHRF_natality_24,8.62,8.62,8.83,8.62,FALSE,"Nonmetro, remote (RUCC 7-9)",130,TRUE,11.54,,,,29.23,,,,25.86,0.25,Both
30085,Roosevelt,MT,10665,73,2364,9,1,"Roosevelt, MT",1,1,1,154,156,0,2,2,0,68,23,11,,,112,36,,,119,,,6,3,3,1,0,9,154,AHRF_natality_24,6.49,6.49,9.38,0,FALSE,"Nonmetro, remote (RUCC 7-9)",156,TRUE,14.74,7.05,,,71.79,,,0.5584,0,1,Midwife only
30087,Rosebud,MT,8236,154,1721,8,1,"Rosebud, MT",0,0,0,119,115,0,1,1,0,0,18,,,,66,43,,,72,,,2,1,1,0,0,,119,AHRF_natality_24,0,0,0,0,FALSE,"Nonmetro, remote (RUCC 7-9)",115,TRUE,15.65,,,,57.39,,,1,0,,Neither
30089,Sanders,MT,12936,83,1953,8,1,"Sanders, MT",0,0,0,126,112,1,1,1,0,25,,,,,27,101,,,11,,,2,1,1,0,0,,126,AHRF_natality_24,0,0,0,7.94,FALSE,"Nonmetro, remote (RUCC 7-9)",112,TRUE,,,,,24.11,,,0.8016,0,,Neither
30091,Sheridan,MT,3677,26,646,9,1,"Sheridan, MT",0,0,0,34,35,0,1,1,0,0,,,,,11,32,,,,,,2,1,1,0,0,,34,AHRF_natality_24,,,0,,FALSE,"Nonmetro, remote (RUCC 7-9)",35,FALSE,,,,,,,,,,,Neither
30093,Silver Bow,MT,35589,158,7335,5,0.1387584322,"Silver Bow, MT",4,4,4,304,311,1,1,0,2,255,48,34,,,127,292,,12,19,30,,2,1,0,3,0,5,304,AHRF_natality_24,9.87,13.16,8.43,3.29,FALSE,"Nonmetro, adjacent (RUCC 4-6)",311,TRUE,15.43,10.93,,,40.84,10.27,,0.1612,6.58,0.6,Both
30095,Stillwater,MT,9052,72,1701,3,1,"Stillwater, MT",0,0,0,91,86,0,1,1,1,0,,,,,15,84,,,,,,2,1,1,0,0,,91,AHRF_natality_24,0,0,0,0,FALSE,Metro (RUCC 1-3),86,FALSE,,,,,,,,,10.99,0,OB/GYN only
30097,Sweet Grass,MT,3713,46,752,8,1,"Sweet Grass, MT",0,0,0,25,29,0,1,1,0,0,,,,,,28,,,,,,2,1,1,0,0,,25,AHRF_natality_24,,,0,,FALSE,"Nonmetro, remote (RUCC 7-9)",29,FALSE,,,,,,,,,,,Neither
30099,Teton,MT,6291,66,1128,8,1,"Teton, MT",0,0,0,70,69,0,1,1,0,0,10,,,,11,67,,,,,,2,1,1,0,0,,70,AHRF_natality_24,0,0,0,0,FALSE,"Nonmetro, remote (RUCC 7-9)",69,FALSE,,,,,,,,,0,,Neither
30101,Toole,MT,5028,73,780,9,1,"Toole, MT",0,0,0,61,50,1,1,1,0,0,,,,,16,47,,,,,,2,1,1,1,0,9,61,AHRF_natality_24,16.39,0,19.89,16.39,FALSE,"Nonmetro, remote (RUCC 7-9)",50,FALSE,,,,,,,,,0,1,Midwife only
30103,Treasure,MT,761,12,101,8,1,"Treasure, MT",0,0,0,10,,0,0,0,0,0,,,,,,,,,,,,0,0,0,0,0,,10,AHRF_natality_24,,,0,,TRUE,"Nonmetro, remote (RUCC 7-9)",,FALSE,,,,,,,,,,,Neither
30105,Valley,MT,7540,84,1429,9,1,"Valley, MT",0,0,0,87,77,1,1,1,3,82,,,,,30,62,,,15,,,3,1,1,0,0,,87,AHRF_natality_24,0,0,0,11.49,FALSE,"Nonmetro, remote (RUCC 7-9)",77,FALSE,,,,,,,,,34.48,0,OB/GYN only
30107,Wheatland,MT,2049,10,389,9,1,"Wheatland, MT",0,0,0,21,22,0,1,1,0,0,,,,,,22,,,,,,2,1,1,0,0,,21,AHRF_natality_24,,,0,,FALSE,"Nonmetro, remote (RUCC 7-9)",22,FALSE,,,,,,,,,,,Neither
30109,Wibaux,MT,1148,19,202,9,1,"Wibaux, MT",0,0,0,12,,0,0,0,0,0,,,,,,,,,,,,0,0,0,0,0,,12,AHRF_natality_24,,,0,,TRUE,"Nonmetro, remote (RUCC 7-9)",,FALSE,,,,,,,,,,,Neither
30111,Yellowstone,MT,167340,2768,37138,3,0.1648445041,"Yellowstone, MT",9,9,9,1844,1848,2,4,0,18,2575,195,144,23,15,680,1584,18,160,246,124,,8,5,0,5,5,3,1844,AHRF_natality_24,2.71,4.88,2.99,1.08,FALSE,Metro (RUCC 1-3),1848,TRUE,10.55,7.79,1.24,0.81,36.8,7.83,,,9.76,0.217,Both
31001,Adams,NE,31034,297,6573,4,0.205031245,"Adams, NE",2,2,2,364,379,0,1,0,3,526,43,28,,,138,360,,75,16,27,,2,1,0,2,0,4,364,AHRF_natality_24,5.49,5.49,6.44,0,FALSE,"Nonmetro, adjacent (RUCC 4-6)",379,TRUE,11.35,7.39,,,36.41,7.5,,,8.24,0.4,Both
31003,Antelope,NE,6302,47,1105,9,1,"Antelope, NE",0,0,0,74,87,0,1,1,0,132,,,,,16,86,,,,,,5,3,2,0,0,,74,AHRF_natality_24,0,0,0,0,FALSE,"Nonmetro, remote (RUCC 7-9)",87,FALSE,,,,,,,,,0,,Neither
31005,Arthur,NE,540,9,107,9,1,"Arthur, NE",0,0,0,4,,0,0,0,0,0,,,,,,,,,,,,0,0,0,0,0,,4,AHRF_natality_24,,,0,,TRUE,"Nonmetro, remote (RUCC 7-9)",,FALSE,,,,,,,,,,,Neither
31007,Banner,NE,657,2,126,8,1,"Banner, NE",0,0,0,7,,0,0,0,0,0,,,,,,,,,,,,0,0,0,0,0,,7,AHRF_natality_24,,,0,,TRUE,"Nonmetro, remote (RUCC 7-9)",,FALSE,,,,,,,,,,,Neither
31009,Blaine,NE,385,0,46,9,1,"Blaine, NE",0,0,0,6,,0,0,0,0,0,,,,,,,,,,,,0,0,0,0,0,,6,AHRF_natality_24,,,0,,TRUE,"Nonmetro, remote (RUCC 7-9)",,FALSE,,,,,,,,,,,Neither
31011,Boone,NE,5366,103,906,9,1,"Boone, NE",0,0,0,66,66,0,1,1,0,204,,,,,11,65,,,,,,2,1,1,0,0,,66,AHRF_natality_24,0,0,0,0,FALSE,"Nonmetro, remote (RUCC 7-9)",66,FALSE,,,,,,,,,0,,Neither
31013,Box Butte,NE,10754,208,1940,7,0.2511529238,"Box Butte, NE",0,0,0,117,111,1,1,1,0,134,18,12,,,44,96,,20,15,,,2,1,1,0,0,,117,AHRF_natality_24,0,0,0,8.55,FALSE,"Nonmetro, remote (RUCC 7-9)",111,TRUE,16.22,10.81,,,39.64,,,,0,,Neither
31015,Boyd,NE,1704,13,218,9,1,"Boyd, NE",0,0,0,8,14,0,1,1,0,0,,,,,,13,,,,,,2,1,1,0,0,,8,AHRF_natality_24,,,0,,FALSE,"Nonmetro, remote (RUCC 7-9)",14,FALSE,,,,,,,,,,,Neither
31017,Brown,NE,2739,38,455,9,1,"Brown, NE",0,0,0,34,35,0,1,1,0,0,,,,,10,33,,,,,,2,1,1,0,0,,34,AHRF_natality_24,,,0,,FALSE,"Nonmetro, remote (RUCC 7-9)",35,FALSE,,,,,,,,,,,Neither
31019,Buffalo,NE,50323,779,11925,4,0.3106381279,"Buffalo, NE",0,0,0,586,597,0,2,0,7,665,72,46,,,198,560,11,95,26,42,,4,3,0,0,0,,586,AHRF_natality_24,0,0,0,0,FALSE,"Nonmetro, adjacent (RUCC 4-6)",597,TRUE,12.06,7.71,,,33.17,7.5,,,11.95,0,OB/GYN only
31021,Burt,NE,6730,91,1227,8,1,"Burt, NE",0,0,0,65,64,0,0,0,0,0,,,,,16,62,,,,,,2,1,1,0,0,,65,AHRF_natality_24,0,0,0,0,FALSE,"Nonmetro, remote (RUCC 7-9)",64,FALSE,,,,,,,,,0,,Neither
31023,Butler,NE,8413,92,1645,8,1,"Butler, NE",0,0,0,87,105,0,1,1,0,203,11,,,,24,105,,13,,,,2,1,1,0,0,,87,AHRF_natality_24,0,0,0,0,FALSE,"Nonmetro, remote (RUCC 7-9)",105,TRUE,10.48,,,,22.86,,,,0,,Neither
31025,Cass,NE,26963,391,5389,2,0.7497932175,"Cass, NE",0,0,0,257,267,0,0,0,1,0,30,20,,,72,261,,12,,19,,0,0,0,0,0,,257,AHRF_natality_24,0,0,0,0,TRUE,Metro (RUCC 1-3),267,TRUE,11.24,7.49,,,26.97,7.28,,1,3.89,0,OB/GYN only
31027,Cedar,NE,8344,95,1452,9,1,"Cedar, NE",0,0,0,62,106,0,0,0,0,0,12,,,,19,103,,,,,,0,0,0,0,0,,62,AHRF_natality_24,0,0,0,0,TRUE,"Nonmetro, remote (RUCC 7-9)",106,TRUE,11.32,,,,17.92,,,,0,,Neither
31029,Chase,NE,3639,61,669,9,1,"Chase, NE",0,0,0,46,43,0,1,1,0,203,,,,,11,42,,12,,,,2,1,1,0,0,,46,AHRF_natality_24,,,0,,FALSE,"Nonmetro, remote (RUCC 7-9)",43,FALSE,,,,,,,,,,,Neither
31031,Cherry,NE,5468,34,1009,9,1,"Cherry, NE",0,0,0,74,80,0,1,1,0,254,,,,,24,62,,,18,,,2,1,1,0,0,,74,AHRF_natality_24,0,0,0,0,FALSE,"Nonmetro, remote (RUCC 7-9)",80,FALSE,,,,,,,,,0,,Neither
31033,Cheyenne,NE,9478,171,1786,7,0.3417828475,"Cheyenne, NE",0,0,0,99,102,0,1,1,0,268,16,,,,41,98,,12,,,,2,1,1,0,0,,99,AHRF_natality_24,0,0,0,0,FALSE,"Nonmetro, remote (RUCC 7-9)",102,TRUE,15.69,,,,40.2,,,,0,,Neither
31035,Clay,NE,6084,117,1112,9,1,"Clay, NE",0,0,0,72,82,0,0,0,0,0,,,,,24,80,,11,,,,0,0,0,0,0,,72,AHRF_natality_24,0,0,0,0,TRUE,"Nonmetro, remote (RUCC 7-9)",82,FALSE,,,,,,,,,0,,Neither
31037,Colfax,NE,10541,226,1652,7,0.3836703837,"Colfax, NE",0,0,0,164,164,0,1,1,0,250,25,,,,63,142,13,93,,,,2,1,1,0,0,,164,AHRF_natality_24,0,0,0,0,FALSE,"Nonmetro, remote (RUCC 7-9)",164,TRUE,15.24,,,,38.41,,,,0,,Neither
31039,Cuming,NE,8976,116,1723,9,1,"Cuming, NE",0,0,0,136,118,0,1,1,0,203,16,,,,22,116,,17,,,,2,1,1,0,0,,136,AHRF_natality_24,0,0,0,0,FALSE,"Nonmetro, remote (RUCC 7-9)",118,TRUE,13.56,,,,18.64,,,,0,,Neither
31041,Custer,NE,10544,197,1920,9,1,"Custer, NE",0,0,0,149,138,0,2,2,0,119,14,10,,,36,134,,,,10,,5,3,2,0,0,,149,AHRF_natality_24,0,0,0,0,FALSE,"Nonmetro, remote (RUCC 7-9)",138,TRUE,10.14,7.25,,,26.09,7.46,,0.2013,0,,Neither
31043,Dakota,NE,21331,212,4632,3,0.2060513391,"Dakota, NE",0,0,0,423,343,0,0,0,0,0,51,28,,,160,242,64,164,36,21,,0,0,0,0,0,,423,AHRF_natality_24,0,0,0,0,TRUE,Metro (RUCC 1-3),343,TRUE,14.87,8.16,,,46.65,8.68,,1,0,,Neither
31045,Dawes,NE,8212,40,2233,9,0.3987071594,"Dawes, NE",0,0,0,69,86,0,1,1,0,250,,,,,28,73,,,11,,,3,2,1,0,0,,69,AHRF_natality_24,0,0,0,0,FALSE,"Nonmetro, remote (RUCC 7-9)",86,FALSE,,,,,,,,,0,,Neither
31047,Dawson,NE,24020,305,4873,7,0.5670855626,"Dawson, NE",1,1,1,376,360,1,3,3,0,518,46,23,,,160,301,42,161,17,18,,6,3,3,1,0,7,376,AHRF_natality_24,2.66,2.66,4.16,2.66,FALSE,"Nonmetro, remote (RUCC 7-9)",360,TRUE,12.78,6.39,,,44.44,5.98,,,0,1,Midwife only
31049,Deuel,NE,1865,54,282,9,1,"Deuel, NE",0,0,0,22,15,0,0,0,0,0,,,,,,15,,,,,,0,0,0,0,0,,22,AHRF_natality_24,,,0,,TRUE,"Nonmetro, remote (RUCC 7-9)",15,FALSE,,,,,,,,,,,Neither
31051,Dixon,NE,5561,60,1042,8,1,"Dixon, NE",0,0,0,56,63,0,0,0,0,0,,,,,17,62,,15,,,,1,1,0,0,0,,56,AHRF_natality_24,0,0,0,0,FALSE,"Nonmetro, remote (RUCC 7-9)",63,FALSE,,,,,,,,,0,,Neither
31053,Dodge,NE,37146,345,7407,4,0.2387870961,"Dodge, NE",0,0,0,531,490,0,1,0,2,528,66,37,,,223,462,,190,19,35,,1,1,0,0,0,,531,AHRF_natality_24,0,0,0,0,FALSE,"Nonmetro, adjacent (RUCC 4-6)",490,TRUE,13.47,7.55,,,45.51,7.58,,0.0056,3.77,0,OB/GYN only
31055,Douglas,NE,585461,8785,139065,2,0.0243616195,"Douglas, NE",21,18,21,8017,7898,2,14,0,134,9350,1089,733,109,91,3028,5764,1151,1727,983,443,181,24,13,0,25,19,2,8017,AHRF_natality_24,3.12,2.62,4.27,0.25,FALSE,Metro (RUCC 1-3),7898,TRUE,13.79,9.28,1.38,1.15,38.34,7.69,15.73,,16.71,0.157,Both
31057,Dundy,NE,1811,38,337,9,1,"Dundy, NE",0,0,0,20,17,0,1,1,0,0,,,,,,17,,,,,,2,1,1,0,0,,20,AHRF_natality_24,,,0,,FALSE,"Nonmetro, remote (RUCC 7-9)",17,FALSE,,,,,,,,,,,Neither
31059,Fillmore,NE,5551,77,976,8,1,"Fillmore, NE",0,0,0,64,57,1,1,1,0,18,,,,,12,56,,,,,,2,1,1,0,0,,64,AHRF_natality_24,0,0,0,15.62,FALSE,"Nonmetro, remote (RUCC 7-9)",57,FALSE,,,,,,,,,0,,Neither
31061,Franklin,NE,2868,8,482,9,1,"Franklin, NE",0,0,0,21,28,0,1,1,0,0,,,,,,27,,,,,,2,1,1,0,0,,21,AHRF_natality_24,,,0,,FALSE,"Nonmetro, remote (RUCC 7-9)",28,FALSE,,,,,,,,,,,Neither
31063,Frontier,NE,2562,20,438,9,1,"Frontier, NE",0,0,0,18,24,0,0,0,0,0,,,,,,23,,,,,,0,0,0,0,0,,18,AHRF_natality_24,,,0,,TRUE,"Nonmetro, remote (RUCC 7-9)",24,FALSE,,,,,,,,,,,Neither
31065,Furnas,NE,4605,125,826,9,1,"Furnas, NE",0,0,0,51,55,0,1,1,0,165,,,,,15,55,,,,,,3,2,1,0,0,,51,AHRF_natality_24,0,0,0,0,FALSE,"Nonmetro, remote (RUCC 7-9)",55,FALSE,,,,,,,,,0,,Neither
31067,Gage,NE,21646,279,3941,6,0.4405639513,"Gage, NE",1,1,1,229,212,0,1,1,2,215,24,14,,,77,202,,10,,13,,3,2,1,1,0,6,229,AHRF_natality_24,4.37,4.37,4.62,0,FALSE,"Nonmetro, adjacent (RUCC 4-6)",212,TRUE,11.32,6.6,,,36.32,6.44,,0.0611,8.73,0.333,Both
31069,Garden,NE,1620,23,259,9,1,"Garden, NE",0,0,0,17,15,0,1,1,0,0,,,,,,14,,,,,,3,1,1,0,0,,17,AHRF_natality_24,,,0,,FALSE,"Nonmetro, remote (RUCC 7-9)",15,FALSE,,,,,,,,,,,Neither
31071,Garfield,NE,1797,0,335,9,1,"Garfield, NE",0,0,0,21,22,0,0,0,0,0,,,,,,21,,,,,,1,1,0,0,0,,21,AHRF_natality_24,,,0,,FALSE,"Nonmetro, remote (RUCC 7-9)",22,FALSE,,,,,,,,,,,Neither
31073,Gosper,NE,1929,2,312,9,1,"Gosper, NE",0,0,0,13,16,0,0,0,0,0,,,,,,16,,,,,,0,0,0,0,0,,13,AHRF_natality_24,,,0,,TRUE,"Nonmetro, remote (RUCC 7-9)",16,FALSE,,,,,,,,,,,Neither
31075,Grant,NE,695,11,125,9,1,"Grant, NE",0,0,0,8,,0,0,0,0,0,,,,,,,,,,,,0,0,0,0,0,,8,AHRF_natality_24,,,0,,TRUE,"Nonmetro, remote (RUCC 7-9)",,FALSE,,,,,,,,,,,Neither
31077,Greeley,NE,2211,45,368,8,1,"Greeley, NE",0,0,0,21,27,0,0,0,0,0,,,,,,27,,,,,,0,0,0,0,0,,21,AHRF_natality_24,,,0,,TRUE,"Nonmetro, remote (RUCC 7-9)",27,FALSE,,,,,,,,,,,Neither
31079,Hall,NE,62431,1304,13290,3,0.1239526194,"Hall, NE",0,0,0,943,928,0,2,0,4,614,121,79,15,13,455,820,58,440,51,67,,4,3,0,1,0,3,943,AHRF_natality_24,1.06,0,1.6,0,FALSE,Metro (RUCC 1-3),928,TRUE,13.04,8.51,1.62,1.4,49.03,8.17,,0.3489,4.24,0.2,Both
31081,Hamilton,NE,9438,92,1833,8,1,"Hamilton, NE",0,0,0,94,118,0,1,1,0,310,11,,,,24,114,,,,,,2,1,1,0,0,,94,AHRF_natality_24,0,0,0,0,FALSE,"Nonmetro, remote (RUCC 7-9)",118,TRUE,9.32,,,,20.34,,,,0,,Neither
31083,Harlan,NE,3006,15,470,9,1,"Harlan, NE",0,0,0,30,31,0,1,1,0,0,,,,,,31,,,,,,2,1,1,0,0,,30,AHRF_natality_24,,,0,,FALSE,"Nonmetro, remote (RUCC 7-9)",31,FALSE,,,,,,,,,,,Neither
31085,Hayes,NE,854,9,156,9,1,"Hayes, NE",0,0,0,8,10,0,0,0,0,0,,,,,,10,,,,,,0,0,0,0,0,,8,AHRF_natality_24,,,0,,TRUE,"Nonmetro, remote (RUCC 7-9)",10,FALSE,,,,,,,,,,,Neither
31087,Hitchcock,NE,2601,65,423,9,1,"Hitchcock, NE",0,0,0,27,28,0,0,0,0,0,,,,,11,28,,,,,,0,0,0,0,0,,27,AHRF_natality_24,,,0,,TRUE,"Nonmetro, remote (RUCC 7-9)",28,FALSE,,,,,,,,,,,Neither
31089,Holt,NE,10093,131,1825,9,1,"Holt, NE",0,0,0,142,122,1,2,2,1,149,13,,,,29,120,,13,,,,4,2,2,0,0,,142,AHRF_natality_24,0,0,0,7.04,FALSE,"Nonmetro, remote (RUCC 7-9)",122,TRUE,10.66,,,,23.77,,,,7.04,0,OB/GYN only
31091,Hooker,NE,613,7,122,9,1,"Hooker, NE",0,0,0,7,,0,0,0,0,0,,,,,,,,,,,,1,1,0,0,0,,7,AHRF_natality_24,,,0,,FALSE,"Nonmetro, remote (RUCC 7-9)",,FALSE,,,,,,,,,,,Neither
31093,Howard,NE,6492,172,1143,3,1,"Howard, NE",0,0,0,85,73,0,1,1,0,102,,,,,16,72,,,,,,2,1,1,0,0,,85,AHRF_natality_24,0,0,0,0,FALSE,Metro (RUCC 1-3),73,FALSE,,,,,,,,,0,,Neither
31095,Jefferson,NE,7155,121,1324,9,0.4459944751,"Jefferson, NE",0,0,0,85,78,0,1,1,0,0,10,,,,34,75,,10,,,,2,1,1,0,0,,85,AHRF_natality_24,0,0,0,0,FALSE,"Nonmetro, remote (RUCC 7-9)",78,FALSE,,,,,,,,,0,,Neither
31097,Johnson,NE,5263,38,751,8,1,"Johnson, NE",0,0,0,37,39,0,1,1,0,0,,,,,15,35,,,,,,3,2,1,0,0,,37,AHRF_natality_24,,,0,,FALSE,"Nonmetro, remote (RUCC 7-9)",39,FALSE,,,,,,,,,,,Neither
31099,Kearney,NE,6697,128,1359,9,1,"Kearney, NE",0,0,0,79,80,0,1,1,0,0,,,,,20,77,,,,,,2,1,1,1,0,9,79,AHRF_natality_24,12.66,0,14.93,0,FALSE,"Nonmetro, remote (RUCC 7-9)",80,FALSE,,,,,,,,,0,1,Midwife only
31101,Keith,NE,8239,147,1345,9,0.4335932813,"Keith, NE",0,0,0,84,80,1,1,1,0,62,11,,,,24,78,,10,,,,2,1,1,0,0,,84,AHRF_natality_24,0,0,0,11.9,FALSE,"Nonmetro, remote (RUCC 7-9)",80,FALSE,,,,,,,,,0,,Neither
31103,Keya Paha,NE,939,7,174,9,1,"Keya Paha, NE",0,0,0,7,,0,0,0,0,0,,,,,,,,,,,,0,0,0,0,0,,7,AHRF_natality_24,,,0,,TRUE,"Nonmetro, remote (RUCC 7-9)",,FALSE,,,,,,,,,,,Neither
31105,Kimball,NE,3348,60,522,8,1,"Kimball, NE",0,0,0,32,32,0,1,1,0,0,,,,,10,28,,,,,,2,1,1,0,0,,32,AHRF_natality_24,,,0,,FALSE,"Nonmetro, remote (RUCC 7-9)",32,FALSE,,,,,,,,,,,Neither
31107,Knox,NE,8362,108,1449,9,1,"Knox, NE",0,0,0,62,105,0,1,1,0,0,11,,,,34,84,,,20,,,2,1,1,0,0,,62,AHRF_natality_24,0,0,0,0,FALSE,"Nonmetro, remote (RUCC 7-9)",105,TRUE,10.48,,,,32.38,,,,0,,Neither
31109,Lancaster,NE,323673,3456,79045,2,0.0973038486,"Lancaster, NE",9,9,9,3661,3668,0,9,0,31,2184,416,255,40,33,1177,3039,205,503,423,199,24,14,8,0,9,8,2,3661,AHRF_natality_24,2.46,2.46,2.78,0,FALSE,Metro (RUCC 1-3),3668,TRUE,11.34,6.95,1.09,0.9,32.09,6.55,11.71,0.4034,8.47,0.225,Both
31111,Lincoln,NE,34122,434,6941,5,0.3199330949,"Lincoln, NE",0,0,0,348,350,0,1,0,4,412,33,27,,,140,325,,39,19,24,,1,1,0,0,0,,348,AHRF_natality_24,0,0,0,0,FALSE,"Nonmetro, adjacent (RUCC 4-6)",350,TRUE,9.43,7.71,,,40,7.38,,,11.49,0,OB/GYN only
31113,Logan,NE,812,6,128,9,1,"Logan, NE",0,0,0,6,,0,0,0,0,0,,,,,,,,,,,,0,0,0,0,0,,6,AHRF_natality_24,,,0,,TRUE,"Nonmetro, remote (RUCC 7-9)",,FALSE,,,,,,,,,,,Neither
31115,Loup,NE,564,6,98,9,1,"Loup, NE",0,0,0,3,,0,0,0,0,0,,,,,,,,,,,,0,0,0,0,0,,3,AHRF_natality_24,,,0,,TRUE,"Nonmetro, remote (RUCC 7-9)",,FALSE,,,,,,,,,,,Neither
31117,McPherson,NE,463,2,95,9,1,"McPherson, NE",0,0,0,3,,0,0,0,0,0,,,,,,,,,,,,0,0,0,0,0,,3,AHRF_natality_24,,,0,,TRUE,"Nonmetro, remote (RUCC 7-9)",,FALSE,,,,,,,,,,,Neither
31119,Madison,NE,35535,446,7510,5,0.2735984263,"Madison, NE",1,1,1,466,465,0,1,0,5,795,37,25,,,172,422,,115,35,21,,4,3,0,0,0,,466,AHRF_natality_24,0,2.15,0,0,FALSE,"Nonmetro, adjacent (RUCC 4-6)",465,TRUE,7.96,5.38,,,36.99,4.98,,,10.73,0,OB/GYN only
31121,Merrick,NE,7696,63,1481,3,1,"Merrick, NE",0,0,0,85,79,0,1,1,0,0,,,,,22,75,,,,,,2,1,1,0,0,,85,AHRF_natality_24,0,0,0,0,FALSE,Metro (RUCC 1-3),79,FALSE,,,,,,,,,0,,Neither
31123,Morrill,NE,4544,48,855,9,1,"Morrill, NE",0,0,0,59,53,0,1,1,0,59,,,,,15,50,,,,,,2,1,1,1,0,9,59,AHRF_natality_24,16.95,0,22.01,0,FALSE,"Nonmetro, remote (RUCC 7-9)",53,FALSE,,,,,,,,,0,1,Midwife only
31125,Nance,NE,3342,27,622,8,1,"Nance, NE",0,0,0,33,41,0,1,1,0,0,,,,,10,41,,,,,,3,2,1,0,0,,33,AHRF_natality_24,,,0,,FALSE,"Nonmetro, remote (RUCC 7-9)",41,FALSE,,,,,,,,,,,Neither
31127,Nemaha,NE,7035,46,1477,9,1,"Nemaha, NE",0,0,0,70,80,0,1,1,0,0,,,,,24,77,,,,,,2,1,1,0,0,,70,AHRF_natality_24,0,0,0,0,FALSE,"Nonmetro, remote (RUCC 7-9)",80,FALSE,,,,,,,,,0,,Neither
31129,Nuckolls,NE,4089,21,684,9,1,"Nuckolls, NE",0,0,0,40,43,1,1,1,0,29,,,,,11,41,,,,,,2,1,1,0,0,,40,AHRF_natality_24,,,0,,FALSE,"Nonmetro, remote (RUCC 7-9)",43,FALSE,,,,,,,,,,,Neither
31131,Otoe,NE,16075,232,3053,6,0.5588235294,"Otoe, NE",0,0,0,176,187,1,2,2,0,86,22,16,,,68,179,,22,,16,,4,2,2,0,0,,176,AHRF_natality_24,0,0,0,5.68,FALSE,"Nonmetro, adjacent (RUCC 4-6)",187,TRUE,11.76,8.56,,,36.36,8.94,,0.5114,0,,Neither
31133,Pawnee,NE,2539,13,406,9,1,"Pawnee, NE",0,0,0,26,28,0,1,1,0,0,,,,,,28,,,,,,2,1,1,0,0,,26,AHRF_natality_24,,,0,,FALSE,"Nonmetro, remote (RUCC 7-9)",28,FALSE,,,,,,,,,,,Neither
31135,Perkins,NE,2835,15,507,9,1,"Perkins, NE",0,0,0,22,27,0,1,1,0,128,,,,,,26,,,,,,2,1,1,0,0,,22,AHRF_natality_24,,,0,,FALSE,"Nonmetro, remote (RUCC 7-9)",27,FALSE,,,,,,,,,,,Neither
31137,Phelps,NE,8983,198,1704,7,0.391837645,"Phelps, NE",0,0,0,120,116,0,1,1,0,250,14,,,,29,111,,,,,,2,1,1,0,0,,120,AHRF_natality_24,0,0,0,0,FALSE,"Nonmetro, remote (RUCC 7-9)",116,TRUE,12.07,,,,25,,,,0,,Neither
31139,Pierce,NE,7312,118,1368,9,1,"Pierce, NE",0,0,0,99,91,0,2,2,0,0,,,,,19,90,,,,,,3,1,2,0,0,,99,AHRF_natality_24,0,0,0,0,FALSE,"Nonmetro, remote (RUCC 7-9)",91,FALSE,,,,,,,,,0,,Neither
31141,Platte,NE,34358,486,6841,5,0.2757756007,"Platte, NE",1,0,1,462,455,1,1,0,3,512,53,32,,,151,428,15,155,12,29,,1,1,0,1,0,5,462,AHRF_natality_24,2.16,2.16,2.91,2.16,FALSE,"Nonmetro, adjacent (RUCC 4-6)",455,TRUE,11.65,7.03,,,33.19,6.78,,,6.49,0.25,Both
31143,Polk,NE,5209,85,998,8,1,"Polk, NE",0,0,0,56,55,0,1,1,0,124,,,,,,54,,,,,,2,1,1,0,0,,56,AHRF_natality_24,0,0,0,0,FALSE,"Nonmetro, remote (RUCC 7-9)",55,FALSE,,,,,,,,,0,,Neither
31145,Red Willow,NE,10611,189,2088,7,0.3090076621,"Red Willow, NE",0,0,0,108,118,0,1,1,0,252,13,,,,36,114,,11,,,,2,1,1,0,0,,108,AHRF_natality_24,0,0,0,0,FALSE,"Nonmetro, remote (RUCC 7-9)",118,TRUE,11.02,,,,30.51,,,,0,,Neither
31147,Richardson,NE,7797,66,1373,9,0.4749078897,"Richardson, NE",0,0,0,71,72,0,1,1,0,0,,,,,27,67,,,,,,4,2,2,0,0,,71,AHRF_natality_24,0,0,0,0,FALSE,"Nonmetro, remote (RUCC 7-9)",72,FALSE,,,,,,,,,0,,Neither
31149,Rock,NE,1335,26,252,9,1,"Rock, NE",0,0,0,11,15,0,1,1,0,0,,,,,,14,,,,,,2,1,1,0,0,,11,AHRF_natality_24,,,0,,FALSE,"Nonmetro, remote (RUCC 7-9)",15,FALSE,,,,,,,,,,,Neither
31151,Saline,NE,14642,117,3147,6,0.5130842429,"Saline, NE",1,1,1,173,185,0,2,1,0,203,21,12,,,81,174,,98,,11,,5,2,2,1,0,6,173,AHRF_natality_24,5.78,5.78,6.83,0,FALSE,"Nonmetro, adjacent (RUCC 4-6)",185,TRUE,11.35,6.49,,,43.78,6.32,,,0,1,Midwife only
31153,Sarpy,NE,194051,2101,45662,2,0.0515676481,"Sarpy, NE",0,0,0,2402,2377,0,2,0,12,0,309,184,26,11,567,2044,139,360,194,153,13,5,4,0,1,0,2,2402,AHRF_natality_24,0.42,0,0.52,0,FALSE,Metro (RUCC 1-3),2377,TRUE,13,7.74,1.09,0.46,23.85,7.49,9.35,1,5,0.077,Both
31155,Saunders,NE,22761,218,4392,2,0.7853487746,"Saunders, NE",0,0,0,256,256,0,1,1,0,0,29,15,,,38,248,,11,,14,,2,1,1,0,0,,256,AHRF_natality_24,0,0,0,0,FALSE,Metro (RUCC 1-3),256,TRUE,11.33,5.86,,,14.84,5.65,,1,0,,Neither
31157,Scotts Bluff,NE,35937,507,7447,5,0.30428999,"Scotts Bluff, NE",0,0,0,436,418,0,1,0,4,496,48,33,,,194,371,,144,42,27,,1,1,0,2,0,5,436,AHRF_natality_24,4.59,0,5.57,0,FALSE,"Nonmetro, adjacent (RUCC 4-6)",418,TRUE,11.48,7.89,,,46.41,7.28,,,9.17,0.333,Both
31159,Seward,NE,17636,219,3763,2,0.5756147425,"Seward, NE",0,0,0,161,184,0,1,1,0,244,21,,,,32,181,,,,,,3,1,1,0,0,,161,AHRF_natality_24,0,0,0,0,FALSE,Metro (RUCC 1-3),184,TRUE,11.41,,,,17.39,,,,0,,Neither
31161,Sheridan,NE,5058,42,911,9,1,"Sheridan, NE",0,0,0,38,55,0,1,1,0,0,,,,,21,43,,,11,,,3,2,1,0,0,,38,AHRF_natality_24,,,0,,FALSE,"Nonmetro, remote (RUCC 7-9)",55,FALSE,,,,,,,,,,,Neither
31163,Sherman,NE,2974,30,496,8,1,"Sherman, NE",0,0,0,31,31,0,0,0,0,0,,,,,,28,,,,,,1,1,0,0,0,,31,AHRF_natality_24,,,0,,FALSE,"Nonmetro, remote (RUCC 7-9)",31,FALSE,,,,,,,,,,,Neither
31165,Sioux,NE,1197,24,263,9,1,"Sioux, NE",0,0,0,13,15,0,0,0,0,0,,,,,,15,,,,,,0,0,0,0,0,,13,AHRF_natality_24,,,0,,TRUE,"Nonmetro, remote (RUCC 7-9)",15,FALSE,,,,,,,,,,,Neither
31167,Stanton,NE,5835,76,1081,9,0.7333105101,"Stanton, NE",0,0,0,58,63,0,0,0,0,0,,,,,14,61,,,,,,0,0,0,0,0,,58,AHRF_natality_24,0,0,0,0,TRUE,"Nonmetro, remote (RUCC 7-9)",63,FALSE,,,,,,,,,0,,Neither
31169,Thayer,NE,4938,41,843,9,1,"Thayer, NE",0,0,0,52,51,0,1,1,0,127,,,,,11,51,,,,,,2,1,1,0,0,,52,AHRF_natality_24,0,0,0,0,FALSE,"Nonmetro, remote (RUCC 7-9)",51,FALSE,,,,,,,,,0,,Neither
31171,Thomas,NE,626,6,108,9,1,"Thomas, NE",0,0,0,5,,0,0,0,0,0,,,,,,,,,,,,0,0,0,0,0,,5,AHRF_natality_24,,,0,,TRUE,"Nonmetro, remote (RUCC 7-9)",,FALSE,,,,,,,,,,,Neither
31173,Thurston,NE,6666,124,1436,8,1,"Thurston, NE",0,0,0,142,124,0,2,1,0,291,22,,,,92,26,,,98,,,4,3,1,0,0,,142,AHRF_natality_24,0,0,0,0,FALSE,"Nonmetro, remote (RUCC 7-9)",124,TRUE,17.74,,,,74.19,,,,0,,Neither
31175,Valley,NE,4094,25,716,9,1,"Valley, NE",0,0,0,48,54,0,1,1,0,0,,,,,11,53,,,,,,2,1,1,0,0,,48,AHRF_natality_24,,,0,,FALSE,"Nonmetro, remote (RUCC 7-9)",54,FALSE,,,,,,,,,,,Neither
31177,Washington,NE,20989,237,4200,2,0.616534867,"Washington, NE",0,0,0,228,218,1,1,1,1,54,27,15,,,46,213,,,,14,,1,0,1,0,0,,228,AHRF_natality_24,0,0,0,4.39,FALSE,Metro (RUCC 1-3),218,TRUE,12.39,6.88,,,21.1,6.57,,0.7632,4.39,0,OB/GYN only
31179,Wayne,NE,9786,139,2475,7,0.3833144271,"Wayne, NE",0,0,0,102,101,1,1,1,0,62,15,,,,24,94,,21,,,,2,1,1,0,0,,102,AHRF_natality_24,0,0,0,9.8,FALSE,"Nonmetro, remote (RUCC 7-9)",101,TRUE,14.85,,,,23.76,,,0.3922,0,,Neither
31181,Webster,NE,3385,53,597,9,1,"Webster, NE",0,0,0,29,34,0,1,1,0,0,,,,,,34,,,,,,2,1,1,0,0,,29,AHRF_natality_24,,,0,,FALSE,"Nonmetro, remote (RUCC 7-9)",34,FALSE,,,,,,,,,,,Neither
31183,Wheeler,NE,785,3,76,9,1,"Wheeler, NE",0,0,0,16,,0,0,0,0,0,,,,,,,,,,,,0,0,0,0,0,,16,AHRF_natality_24,,,0,,TRUE,"Nonmetro, remote (RUCC 7-9)",,FALSE,,,,,,,,,,,Neither
31185,York,NE,14231,104,2936,6,0.4358938053,"York, NE",0,0,0,152,164,0,2,2,0,615,15,,,,46,158,,12,,,,4,2,2,0,0,,152,AHRF_natality_24,0,0,0,0,FALSE,"Nonmetro, adjacent (RUCC 4-6)",164,TRUE,9.15,,,,28.05,,,,0,,Neither
32001,Churchill,NV,25614,246,4995,6,0.3434315723,"Churchill, NV",0,0,0,281,280,1,1,1,5,255,33,28,,,102,239,,54,36,24,,2,1,1,0,0,,281,AHRF_natality_24,0,0,0,3.56,FALSE,"Nonmetro, adjacent (RUCC 4-6)",280,TRUE,11.79,10,,,36.43,10.04,,0.0925,17.79,0,OB/GYN only
32003,Clark,NV,2293764,27386,534977,1,0.0126892496,"Clark, NV",29,26,29,24128,24629,4,36,2,207,12371,3534,2386,345,229,12525,16053,4441,10121,4136,1286,666,62,30,2,47,34,1,24128,AHRF_natality_24,1.95,1.2,2.05,0.17,FALSE,Metro (RUCC 1-3),24629,TRUE,14.35,9.69,1.4,0.93,50.85,8.01,15,0.4873,8.58,0.185,Both
32005,Douglas,NV,49624,405,7881,4,0.297304397,"Douglas, NV",0,0,0,332,323,0,1,1,0,0,35,28,,,90,289,,63,32,26,,2,1,1,0,0,,332,AHRF_natality_24,0,0,0,0,FALSE,"Nonmetro, adjacent (RUCC 4-6)",323,TRUE,10.84,8.67,,,27.86,9,,1,0,,Neither
32007,Elko,NV,53852,601,11972,5,0.5179881569,"Elko, NV",2,2,2,540,676,0,1,0,1,307,74,54,,,253,606,,204,61,45,,4,2,1,0,0,,540,AHRF_natality_24,0,3.7,0,0,FALSE,"Nonmetro, adjacent (RUCC 4-6)",676,TRUE,10.95,7.99,,,37.43,7.43,,0.4315,1.85,0,OB/GYN only
32009,Esmeralda,NV,962,0,130,9,1,"Esmeralda, NV",0,0,0,2,,0,0,0,0,0,,,,,,,,,,,,0,0,0,0,0,,2,AHRF_natality_24,,,0,,TRUE,"Nonmetro, remote (RUCC 7-9)",,FALSE,,,,,,,,,,,Neither
32011,Eureka,NV,1660,39,157,9,1,"Eureka, NV",0,0,0,9,18,0,0,0,0,0,,,,,,18,,,,,,0,0,0,0,0,,9,AHRF_natality_24,,,0,,TRUE,"Nonmetro, remote (RUCC 7-9)",18,FALSE,,,,,,,,,,,Neither
32013,Humboldt,NV,17299,322,3556,7,0.3898756147,"Humboldt, NV",0,0,0,179,204,1,1,1,1,184,24,17,,,89,187,,77,16,14,,2,1,1,1,0,7,179,AHRF_natality_24,5.59,0,5.78,5.59,FALSE,"Nonmetro, remote (RUCC 7-9)",204,TRUE,11.76,8.33,,,43.63,7.49,,,5.59,0.5,Both
32015,Lander,NV,5745,33,1121,9,1,"Lander, NV",0,0,0,58,61,0,1,1,1,0,,,,,23,56,,13,,,,2,1,1,0,0,,58,AHRF_natality_24,0,0,0,0,FALSE,"Nonmetro, remote (RUCC 7-9)",61,FALSE,,,,,,,,,17.24,0,OB/GYN only
32017,Lincoln,NV,4452,0,844,8,1,"Lincoln, NV",0,0,0,24,52,0,1,1,1,0,,,,,12,50,,,,,,2,1,1,0,0,,24,AHRF_natality_24,,,0,,FALSE,"Nonmetro, remote (RUCC 7-9)",52,FALSE,,,,,,,,,,0,OB/GYN only
32019,Lyon,NV,60630,1182,11783,2,0.4462564362,"Lyon, NV",0,0,0,602,622,0,1,1,0,0,75,55,,,262,556,10,168,57,47,,2,1,1,0,0,,602,AHRF_natality_24,0,0,0,0,FALSE,Metro (RUCC 1-3),622,TRUE,12.06,8.84,,,42.12,8.45,,1,0,,Neither
32021,Mineral,NV,4557,25,857,8,1,"Mineral, NV",0,0,0,35,33,0,1,1,0,0,,,,,18,25,,,,,,3,2,1,0,0,,35,AHRF_natality_24,,,0,,FALSE,"Nonmetro, remote (RUCC 7-9)",33,FALSE,,,,,,,,,,,Neither
32023,Nye,NV,53207,550,8014,4,0.2731678006,"Nye, NV",0,0,0,381,382,0,1,1,0,0,52,40,,,201,326,16,99,40,32,,3,2,1,0,0,,381,AHRF_natality_24,0,0,0,0,FALSE,"Nonmetro, adjacent (RUCC 4-6)",382,TRUE,13.61,10.47,,,52.62,9.82,,1,0,,Neither
32027,Pershing,NV,6505,56,915,8,1,"Pershing, NV",0,0,0,41,42,0,1,1,0,156,,,,,22,35,,14,,,,2,1,1,0,0,,41,AHRF_natality_24,,,0,,FALSE,"Nonmetro, remote (RUCC 7-9)",42,FALSE,,,,,,,,,,,Neither
32029,Storey,NV,4139,69,564,2,0.8913255361,"Storey, NV",0,0,0,16,18,0,0,0,0,0,,,,,,16,,,,,,0,0,0,0,0,,16,AHRF_natality_24,,,0,,TRUE,Metro (RUCC 1-3),18,FALSE,,,,,,,,,,,Neither
32031,Washoe,NV,491770,5356,110031,2,0.0417170272,"Washoe, NV",10,11,10,4772,4949,1,11,1,54,5319,572,430,72,49,2056,4112,197,1786,640,332,30,18,7,1,16,16,2,4772,AHRF_natality_24,3.35,2.1,3.25,0.21,FALSE,Metro (RUCC 1-3),4949,TRUE,11.56,8.69,1.45,0.99,41.54,8.07,15.23,,11.32,0.229,Both
32033,White Pine,NV,8856,50,1649,9,0.5093612335,"White Pine, NV",0,0,0,58,85,1,1,1,0,52,10,,,,41,75,,13,10,,,2,1,1,0,0,,58,AHRF_natality_24,0,0,0,17.24,FALSE,"Nonmetro, remote (RUCC 7-9)",85,FALSE,,,,,,,,,0,,Neither
32510,Carson City,NV,58364,966,11065,3,0.0597895598,"Carson City, NV",0,0,0,493,512,1,1,0,10,909,67,51,,,228,464,,202,44,46,,5,3,0,1,0,3,493,AHRF_natality_24,2.03,0,1.71,2.03,FALSE,Metro (RUCC 1-3),512,TRUE,13.09,9.96,,,44.53,9.91,,,20.28,0.091,Both
33001,Belknap,NH,64300,764,12114,4,0.5445412448,"Belknap, NH",2,2,2,432,460,0,1,0,4,0,47,29,,,167,441,,12,15,28,,1,1,0,2,0,4,432,AHRF_natality_24,4.63,4.63,3.11,0,FALSE,"Nonmetro, adjacent (RUCC 4-6)",460,TRUE,10.22,6.3,,,36.3,6.35,,1,9.26,0.333,Both
33003,Carroll,NH,51259,277,8107,6,0.8947851598,"Carroll, NH",9,10,9,288,321,0,2,2,8,337,27,23,,,131,309,,,,22,,4,2,2,6,0,6,288,AHRF_natality_24,20.83,31.25,11.71,0,FALSE,"Nonmetro, adjacent (RUCC 4-6)",321,TRUE,8.41,7.17,,,40.81,7.12,,,27.78,0.429,Both
33005,Cheshire,NH,76945,650,16159,4,0.6911899343,"Cheshire, NH",10,10,10,580,675,1,1,0,8,401,59,40,,,238,651,,23,19,38,,1,1,0,10,0,4,580,AHRF_natality_24,17.24,17.24,13,1.72,FALSE,"Nonmetro, adjacent (RUCC 4-6)",675,TRUE,8.74,5.93,,,35.26,5.84,,0.3086,13.79,0.556,Both
33007,Coos,NH,31386,245,5094,7,0.6911219138,"Coos, NH",0,0,0,209,222,1,3,3,2,81,20,15,,,102,214,,,,14,,7,3,3,0,0,,209,AHRF_natality_24,0,0,0,4.78,FALSE,"Nonmetro, remote (RUCC 7-9)",222,TRUE,9.01,6.76,,,45.95,6.54,,0.61240000000000006,9.57,0,OB/GYN only
33009,Grafton,NH,91759,652,19554,5,0.6567527821,"Grafton, NH",22,20,22,618,684,2,5,4,42,1794,67,46,,,202,625,15,22,44,40,,10,5,4,23,23,5,618,AHRF_natality_24,37.22,35.6,25.07,3.24,FALSE,"Nonmetro, adjacent (RUCC 4-6)",684,TRUE,9.8,6.73,,,29.53,6.4,,,67.96,0.354,Both
33011,Hillsborough,NH,424732,4343,93366,2,0.2443720932,"Hillsborough, NH",38,35,38,4131,4195,4,6,1,53,5255,391,296,39,18,1326,3670,242,554,283,250,24,10,5,1,38,36,2,4131,AHRF_natality_24,9.2,9.2,8.95,0.97,FALSE,Metro (RUCC 1-3),4195,TRUE,9.32,7.06,0.93,0.43,31.61,6.81,9.92,,12.83,0.418,Both
33013,Merrimack,NH,155018,1425,32923,4,0.5464995319,"Merrimack, NH",10,9,10,1277,1311,1,5,2,23,1334,115,86,13,,361,1226,41,46,44,77,,8,4,2,9,7,4,1277,AHRF_natality_24,7.05,7.83,5.81,0.78,FALSE,"Nonmetro, adjacent (RUCC 4-6)",1311,TRUE,8.77,6.56,0.99,,27.54,6.28,,,18.01,0.281,Both
33015,Rockingham,NH,317163,3144,64270,1,0.2901017264,"Rockingham, NH",13,10,13,2805,2813,1,5,0,30,1609,254,186,24,,573,2663,36,123,114,172,,6,3,0,15,14,1,2805,AHRF_natality_24,5.35,4.63,4.73,0.36,FALSE,Metro (RUCC 1-3),2813,TRUE,9.03,6.61,0.85,,20.37,6.46,,0.4264,10.7,0.333,Both
33017,Strafford,NH,131743,1355,31940,1,0.3673647136,"Strafford, NH",22,20,22,1098,1157,1,2,0,10,1869,115,85,14,,362,1067,17,48,74,72,,2,2,0,19,18,1,1098,AHRF_natality_24,17.3,20.04,14.42,0.91,FALSE,Metro (RUCC 1-3),1157,TRUE,9.94,7.35,1.21,,31.29,6.75,,,9.11,0.655,Both
33019,Sullivan,NH,43529,369,8014,7,0.7813668346,"Sullivan, NH",2,3,2,339,375,0,1,1,4,0,41,27,,,161,362,,10,10,27,,3,2,1,1,0,7,339,AHRF_natality_24,2.95,5.9,2.3,0,FALSE,"Nonmetro, remote (RUCC 7-9)",375,TRUE,10.93,7.2,,,42.93,7.46,,1,11.8,0.2,Both
34001,Atlantic,NJ,274704,3393,57796,2,0.1493512643,"Atlantic, NJ",18,21,17,2712,2730,0,4,0,21,2211,329,230,38,26,1351,1869,588,810,273,128,76,11,4,0,20,15,2,2712,AHRF_natality_24,7.37,6.64,7.28,0,FALSE,Metro (RUCC 1-3),2730,TRUE,12.05,8.42,1.39,0.95,49.49,6.85,12.93,0.1847,7.74,0.488,Both
34003,Bergen,NJ,954717,10706,207863,1,0.0012105904,"Bergen, NJ",12,11,12,8993,9114,5,9,0,232,13786,984,683,97,18,1988,6548,834,2628,1732,449,85,12,9,0,16,16,1,8993,AHRF_natality_24,1.78,1.33,1.68,0.56,FALSE,Metro (RUCC 1-3),9114,TRUE,10.8,7.49,1.06,0.2,21.81,6.86,10.19,,25.8,0.065,Both
34005,Burlington,NJ,464226,4894,98752,1,0.0976962716,"Burlington, NJ",5,6,5,4689,4692,1,8,0,50,1937,515,373,59,17,1494,3218,950,726,524,209,112,14,6,0,8,5,1,4689,AHRF_natality_24,1.71,1.07,1.72,0.21,FALSE,Metro (RUCC 1-3),4692,TRUE,10.98,7.95,1.26,0.36,31.84,6.49,11.79,0.5869,10.66,0.138,Both
34007,Camden,NJ,524042,6462,119957,1,0.0130777386,"Camden, NJ",29,28,29,6056,6118,4,5,0,95,9875,737,558,89,64,2794,3973,1564,1635,581,287,219,7,4,0,38,35,1,6056,AHRF_natality_24,6.27,4.79,7.25,0.66,FALSE,Metro (RUCC 1-3),6118,TRUE,12.05,9.12,1.45,1.05,45.67,7.22,14,,15.69,0.286,Both
34009,Cape May,NJ,95236,1077,15732,2,0.1859588718,"Cape May, NJ",0,0,0,753,714,0,1,0,3,586,78,51,,,293,636,43,113,35,46,,2,1,0,0,0,,753,AHRF_natality_24,0,0,0,0,FALSE,Metro (RUCC 1-3),714,TRUE,10.92,7.14,,,41.04,7.23,,0.2218,3.98,0,OB/GYN only
34011,Cumberland,NJ,152915,1398,31904,3,0.2449076236,"Cumberland, NJ",1,1,1,1841,1811,1,2,0,4,1643,276,179,31,28,1179,1268,442,881,101,110,56,6,3,0,4,1,3,1841,AHRF_natality_24,2.17,0.54,2.62,0.54,FALSE,Metro (RUCC 1-3),1811,TRUE,15.24,9.88,1.71,1.55,65.1,8.68,12.67,0.1076,2.17,0.5,Both
34013,Essex,NJ,854130,10968,203732,1,1.377749e-4,"Essex, NJ",27,26,27,10010,9892,5,11,0,160,13267,1260,901,155,95,4877,4904,4200,3325,788,339,492,27,16,0,18,18,1,10010,AHRF_natality_24,1.8,2.7,2.11,0.5,FALSE,Metro (RUCC 1-3),9892,TRUE,12.74,9.11,1.57,0.96,49.3,6.91,11.71,,15.98,0.101,Both
34015,Gloucester,NJ,304504,3341,69002,1,0.1131679755,"Gloucester, NJ",9,8,9,3032,3014,1,1,0,13,1527,345,233,40,12,1051,2402,409,347,202,166,48,2,2,0,6,5,1,3032,AHRF_natality_24,1.98,2.97,1.97,0.33,FALSE,Metro (RUCC 1-3),3014,TRUE,11.45,7.73,1.33,0.4,34.87,6.91,11.74,0.4964,4.29,0.316,Both
34017,Hudson,NJ,710478,9777,184926,1,0,"Hudson, NJ",7,5,7,8287,8938,2,7,0,63,5116,1010,754,96,42,2945,5495,1231,3271,2213,390,154,14,9,0,8,8,1,8287,AHRF_natality_24,0.97,0.84,1.13,0.24,FALSE,Metro (RUCC 1-3),8938,TRUE,11.3,8.44,1.07,0.47,32.95,7.1,12.51,0.3826,7.6,0.113,Both
34019,Hunterdon,NJ,129448,1230,25596,1,0.5834722793,"Hunterdon, NJ",1,1,1,1111,1064,1,1,0,23,933,88,62,,,160,943,39,156,82,53,,2,1,0,2,2,1,1111,AHRF_natality_24,1.8,0.9,1.55,0.9,FALSE,Metro (RUCC 1-3),1064,TRUE,8.27,5.83,,,15.04,5.62,,0.1602,20.7,0.08,Both
34021,Mercer,NJ,383286,3690,87724,2,0.0507796768,"Mercer, NJ",36,35,35,4245,4140,1,5,0,49,3728,482,335,62,63,1887,2505,1082,1601,553,165,124,10,4,0,41,41,2,4245,AHRF_natality_24,9.66,8.48,10.7,0.24,FALSE,Metro (RUCC 1-3),4140,TRUE,11.64,8.09,1.5,1.52,45.58,6.59,11.46,0.1218,11.54,0.456,Both
34023,Middlesex,NJ,861535,9347,198172,1,0.0097652584,"Middlesex, NJ",7,5,7,8466,8522,5,8,0,133,12682,884,698,107,36,2665,4776,1288,2880,2457,330,138,16,9,0,12,12,1,8466,AHRF_natality_24,1.42,0.83,1.39,0.59,FALSE,Metro (RUCC 1-3),8522,TRUE,10.37,8.19,1.26,0.42,31.27,6.91,10.71,,15.71,0.083,Both
34025,Monmouth,NJ,643615,6756,133007,1,0.0512884255,"Monmouth, NJ",16,15,16,6374,6340,4,6,0,147,12354,641,419,57,21,1557,5547,449,1200,344,327,58,9,6,0,20,17,1,6374,AHRF_natality_24,3.14,2.51,3.11,0.63,FALSE,Metro (RUCC 1-3),6340,TRUE,10.11,6.61,0.9,0.33,24.56,5.9,12.92,,23.06,0.12,Both
34027,Morris,NJ,510375,5734,108120,1,0.0855493486,"Morris, NJ",18,20,18,5048,4969,2,6,0,97,7083,427,302,40,11,854,4017,226,1030,727,216,24,10,6,0,18,12,1,5048,AHRF_natality_24,3.57,3.57,3.53,0.4,FALSE,Metro (RUCC 1-3),4969,TRUE,8.59,6.08,0.8,0.22,17.19,5.38,10.62,,19.22,0.157,Both
34029,Ocean,NJ,646434,9316,119862,1,0.0369317781,"Ocean, NJ",14,14,14,10235,10327,3,8,0,38,3284,928,599,75,29,1747,9870,264,1070,193,549,32,10,4,0,20,17,1,10235,AHRF_natality_24,1.95,1.37,3.09,0.29,FALSE,Metro (RUCC 1-3),10327,TRUE,8.99,5.8,0.73,0.28,16.92,5.56,12.12,0.6791,3.71,0.345,Both
34031,Passaic,NJ,518289,5002,117556,1,0.0283123266,"Passaic, NJ",19,20,19,6351,6313,0,2,0,49,3043,835,572,84,57,2728,4616,1099,3342,597,352,146,9,6,0,13,13,1,6351,AHRF_natality_24,2.05,2.99,2.51,0,FALSE,Metro (RUCC 1-3),6313,TRUE,13.23,9.06,1.33,0.9,43.21,7.63,13.28,0.5209,7.72,0.21,Both
34033,Salem,NJ,64973,769,13364,1,0.5315791909,"Salem, NJ",2,2,2,755,717,0,0,0,2,0,92,58,,,368,529,151,129,37,33,22,1,1,0,5,0,1,755,AHRF_natality_24,6.62,2.65,7.7,0,FALSE,Metro (RUCC 1-3),717,TRUE,12.83,8.09,,,51.32,6.24,14.57,1,2.65,0.714,Both
34035,Somerset,NJ,346203,4226,75350,1,0.0753153946,"Somerset, NJ",1,1,1,3239,3248,1,3,0,60,812,286,241,34,13,783,2140,395,881,713,128,39,6,1,0,3,2,1,3239,AHRF_natality_24,0.93,0.31,0.87,0.31,FALSE,Metro (RUCC 1-3),3248,TRUE,8.81,7.42,1.05,0.4,24.11,5.98,9.87,0.7493,18.52,0.048,Both
34037,Sussex,NJ,145117,1387,29333,1,0.4863646764,"Sussex, NJ",1,1,1,1438,1418,1,1,0,7,498,133,90,15,,336,1295,61,224,62,79,,2,2,0,1,0,1,1438,AHRF_natality_24,0.7,0.7,0.69,0.7,FALSE,Metro (RUCC 1-3),1418,TRUE,9.38,6.35,1.06,,23.7,6.1,,0.6537,4.87,0.125,Both
34039,Union,NJ,572549,6988,129459,1,0,"Union, NJ",12,10,11,6619,6672,2,6,0,49,3408,729,490,91,45,2641,4545,1569,2983,558,282,163,16,8,0,17,15,1,6619,AHRF_natality_24,2.57,1.81,2.97,0.3,FALSE,Metro (RUCC 1-3),6672,TRUE,10.93,7.34,1.36,0.67,39.58,6.2,10.39,0.4851,7.4,0.258,Both
34041,Warren,NJ,110238,1011,22479,2,0.4322004524,"Warren, NJ",12,11,12,945,1044,0,2,0,2,0,111,74,11,,328,881,106,204,57,57,13,2,2,0,13,0,2,945,AHRF_natality_24,13.76,12.7,11.79,0,FALSE,Metro (RUCC 1-3),1044,TRUE,10.63,7.09,1.05,,31.42,6.47,12.26,1,2.12,0.867,Both
35001,Bernalillo,NM,674357,8491,155720,2,0.0398140866,"Bernalillo, NM",99,96,99,6579,6402,3,13,0,138,7718,697,638,82,75,3100,5264,240,3755,898,510,33,34,16,0,106,93,2,6579,AHRF_natality_24,16.11,15.05,15.72,0.46,FALSE,Metro (RUCC 1-3),6402,TRUE,10.89,9.97,1.28,1.17,48.42,9.69,13.75,,20.98,0.434,Both
35003,Catron,NM,3685,0,522,9,1,"Catron, NM",0,0,0,14,21,0,0,0,0,0,,,,,,19,,,,,,0,0,0,0,0,,14,AHRF_natality_24,,,0,,TRUE,"Nonmetro, remote (RUCC 7-9)",21,FALSE,,,,,,,,,,,Neither
35005,Chaves,NM,64446,944,14169,5,0.2505640223,"Chaves, NM",3,4,3,727,732,1,3,0,5,800,94,67,10,16,421,697,13,515,22,65,,5,3,0,3,0,5,727,AHRF_natality_24,4.13,4.13,4.66,1.38,FALSE,"Nonmetro, adjacent (RUCC 4-6)",732,TRUE,12.84,9.15,1.37,2.19,57.51,9.33,,,6.88,0.375,Both
35006,Cibola,NM,27059,277,5920,6,0.6330045635,"Cibola, NM",1,1,1,231,241,1,1,1,1,254,29,23,,,174,92,,76,146,,,3,2,1,2,0,6,231,AHRF_natality_24,8.66,4.33,7.39,4.33,FALSE,"Nonmetro, adjacent (RUCC 4-6)",241,TRUE,12.03,9.54,,,72.2,,,,4.33,0.667,Both
35007,Colfax,NM,12336,61,2139,7,0.5455719706,"Colfax, NM",0,0,0,92,89,1,1,1,1,203,16,13,,,53,85,,54,,12,,6,3,1,0,0,,92,AHRF_natality_24,0,0,0,10.87,FALSE,"Nonmetro, remote (RUCC 7-9)",89,FALSE,,,,,,,,,10.87,0,OB/GYN only
35009,Curry,NM,47932,1060,10854,5,0.1882304357,"Curry, NM",2,3,2,640,783,1,1,0,0,416,88,66,,21,331,679,51,405,53,55,,3,1,0,1,0,5,640,AHRF_natality_24,1.56,3.12,2.09,1.56,FALSE,"Nonmetro, adjacent (RUCC 4-6)",783,TRUE,11.24,8.43,,2.68,42.27,8.1,,0.35,0,1,Midwife only
35011,De Baca,NM,1580,70,156,9,1,"DeBaca, NM",0,0,0,15,13,0,0,0,0,0,,,,,,13,,,,,,2,1,1,0,0,,15,AHRF_natality_24,,,0,,FALSE,"Nonmetro, remote (RUCC 7-9)",13,FALSE,,,,,,,,,,,Neither
35013,Doña Ana,NM,221665,3013,53044,3,0.22486233889999999,"Dona Ana, NM",19,18,19,2315,2589,0,7,0,16,1065,297,234,29,54,1433,2446,47,2095,96,216,,12,5,0,19,16,3,2315,AHRF_natality_24,8.21,8.21,8.57,0,FALSE,Metro (RUCC 1-3),2589,TRUE,11.47,9.04,1.12,2.09,55.35,8.83,,0.54,6.91,0.543,Both
35015,Eddy,NM,61114,882,13276,5,0.2202233848,"Eddy, NM",1,1,1,731,790,0,2,0,4,404,83,61,,18,430,746,16,490,28,59,,2,2,0,1,1,5,731,AHRF_natality_24,1.37,1.37,1.64,0,FALSE,"Nonmetro, adjacent (RUCC 4-6)",790,TRUE,10.51,7.72,,2.28,54.43,7.91,,0.4473,5.47,0.2,Both
35017,Grant,NM,27856,175,4827,7,0.404222104,"Grant, NM",2,2,2,227,231,0,1,1,2,153,27,25,,,136,219,,152,,23,,2,1,1,3,0,7,227,AHRF_natality_24,13.22,8.81,10.77,0,FALSE,"Nonmetro, remote (RUCC 7-9)",231,TRUE,11.69,10.82,,,58.87,10.5,,0.326,8.81,0.6,Both
35019,Guadalupe,NM,4379,26,713,9,1,"Guadalupe, NM",0,0,0,28,32,0,1,0,0,0,,,,,21,31,,25,,,,4,1,0,0,0,,28,AHRF_natality_24,,,0,,FALSE,"Nonmetro, remote (RUCC 7-9)",32,FALSE,,,,,,,,,,,Neither
35021,Harding,NM,748,7,154,9,1,"Harding, NM",0,0,0,8,,0,0,0,0,0,,,,,,,,,,,,0,0,0,0,0,,8,AHRF_natality_24,,,0,,TRUE,"Nonmetro, remote (RUCC 7-9)",,FALSE,,,,,,,,,,,Neither
35023,Hidalgo,NM,4097,76,705,9,1,"Hidalgo, NM",0,0,0,33,40,0,0,0,0,0,,,,,22,39,,26,,,,0,0,0,0,0,,33,AHRF_natality_24,,,0,,TRUE,"Nonmetro, remote (RUCC 7-9)",40,FALSE,,,,,,,,,,,Neither
35025,Lea,NM,73154,1601,16737,5,0.2489154523,"Lea, NM",0,0,0,868,1076,1,2,1,1,208,121,89,12,28,587,1011,41,775,25,80,,6,3,1,1,0,5,868,AHRF_natality_24,1.15,0,1.37,1.15,FALSE,"Nonmetro, adjacent (RUCC 4-6)",1076,TRUE,11.25,8.27,1.12,2.6,54.55,7.91,,0.7604,1.15,0.5,Both
35027,Lincoln,NM,20227,186,3296,7,0.4552271942,"Lincoln, NM",0,0,0,145,159,1,1,1,3,145,23,19,,,84,139,,78,18,18,,2,1,1,0,0,,145,AHRF_natality_24,0,0,0,6.9,FALSE,"Nonmetro, remote (RUCC 7-9)",159,TRUE,14.47,11.95,,,52.83,12.95,,0,20.69,0,OB/GYN only
35028,Los Alamos,NM,19374,407,3967,6,0.049796591,"Los Alamos, NM",0,0,0,157,166,1,1,0,4,153,15,10,,,21,139,,37,25,,,1,1,0,0,0,,157,AHRF_natality_24,0,0,0,6.37,FALSE,"Nonmetro, adjacent (RUCC 4-6)",166,TRUE,9.04,6.02,,,12.65,,,0.0255,25.48,0,OB/GYN only
35029,Luna,NM,25420,214,5139,6,0.4134974633,"Luna, NM",1,1,1,349,360,0,1,1,0,248,34,28,,15,211,348,,307,,27,,2,1,1,0,0,,349,AHRF_natality_24,0,2.87,0,0,FALSE,"Nonmetro, adjacent (RUCC 4-6)",360,TRUE,9.44,7.78,,4.17,58.61,7.76,,0.2894,0,,Neither
35031,McKinley,NM,71172,702,16926,5,0.6646456887,"McKinley, NM",9,10,9,764,718,0,4,0,6,1145,95,66,,16,518,98,,92,617,,,7,4,1,7,7,5,764,AHRF_natality_24,9.16,11.78,9.84,0,FALSE,"Nonmetro, adjacent (RUCC 4-6)",718,TRUE,13.23,9.19,,2.23,72.14,,,,7.85,0.538,Both
35033,Mora,NM,4176,0,757,8,1,"Mora, NM",0,0,0,35,32,0,0,0,0,0,,,,,21,31,,25,,,,0,0,0,0,0,,35,AHRF_natality_24,,,0,,TRUE,"Nonmetro, remote (RUCC 7-9)",32,FALSE,,,,,,,,,,,Neither
35035,Otero,NM,68235,686,14300,4,0.5459691328,"Otero, NM",3,3,3,741,765,1,2,0,3,774,98,68,11,14,322,629,31,326,105,60,,4,2,0,1,0,4,741,AHRF_natality_24,1.35,4.05,1.47,1.35,FALSE,"Nonmetro, adjacent (RUCC 4-6)",765,TRUE,12.81,8.89,1.44,1.83,42.09,9.54,,,4.05,0.25,Both
35037,Quay,NM,8616,43,1454,7,0.4034987423,"Quay, NM",0,0,0,64,72,0,1,1,0,0,,,,,45,68,,37,,,,2,1,1,0,0,,64,AHRF_natality_24,0,0,0,0,FALSE,"Nonmetro, remote (RUCC 7-9)",72,FALSE,,,,,,,,,0,,Neither
35039,Rio Arriba,NM,40165,303,7957,6,0.5640561901,"Rio Arriba, NM",1,0,1,402,408,1,1,0,1,258,55,54,,,286,311,,299,94,44,,2,1,0,1,0,6,402,AHRF_natality_24,2.49,2.49,2.49,2.49,FALSE,"Nonmetro, adjacent (RUCC 4-6)",408,TRUE,13.48,13.24,,,70.1,14.15,,0.3582,2.49,0.5,Both
35041,Roosevelt,NM,19002,288,4635,7,0.3641811266,"Roosevelt, NM",2,1,2,216,241,0,1,0,0,0,21,14,,,118,227,,141,,13,,2,2,0,2,0,7,216,AHRF_natality_24,9.26,9.26,10.53,0,FALSE,"Nonmetro, remote (RUCC 7-9)",241,TRUE,8.71,5.81,,,48.96,5.73,,1,0,1,Midwife only
35043,Sandoval,NM,151538,1755,32516,2,0.191548974,"Sandoval, NM",3,3,3,1301,1278,0,1,0,7,0,136,127,16,10,614,917,29,587,332,87,,4,3,0,6,4,2,1301,AHRF_natality_24,4.61,2.31,3.96,0,FALSE,Metro (RUCC 1-3),1278,TRUE,10.64,9.94,1.25,0.78,48.04,9.49,,1,5.38,0.462,Both
35045,San Juan,NM,121178,1474,27055,3,0.3520355743,"San Juan, NM",7,6,7,1357,1257,1,2,0,9,1476,146,107,12,23,743,631,,315,616,60,,5,2,0,9,0,3,1357,AHRF_natality_24,6.63,5.16,7.43,0.74,FALSE,Metro (RUCC 1-3),1257,TRUE,11.61,8.51,0.95,1.83,59.11,9.51,,,6.63,0.5,Both
35047,San Miguel,NM,27036,243,5322,6,0.4658284622,"San Miguel, NM",3,3,3,202,209,0,2,0,0,314,25,23,,,143,198,,175,,22,,5,2,1,2,0,6,202,AHRF_natality_24,9.9,14.85,7.4,0,FALSE,"Nonmetro, adjacent (RUCC 4-6)",209,TRUE,11.96,11,,,68.42,11.11,,,0,1,Midwife only
35049,Santa Fe,NM,155175,1269,29337,3,0.3503807574,"Santa Fe, NM",8,7,8,1109,1106,2,3,0,13,1191,137,128,16,17,549,989,11,709,106,111,,6,4,0,9,7,3,1109,AHRF_natality_24,8.12,7.21,5.8,1.8,FALSE,Metro (RUCC 1-3),1106,TRUE,12.39,11.57,1.45,1.54,49.64,11.22,,,11.72,0.409,Both
35051,Sierra,NM,11511,86,1844,6,0.333707671,"Sierra, NM",0,0,0,88,82,0,1,1,0,0,,,,,49,78,,33,,,,3,1,1,0,0,,88,AHRF_natality_24,0,0,0,0,FALSE,"Nonmetro, adjacent (RUCC 4-6)",82,FALSE,,,,,,,,,0,,Neither
35053,Socorro,NM,16308,101,3370,6,0.5105754745,"Socorro, NM",0,0,0,153,149,1,1,1,0,228,23,20,,,96,102,,78,43,15,,2,1,1,0,0,,153,AHRF_natality_24,0,0,0,6.54,FALSE,"Nonmetro, adjacent (RUCC 4-6)",149,TRUE,15.44,13.42,,,64.43,14.71,,,0,,Neither
35055,Taos,NM,34516,32,6012,7,0.5457972107,"Taos, NM",2,2,2,227,241,1,1,1,3,139,32,27,,,145,206,,151,33,23,,2,1,1,2,0,7,227,AHRF_natality_24,8.81,8.81,5.79,4.41,FALSE,"Nonmetro, remote (RUCC 7-9)",241,TRUE,13.28,11.2,,,60.17,11.17,,0.3877,13.22,0.4,Both
35057,Torrance,NM,15290,117,3143,2,1,"Torrance, NM",0,0,0,158,149,0,0,0,0,0,23,22,,,75,142,,86,,20,,0,0,0,0,0,,158,AHRF_natality_24,0,0,0,0,TRUE,Metro (RUCC 1-3),149,TRUE,15.44,14.77,,,50.34,14.08,,1,0,,Neither
35059,Union,NM,4039,27,625,9,1,"Union, NM",0,0,0,32,38,0,1,1,0,135,,,,,15,36,,15,,,,2,1,1,0,0,,32,AHRF_natality_24,,,0,,FALSE,"Nonmetro, remote (RUCC 7-9)",38,FALSE,,,,,,,,,,,Neither
35061,Valencia,NM,77382,1508,16554,2,0.2997178663,"Valencia, NM",1,0,1,825,847,0,1,0,1,0,102,94,14,16,432,780,11,607,57,87,,1,1,0,3,0,2,825,AHRF_natality_24,3.64,1.21,3.88,0,FALSE,Metro (RUCC 1-3),847,TRUE,12.04,11.1,1.65,1.89,51,11.15,,1,1.21,0.75,Both
36001,Albany,NY,315374,3591,77017,2,0.0956810906,"Albany, NY",13,12,13,2726,2763,1,4,0,59,4858,345,243,50,19,1110,1780,556,306,428,124,77,10,6,0,18,18,2,2726,AHRF_natality_24,6.6,4.77,5.71,0.37,FALSE,Metro (RUCC 1-3),2763,TRUE,12.49,8.79,1.81,0.69,40.17,6.97,13.85,,21.64,0.234,Both
36003,Allegany,NY,47027,481,10203,7,0.8850740486,"Allegany, NY",0,0,0,466,462,1,2,1,3,392,48,39,,,185,447,,,11,38,,3,2,1,3,1,7,466,AHRF_natality_24,6.44,0,6.38,2.15,FALSE,"Nonmetro, remote (RUCC 7-9)",462,TRUE,10.39,8.44,,,40.04,8.5,,0.1588,6.44,0.5,Both
36005,Bronx,NY,1419250,21169,348273,1,6.7904613e-7,"Bronx, NY",60,60,60,16901,16875,4,8,0,150,10471,2377,1816,316,177,10344,6648,8732,9795,1495,571,1068,18,11,0,92,92,1,16901,AHRF_natality_24,5.44,3.55,6.48,0.24,FALSE,Metro (RUCC 1-3),16875,TRUE,14.09,10.76,1.87,1.05,61.3,8.59,12.23,0.3805,8.88,0.38,Both
36007,Broome,NY,197738,2053,43716,3,0.2494727782,"Broome, NY",10,10,9,1702,1749,0,3,0,15,2185,209,148,27,18,864,1405,196,152,147,105,29,4,3,0,11,10,3,1702,AHRF_natality_24,6.46,5.88,5.56,0,FALSE,Metro (RUCC 1-3),1749,TRUE,11.95,8.46,1.54,1.03,49.4,7.47,14.8,,8.81,0.423,Both
36009,Cattaraugus,NY,76479,792,15271,4,0.6180914306,"Cattaraugus, NY",3,4,3,786,772,0,1,0,1,948,88,59,,,361,673,19,18,80,51,,3,3,0,7,0,4,786,AHRF_natality_24,8.91,3.82,9.15,0,FALSE,"Nonmetro, adjacent (RUCC 4-6)",772,TRUE,11.4,7.64,,,46.76,7.58,,,1.27,0.875,Both
36011,Cayuga,NY,75464,892,14637,4,0.5877531214,"Cayuga, NY",3,3,3,693,669,0,1,0,2,786,70,56,10,,358,614,27,34,28,52,,1,1,0,6,0,4,693,AHRF_natality_24,8.66,4.33,7.95,0,FALSE,"Nonmetro, adjacent (RUCC 4-6)",669,TRUE,10.46,8.37,1.49,,53.51,8.47,,,2.89,0.75,Both
36013,Chautauqua,NY,126329,1521,25417,4,0.4406887206,"Chautauqua, NY",7,6,7,1155,1209,1,3,0,13,691,134,102,19,24,636,1107,43,171,60,90,,7,6,0,6,1,4,1155,AHRF_natality_24,5.19,6.06,4.75,0.87,FALSE,"Nonmetro, adjacent (RUCC 4-6)",1209,TRUE,11.08,8.44,1.57,1.99,52.61,8.13,,0.4017,11.26,0.316,Both
36015,Chemung,NY,82805,963,16718,3,0.2590673575,"Chemung, NY",9,10,9,808,790,0,2,0,7,986,90,66,13,11,441,665,59,39,66,51,,3,2,0,10,10,3,808,AHRF_natality_24,12.38,11.14,12.08,0,FALSE,Metro (RUCC 1-3),790,TRUE,11.39,8.35,1.65,1.39,55.82,7.67,,,8.66,0.588,Both
36017,Chenango,NY,46685,633,8894,6,0.8335874629,"Chenango, NY",0,0,0,464,453,1,1,0,2,202,36,32,,,243,444,,14,,32,,2,1,0,0,0,,464,AHRF_natality_24,0,0,0,2.16,FALSE,"Nonmetro, adjacent (RUCC 4-6)",453,TRUE,7.95,7.06,,,53.64,7.21,,0.5647,4.31,0,OB/GYN only
36019,Clinton,NY,78961,929,17020,4,0.6373132272,"Clinton, NY",0,0,0,625,629,0,1,0,4,705,65,52,,,318,598,11,17,20,46,,2,1,0,3,0,4,625,AHRF_natality_24,4.8,0,3.8,0,FALSE,"Nonmetro, adjacent (RUCC 4-6)",629,TRUE,10.33,8.27,,,50.56,7.69,,,6.4,0.429,Both
36021,Columbia,NY,61245,536,11290,6,0.8276758161,"Columbia, NY",2,2,2,457,446,0,1,0,5,0,51,35,,,194,386,25,46,35,30,,1,1,0,2,2,6,457,AHRF_natality_24,4.38,4.38,3.27,0,FALSE,"Nonmetro, adjacent (RUCC 4-6)",446,TRUE,11.43,7.85,,,43.5,7.77,,1,10.94,0.286,Both
36023,Cortland,NY,46401,583,11393,4,0.4687773719,"Cortland, NY",2,2,2,444,436,0,1,0,3,663,41,30,,,230,411,11,18,15,28,,1,1,0,0,0,,444,AHRF_natality_24,0,4.5,0,0,FALSE,"Nonmetro, adjacent (RUCC 4-6)",436,TRUE,9.4,6.88,,,52.75,6.81,,,6.76,0,OB/GYN only
36025,Delaware,NY,44551,842,8158,8,0.9054798231,"Delaware, NY",0,0,0,336,341,0,3,3,1,0,32,24,,,168,327,,17,10,23,,10,7,3,0,0,,336,AHRF_natality_24,0,0,0,0,FALSE,"Nonmetro, remote (RUCC 7-9)",341,TRUE,9.38,7.04,,,49.27,7.03,,1,2.98,0,OB/GYN only
36027,Dutchess,NY,297144,3492,64316,2,0.317396109,"Dutchess, NY",16,11,16,2641,2607,2,2,0,42,3430,268,207,32,11,959,2081,358,561,169,139,48,10,5,0,25,16,2,2641,AHRF_natality_24,9.47,6.06,8.41,0.76,FALSE,Metro (RUCC 1-3),2607,TRUE,10.28,7.94,1.23,0.42,36.79,6.68,13.41,,15.9,0.373,Both
36029,Erie,NY,950044,10152,209873,1,0.1030856098,"Erie, NY",25,24,25,9105,9124,0,11,0,155,6366,1113,850,146,69,3574,6233,1736,752,1156,462,265,29,18,0,24,18,1,9105,AHRF_natality_24,2.64,2.75,2.53,0,FALSE,Metro (RUCC 1-3),9124,TRUE,12.2,9.32,1.6,0.76,39.17,7.41,15.26,0.3008,17.02,0.134,Both
36031,Essex,NY,37077,400,6387,6,0.8650116369,"Essex, NY",0,0,0,255,241,0,1,1,2,0,27,20,,,112,232,,,,19,,5,3,2,1,0,6,255,AHRF_natality_24,3.92,0,2.7,0,FALSE,"Nonmetro, adjacent (RUCC 4-6)",241,TRUE,11.2,8.3,,,46.47,8.19,,1,7.84,0.333,Both
36033,Franklin,NY,47066,822,8893,7,0.702008201,"Franklin, NY",1,0,1,436,426,1,2,1,3,192,45,32,,,207,388,,,36,29,,3,2,1,2,0,7,436,AHRF_natality_24,4.59,2.29,4.25,2.29,FALSE,"Nonmetro, remote (RUCC 7-9)",426,TRUE,10.56,7.51,,,48.59,7.47,,0.5596,6.88,0.4,Both
36035,Fulton,NY,52787,747,10555,4,0.507051234,"Fulton, NY",2,2,2,484,458,1,1,0,5,314,51,41,,,275,434,13,21,11,37,,2,2,0,3,2,4,484,AHRF_natality_24,6.2,4.13,5.68,2.07,FALSE,"Nonmetro, adjacent (RUCC 4-6)",458,TRUE,11.14,8.95,,,60.04,8.53,,0.3512,10.33,0.375,Both
36037,Genesee,NY,57943,713,11568,4,0.6212064123,"Genesee, NY",4,5,4,546,526,1,2,0,4,397,56,36,,,230,478,15,35,32,33,,3,2,0,8,0,4,546,AHRF_natality_24,14.65,7.33,13.81,1.83,FALSE,"Nonmetro, adjacent (RUCC 4-6)",526,TRUE,10.65,6.84,,,43.73,6.9,,0.2729,7.33,0.667,Both
36039,Greene,NY,47554,252,8668,6,0.7320940519,"Greene, NY",0,0,0,389,390,0,0,0,1,0,34,29,,,172,356,16,34,18,26,,1,1,0,1,0,6,389,AHRF_natality_24,2.57,0,2.1,0,FALSE,"Nonmetro, adjacent (RUCC 4-6)",390,TRUE,8.72,7.44,,,44.1,7.3,,1,2.57,0.5,Both
36041,Hamilton,NY,5102,59,768,8,1,"Hamilton, NY",0,0,0,24,27,0,0,0,0,0,,,,,,26,,,,,,0,0,0,0,0,,24,AHRF_natality_24,,,0,,TRUE,"Nonmetro, remote (RUCC 7-9)",27,FALSE,,,,,,,,,,,Neither
36043,Herkimer,NY,59932,634,11603,2,0.5260147325,"Herkimer, NY",0,0,0,568,558,0,1,1,0,0,56,40,,,269,533,,20,18,36,,3,2,1,0,0,,568,AHRF_natality_24,0,0,0,0,FALSE,Metro (RUCC 1-3),558,TRUE,10.04,7.17,,,48.21,6.75,,1,0,,Neither
36045,Jefferson,NY,116130,1619,24723,3,0.4938014582,"Jefferson, NY",9,8,9,1783,1736,0,3,2,8,1294,197,147,25,,518,1471,155,222,109,119,22,6,4,2,6,5,3,1783,AHRF_natality_24,3.37,5.05,5.17,0,FALSE,Metro (RUCC 1-3),1736,TRUE,11.35,8.47,1.44,,29.84,8.09,14.19,0.2743,4.49,0.429,Both
36047,Kings,NY,2646306,32923,667737,1,0,"Kings, NY",119,117,118,31350,33411,5,12,0,330,15158,3518,2646,381,151,10651,20846,8196,5813,4369,1220,1037,25,19,0,207,207,1,31350,AHRF_natality_24,6.6,3.8,7.82,0.16,FALSE,Metro (RUCC 1-3),33411,TRUE,10.53,7.92,1.14,0.45,31.88,5.85,12.65,0.5165,10.53,0.385,Both
36049,Lewis,NY,26618,334,5153,8,1,"Lewis, NY",0,0,0,305,278,1,1,1,2,0,24,18,,,97,274,,,,18,,2,1,1,0,0,,305,AHRF_natality_24,0,0,0,3.28,FALSE,"Nonmetro, remote (RUCC 7-9)",278,TRUE,8.63,6.47,,,34.89,6.57,,1,6.56,0,OB/GYN only
36051,Livingston,NY,61588,792,13454,1,0.7137820616,"Livingston, NY",3,2,3,514,504,0,1,0,0,532,45,34,,,182,487,,28,12,34,,1,1,0,4,0,1,514,AHRF_natality_24,7.78,5.84,6.49,0,FALSE,Metro (RUCC 1-3),504,TRUE,8.93,6.75,,,36.11,6.98,,,0,1,Midwife only
36053,Madison,NY,67572,678,14562,2,0.691601976,"Madison, NY",0,0,0,568,552,0,2,1,3,723,62,43,,,233,525,10,14,17,41,,3,2,1,1,0,2,568,AHRF_natality_24,1.76,0,1.48,0,FALSE,Metro (RUCC 1-3),552,TRUE,11.23,7.79,,,42.21,7.81,,,5.28,0.25,Both
36055,Monroe,NY,754068,8207,171229,1,0.0812016175,"Monroe, NY",46,47,46,7445,7435,4,5,0,181,8243,883,707,127,70,3250,5029,1744,1033,662,362,285,13,10,0,60,52,1,7445,AHRF_natality_24,8.06,6.18,7.96,0.54,FALSE,Metro (RUCC 1-3),7435,TRUE,11.88,9.51,1.71,0.94,43.71,7.2,16.34,,24.31,0.249,Both
36057,Montgomery,NY,49461,620,10256,4,0.4542719858,"Montgomery, NY",2,2,2,636,613,0,1,0,2,797,62,44,,,315,562,31,105,20,40,,2,2,0,2,0,4,636,AHRF_natality_24,3.14,3.14,4.04,0,FALSE,"Nonmetro, adjacent (RUCC 4-6)",613,TRUE,10.11,7.18,,,51.39,7.12,,,3.14,0.5,Both
36059,Nassau,NY,1388138,16149,294671,1,0.0042908093,"Nassau, NY",15,13,15,13762,13794,4,9,0,436,20154,1592,1155,153,55,3544,9623,1829,3581,2342,691,220,20,15,0,15,13,1,13762,AHRF_natality_24,1.09,1.09,1.08,0.29,FALSE,Metro (RUCC 1-3),13794,TRUE,11.54,8.37,1.11,0.4,25.69,7.18,12.03,,31.68,0.033,Both
36061,New York,NY,1627788,15604,439582,1,0,"New York, NY",88,85,85,13030,13648,7,19,0,749,53167,1538,1162,153,47,4210,8583,2870,3692,2195,617,361,40,23,0,127,127,1,13030,AHRF_natality_24,9.75,6.75,7.8,0.54,FALSE,Metro (RUCC 1-3),13648,TRUE,11.27,8.51,1.12,0.34,30.85,7.19,12.58,,57.48,0.145,Both
36063,Niagara,NY,211341,2115,43449,1,0.2997235101,"Niagara, NY",0,0,0,1962,1930,0,2,0,9,1718,236,180,31,17,919,1552,216,108,161,128,35,5,5,0,0,0,,1962,AHRF_natality_24,0,0,0,0,FALSE,Metro (RUCC 1-3),1930,TRUE,12.23,9.33,1.61,0.88,47.62,8.25,16.2,0.1244,4.59,0,OB/GYN only
36065,Oneida,NY,229645,2862,47137,2,0.3435778137,"Oneida, NY",3,4,3,2213,2296,1,4,0,15,1738,310,214,27,29,1109,1786,260,235,250,150,39,10,6,0,4,0,2,2213,AHRF_natality_24,1.81,1.36,1.74,0.45,FALSE,Metro (RUCC 1-3),2296,TRUE,13.5,9.32,1.18,1.26,48.3,8.4,15,0.2146,6.78,0.211,Both
36067,Onondaga,NY,471611,5149,106102,2,0.1463938252,"Onondaga, NY",20,20,20,4637,4667,1,5,0,79,3904,531,425,71,45,2112,3154,959,346,554,229,135,10,4,0,30,24,2,4637,AHRF_natality_24,6.47,4.31,6.36,0.22,FALSE,Metro (RUCC 1-3),4667,TRUE,11.38,9.11,1.52,0.96,45.25,7.26,14.08,0.1581,17.04,0.275,Both
36069,Ontario,NY,112405,1229,22563,1,0.448558573,"Ontario, NY",1,1,1,995,969,1,3,0,16,738,100,72,14,,356,894,36,97,39,60,,4,3,0,4,3,1,995,AHRF_natality_24,4.02,1.01,3.56,1.01,FALSE,Metro (RUCC 1-3),969,TRUE,10.32,7.43,1.44,,36.74,6.71,,0.2583,16.08,0.2,Both
36071,Orange,NY,403840,6358,89817,2,0.275821684,"Orange, NY",4,4,4,5505,5583,1,6,0,40,2987,534,393,62,30,1667,4679,636,1407,268,292,75,11,8,0,12,4,2,5505,AHRF_natality_24,2.18,0.73,2.97,0.18,FALSE,Metro (RUCC 1-3),5583,TRUE,9.56,7.04,1.11,0.54,29.86,6.24,11.79,0.4574,7.27,0.231,Both
36073,Orleans,NY,39686,281,7918,1,0.6654933941,"Orleans, NY",0,0,0,371,371,0,1,1,1,0,39,29,,,180,343,12,24,16,24,,3,2,1,0,0,,371,AHRF_natality_24,0,0,0,0,FALSE,Metro (RUCC 1-3),371,TRUE,10.51,7.82,,,48.52,7,,1,2.7,0,OB/GYN only
36075,Oswego,NY,117945,1373,25546,2,0.6272622846,"Oswego, NY",2,3,2,1110,1126,0,1,0,2,562,132,111,18,11,594,1073,16,35,36,106,,2,2,0,2,0,2,1110,AHRF_natality_24,1.8,1.8,1.7,0,FALSE,Metro (RUCC 1-3),1126,TRUE,11.72,9.86,1.6,0.98,52.75,9.88,,0.49370000000000003,1.8,0.5,Both
36077,Otsego,NY,59738,776,14333,7,0.7271375846,"Otsego, NY",11,10,11,456,474,0,2,0,5,657,45,28,,,184,441,12,20,21,26,,2,2,0,12,12,7,456,AHRF_natality_24,26.32,24.12,20.09,0,FALSE,"Nonmetro, remote (RUCC 7-9)",474,TRUE,9.49,5.91,,,38.82,5.9,,,10.96,0.706,Both
36079,Putnam,NY,97988,1033,19883,1,0.3502170619,"Putnam, NY",2,2,2,933,909,1,2,0,3,17,95,62,,,224,825,48,293,37,54,,2,2,0,6,4,1,933,AHRF_natality_24,6.43,2.14,6.12,1.07,FALSE,Metro (RUCC 1-3),909,TRUE,10.45,6.82,,,24.64,6.55,,0.9818,3.22,0.667,Both
36081,Queens,NY,2330124,23736,533617,1,3.07633e-5,"Queens, NY",31,29,31,23725,23901,4,9,0,255,10068,2972,2260,310,109,9517,11371,5199,8171,7330,830,640,22,17,0,57,57,1,23725,AHRF_natality_24,2.4,1.31,2.45,0.17,FALSE,Metro (RUCC 1-3),23901,TRUE,12.43,9.46,1.3,0.46,39.82,7.3,12.31,0.5756,10.75,0.183,Both
36083,Rensselaer,NY,160341,1725,35697,2,0.3313163284,"Rensselaer, NY",5,5,4,1502,1502,0,2,0,11,824,170,121,20,,687,1170,208,126,124,84,24,4,4,0,13,2,2,1502,AHRF_natality_24,8.66,3.33,8.11,0,FALSE,Metro (RUCC 1-3),1502,TRUE,11.32,8.06,1.33,,45.74,7.18,11.54,0.4514,7.32,0.542,Both
36085,Richmond,NY,492734,5983,109487,1,0,"Richmond, NY",6,5,5,4845,4992,1,3,0,82,4331,574,416,64,27,1673,3500,741,1198,751,247,95,8,5,0,7,7,1,4845,AHRF_natality_24,1.44,1.24,1.42,0.21,FALSE,Metro (RUCC 1-3),4992,TRUE,11.5,8.33,1.28,0.54,33.51,7.06,12.82,0.1061,16.92,0.079,Both
36087,Rockland,NY,338936,5967,70226,1,0.0038985721,"Rockland, NY",24,23,24,6555,6400,0,5,0,27,2656,524,372,42,25,1151,5523,592,1332,285,289,59,9,3,0,33,13,1,6555,AHRF_natality_24,5.03,3.66,9.74,0,FALSE,Metro (RUCC 1-3),6400,TRUE,8.19,5.81,0.66,0.39,17.98,5.23,9.97,0.5948,4.12,0.55,Both
36089,St. Lawrence,NY,107796,1209,23124,4,0.6693516428,"St. Lawrence, NY",3,3,3,898,964,0,6,2,7,1200,90,72,,10,442,917,17,21,31,70,,14,7,4,5,0,4,898,AHRF_natality_24,5.57,3.34,4.64,0,FALSE,"Nonmetro, adjacent (RUCC 4-6)",964,TRUE,9.34,7.47,,1.04,45.85,7.63,,,7.8,0.417,Both
36091,Saratoga,NY,237075,2201,49894,2,0.2848468636,"Saratoga, NY",7,8,7,2056,2030,1,2,0,19,755,197,129,18,,637,1834,59,102,138,111,,3,2,0,10,1,2,2056,AHRF_natality_24,4.86,3.4,4.22,0.49,FALSE,Metro (RUCC 1-3),2030,TRUE,9.7,6.35,0.89,,31.38,6.05,,0.6328,9.24,0.345,Both
36093,Schenectady,NY,159603,1868,35675,2,0.0884848255,"Schenectady, NY",4,4,4,1752,1775,0,3,0,18,1415,237,169,32,12,811,1163,297,157,316,88,40,7,4,0,3,3,2,1752,AHRF_natality_24,1.71,2.28,1.88,0,FALSE,Metro (RUCC 1-3),1775,TRUE,13.35,9.52,1.8,0.68,45.69,7.57,13.47,0.1924,10.27,0.143,Both
36095,Schoharie,NY,29979,406,6045,2,0.8303829845,"Schoharie, NY",0,0,0,247,239,0,1,1,1,0,19,12,,,103,226,,,,11,,2,1,1,0,0,,247,AHRF_natality_24,0,0,0,0,FALSE,Metro (RUCC 1-3),239,TRUE,7.95,5.02,,,43.1,4.87,,1,4.05,0,OB/GYN only
36097,Schuyler,NY,17749,87,3313,8,1,"Schuyler, NY",1,1,1,141,148,0,1,1,0,0,13,10,,,66,140,,,,,,2,1,1,1,0,8,141,AHRF_natality_24,7.09,7.09,5.63,0,FALSE,"Nonmetro, remote (RUCC 7-9)",148,TRUE,8.78,6.76,,,44.59,,,1,0,1,Midwife only
36099,Seneca,NY,33125,405,6146,6,0.5791683918,"Seneca, NY",0,0,0,291,324,0,0,0,0,0,31,18,,,129,310,,11,,16,,4,3,0,0,0,,291,AHRF_natality_24,0,0,0,0,FALSE,"Nonmetro, adjacent (RUCC 4-6)",324,TRUE,9.57,5.56,,,39.81,5.16,,1,0,,Neither
36101,Steuben,NY,93034,885,18395,4,0.5977731236,"Steuben, NY",0,0,0,986,960,0,4,0,6,490,95,63,,,427,909,14,25,37,56,,6,4,0,0,0,,986,AHRF_natality_24,0,0,0,0,FALSE,"Nonmetro, adjacent (RUCC 4-6)",960,TRUE,9.9,6.56,,,44.48,6.16,,0.503,6.09,0,OB/GYN only
36103,Suffolk,NY,1525680,16933,323831,1,0.0196419209,"Suffolk, NY",33,34,33,16207,15836,7,14,0,191,14054,1867,1297,178,93,5575,13043,1661,5438,1132,983,206,22,14,0,49,28,1,16207,AHRF_natality_24,3.02,2.04,3.21,0.43,FALSE,Metro (RUCC 1-3),15836,TRUE,11.79,8.19,1.12,0.59,35.2,7.54,12.4,0.1328,11.79,0.204,Both
36105,Sullivan,NY,79147,1120,15606,6,0.7505596256,"Sullivan, NY",1,1,1,983,972,0,2,1,5,521,107,77,11,,441,823,97,219,52,59,13,3,2,1,1,0,6,983,AHRF_natality_24,1.02,1.02,1.26,0,FALSE,"Nonmetro, adjacent (RUCC 4-6)",972,TRUE,11.01,7.92,1.13,,45.37,7.17,,0.47,5.09,0.167,Both
36107,Tioga,NY,48106,441,9265,3,0.6640800743,"Tioga, NY",1,1,1,483,454,0,0,0,0,0,43,31,,,192,434,,11,16,30,,1,1,0,1,0,3,483,AHRF_natality_24,2.07,2.07,2.08,0,FALSE,Metro (RUCC 1-3),454,TRUE,9.47,6.83,,,42.29,6.91,,1,0,1,Midwife only
36109,Tompkins,NY,102879,852,29416,3,0.4410629847,"Tompkins, NY",2,2,2,644,661,0,1,0,7,825,65,46,,,236,527,39,53,95,34,,1,1,0,10,0,3,644,AHRF_natality_24,15.53,3.11,9.72,0,FALSE,Metro (RUCC 1-3),661,TRUE,9.83,6.96,,,35.7,6.45,,,10.87,0.588,Both
36111,Ulster,NY,182109,1620,38233,3,0.5612341972,"Ulster, NY",8,8,8,1526,1487,0,3,1,5,795,162,115,20,,630,1278,117,247,92,89,14,5,4,1,10,0,3,1526,AHRF_natality_24,6.55,5.24,5.49,0,FALSE,Metro (RUCC 1-3),1487,TRUE,10.89,7.73,1.34,,42.37,6.96,11.97,0.479,3.28,0.667,Both
36113,Warren,NY,65560,794,12460,3,0.3215540715,"Warren, NY",22,22,22,541,521,1,1,0,9,1044,59,45,10,,228,492,,16,21,42,,1,1,0,17,17,3,541,AHRF_natality_24,31.42,40.67,25.93,1.85,FALSE,Metro (RUCC 1-3),521,TRUE,11.32,8.64,1.92,,43.76,8.54,,,16.64,0.654,Both
36115,Washington,NY,60883,658,11686,3,0.7549835242,"Washington, NY",1,0,1,530,544,0,0,0,1,0,69,48,,,283,529,,22,,47,,3,2,1,0,0,,530,AHRF_natality_24,0,1.89,0,0,FALSE,Metro (RUCC 1-3),544,TRUE,12.68,8.82,,,52.02,8.88,,1,1.89,0,OB/GYN only
36117,Wayne,NY,91128,1336,17691,1,0.7477953179,"Wayne, NY",2,1,2,860,872,1,1,0,4,484,89,66,11,,370,812,31,58,30,59,,3,2,0,3,2,1,860,AHRF_natality_24,3.49,2.33,3.29,1.16,FALSE,Metro (RUCC 1-3),872,TRUE,10.21,7.57,1.26,,42.43,7.27,,0.4372,4.65,0.429,Both
36119,Westchester,NY,996888,10882,218552,1,0.0453309599,"Westchester, NY",25,26,25,10275,9881,6,14,0,275,9616,1077,767,126,45,3217,7094,1852,3612,935,469,218,30,15,0,35,33,1,10275,AHRF_natality_24,3.41,2.43,3.51,0.58,FALSE,Metro (RUCC 1-3),9881,TRUE,10.9,7.76,1.28,0.46,32.56,6.61,11.77,0.0641,26.76,0.113,Both
36121,Wyoming,NY,39980,279,7331,8,0.8996817251,"Wyoming, NY",1,1,1,341,342,1,1,0,2,80,34,23,,,132,332,,,,23,,2,1,1,1,0,8,341,AHRF_natality_24,2.93,2.93,2.5,2.93,FALSE,"Nonmetro, remote (RUCC 7-9)",342,TRUE,9.94,6.73,,,38.6,6.93,,0.7654,5.87,0.333,Both
36123,Yates,NY,24637,423,4797,6,0.6855574393,"Yates, NY",1,1,1,315,323,0,1,1,0,0,20,12,,,77,317,,,,12,,2,1,1,1,1,6,315,AHRF_natality_24,3.17,3.17,4.06,0,FALSE,"Nonmetro, adjacent (RUCC 4-6)",323,TRUE,6.19,3.72,,,23.84,3.79,,1,0,1,Midwife only
37001,Alamance,NC,174286,2345,40661,3,0.2644459353,"Alamance, NC",14,14,14,1937,1926,1,1,0,10,1067,249,190,37,25,893,1286,513,458,127,97,80,2,2,0,13,10,3,1937,AHRF_natality_24,6.71,7.23,7.46,0.52,FALSE,Metro (RUCC 1-3),1926,TRUE,12.93,9.87,1.92,1.3,46.37,7.54,15.59,0.4491,5.16,0.565,Both
37003,Alexander,NC,36440,293,7140,2,0.8908462298,"Alexander, NC",1,1,1,333,351,0,0,0,0,0,46,27,,,126,321,14,27,16,23,,2,1,1,1,0,2,333,AHRF_natality_24,3,3,2.74,0,FALSE,Metro (RUCC 1-3),351,TRUE,13.11,7.69,,,35.9,7.17,,1,0,1,Midwife only
37005,Alleghany,NC,11075,167,1879,9,1,"Alleghany, NC",0,0,0,98,106,0,1,1,0,0,15,,,,46,101,,14,,,,2,1,1,0,0,,98,AHRF_natality_24,0,0,0,0,FALSE,"Nonmetro, remote (RUCC 7-9)",106,TRUE,14.15,,,,43.4,,,,0,,Neither
37007,Anson,NC,21903,346,4307,1,0.7776921333,"Anson, NC",0,0,0,276,264,0,1,0,0,0,44,40,,,174,112,143,13,,12,28,1,1,0,0,0,,276,AHRF_natality_24,0,0,0,0,FALSE,Metro (RUCC 1-3),264,TRUE,16.67,15.15,,,65.91,10.71,19.58,1,0,,Neither
37009,Ashe,NC,26831,372,4822,9,1,"Ashe, NC",1,1,1,199,201,0,1,1,1,335,28,18,,,70,196,,22,,17,,2,1,1,1,0,9,199,AHRF_natality_24,5.03,5.03,3.73,0,FALSE,"Nonmetro, remote (RUCC 7-9)",201,TRUE,13.93,8.96,,,34.83,8.67,,,5.03,0.5,Both
37011,Avery,NC,17643,114,3081,9,1,"Avery, NC",1,1,1,131,140,0,1,1,0,0,19,13,,,44,133,,17,,13,,4,2,1,0,0,,131,AHRF_natality_24,0,7.63,0,0,FALSE,"Nonmetro, remote (RUCC 7-9)",140,TRUE,13.57,9.29,,,31.43,9.77,,1,0,,Neither
37013,Beaufort,NC,44597,371,8745,6,0.6302741199,"Beaufort, NC",0,1,0,430,439,0,0,0,3,0,62,51,,,226,302,122,57,15,26,24,4,3,1,1,1,6,430,AHRF_natality_24,2.33,0,2.24,0,FALSE,"Nonmetro, adjacent (RUCC 4-6)",439,TRUE,14.12,11.62,,,51.48,8.61,19.67,1,6.98,0.25,Both
37015,Bertie,NC,17482,246,2902,9,1,"Bertie, NC",0,0,0,145,156,0,1,1,0,0,30,25,,,100,59,97,,,,21,2,1,1,0,0,,145,AHRF_natality_24,0,0,0,0,FALSE,"Nonmetro, remote (RUCC 7-9)",156,TRUE,19.23,16.03,,,64.1,,,1,0,,Neither
37017,Bladen,NC,29591,311,5874,8,1,"Bladen, NC",1,1,1,353,361,0,1,1,0,0,56,46,,,213,206,124,63,32,18,24,2,1,1,1,0,8,353,AHRF_natality_24,2.83,2.83,3.38,0,FALSE,"Nonmetro, remote (RUCC 7-9)",361,TRUE,15.51,12.74,,,59,8.74,19.35,1,0,1,Midwife only
37019,Brunswick,NC,145889,1486,22960,2,0.3638152649,"Brunswick, NC",5,3,5,1158,1149,0,3,1,7,543,135,91,17,,510,947,138,148,64,67,17,5,3,1,5,0,2,1158,AHRF_natality_24,4.32,4.32,3.43,0,FALSE,Metro (RUCC 1-3),1149,TRUE,11.75,7.92,1.48,,44.39,7.07,12.32,0.5311,6.04,0.417,Both
37021,Buncombe,NC,271790,2253,61371,2,0.2230341582,"Buncombe, NC",19,20,19,2421,2408,0,5,0,81,2498,295,217,30,21,871,2107,174,370,127,174,29,13,5,0,23,20,2,2421,AHRF_natality_24,9.5,7.85,8.46,0,FALSE,Metro (RUCC 1-3),2408,TRUE,12.25,9.01,1.25,0.87,36.17,8.26,16.67,,33.46,0.221,Both
37023,Burke,NC,87863,1054,17140,2,0.4592326139,"Burke, NC",1,1,1,854,861,1,2,0,4,971,117,74,10,12,380,741,45,167,75,59,,6,4,0,1,0,2,854,AHRF_natality_24,1.17,1.17,1.14,1.17,FALSE,Metro (RUCC 1-3),861,TRUE,13.59,8.59,1.16,1.39,44.13,7.96,,,4.68,0.2,Both
37025,Cabarrus,NC,231262,2432,55146,1,0.1727205895,"Cabarrus, NC",1,1,1,2743,2696,1,1,0,21,2801,337,255,40,29,980,1673,685,545,338,133,95,1,1,0,2,1,1,2743,AHRF_natality_24,0.73,0.36,0.86,0.36,FALSE,Metro (RUCC 1-3),2696,TRUE,12.5,9.46,1.48,1.08,36.35,7.95,13.87,,7.66,0.087,Both
37027,Caldwell,NC,80618,655,16099,2,0.42821008780000003,"Caldwell, NC",2,2,2,795,762,0,1,0,2,6,97,71,,10,361,673,50,86,39,59,,1,1,0,1,1,2,795,AHRF_natality_24,1.26,2.52,1.24,0,FALSE,Metro (RUCC 1-3),762,TRUE,12.73,9.32,,1.31,47.38,8.77,,0.9925,2.52,0.333,Both
37029,Camden,NC,10743,217,2344,1,0.9475615645,"Camden, NC",0,0,0,57,90,0,0,0,1,0,12,,,,23,81,,,,,,0,0,0,0,0,,57,AHRF_natality_24,0,0,0,0,TRUE,Metro (RUCC 1-3),90,FALSE,,,,,,,,,17.54,0,OB/GYN only
37031,Carteret,NC,68652,473,12074,4,0.3059716928,"Carteret, NC",2,2,2,483,489,1,1,0,8,849,51,33,,,166,441,23,44,25,28,,3,2,1,2,2,4,483,AHRF_natality_24,4.14,4.14,2.91,2.07,FALSE,"Nonmetro, adjacent (RUCC 4-6)",489,TRUE,10.43,6.75,,,33.95,6.35,,,16.56,0.2,Both
37033,Caswell,NC,22689,209,4110,8,0.9982846587,"Caswell, NC",0,0,0,192,197,0,0,0,1,0,25,20,,,107,136,51,18,,,10,1,1,0,0,0,,192,AHRF_natality_24,0,0,0,0,FALSE,"Nonmetro, remote (RUCC 7-9)",197,TRUE,12.69,10.15,,,54.31,,,1,5.21,0,OB/GYN only
37035,Catawba,NC,162051,1963,34312,2,0.3515721312,"Catawba, NC",13,13,13,1686,1665,0,2,0,19,1730,209,152,22,16,729,1287,173,294,205,104,29,4,3,0,10,0,2,1686,AHRF_natality_24,5.93,7.71,6.17,0,FALSE,Metro (RUCC 1-3),1665,TRUE,12.55,9.13,1.32,0.96,43.78,8.08,16.76,,11.27,0.345,Both
37037,Chatham,NC,78319,1023,14866,2,0.6403618011,"Chatham, NC",2,2,2,718,693,1,1,1,14,141,85,60,11,,207,555,85,163,53,45,,2,1,1,3,0,2,718,AHRF_natality_24,4.18,2.79,3.83,1.39,FALSE,Metro (RUCC 1-3),693,TRUE,12.27,8.66,1.59,,29.87,8.11,,0.8036,19.5,0.176,Both
37039,Cherokee,NC,29197,360,4810,9,1,"Cherokee, NC",0,0,0,313,245,0,1,1,0,2,27,18,,,101,227,,13,14,17,,5,2,3,0,0,,313,AHRF_natality_24,0,0,0,0,FALSE,"Nonmetro, remote (RUCC 7-9)",245,TRUE,11.02,7.35,,,41.22,7.49,,0.9936,0,,Neither
37041,Chowan,NC,13814,148,2325,8,0.6841990079,"Chowan, NC",1,1,1,127,139,1,1,1,3,328,24,15,,,78,83,53,12,,,,1,0,1,1,0,8,127,AHRF_natality_24,7.87,7.87,7.24,7.87,FALSE,"Nonmetro, remote (RUCC 7-9)",139,TRUE,17.27,10.79,,,56.12,,,,23.62,0.25,Both
37043,Clay,NC,11391,91,1728,9,1,"Clay, NC",0,0,0,109,81,0,0,0,1,0,,,,,32,77,,,,,,0,0,0,0,0,,109,AHRF_natality_24,0,0,0,0,TRUE,"Nonmetro, remote (RUCC 7-9)",81,FALSE,,,,,,,,1,9.17,0,OB/GYN only
37045,Cleveland,NC,100170,1456,21275,4,0.6220118771,"Cleveland, NC",7,6,7,1104,1138,1,1,0,13,1226,148,115,19,23,603,832,256,75,49,70,41,3,3,0,4,0,4,1104,AHRF_natality_24,3.62,6.34,3.99,0.91,FALSE,"Nonmetro, adjacent (RUCC 4-6)",1138,TRUE,13.01,10.11,1.67,2.02,52.99,8.41,16.02,,11.78,0.235,Both
37047,Columbus,NC,50453,481,9935,6,0.8969638307,"Columbus, NC",1,1,1,540,600,0,1,0,2,865,87,69,12,12,340,378,176,56,46,34,29,1,1,0,1,0,6,540,AHRF_natality_24,1.85,1.85,1.98,0,FALSE,"Nonmetro, adjacent (RUCC 4-6)",600,TRUE,14.5,11.5,2,2,56.67,8.99,16.48,,3.7,0.333,Both
37049,Craven,NC,101074,1422,20587,4,0.3537629071,"Craven, NC",4,4,4,1282,1254,1,1,0,5,1001,151,118,22,12,431,877,250,169,127,64,42,1,1,0,3,3,4,1282,AHRF_natality_24,2.34,3.12,2.97,0.78,FALSE,"Nonmetro, adjacent (RUCC 4-6)",1254,TRUE,12.04,9.41,1.75,0.96,34.37,7.3,16.8,0.2192,3.9,0.375,Both
37051,Cumberland,NC,336749,5115,81242,2,0.1384168638,"Cumberland, NC",17,17,16,5278,5203,0,4,0,37,4076,700,536,102,39,2063,2493,2052,879,657,180,291,7,3,0,20,10,2,5278,AHRF_natality_24,3.79,3.22,5.94,0,FALSE,Metro (RUCC 1-3),5203,TRUE,13.45,10.3,1.96,0.75,39.65,7.22,14.18,0.2277,7.01,0.351,Both
37053,Currituck,NC,29612,418,5992,1,0.9588256228,"Currituck, NC",0,0,0,198,331,0,0,0,0,0,33,23,,,98,298,18,23,15,20,,0,0,0,0,0,,198,AHRF_natality_24,0,0,0,0,TRUE,Metro (RUCC 1-3),331,TRUE,9.97,6.95,,,29.61,6.71,,1,0,,Neither
37055,Dare,NC,37534,363,6965,4,0.220804551,"Dare, NC",1,1,1,259,290,1,1,1,2,282,37,18,,,122,261,17,58,13,16,,2,1,1,2,0,4,259,AHRF_natality_24,7.72,3.86,5.33,3.86,FALSE,"Nonmetro, adjacent (RUCC 4-6)",290,TRUE,12.76,6.21,,,42.07,6.13,,,7.72,0.5,Both
37057,Davidson,NC,171063,2147,35984,2,0.4771443793,"Davidson, NC",3,3,3,1740,1781,0,2,0,5,831,239,174,29,24,758,1445,232,256,104,129,36,2,2,0,3,2,2,1740,AHRF_natality_24,1.72,1.72,1.75,0,FALSE,Metro (RUCC 1-3),1781,TRUE,13.42,9.77,1.63,1.35,42.56,8.93,15.52,0.5224,2.87,0.375,Both
37059,Davie,NC,43526,419,8560,2,0.7044156209,"Davie, NC",0,0,0,425,403,0,1,0,2,0,52,33,,,137,341,40,51,22,25,,3,2,1,0,0,,425,AHRF_natality_24,0,0,0,0,FALSE,Metro (RUCC 1-3),403,TRUE,12.9,8.19,,,34,7.33,,1,4.71,0,OB/GYN only
37061,Duplin,NC,49053,626,9961,8,1,"Duplin, NC",1,1,1,727,716,0,1,0,2,560,104,59,12,18,405,496,186,295,34,36,22,2,2,0,1,0,8,727,AHRF_natality_24,1.38,1.38,2.04,0,FALSE,"Nonmetro, remote (RUCC 7-9)",716,TRUE,14.53,8.24,1.68,2.51,56.56,7.26,11.83,0.2297,2.75,0.333,Both
37063,Durham,NC,329405,2947,87652,2,0.0511308888,"Durham, NC",18,17,18,4139,4131,2,7,0,116,6656,496,383,64,42,1564,2402,1277,1054,453,164,173,10,6,0,29,29,2,4139,AHRF_natality_24,7.01,4.35,8.8,0.48,FALSE,Metro (RUCC 1-3),4131,TRUE,12.01,9.27,1.55,1.02,37.86,6.83,13.55,,28.03,0.2,Both
37065,Edgecombe,NC,48777,692,10338,3,0.4479550102,"Edgecombe, NC",0,0,0,565,580,0,1,0,3,851,99,80,17,11,411,213,345,54,22,22,56,2,2,0,0,0,,565,AHRF_natality_24,0,0,0,0,FALSE,Metro (RUCC 1-3),580,TRUE,17.07,13.79,2.93,1.9,70.86,10.33,16.23,,5.31,0,OB/GYN only
37067,Forsyth,NC,386740,4344,91591,2,0.075814841,"Forsyth, NC",18,13,18,4559,4459,2,5,0,98,7673,577,464,89,71,2060,2773,1370,1108,316,214,220,11,5,0,27,24,2,4559,AHRF_natality_24,5.92,3.95,6.98,0.44,FALSE,Metro (RUCC 1-3),4459,TRUE,12.94,10.41,2,1.59,46.2,7.72,16.06,,21.5,0.216,Both
37069,Franklin,NC,71962,945,15025,1,0.7889256705,"Franklin, NC",0,0,0,879,868,0,0,0,0,0,97,75,15,,298,616,213,143,40,37,35,1,1,0,0,0,,879,AHRF_natality_24,0,0,0,0,FALSE,Metro (RUCC 1-3),868,TRUE,11.18,8.64,1.73,,34.33,6.01,16.43,1,0,,Neither
37071,Gaston,NC,231485,3026,52598,1,0.1886129427,"Gaston, NC",20,18,20,2798,2774,1,1,0,15,1830,375,291,46,37,1263,1964,654,444,156,168,104,2,1,0,15,11,1,2798,AHRF_natality_24,5.36,7.15,6.48,0.36,FALSE,Metro (RUCC 1-3),2774,TRUE,13.52,10.49,1.66,1.33,45.53,8.55,15.9,0.346,5.36,0.5,Both
37073,Gates,NC,10437,67,2063,1,1,"Gates, NC",0,0,0,73,91,0,0,0,0,0,11,,,,42,63,25,,,,,0,0,0,0,0,,73,AHRF_natality_24,0,0,0,0,TRUE,Metro (RUCC 1-3),91,FALSE,,,,,,,,,0,,Neither
37075,Graham,NC,8041,48,1529,9,1,"Graham, NC",0,0,0,99,90,0,0,0,0,0,13,,,,27,77,,,12,,,0,0,0,0,0,,99,AHRF_natality_24,0,0,0,0,TRUE,"Nonmetro, remote (RUCC 7-9)",90,FALSE,,,,,,,,,0,,Neither
37077,Granville,NC,61439,770,12483,6,0.7143395855,"Granville, NC",3,3,3,624,623,0,2,0,7,627,79,63,,,264,413,180,105,30,30,30,5,3,0,3,3,6,624,AHRF_natality_24,4.81,4.81,4.88,0,FALSE,"Nonmetro, adjacent (RUCC 4-6)",623,TRUE,12.68,10.11,,,42.38,7.26,16.67,,11.22,0.3,Both
37079,Greene,NC,20421,229,3504,8,1,"Greene, NC",0,0,0,202,200,0,0,0,0,0,34,24,,,103,125,71,54,,,14,0,0,0,0,0,,202,AHRF_natality_24,0,0,0,0,TRUE,"Nonmetro, remote (RUCC 7-9)",200,TRUE,17,12,,,51.5,,,1,0,,Neither
37081,Guilford,NC,542987,6995,135455,2,0.1415668605,"Guilford, NC",23,23,23,5972,5811,2,4,0,71,7293,776,598,104,54,2739,2668,2472,960,670,186,341,9,6,0,27,25,2,5972,AHRF_natality_24,4.52,3.85,4.97,0.33,FALSE,Metro (RUCC 1-3),5811,TRUE,13.35,10.29,1.79,0.93,47.13,6.97,13.79,,11.89,0.276,Both
37083,Halifax,NC,48219,478,9371,4,0.5605898564,"Halifax, NC",0,0,0,512,506,0,1,0,2,757,80,73,11,10,360,180,290,32,36,19,50,3,2,1,1,0,4,512,AHRF_natality_24,1.95,0,2.07,0,FALSE,"Nonmetro, adjacent (RUCC 4-6)",506,TRUE,15.81,14.43,2.17,1.98,71.15,10.56,17.24,,3.91,0.333,Both
37085,Harnett,NC,136503,1735,32342,4,0.6415608529,"Harnett, NC",0,0,0,1822,1871,0,1,0,4,594,221,151,25,17,661,1331,394,375,146,90,48,3,2,0,0,0,,1822,AHRF_natality_24,0,0,0,0,FALSE,"Nonmetro, adjacent (RUCC 4-6)",1871,TRUE,11.81,8.07,1.34,0.91,35.33,6.76,12.18,0.674,2.2,0,OB/GYN only
37087,Haywood,NC,62432,331,11765,4,0.4688431123,"Haywood, NC",1,1,1,519,525,0,1,0,3,828,64,46,,,190,499,,38,18,42,,2,2,0,2,0,4,519,AHRF_natality_24,3.85,1.93,3.2,0,FALSE,"Nonmetro, adjacent (RUCC 4-6)",525,TRUE,12.19,8.76,,,36.19,8.42,,,5.78,0.4,Both
37089,Henderson,NC,117387,1554,22144,2,0.3427903097,"Henderson, NC",3,4,3,1080,1018,0,2,0,9,1516,130,91,11,12,364,934,34,226,50,81,,2,2,0,4,4,2,1080,AHRF_natality_24,3.7,2.78,3.41,0,FALSE,Metro (RUCC 1-3),1018,TRUE,12.77,8.94,1.08,1.18,35.76,8.67,,,8.33,0.308,Both
37091,Hertford,NC,20492,290,4218,8,0.774452487,"Hertford, NC",1,1,1,187,186,1,1,0,3,273,36,24,,,128,61,121,10,,,19,1,1,0,0,0,,187,AHRF_natality_24,0,5.35,0,5.35,FALSE,"Nonmetro, remote (RUCC 7-9)",186,TRUE,19.35,12.9,,,68.82,,15.7,,16.04,0,OB/GYN only
37093,Hoke,NC,53102,838,12923,2,0.4260973081,"Hoke, NC",0,0,0,884,890,0,1,0,1,0,112,84,13,,315,494,251,183,146,32,36,1,1,0,0,0,,884,AHRF_natality_24,0,0,0,0,FALSE,Metro (RUCC 1-3),890,TRUE,12.58,9.44,1.46,,35.39,6.48,14.34,1,1.13,0,OB/GYN only
37095,Hyde,NC,4625,0,872,9,1,"Hyde, NC",0,0,0,32,35,0,0,0,0,0,,,,,19,27,,,,,,0,0,0,0,0,,32,AHRF_natality_24,,,0,,TRUE,"Nonmetro, remote (RUCC 7-9)",35,FALSE,,,,,,,,,,,Neither
37097,Iredell,NC,191800,3090,41783,1,0.3185871993,"Iredell, NC",8,6,8,2082,2010,1,3,0,20,2354,251,177,26,17,744,1552,328,271,130,113,53,4,3,0,8,8,1,2082,AHRF_natality_24,3.84,3.84,4.17,0.48,FALSE,Metro (RUCC 1-3),2010,TRUE,12.49,8.81,1.29,0.85,37.01,7.28,16.16,,9.61,0.286,Both
37099,Jackson,NC,43089,183,10493,7,0.6666589343,"Jackson, NC",3,2,3,375,340,0,1,0,4,784,48,35,,,160,268,,49,63,27,,1,1,0,4,0,7,375,AHRF_natality_24,10.67,8,9.28,0,FALSE,"Nonmetro, remote (RUCC 7-9)",340,TRUE,14.12,10.29,,,47.06,10.07,,,10.67,0.5,Both
37101,Johnston,NC,226623,3517,52303,1,0.5300394909,"Johnston, NC",1,1,1,2855,2829,1,1,0,9,1959,300,237,45,26,1013,2067,611,673,151,150,79,2,1,0,2,0,1,2855,AHRF_natality_24,0.7,0.35,0.88,0.35,FALSE,Metro (RUCC 1-3),2829,TRUE,10.6,8.38,1.59,0.92,35.81,7.26,12.93,0.3138,3.15,0.182,Both
37103,Jones,NC,9245,64,1763,8,1,"Jones, NC",0,0,0,105,96,0,0,0,0,0,10,,,,41,69,21,,,,,0,0,0,0,0,,105,AHRF_natality_24,0,0,0,0,TRUE,"Nonmetro, remote (RUCC 7-9)",96,FALSE,,,,,,,,1,0,,Neither
37105,Lee,NC,64565,638,13981,4,0.4210160386,"Lee, NC",6,7,6,799,783,0,1,0,3,730,109,74,15,,373,558,173,265,52,43,25,1,1,0,3,0,4,799,AHRF_natality_24,3.75,7.51,4.65,0,FALSE,"Nonmetro, adjacent (RUCC 4-6)",783,TRUE,13.92,9.45,1.92,,47.64,7.71,14.45,0.0864,3.75,0.5,Both
37107,Lenoir,NC,54917,997,11230,4,0.618119807,"Lenoir, NC",0,0,0,654,648,1,1,0,4,280,96,78,14,15,409,316,304,88,28,22,53,1,1,0,0,0,,654,AHRF_natality_24,0,0,0,1.53,FALSE,"Nonmetro, adjacent (RUCC 4-6)",648,TRUE,14.81,12.04,2.16,2.31,63.12,6.96,17.43,0.5719,6.12,0,OB/GYN only
37109,Lincoln,NC,90359,1258,18542,1,0.7373920055,"Lincoln, NC",0,2,0,952,930,1,1,0,2,520,105,77,12,10,309,827,67,110,36,66,,1,1,0,0,0,,952,AHRF_natality_24,0,0,0,1.05,FALSE,Metro (RUCC 1-3),930,TRUE,11.29,8.28,1.29,1.08,33.23,7.98,,0.4538,2.1,0,OB/GYN only
37111,McDowell,NC,44679,579,8962,6,0.7301135089,"McDowell, NC",0,0,0,379,395,0,1,0,4,402,49,35,,,162,373,11,48,11,33,,1,1,0,1,0,6,379,AHRF_natality_24,2.64,0,2.24,0,FALSE,"Nonmetro, adjacent (RUCC 4-6)",395,TRUE,12.41,8.86,,,41.01,8.85,,,10.55,0.2,Both
37113,Macon,NC,37533,205,6675,7,0.7471767439,"Macon, NC",1,2,1,340,325,0,2,2,4,0,45,36,,,137,295,,72,21,33,,3,1,2,0,0,,340,AHRF_natality_24,0,2.94,0,0,FALSE,"Nonmetro, remote (RUCC 7-9)",325,TRUE,13.85,11.08,,,42.15,11.19,,1,11.76,0,OB/GYN only
37115,Madison,NC,21640,251,4449,2,1,"Madison, NC",0,0,0,176,192,0,0,0,0,0,27,11,,,71,186,,,,10,,0,0,0,0,0,,176,AHRF_natality_24,0,0,0,0,TRUE,Metro (RUCC 1-3),192,TRUE,14.06,5.73,,,36.98,5.38,,1,0,,Neither
37117,Martin,NC,21773,172,4435,6,0.7493531841,"Martin, NC",0,0,0,223,216,0,0,0,1,0,33,27,,,122,124,87,20,,11,16,2,2,0,0,0,,223,AHRF_natality_24,0,0,0,0,FALSE,"Nonmetro, adjacent (RUCC 4-6)",216,TRUE,15.28,12.5,,,56.48,8.87,,1,4.48,0,OB/GYN only
37119,Mecklenburg,NC,1130906,14964,298501,1,0.0084438835,"Mecklenburg, NC",60,53,60,15077,15070,3,10,0,236,18703,1781,1435,221,191,6130,8319,5140,3715,1611,551,725,23,14,0,71,49,1,15077,AHRF_natality_24,4.71,3.98,6.28,0.2,FALSE,Metro (RUCC 1-3),15070,TRUE,11.82,9.52,1.47,1.27,40.68,6.62,14.11,,15.65,0.231,Both
37121,Mitchell,NC,14973,153,2666,8,1,"Mitchell, NC",1,1,1,94,119,0,1,1,0,0,17,,,,30,114,,15,,,,2,1,1,0,0,,94,AHRF_natality_24,0,10.64,0,0,FALSE,"Nonmetro, remote (RUCC 7-9)",119,TRUE,14.29,,,,25.21,,,,0,,Neither
37123,Montgomery,NC,25874,184,5135,8,1,"Montgomery, NC",0,0,0,265,258,0,1,1,0,0,36,21,,,141,186,56,68,17,10,10,2,1,1,0,0,,265,AHRF_natality_24,0,0,0,0,FALSE,"Nonmetro, remote (RUCC 7-9)",258,TRUE,13.95,8.14,,,54.65,5.38,,1,0,,Neither
37125,Moore,NC,102840,1123,20144,3,0.4954325308,"Moore, NC",1,0,1,1171,1195,0,1,0,19,1435,124,87,12,,315,980,140,140,75,58,22,2,2,0,3,2,3,1171,AHRF_natality_24,2.56,0.85,2.92,0,FALSE,Metro (RUCC 1-3),1195,TRUE,10.38,7.28,1,,26.36,5.92,15.71,,16.23,0.136,Both
37127,Nash,NC,95451,720,20407,3,0.496714752,"Nash, NC",2,0,2,1075,1063,1,2,0,8,1034,146,117,22,15,592,531,466,142,65,39,71,4,2,0,2,0,3,1075,AHRF_natality_24,1.86,1.86,2.1,0.93,FALSE,Metro (RUCC 1-3),1063,TRUE,13.73,11.01,2.07,1.41,55.69,7.34,15.24,0.0381,7.44,0.2,Both
37129,New Hanover,NC,231214,2061,55992,2,0.0171066273,"New Hanover, NC",11,8,11,2268,2181,1,2,0,52,4463,272,198,34,21,832,1698,348,363,135,129,55,4,4,0,12,12,2,2268,AHRF_natality_24,5.29,4.85,5.19,0.44,FALSE,Metro (RUCC 1-3),2181,TRUE,12.47,9.08,1.56,0.96,38.15,7.6,15.8,,22.93,0.188,Both
37131,Northampton,NC,17212,328,2842,9,0.8835212638,"Northampton, NC",0,0,0,157,158,0,0,0,0,0,22,18,,,106,65,88,,,,13,0,0,0,0,0,,157,AHRF_natality_24,0,0,0,0,TRUE,"Nonmetro, remote (RUCC 7-9)",158,TRUE,13.92,11.39,,,67.09,,,1,0,,Neither
37133,Onslow,NC,208537,4281,46464,3,0.362667175,"Onslow, NC",28,29,27,3884,3817,1,3,0,8,2371,431,278,50,14,783,3029,459,688,329,189,60,3,1,0,25,15,3,3884,AHRF_natality_24,6.44,7.21,11.99,0.26,FALSE,Metro (RUCC 1-3),3817,TRUE,11.29,7.28,1.31,0.37,20.51,6.24,13.07,0.3895,2.06,0.758,Both
37135,Orange,NC,147292,950,39167,2,0.2904449346,"Orange, NC",28,26,28,1205,1179,1,1,0,80,4110,133,94,17,,346,844,194,238,141,53,27,2,1,0,29,29,2,1205,AHRF_natality_24,24.07,23.24,19.69,0.83,FALSE,Metro (RUCC 1-3),1179,TRUE,11.28,7.97,1.44,,29.35,6.28,13.92,,66.39,0.266,Both
37137,Pamlico,NC,12315,76,1803,9,1,"Pamlico, NC",0,0,0,86,93,0,0,0,0,0,11,,,,42,74,15,,,,,0,0,0,0,0,,86,AHRF_natality_24,0,0,0,0,TRUE,"Nonmetro, remote (RUCC 7-9)",93,FALSE,,,,,,,,,0,,Neither
37139,Pasquotank,NC,40830,501,9182,4,0.4505275094,"Pasquotank, NC",3,3,3,353,453,1,1,0,3,364,61,46,,,234,273,158,44,22,19,25,1,1,0,5,0,4,353,AHRF_natality_24,14.16,8.5,12.25,2.83,FALSE,"Nonmetro, adjacent (RUCC 4-6)",453,TRUE,13.47,10.15,,,51.66,6.96,15.82,,8.5,0.625,Both
37141,Pender,NC,63475,751,13065,2,0.6100858761,"Pender, NC",1,1,1,687,683,0,1,1,0,0,92,55,,,226,573,73,107,37,44,10,2,1,1,1,0,2,687,AHRF_natality_24,1.46,1.46,1.58,0,FALSE,Metro (RUCC 1-3),683,TRUE,13.47,8.05,,,33.09,7.68,,1,0,1,Midwife only
37143,Perquimans,NC,13146,56,2307,8,1,"Perquimans, NC",0,0,0,96,114,0,0,0,0,0,17,10,,,56,86,26,,,,,0,0,0,0,0,,96,AHRF_natality_24,0,0,0,0,TRUE,"Nonmetro, remote (RUCC 7-9)",114,TRUE,14.91,8.77,,,49.12,,,,0,,Neither
37145,Person,NC,39275,337,7944,2,0.7570146047,"Person, NC",0,0,0,386,422,0,1,0,1,0,65,47,,,218,271,131,44,20,24,22,1,1,0,0,0,,386,AHRF_natality_24,0,0,0,0,FALSE,Metro (RUCC 1-3),422,TRUE,15.4,11.14,,,51.66,8.86,16.79,1,2.59,0,OB/GYN only
37147,Pitt,NC,172279,1844,47018,3,0.2685161798,"Pitt, NC",19,16,19,2023,2045,1,2,0,52,3916,301,241,50,29,1036,1014,918,212,113,71,158,7,3,0,22,21,3,2023,AHRF_natality_24,10.87,9.39,12.77,0.49,FALSE,Metro (RUCC 1-3),2045,TRUE,14.72,11.78,2.44,1.42,50.66,7,17.21,,25.7,0.297,Both
37149,Polk,NC,19689,97,3112,8,0.9141659768,"Polk, NC",0,0,0,112,137,0,1,1,0,0,19,10,,,43,128,,15,,,,2,1,1,0,0,,112,AHRF_natality_24,0,0,0,0,FALSE,"Nonmetro, remote (RUCC 7-9)",137,TRUE,13.87,7.3,,,31.39,,,1,0,,Neither
37151,Randolph,NC,145322,1606,30400,2,0.6018408695,"Randolph, NC",0,0,0,1597,1563,1,1,0,5,671,198,144,22,18,678,1328,153,352,82,112,24,1,1,0,0,0,,1597,AHRF_natality_24,0,0,0,0.63,FALSE,Metro (RUCC 1-3),1563,TRUE,12.67,9.21,1.41,1.15,43.38,8.43,15.69,0.5798,3.13,0,OB/GYN only
37153,Richmond,NC,42818,442,9397,4,0.4450472687,"Richmond, NC",0,0,0,533,535,0,0,0,4,0,84,61,10,13,351,290,196,53,49,27,29,2,2,0,0,0,,533,AHRF_natality_24,0,0,0,0,FALSE,"Nonmetro, adjacent (RUCC 4-6)",535,TRUE,15.7,11.4,1.87,2.43,65.61,9.31,14.8,1,7.5,0,OB/GYN only
37155,Robeson,NC,116858,1258,26550,4,0.7601476015,"Robeson, NC",8,7,8,1847,1875,1,1,0,8,1257,279,213,41,41,1291,534,461,351,881,40,65,2,1,0,8,6,4,1847,AHRF_natality_24,4.33,4.33,6.85,0.54,FALSE,"Nonmetro, adjacent (RUCC 4-6)",1875,TRUE,14.88,11.36,2.19,2.19,68.85,7.49,14.1,0.3194,4.33,0.5,Both
37157,Rockingham,NC,91585,1114,18313,2,0.6091705454,"Rockingham, NC",1,1,1,981,916,1,1,0,4,369,109,94,16,,448,704,175,110,37,61,26,2,2,0,2,0,2,981,AHRF_natality_24,2.04,1.02,2.18,1.02,FALSE,Metro (RUCC 1-3),916,TRUE,11.9,10.26,1.75,,48.91,8.66,14.86,0.6239,4.08,0.333,Both
37159,Rowan,NC,148487,2164,31782,1,0.4220731915,"Rowan, NC",2,2,2,1622,1605,0,2,0,5,975,200,153,21,23,768,1207,305,296,93,98,42,2,1,0,1,1,1,1622,AHRF_natality_24,0.62,1.23,0.67,0,FALSE,Metro (RUCC 1-3),1605,TRUE,12.46,9.53,1.31,1.43,47.85,8.12,13.77,0.3989,3.08,0.167,Both
37161,Rutherford,NC,64850,834,12754,4,0.6778598473,"Rutherford, NC",1,0,1,622,632,0,1,0,4,702,88,71,11,10,298,545,58,52,29,56,12,1,1,0,1,0,4,622,AHRF_natality_24,1.61,1.61,1.54,0,FALSE,"Nonmetro, adjacent (RUCC 4-6)",632,TRUE,13.92,11.23,1.74,1.58,47.15,10.28,,,6.43,0.2,Both
37163,Sampson,NC,59245,829,12185,6,0.8422149197,"Sampson, NC",0,0,0,832,824,1,1,0,3,397,119,82,12,11,443,573,196,306,56,49,29,1,1,0,2,0,6,832,AHRF_natality_24,2.4,0,3.38,1.2,FALSE,"Nonmetro, adjacent (RUCC 4-6)",824,TRUE,14.44,9.95,1.46,1.33,53.76,8.55,14.8,0.5228,3.61,0.4,Both
37165,Scotland,NC,34353,388,6713,6,0.5252238544,"Scotland, NC",0,0,0,402,383,1,1,0,3,774,60,53,,10,279,120,172,18,91,14,27,1,1,0,0,0,,402,AHRF_natality_24,0,0,0,2.49,FALSE,"Nonmetro, adjacent (RUCC 4-6)",383,TRUE,15.67,13.84,,2.61,72.85,11.67,15.7,,7.46,0,OB/GYN only
37167,Stanly,NC,63557,743,13212,6,0.7282093946,"Stanly, NC",1,2,1,705,721,1,1,0,5,349,86,71,13,10,294,578,101,69,43,51,15,1,1,0,1,1,6,705,AHRF_natality_24,1.42,1.42,1.57,1.42,FALSE,"Nonmetro, adjacent (RUCC 4-6)",721,TRUE,11.93,9.85,1.8,1.39,40.78,8.82,14.85,0.505,7.09,0.167,Both
37169,Stokes,NC,44889,436,8611,2,0.8052336029,"Stokes, NC",0,0,0,424,401,0,1,1,0,0,57,35,,,143,377,13,26,12,33,,2,1,1,0,0,,424,AHRF_natality_24,0,0,0,0,FALSE,Metro (RUCC 1-3),401,TRUE,14.21,8.73,,,35.66,8.75,,1,0,,Neither
37171,Surry,NC,71407,828,14363,6,0.7568071301,"Surry, NC",3,2,3,743,755,1,2,0,8,971,98,71,12,12,316,690,39,178,26,63,,2,2,0,3,0,6,743,AHRF_natality_24,4.04,4.04,4.2,1.35,FALSE,"Nonmetro, adjacent (RUCC 4-6)",755,TRUE,12.98,9.4,1.59,1.59,41.85,9.13,,,10.77,0.273,Both
37173,Swain,NC,14065,217,3090,9,1,"Swain, NC",0,0,0,153,154,0,2,1,0,0,21,18,,,85,88,,14,66,10,,3,2,1,0,0,,153,AHRF_natality_24,0,0,0,0,FALSE,"Nonmetro, remote (RUCC 7-9)",154,TRUE,13.64,11.69,,,55.19,,,1,0,,Neither
37175,Transylvania,NC,33243,296,5771,6,0.6041047717,"Transylvania, NC",0,0,0,232,244,0,1,1,4,0,30,17,,,98,226,,29,12,16,,2,1,1,0,0,,232,AHRF_natality_24,0,0,0,0,FALSE,"Nonmetro, adjacent (RUCC 4-6)",244,TRUE,12.3,6.97,,,40.16,7.08,,1,17.24,0,OB/GYN only
37177,Tyrrell,NC,3376,55,577,9,1,"Tyrrell, NC",0,0,0,44,40,0,0,0,0,0,,,,,20,30,10,,,,,0,0,0,0,0,,44,AHRF_natality_24,,,0,,TRUE,"Nonmetro, remote (RUCC 7-9)",40,FALSE,,,,,,,,,,,Neither
37179,Union,NC,244975,2772,56346,1,0.2763286565,"Union, NC",5,5,5,2559,2538,1,1,0,17,1177,281,203,31,21,758,1951,392,510,195,126,60,1,1,0,3,0,1,2559,AHRF_natality_24,1.17,1.95,1.22,0.39,FALSE,Metro (RUCC 1-3),2538,TRUE,11.07,8,1.22,0.83,29.87,6.46,15.31,0.5401,6.64,0.15,Both
37181,Vance,NC,42361,356,9168,6,0.5327633989,"Vance, NC",1,1,1,493,529,0,1,0,0,789,82,67,13,10,372,218,287,88,25,18,46,1,1,0,0,0,,493,AHRF_natality_24,0,2.03,0,0,FALSE,"Nonmetro, adjacent (RUCC 4-6)",529,TRUE,15.5,12.67,2.46,1.89,70.32,8.26,16.03,,0,,Neither
37183,Wake,NC,1151009,14492,290140,1,0.0515738306,"Wake, NC",37,41,37,13202,13103,3,9,0,170,16430,1376,1039,193,88,3740,8251,3037,2403,1815,496,393,11,4,0,40,28,1,13202,AHRF_natality_24,3.03,2.8,3.48,0.23,FALSE,Metro (RUCC 1-3),13103,TRUE,10.5,7.93,1.47,0.67,28.54,6.01,12.94,,12.88,0.19,Both
37185,Warren,NC,18751,247,3306,8,1,"Warren, NC",0,0,0,186,171,0,0,0,0,0,25,24,,,108,71,84,16,16,,16,1,1,0,0,0,,186,AHRF_natality_24,0,0,0,0,FALSE,"Nonmetro, remote (RUCC 7-9)",171,TRUE,14.62,14.04,,,63.16,,,1,0,,Neither
37187,Washington,NC,10905,114,1984,9,1,"Washington, NC",1,1,1,104,108,0,1,1,0,0,18,14,,,72,43,62,,,,,2,1,1,1,0,9,104,AHRF_natality_24,9.62,9.62,9.17,0,FALSE,"Nonmetro, remote (RUCC 7-9)",108,TRUE,16.67,12.96,,,66.67,,,1,0,1,Midwife only
37189,Watauga,NC,54607,318,15449,5,0.4890359797,"Watauga, NC",1,2,1,296,309,0,1,0,5,722,33,23,,,74,292,,34,14,21,,3,2,1,3,0,5,296,AHRF_natality_24,10.14,3.38,5.49,0,FALSE,"Nonmetro, adjacent (RUCC 4-6)",309,TRUE,10.68,7.44,,,23.95,7.19,,,16.89,0.375,Both
37191,Wayne,NC,117606,1443,25304,3,0.5358850451,"Wayne, NC",6,6,6,1603,1626,1,2,0,4,1212,214,168,32,28,775,1006,543,408,77,73,86,4,2,0,7,0,3,1603,AHRF_natality_24,4.37,3.74,5.95,0.62,FALSE,Metro (RUCC 1-3),1626,TRUE,13.16,10.33,1.97,1.72,47.66,7.26,15.84,0.2439,2.5,0.636,Both
37193,Wilkes,NC,65983,813,12803,6,0.6984947475,"Wilkes, NC",0,0,0,680,674,1,1,0,5,262,94,63,,12,289,615,34,86,25,55,,1,1,0,0,0,,680,AHRF_natality_24,0,0,0,1.47,FALSE,"Nonmetro, adjacent (RUCC 4-6)",674,TRUE,13.95,9.35,,1.78,42.88,8.94,,0.6147,7.35,0,OB/GYN only
37195,Wilson,NC,78648,757,17321,4,0.3794425264,"Wilson, NC",1,1,1,902,896,0,1,0,6,1117,140,106,17,16,496,472,380,175,45,39,64,1,1,0,3,0,4,902,AHRF_natality_24,3.33,1.11,3.81,0,FALSE,"Nonmetro, adjacent (RUCC 4-6)",896,TRUE,15.62,11.83,1.9,1.79,55.36,8.26,16.84,,6.65,0.333,Both
37197,Yadkin,NC,37419,390,7196,2,1,"Yadkin, NC",0,0,0,406,384,0,0,0,0,0,50,41,,,134,354,20,82,10,35,,2,1,1,0,0,,406,AHRF_natality_24,0,0,0,0,FALSE,Metro (RUCC 1-3),384,TRUE,13.02,10.68,,,34.9,9.89,,1,0,,Neither
37199,Yancey,NC,18676,270,3395,8,1,"Yancey, NC",2,2,2,177,174,0,0,0,1,0,22,18,,,46,168,,23,,17,,2,1,1,0,0,,177,AHRF_natality_24,0,11.3,0,0,FALSE,"Nonmetro, remote (RUCC 7-9)",174,TRUE,12.64,10.34,,,26.44,10.12,,1,5.65,0,OB/GYN only
38001,Adams,ND,2179,45,323,9,1,"Adams, ND",0,0,0,21,19,0,1,1,0,107,,,,,,17,,,,,,2,1,1,0,0,,21,AHRF_natality_24,,,0,,FALSE,"Nonmetro, remote (RUCC 7-9)",19,FALSE,,,,,,,,,,,Neither
38003,Barnes,ND,10794,61,2114,6,0.3967566571,"Barnes, ND",0,0,0,85,86,0,1,1,0,0,,,,,26,79,,,,,,2,1,1,0,0,,85,AHRF_natality_24,0,0,0,0,FALSE,"Nonmetro, adjacent (RUCC 4-6)",86,FALSE,,,,,,,,,0,,Neither
38005,Benson,ND,5861,138,1099,9,1,"Benson, ND",0,0,0,101,100,0,0,0,0,0,13,,,,69,30,,,70,,,0,0,0,0,0,,101,AHRF_natality_24,0,0,0,0,TRUE,"Nonmetro, remote (RUCC 7-9)",100,TRUE,13,,,,69,,,1,0,,Neither
38007,Billings,ND,948,30,138,9,1,"Billings, ND",0,0,0,18,13,0,0,0,0,0,,,,,,13,,,,,,0,0,0,0,0,,18,AHRF_natality_24,,,0,,TRUE,"Nonmetro, remote (RUCC 7-9)",13,FALSE,,,,,,,,,,,Neither
38009,Bottineau,ND,6390,81,1126,8,1,"Bottineau, ND",0,0,0,71,69,0,1,1,0,0,,,,,18,63,,,,,,2,1,1,0,0,,71,AHRF_natality_24,0,0,0,0,FALSE,"Nonmetro, remote (RUCC 7-9)",69,FALSE,,,,,,,,,0,,Neither
38011,Bowman,ND,2935,33,481,9,1,"Bowman, ND",0,0,0,39,27,0,1,1,0,0,,,,,,24,,,,,,2,1,1,0,0,,39,AHRF_natality_24,,,0,,FALSE,"Nonmetro, remote (RUCC 7-9)",27,FALSE,,,,,,,,,,,Neither
38013,Burke,ND,2163,40,369,8,1,"Burke, ND",0,0,0,23,23,0,0,0,0,0,,,,,,22,,,,,,0,0,0,0,0,,23,AHRF_natality_24,,,0,,TRUE,"Nonmetro, remote (RUCC 7-9)",23,FALSE,,,,,,,,,,,Neither
38015,Burleigh,ND,98986,1433,21319,3,0.2430782669,"Burleigh, ND",0,0,0,1155,1152,1,2,0,18,2174,134,73,12,,336,940,43,58,169,54,,3,2,0,1,1,3,1155,AHRF_natality_24,0.87,0,1.01,0.87,FALSE,Metro (RUCC 1-3),1152,TRUE,11.63,6.34,1.04,,29.17,5.74,,,15.58,0.053,Both
38017,Cass,ND,189286,2999,48613,3,0.0909470261,"Cass, ND",15,16,14,2359,2415,2,6,0,24,3942,243,180,26,12,700,1827,343,129,245,114,38,10,5,0,16,16,3,2359,AHRF_natality_24,6.78,6.36,8.45,0.85,FALSE,Metro (RUCC 1-3),2415,TRUE,10.06,7.45,1.08,0.5,28.99,6.24,11.08,,10.17,0.4,Both
38019,Cavalier,ND,3663,10,524,9,1,"Cavalier, ND",0,0,0,28,39,0,1,1,0,0,,,,,10,38,,,,,,2,1,1,0,0,,28,AHRF_natality_24,,,0,,FALSE,"Nonmetro, remote (RUCC 7-9)",39,FALSE,,,,,,,,,,,Neither
38021,Dickey,ND,4959,47,978,9,1,"Dickey, ND",0,0,0,52,69,0,1,1,0,0,,,,,11,68,,,,,,3,2,1,0,0,,52,AHRF_natality_24,0,0,0,0,FALSE,"Nonmetro, remote (RUCC 7-9)",69,FALSE,,,,,,,,,0,,Neither
38023,Divide,ND,2174,16,379,9,1,"Divide, ND",0,0,0,20,23,0,1,1,0,0,,,,,,21,,,,,,2,1,1,0,0,,20,AHRF_natality_24,,,0,,FALSE,"Nonmetro, remote (RUCC 7-9)",23,FALSE,,,,,,,,,,,Neither
38025,Dunn,ND,4043,27,647,9,1,"Dunn, ND",0,0,0,64,67,0,0,0,0,0,,,,,17,59,,,,,,0,0,0,0,0,,64,AHRF_natality_24,0,0,0,0,TRUE,"Nonmetro, remote (RUCC 7-9)",67,FALSE,,,,,,,,,0,,Neither
38027,Eddy,ND,2319,31,341,9,1,"Eddy, ND",0,0,0,36,31,0,0,0,0,0,,,,,11,26,,,,,,1,1,0,0,0,,36,AHRF_natality_24,,,0,,FALSE,"Nonmetro, remote (RUCC 7-9)",31,FALSE,,,,,,,,,,,Neither
38029,Emmons,ND,3269,39,545,8,1,"Emmons, ND",0,0,0,40,39,0,1,1,0,0,,,,,,37,,,,,,2,1,1,0,0,,40,AHRF_natality_24,,,0,,FALSE,"Nonmetro, remote (RUCC 7-9)",39,FALSE,,,,,,,,,,,Neither
38031,Foster,ND,3372,39,573,9,1,"Foster, ND",0,0,0,36,37,0,1,1,0,3,,,,,,36,,,,,,2,1,1,0,0,,36,AHRF_natality_24,,,0,,FALSE,"Nonmetro, remote (RUCC 7-9)",37,FALSE,,,,,,,,,,,Neither
38033,Golden Valley,ND,1679,2,321,9,1,"Golden Valley, ND",0,0,0,34,18,0,0,0,0,0,,,,,,18,,,,,,2,2,0,0,0,,34,AHRF_natality_24,,,0,,FALSE,"Nonmetro, remote (RUCC 7-9)",18,FALSE,,,,,,,,,,,Neither
38035,Grand Forks,ND,72764,1168,18176,3,0.1922782561,"Grand Forks, ND",2,2,2,834,846,0,2,1,13,1281,103,72,11,,252,679,74,61,93,57,,7,2,1,2,0,3,834,AHRF_natality_24,2.4,2.4,2.75,0,FALSE,Metro (RUCC 1-3),846,TRUE,12.17,8.51,1.3,,29.79,8.39,,,15.59,0.133,Both
38037,Grant,ND,2276,37,379,8,1,"Grant, ND",0,0,0,27,21,0,1,1,0,0,,,,,,20,,,,,,2,1,1,0,0,,27,AHRF_natality_24,,,0,,FALSE,"Nonmetro, remote (RUCC 7-9)",21,FALSE,,,,,,,,,,,Neither
38039,Griggs,ND,2340,30,337,9,1,"Griggs, ND",0,0,0,17,23,0,1,1,0,0,,,,,,22,,,,,,2,1,1,0,0,,17,AHRF_natality_24,,,0,,FALSE,"Nonmetro, remote (RUCC 7-9)",23,FALSE,,,,,,,,,,,Neither
38041,Hettinger,ND,2453,67,487,9,1,"Hettinger, ND",0,0,0,22,23,0,0,0,0,0,,,,,,22,,,,,,0,0,0,0,0,,22,AHRF_natality_24,,,0,,TRUE,"Nonmetro, remote (RUCC 7-9)",23,FALSE,,,,,,,,,,,Neither
38043,Kidder,ND,2374,38,303,8,1,"Kidder, ND",0,0,0,21,25,0,0,0,0,0,,,,,,24,,,,,,0,0,0,0,0,,21,AHRF_natality_24,,,0,,TRUE,"Nonmetro, remote (RUCC 7-9)",25,FALSE,,,,,,,,,,,Neither
38045,LaMoure,ND,4107,43,655,9,1,"LaMoure, ND",0,0,0,46,49,0,0,0,0,0,,,,,10,48,,,,,,0,0,0,0,0,,46,AHRF_natality_24,,,0,,TRUE,"Nonmetro, remote (RUCC 7-9)",49,FALSE,,,,,,,,,,,Neither
38047,Logan,ND,1848,24,312,9,1,"Logan, ND",0,0,0,34,26,0,0,0,0,0,,,,,,25,,,,,,0,0,0,0,0,,34,AHRF_natality_24,,,0,,TRUE,"Nonmetro, remote (RUCC 7-9)",26,FALSE,,,,,,,,,,,Neither
38049,McHenry,ND,5264,102,924,3,1,"McHenry, ND",0,0,0,69,62,0,0,0,0,0,,,,,12,61,,,,,,0,0,0,0,0,,69,AHRF_natality_24,0,0,0,0,TRUE,Metro (RUCC 1-3),62,FALSE,,,,,,,,,0,,Neither
38051,McIntosh,ND,2512,18,376,9,1,"McIntosh, ND",0,0,0,25,27,0,2,2,0,0,,,,,,24,,,,,,4,2,2,0,0,,25,AHRF_natality_24,,,0,,FALSE,"Nonmetro, remote (RUCC 7-9)",27,FALSE,,,,,,,,,,,Neither
38053,McKenzie,ND,14280,362,3073,7,0.5452257889,"McKenzie, ND",0,0,0,217,228,0,1,1,0,0,25,15,,,82,182,,40,41,10,,2,1,1,0,0,,217,AHRF_natality_24,0,0,0,0,FALSE,"Nonmetro, remote (RUCC 7-9)",228,TRUE,10.96,6.58,,,35.96,5.49,,1,0,,Neither
38055,McLean,ND,9807,138,1667,8,1,"McLean, ND",0,0,0,94,88,0,2,2,0,0,,,,,22,75,,,14,,,4,2,2,0,0,,94,AHRF_natality_24,0,0,0,0,FALSE,"Nonmetro, remote (RUCC 7-9)",88,FALSE,,,,,,,,,0,,Neither
38057,Mercer,ND,8341,87,1531,8,1,"Mercer, ND",0,0,0,87,83,0,1,1,0,77,11,,,,17,76,,,,,,2,1,1,0,0,,87,AHRF_natality_24,0,0,0,0,FALSE,"Nonmetro, remote (RUCC 7-9)",83,FALSE,,,,,,,,,0,,Neither
38059,Morton,ND,33479,534,7236,3,0.2889069118,"Morton, ND",0,0,0,397,432,0,1,0,1,0,47,32,,,131,368,12,25,52,25,,4,3,0,0,0,,397,AHRF_natality_24,0,0,0,0,FALSE,Metro (RUCC 1-3),432,TRUE,10.88,7.41,,,30.32,6.79,,1,2.52,0,OB/GYN only
38061,Mountrail,ND,9567,231,2005,8,1,"Mountrail, ND",0,0,0,147,141,0,1,1,0,0,12,,,,71,80,,17,57,,,2,1,1,0,0,,147,AHRF_natality_24,0,0,0,0,FALSE,"Nonmetro, remote (RUCC 7-9)",141,TRUE,8.51,,,,50.35,,,1,0,,Neither
38063,Nelson,ND,3015,35,484,8,1,"Nelson, ND",0,0,0,27,23,0,1,1,0,0,,,,,,22,,,,,,3,1,1,0,0,,27,AHRF_natality_24,,,0,,FALSE,"Nonmetro, remote (RUCC 7-9)",23,FALSE,,,,,,,,,,,Neither
38065,Oliver,ND,1821,6,262,3,1,"Oliver, ND",0,0,0,16,16,0,0,0,0,0,,,,,,15,,,,,,0,0,0,0,0,,16,AHRF_natality_24,,,0,,TRUE,Metro (RUCC 1-3),16,FALSE,,,,,,,,,,,Neither
38067,Pembina,ND,6787,75,1125,9,1,"Pembina, ND",0,0,0,62,67,0,1,1,0,0,,,,,15,63,,,,,,2,1,1,0,0,,62,AHRF_natality_24,0,0,0,0,FALSE,"Nonmetro, remote (RUCC 7-9)",67,FALSE,,,,,,,,,0,,Neither
38069,Pierce,ND,3961,35,721,9,1,"Pierce, ND",0,0,0,29,34,0,1,1,0,0,,,,,,30,,,,,,2,1,1,0,0,,29,AHRF_natality_24,,,0,,FALSE,"Nonmetro, remote (RUCC 7-9)",34,FALSE,,,,,,,,,,,Neither
38071,Ramsey,ND,11563,182,2183,7,0.3543300302,"Ramsey, ND",0,0,0,139,139,0,1,1,0,107,16,,,,72,90,,,49,,,2,1,1,0,0,,139,AHRF_natality_24,0,0,0,0,FALSE,"Nonmetro, remote (RUCC 7-9)",139,TRUE,11.51,,,,51.8,,,0.2302,0,,Neither
38073,Ransom,ND,5662,42,1038,8,1,"Ransom, ND",0,0,0,47,57,0,1,1,0,0,,,,,12,54,,,,,,2,1,1,0,0,,47,AHRF_natality_24,,,0,,FALSE,"Nonmetro, remote (RUCC 7-9)",57,FALSE,,,,,,,,,,,Neither
38075,Renville,ND,2277,13,471,3,1,"Renville, ND",0,0,0,30,26,0,0,0,0,0,,,,,,25,,,,,,1,1,0,0,0,,30,AHRF_natality_24,,,0,,FALSE,Metro (RUCC 1-3),26,FALSE,,,,,,,,,,,Neither
38077,Richland,ND,16550,256,3392,6,0.5218101519,"Richland, ND",1,1,1,169,182,0,0,0,0,0,18,11,,,65,160,,10,19,10,,1,1,0,0,0,,169,AHRF_natality_24,0,5.92,0,0,FALSE,"Nonmetro, adjacent (RUCC 4-6)",182,TRUE,9.89,6.04,,,35.71,6.25,,1,0,,Neither
38079,Rolette,ND,12065,171,2588,9,1,"Rolette, ND",0,0,0,164,172,1,2,1,2,103,31,19,,,135,18,,,153,,,4,3,1,1,0,9,164,AHRF_natality_24,6.1,0,8.29,6.1,FALSE,"Nonmetro, remote (RUCC 7-9)",172,TRUE,18.02,11.05,,,78.49,,,0.372,12.2,0.333,Both
38081,Sargent,ND,3822,38,633,9,1,"Sargent, ND",0,0,0,36,39,0,0,0,0,0,,,,,11,35,,,,,,0,0,0,0,0,,36,AHRF_natality_24,,,0,,TRUE,"Nonmetro, remote (RUCC 7-9)",39,FALSE,,,,,,,,,,,Neither
38083,Sheridan,ND,1327,26,224,8,1,"Sheridan, ND",0,0,0,12,12,0,0,0,0,0,,,,,,11,,,,,,0,0,0,0,0,,12,AHRF_natality_24,,,0,,TRUE,"Nonmetro, remote (RUCC 7-9)",12,FALSE,,,,,,,,,,,Neither
38085,Sioux,ND,3789,81,836,9,1,"Sioux, ND",0,0,0,48,56,0,1,0,0,0,12,,,,47,,,,49,,,2,1,1,0,0,,48,AHRF_natality_24,,,0,,FALSE,"Nonmetro, remote (RUCC 7-9)",56,FALSE,,,,,,,,,,,Neither
38087,Slope,ND,795,2,108,9,1,"Slope, ND",0,0,0,7,,0,0,0,0,0,,,,,,,,,,,,0,0,0,0,0,,7,AHRF_natality_24,,,0,,TRUE,"Nonmetro, remote (RUCC 7-9)",,FALSE,,,,,,,,,,,Neither
38089,Stark,ND,33116,672,7144,5,0.236937526,"Stark, ND",0,0,0,494,493,0,1,1,4,107,46,34,,,147,431,27,57,35,27,,4,2,2,0,0,,494,AHRF_natality_24,0,0,0,0,FALSE,"Nonmetro, adjacent (RUCC 4-6)",493,TRUE,9.33,6.9,,,29.82,6.26,,0.7834,8.1,0,OB/GYN only
38091,Steele,ND,1731,27,286,8,1,"Steele, ND",0,0,0,10,19,0,0,0,0,0,,,,,,19,,,,,,0,0,0,0,0,,10,AHRF_natality_24,,,0,,TRUE,"Nonmetro, remote (RUCC 7-9)",19,FALSE,,,,,,,,,,,Neither
38093,Stutsman,ND,21525,90,4292,7,0.2957439911,"Stutsman, ND",0,0,0,205,212,1,2,1,1,107,24,12,,,75,189,11,,11,,,5,1,1,0,0,,205,AHRF_natality_24,0,0,0,4.88,FALSE,"Nonmetro, remote (RUCC 7-9)",212,TRUE,11.32,5.66,,,35.38,,,0.478,4.88,0,OB/GYN only
38095,Towner,ND,2113,36,285,9,1,"Towner, ND",0,0,0,25,25,0,1,1,0,0,,,,,,21,,,,,,2,1,1,0,0,,25,AHRF_natality_24,,,0,,FALSE,"Nonmetro, remote (RUCC 7-9)",25,FALSE,,,,,,,,,,,Neither
38097,Traill,ND,7980,100,1573,8,1,"Traill, ND",0,0,0,84,76,0,2,2,0,0,,,,,19,72,,,,,,4,2,2,0,0,,84,AHRF_natality_24,0,0,0,0,FALSE,"Nonmetro, remote (RUCC 7-9)",76,FALSE,,,,,,,,,0,,Neither
38099,Walsh,ND,10488,126,1837,8,1,"Walsh, ND",0,0,0,121,120,0,2,2,0,0,12,,,,37,110,,24,,,,4,2,2,0,0,,121,AHRF_natality_24,0,0,0,0,FALSE,"Nonmetro, remote (RUCC 7-9)",120,TRUE,10,,,,30.83,,,1,0,,Neither
38101,Ward,ND,69232,774,15766,3,0.2716572033,"Ward, ND",4,5,4,957,1004,0,2,1,8,2486,107,61,,,290,822,70,111,112,43,,5,3,1,4,0,3,957,AHRF_natality_24,4.18,4.18,5.78,0,FALSE,Metro (RUCC 1-3),1004,TRUE,10.66,6.08,,,28.88,5.23,,,8.36,0.333,Both
38103,Wells,ND,3942,72,709,9,1,"Wells, ND",0,0,0,24,31,0,1,1,0,0,,,,,,31,,,,,,2,1,1,0,0,,24,AHRF_natality_24,,,0,,FALSE,"Nonmetro, remote (RUCC 7-9)",31,FALSE,,,,,,,,,,,Neither
38105,Williams,ND,39368,372,8930,5,0.2793650794,"Williams, ND",2,2,2,667,668,1,2,2,5,107,65,41,,,243,540,43,93,84,33,,4,2,2,1,1,5,667,AHRF_natality_24,1.5,3,2.54,1.5,FALSE,"Nonmetro, adjacent (RUCC 4-6)",668,TRUE,9.73,6.14,,,36.38,6.11,,0.8396,7.5,0.167,Both
39001,Adams,OH,27510,262,5723,8,1,"Adams, OH",0,0,0,324,319,0,1,1,0,0,42,27,,,147,313,,,,26,,2,1,1,0,0,,324,AHRF_natality_24,0,0,0,0,FALSE,"Nonmetro, remote (RUCC 7-9)",319,TRUE,13.17,8.46,,,46.08,8.31,,1,0,,Neither
39003,Allen,OH,101685,1244,21215,3,0.3097567657,"Allen, OH",5,5,5,1200,1204,1,5,1,8,1799,181,126,14,21,637,950,172,60,82,83,32,8,4,1,5,4,3,1200,AHRF_natality_24,4.17,4.17,4.92,0.83,FALSE,Metro (RUCC 1-3),1204,TRUE,15.03,10.47,1.16,1.74,52.91,8.74,18.6,,6.67,0.385,Both
39005,Ashland,OH,52296,753,10672,6,0.6338017427,"Ashland, OH",0,0,0,584,584,0,1,0,2,104,53,36,,,175,570,,10,,34,,2,2,0,0,0,,584,AHRF_natality_24,0,0,0,0,FALSE,"Nonmetro, adjacent (RUCC 4-6)",584,TRUE,9.08,6.16,,,29.97,5.96,,0.8219,3.42,0,OB/GYN only
39007,Ashtabula,OH,97343,1329,18729,1,0.5198720971,"Ashtabula, OH",0,0,0,955,1021,0,4,2,2,0,111,82,,10,478,961,24,60,36,73,,7,4,2,1,0,1,955,AHRF_natality_24,1.05,0,1.03,0,FALSE,Metro (RUCC 1-3),1021,TRUE,10.87,8.03,,0.98,46.82,7.6,,1,2.09,0.333,Both
39009,Athens,OH,61573,426,17330,4,0.4869696145,"Athens, OH",4,4,4,437,461,0,2,0,0,319,57,36,,,215,430,11,,20,33,,4,2,1,3,0,4,437,AHRF_natality_24,6.86,9.15,4.87,0,FALSE,"Nonmetro, adjacent (RUCC 4-6)",461,TRUE,12.36,7.81,,,46.64,7.67,,0.27,0,1,Midwife only
39011,Auglaize,OH,46209,733,9301,4,0.3870578605,"Auglaize, OH",3,3,3,500,509,0,1,0,2,281,49,31,,,147,495,,12,12,29,,1,1,0,4,0,4,500,AHRF_natality_24,8,6,8.66,0,FALSE,"Nonmetro, adjacent (RUCC 4-6)",509,TRUE,9.63,6.09,,,28.88,5.86,,0.438,4,0.667,Both
39013,Belmont,OH,65982,587,12213,3,0.6150954178,"Belmont, OH",0,0,0,391,583,0,1,1,0,0,71,52,,,280,555,,,20,48,,6,3,1,0,0,,391,AHRF_natality_24,0,0,0,0,FALSE,Metro (RUCC 1-3),583,TRUE,12.18,8.92,,,48.03,8.65,,1,0,,Neither
39015,Brown,OH,43710,569,8865,1,0.9579631834,"Brown, OH",0,0,0,516,474,0,0,0,1,0,62,41,,,209,461,,,,39,,2,1,0,0,0,,516,AHRF_natality_24,0,0,0,0,FALSE,Metro (RUCC 1-3),474,TRUE,13.08,8.65,,,44.09,8.46,,1,1.94,0,OB/GYN only
39017,Butler,OH,389910,5093,90099,1,0.096106897,"Butler, OH",6,6,6,4295,4257,4,5,0,22,3156,518,347,63,47,1836,3249,577,593,432,233,70,10,6,0,6,3,1,4295,AHRF_natality_24,1.4,1.4,1.54,0.93,FALSE,Metro (RUCC 1-3),4257,TRUE,12.17,8.15,1.48,1.1,43.13,7.17,12.13,0.2652,5.12,0.214,Both
39019,Carroll,OH,26731,339,4985,2,1,"Carroll, OH",0,0,0,230,235,0,0,0,0,0,19,14,,,89,231,,,,14,,0,0,0,0,0,,230,AHRF_natality_24,0,0,0,0,TRUE,Metro (RUCC 1-3),235,TRUE,8.09,5.96,,,37.87,6.06,,1,0,,Neither
39021,Champaign,OH,38772,375,7866,6,0.7061786434,"Champaign, OH",0,0,0,452,417,0,1,1,0,0,42,30,,,175,396,,,13,28,,2,0,2,0,0,,452,AHRF_natality_24,0,0,0,0,FALSE,"Nonmetro, adjacent (RUCC 4-6)",417,TRUE,10.07,7.19,,,41.97,7.07,,1,0,,Neither
39023,Clark,OH,135445,1655,28074,3,0.2538510746,"Clark, OH",4,3,4,1524,1576,0,3,0,6,1232,225,150,28,31,926,1198,279,134,99,104,37,5,3,0,5,0,3,1524,AHRF_natality_24,3.28,2.62,3.69,0,FALSE,Metro (RUCC 1-3),1576,TRUE,14.28,9.52,1.78,1.97,58.76,8.68,13.26,0.1916,3.94,0.455,Both
39025,Clermont,OH,209862,2518,44506,1,0.26269289220000003,"Clermont, OH",2,1,2,2166,2208,0,1,0,9,0,258,178,31,17,776,2060,55,68,94,162,,1,1,0,4,0,1,2166,AHRF_natality_24,1.85,0.92,1.91,0,FALSE,Metro (RUCC 1-3),2208,TRUE,11.68,8.06,1.4,0.77,35.14,7.86,,1,4.16,0.308,Both
39027,Clinton,OH,42014,526,8910,6,0.7014136799,"Clinton, OH",1,1,1,456,478,0,1,0,2,785,62,45,,,216,459,,10,10,43,,1,1,0,1,0,6,456,AHRF_natality_24,2.19,2.19,2.38,0,FALSE,"Nonmetro, adjacent (RUCC 4-6)",478,TRUE,12.97,9.41,,,45.19,9.37,,,4.39,0.333,Both
39029,Columbiana,OH,101203,1191,18943,4,0.5549731539,"Columbiana, OH",0,0,0,934,939,0,2,0,1,0,127,82,14,11,466,898,18,40,23,78,,3,3,0,0,0,,934,AHRF_natality_24,0,0,0,0,FALSE,"Nonmetro, adjacent (RUCC 4-6)",939,TRUE,13.53,8.73,1.49,1.17,49.63,8.69,,1,1.07,0,OB/GYN only
39031,Coshocton,OH,36679,494,7295,7,0.6631159183,"Coshocton, OH",0,0,0,417,437,0,1,0,0,0,45,29,,,158,425,,,,26,,1,1,0,0,0,,417,AHRF_natality_24,0,0,0,0,FALSE,"Nonmetro, remote (RUCC 7-9)",437,TRUE,10.3,6.64,,,36.16,6.12,,1,0,,Neither
39033,Crawford,OH,41767,619,8512,4,0.3408447353,"Crawford, OH",0,0,0,426,440,0,2,2,3,167,57,37,,,228,427,,,,36,,6,3,3,0,0,,426,AHRF_natality_24,0,0,0,0,FALSE,"Nonmetro, adjacent (RUCC 4-6)",440,TRUE,12.95,8.41,,,51.82,8.43,,0.608,7.04,0,OB/GYN only
39035,Cuyahoga,OH,1249418,14668,280221,1,0.0056553636,"Cuyahoga, OH",81,76,80,12877,12890,5,22,0,292,19523,1714,1380,245,162,6265,7393,4595,1054,902,564,723,48,31,0,88,83,1,12877,AHRF_natality_24,6.83,6.29,7.04,0.39,FALSE,Metro (RUCC 1-3),12890,TRUE,13.3,10.71,1.9,1.26,48.6,7.63,15.73,,22.68,0.232,Both
39037,Darke,OH,51655,816,10034,6,0.717295349,"Darke, OH",0,0,0,598,579,1,1,0,3,202,58,35,,,184,565,,15,,34,,2,1,1,0,0,,598,AHRF_natality_24,0,0,0,1.67,FALSE,"Nonmetro, adjacent (RUCC 4-6)",579,TRUE,10.02,6.04,,,31.78,6.02,,0.6622,5.02,0,OB/GYN only
39039,Defiance,OH,38258,617,7997,6,0.5357310766,"Defiance, OH",3,3,3,411,402,1,2,1,2,344,40,27,,,175,382,,53,12,24,,5,3,2,1,0,6,411,AHRF_natality_24,2.43,7.3,2.61,2.43,FALSE,"Nonmetro, adjacent (RUCC 4-6)",402,TRUE,9.95,6.72,,,43.53,6.28,,0.163,4.87,0.333,Both
39041,Delaware,OH,221160,2441,49849,1,0.2032934188,"Delaware, OH",2,3,2,2136,2141,0,2,0,23,290,223,151,23,,296,1715,120,89,306,111,14,3,2,0,4,4,1,2136,AHRF_natality_24,1.87,0.94,1.81,0,FALSE,Metro (RUCC 1-3),2141,TRUE,10.42,7.05,1.07,,13.83,6.47,11.67,0.8642,10.77,0.148,Both
39043,Erie,OH,74938,890,14650,3,0.2818888683,"Erie, OH",0,0,0,624,636,0,1,0,4,1213,75,54,10,,329,505,77,46,53,35,13,3,3,0,0,0,,624,AHRF_natality_24,0,0,0,0,FALSE,Metro (RUCC 1-3),636,TRUE,11.79,8.49,1.57,,51.73,6.93,,,6.41,0,OB/GYN only
39045,Fairfield,OH,161289,2154,34885,1,0.3558938089,"Fairfield, OH",4,2,4,1680,1689,1,1,0,8,841,198,125,14,12,582,1360,207,50,122,88,26,3,2,0,7,4,1,1680,AHRF_natality_24,4.17,2.38,4.34,0.6,FALSE,Metro (RUCC 1-3),1689,TRUE,11.72,7.4,0.83,0.71,34.46,6.47,12.56,0.4994,4.76,0.467,Both
39047,Fayette,OH,28880,317,6057,6,0.4808814894,"Fayette, OH",0,0,0,339,320,0,1,1,0,0,36,27,,,156,301,,11,15,25,,2,1,1,0,0,,339,AHRF_natality_24,0,0,0,0,FALSE,"Nonmetro, adjacent (RUCC 4-6)",320,TRUE,11.25,8.44,,,48.75,8.31,,1,0,,Neither
39049,Franklin,OH,1321635,19614,335976,1,0.0137263211,"Franklin, OH",52,45,52,17244,17371,1,19,0,210,16404,2279,1623,296,175,7045,10080,5505,1991,1786,732,710,41,19,0,70,68,1,17244,AHRF_natality_24,4.06,3.02,5.3,0.06,FALSE,Metro (RUCC 1-3),17371,TRUE,13.12,9.34,1.7,1.01,40.56,7.26,12.9,0.0487,12.18,0.25,Both
39051,Fulton,OH,42434,525,8618,2,0.821529745,"Fulton, OH",0,0,0,435,430,1,1,1,1,296,42,31,,,155,414,,54,10,31,,2,1,1,0,0,,435,AHRF_natality_24,0,0,0,2.3,FALSE,Metro (RUCC 1-3),430,TRUE,9.77,7.21,,,36.05,7.49,,0.3195,2.3,0,OB/GYN only
39053,Gallia,OH,29162,435,5999,6,0.8036618754,"Gallia, OH",1,1,1,302,345,1,1,0,5,580,42,33,,,141,334,,,,33,,2,1,0,3,0,6,302,AHRF_natality_24,9.93,3.31,10.29,3.31,FALSE,"Nonmetro, adjacent (RUCC 4-6)",345,TRUE,12.17,9.57,,,40.87,9.88,,,16.56,0.375,Both
39055,Geauga,OH,95479,1061,17510,1,0.7855383293,"Geauga, OH",1,1,1,862,899,1,1,0,9,1213,73,55,,,124,873,,15,16,52,,4,2,0,1,0,1,862,AHRF_natality_24,1.16,1.16,1.05,1.16,FALSE,Metro (RUCC 1-3),899,TRUE,8.12,6.12,,,13.79,5.96,,,10.44,0.1,Both
39057,Greene,OH,168531,2112,37854,2,0.2242477644,"Greene, OH",6,6,6,1640,1689,1,3,0,22,1622,183,131,23,12,564,1424,143,56,122,102,16,4,2,0,11,7,2,1640,AHRF_natality_24,6.71,3.66,6.53,0.61,FALSE,Metro (RUCC 1-3),1689,TRUE,10.83,7.76,1.36,0.71,33.39,7.16,11.19,0.011,13.41,0.333,Both
39059,Guernsey,OH,38283,517,7719,6,0.624668297,"Guernsey, OH",0,0,0,408,418,0,1,0,3,385,47,31,,,192,398,,,15,28,,3,1,0,1,0,6,408,AHRF_natality_24,2.45,0,2.61,0,FALSE,"Nonmetro, adjacent (RUCC 4-6)",418,TRUE,11.24,7.42,,,45.93,7.04,,0.0564,7.35,0.25,Both
39061,Hamilton,OH,827878,10480,192533,1,0.0238202155,"Hamilton, OH",36,36,36,10267,10231,5,15,0,219,16534,1339,1019,173,164,4945,6299,3183,1138,749,453,487,39,18,0,33,28,1,10267,AHRF_natality_24,3.21,3.51,3.99,0.49,FALSE,Metro (RUCC 1-3),10231,TRUE,13.09,9.96,1.69,1.6,48.33,7.19,15.3,,21.33,0.131,Both
39063,Hancock,OH,74885,719,16379,4,0.3180859584,"Hancock, OH",4,4,4,823,822,1,1,0,5,1001,94,64,11,,292,766,19,70,37,59,,1,1,0,3,0,4,823,AHRF_natality_24,3.65,4.86,4.01,1.22,FALSE,"Nonmetro, adjacent (RUCC 4-6)",822,TRUE,11.44,7.79,1.34,,35.52,7.7,,,6.08,0.375,Both
39065,Hardin,OH,30527,388,7037,6,0.5642428981,"Hardin, OH",0,0,0,352,354,0,1,1,0,0,45,28,,,147,345,,,,28,,2,1,1,0,0,,352,AHRF_natality_24,0,0,0,0,FALSE,"Nonmetro, adjacent (RUCC 4-6)",354,TRUE,12.71,7.91,,,41.53,8.12,,1,0,,Neither
39067,Harrison,OH,14408,213,2694,8,1,"Harrison, OH",0,0,0,127,155,0,1,1,0,0,14,,,,57,150,,,,,,2,1,1,0,0,,127,AHRF_natality_24,0,0,0,0,FALSE,"Nonmetro, remote (RUCC 7-9)",155,TRUE,9.03,,,,36.77,,,1,0,,Neither
39069,Henry,OH,27581,351,5489,6,0.6794158051,"Henry, OH",3,3,3,293,301,0,1,1,1,96,27,20,,,100,291,,34,,18,,2,1,1,2,0,6,293,AHRF_natality_24,6.83,10.24,7.25,0,FALSE,"Nonmetro, adjacent (RUCC 4-6)",301,TRUE,8.97,6.64,,,33.22,6.19,,0.6724,3.41,0.667,Both
39071,Highland,OH,43403,695,8904,6,0.7371932498,"Highland, OH",0,0,0,540,536,0,2,2,2,0,63,36,,,219,519,,,12,35,,4,2,2,0,0,,540,AHRF_natality_24,0,0,0,0,FALSE,"Nonmetro, adjacent (RUCC 4-6)",536,TRUE,11.75,6.72,,,40.86,6.74,,1,3.7,0,OB/GYN only
39073,Hocking,OH,27938,436,5542,1,0.7060962567,"Hocking, OH",0,0,0,271,271,0,1,1,0,0,38,21,,,133,263,,,,20,,2,1,1,0,0,,271,AHRF_natality_24,0,0,0,0,FALSE,Metro (RUCC 1-3),271,TRUE,14.02,7.75,,,49.08,7.6,,1,0,,Neither
39075,Holmes,OH,44312,912,9642,9,1,"Holmes, OH",0,0,0,736,816,1,1,0,1,679,52,36,,,56,807,,,,36,,2,1,1,2,0,9,736,AHRF_natality_24,2.72,0,4.51,1.36,FALSE,"Nonmetro, remote (RUCC 7-9)",816,TRUE,6.37,4.41,,,6.86,4.46,,0.0774,1.36,0.667,Both
39077,Huron,OH,58412,451,11998,4,0.5142661999,"Huron, OH",0,0,0,634,643,1,3,1,2,602,74,48,,,273,617,,66,18,45,,3,2,1,0,0,,634,AHRF_natality_24,0,0,0,1.58,FALSE,"Nonmetro, adjacent (RUCC 4-6)",643,TRUE,11.51,7.47,,,42.46,7.29,,0.0505,3.15,0,OB/GYN only
39079,Jackson,OH,32588,208,6974,7,0.6423912045,"Jackson, OH",0,0,0,390,388,0,1,1,0,0,42,26,,,168,380,,,,25,,3,2,1,0,0,,390,AHRF_natality_24,0,0,0,0,FALSE,"Nonmetro, remote (RUCC 7-9)",388,TRUE,10.82,6.7,,,43.3,6.58,,1,0,,Neither
39081,Jefferson,OH,64855,553,13207,3,0.3927416512,"Jefferson, OH",0,0,0,466,628,0,2,0,3,1632,76,60,13,10,314,554,46,11,28,48,,5,4,0,0,0,,466,AHRF_natality_24,0,0,0,0,FALSE,Metro (RUCC 1-3),628,TRUE,12.1,9.55,2.07,1.59,50,8.66,,,6.44,0,OB/GYN only
39083,Knox,OH,62888,1099,13411,6,0.6971827618,"Knox, OH",2,2,2,702,730,0,1,0,4,343,69,44,,,223,716,,15,10,43,,2,1,0,1,1,6,702,AHRF_natality_24,1.42,2.85,1.59,0,FALSE,"Nonmetro, adjacent (RUCC 4-6)",730,TRUE,9.45,6.03,,,30.55,6.01,,0.5114,5.7,0.2,Both
39085,Lake,OH,232101,2264,47205,1,0.0751022128,"Lake, OH",3,2,3,2050,2075,1,2,0,13,878,232,166,26,10,751,1812,171,164,93,131,24,4,2,0,3,1,1,2050,AHRF_natality_24,1.46,1.46,1.29,0.49,FALSE,Metro (RUCC 1-3),2075,TRUE,11.18,8,1.25,0.48,36.19,7.23,14.04,0.5717,6.34,0.188,Both
39087,Lawrence,OH,57385,523,12067,2,0.4527815934,"Lawrence, OH",0,0,0,475,608,0,1,0,2,0,89,57,11,,294,585,15,,,54,,2,2,0,0,0,,475,AHRF_natality_24,0,0,0,0,FALSE,Metro (RUCC 1-3),608,TRUE,14.64,9.38,1.81,,48.36,9.23,,1,4.21,0,OB/GYN only
39089,Licking,OH,180311,2696,39216,1,0.3378071802,"Licking, OH",4,3,4,1845,1874,0,1,0,4,756,199,135,21,12,682,1613,76,58,185,105,10,5,3,0,5,4,1,1845,AHRF_natality_24,2.71,2.17,2.77,0,FALSE,Metro (RUCC 1-3),1874,TRUE,10.62,7.2,1.12,0.64,36.39,6.51,,0.5902,2.17,0.556,Both
39091,Logan,OH,46140,480,9308,4,0.5563380282,"Logan, OH",1,1,1,505,517,0,1,0,4,214,56,39,,,187,480,,15,28,38,,1,1,0,1,0,4,505,AHRF_natality_24,1.98,1.98,2.17,0,FALSE,"Nonmetro, adjacent (RUCC 4-6)",517,TRUE,10.83,7.54,,,36.17,7.92,,0.5762,7.92,0.2,Both
39093,Lorain,OH,314588,4757,65065,1,0.1426362137,"Lorain, OH",8,8,8,3160,3145,0,8,1,13,1194,413,297,50,32,1447,2538,364,490,242,215,59,13,8,1,11,1,1,3160,AHRF_natality_24,3.48,2.53,3.5,0,FALSE,Metro (RUCC 1-3),3145,TRUE,13.13,9.44,1.59,1.02,46.01,8.47,16.21,0.6222,4.11,0.458,Both
39095,Lucas,OH,428748,5517,96910,2,0.0498517201,"Lucas, OH",37,35,37,4884,4802,2,11,0,65,6741,662,493,89,84,2732,3252,1201,412,348,248,197,23,14,0,49,31,2,4884,AHRF_natality_24,10.03,7.58,11.43,0.41,FALSE,Metro (RUCC 1-3),4802,TRUE,13.79,10.27,1.85,1.75,56.89,7.63,16.4,,13.31,0.43,Both
39097,Madison,OH,44126,566,8241,1,0.6616009493,"Madison, OH",0,0,0,451,442,0,1,0,1,0,47,29,,,156,413,,23,23,26,,1,1,0,0,0,,451,AHRF_natality_24,0,0,0,0,FALSE,Metro (RUCC 1-3),442,TRUE,10.63,6.56,,,35.29,6.3,,1,2.22,0,OB/GYN only
39099,Mahoning,OH,227063,2202,45440,2,0.1564339892,"Mahoning, OH",5,4,5,2416,2343,0,6,0,20,1089,359,250,43,33,1264,1688,563,232,92,148,91,18,8,0,8,8,2,2416,AHRF_natality_24,3.31,2.07,3.52,0,FALSE,Metro (RUCC 1-3),2343,TRUE,15.32,10.67,1.84,1.41,53.95,8.77,16.16,0.5493,8.28,0.286,Both
39101,Marion,OH,65145,723,12218,4,0.3468688321,"Marion, OH",3,3,3,733,711,0,1,0,5,999,93,54,10,18,403,663,22,36,27,47,,2,2,0,7,0,4,733,AHRF_natality_24,9.55,4.09,10.75,0,FALSE,"Nonmetro, adjacent (RUCC 4-6)",711,TRUE,13.08,7.59,1.41,2.53,56.68,7.09,,,6.82,0.583,Both
39103,Medina,OH,183049,1812,37440,1,0.3405929742,"Medina, OH",0,0,0,1577,1659,0,2,1,19,0,156,106,17,,373,1563,34,59,61,100,,4,3,1,0,0,,1577,AHRF_natality_24,0,0,0,0,FALSE,Metro (RUCC 1-3),1659,TRUE,9.4,6.39,1.02,,22.48,6.4,,1,12.05,0,OB/GYN only
39105,Meigs,OH,22072,196,4423,8,0.8802791535,"Meigs, OH",0,0,0,184,208,0,0,0,0,0,32,19,,,103,205,,,,18,,1,1,0,0,0,,184,AHRF_natality_24,0,0,0,0,FALSE,"Nonmetro, remote (RUCC 7-9)",208,TRUE,15.38,9.13,,,49.52,8.78,,1,0,,Neither
39107,Mercer,OH,42438,649,8178,7,0.7159518435,"Mercer, OH",1,1,1,662,637,1,1,0,2,401,63,36,,,127,606,,,28,33,,2,1,0,1,0,7,662,AHRF_natality_24,1.51,1.51,2.36,1.51,FALSE,"Nonmetro, remote (RUCC 7-9)",637,TRUE,9.89,5.65,,,19.94,5.45,,0.3943,3.02,0.333,Both
39109,Miami,OH,109549,1519,22476,2,0.3058267601,"Miami, OH",1,1,1,1086,1128,1,2,0,5,322,119,80,17,11,422,1040,31,24,57,72,,4,4,0,2,0,2,1086,AHRF_natality_24,1.84,0.92,1.83,0.92,FALSE,Metro (RUCC 1-3),1128,TRUE,10.55,7.09,1.51,0.98,37.41,6.92,,0.7035,4.6,0.286,Both
39111,Monroe,OH,13308,186,2471,8,0.9866268211,"Monroe, OH",0,0,0,96,125,0,0,0,0,0,12,,,,43,123,,,,,,0,0,0,0,0,,96,AHRF_natality_24,0,0,0,0,TRUE,"Nonmetro, remote (RUCC 7-9)",125,TRUE,9.6,,,,34.4,,,,0,,Neither
39113,Montgomery,OH,535528,7273,119374,2,0.0552363724,"Montgomery, OH",19,18,19,5879,6073,3,13,0,71,9563,829,573,104,92,3070,4045,1692,385,335,310,230,26,10,0,18,11,2,5879,AHRF_natality_24,3.06,3.23,3.36,0.51,FALSE,Metro (RUCC 1-3),6073,TRUE,13.65,9.44,1.71,1.51,50.55,7.66,13.59,,12.08,0.202,Both
39115,Morgan,OH,13758,157,2601,8,1,"Morgan, OH",0,0,0,117,142,0,0,0,0,0,13,,,,64,130,,,10,,,0,0,0,0,0,,117,AHRF_natality_24,0,0,0,0,TRUE,"Nonmetro, remote (RUCC 7-9)",142,TRUE,9.15,,,,45.07,,,1,0,,Neither
39117,Morrow,OH,35214,526,7064,1,0.9998855508,"Morrow, OH",0,0,0,358,393,0,1,1,0,0,37,22,,,126,382,,,,21,,2,1,1,0,0,,358,AHRF_natality_24,0,0,0,0,FALSE,Metro (RUCC 1-3),393,TRUE,9.41,5.6,,,32.06,5.5,,1,0,,Neither
39119,Muskingum,OH,86382,1124,18565,4,0.5104617521,"Muskingum, OH",2,0,2,965,982,1,2,0,7,1373,118,83,13,11,503,901,30,12,51,75,,3,3,0,1,0,4,965,AHRF_natality_24,1.04,2.07,1.16,1.04,FALSE,"Nonmetro, adjacent (RUCC 4-6)",982,TRUE,12.02,8.45,1.32,1.12,51.22,8.32,,,7.25,0.125,Both
39121,Noble,OH,14252,46,2036,9,1,"Noble, OH",0,0,0,124,139,0,0,0,0,0,14,,,,49,136,,,,,,0,0,0,0,0,,124,AHRF_natality_24,0,0,0,0,TRUE,"Nonmetro, remote (RUCC 7-9)",139,TRUE,10.07,,,,35.25,,,1,0,,Neither
39123,Ottawa,OH,40161,425,6899,3,0.6246655436,"Ottawa, OH",0,0,0,275,280,0,1,1,0,0,29,22,,,114,270,,14,,22,,2,1,1,0,0,,275,AHRF_natality_24,0,0,0,0,FALSE,Metro (RUCC 1-3),280,TRUE,10.36,7.86,,,40.71,8.15,,1,0,,Neither
39125,Paulding,OH,18800,226,3722,8,1,"Paulding, OH",0,0,0,226,196,0,1,1,0,0,20,14,,,80,192,,21,,13,,2,1,1,0,0,,226,AHRF_natality_24,0,0,0,0,FALSE,"Nonmetro, remote (RUCC 7-9)",196,TRUE,10.2,7.14,,,40.82,6.77,,1,0,,Neither
39127,Perry,OH,35474,375,7382,1,0.8045921826,"Perry, OH",0,0,0,371,397,0,0,0,0,0,43,31,,,178,389,,,,31,,0,0,0,0,0,,371,AHRF_natality_24,0,0,0,0,TRUE,Metro (RUCC 1-3),397,TRUE,10.83,7.81,,,44.84,7.97,,1,0,,Neither
39129,Pickaway,OH,59407,570,12236,1,0.6045542288,"Pickaway, OH",0,0,0,619,624,0,1,0,1,266,75,43,,,227,597,,14,19,42,,1,1,0,0,0,,619,AHRF_natality_24,0,0,0,0,FALSE,Metro (RUCC 1-3),624,TRUE,12.02,6.89,,,36.38,7.04,,0.5703,1.62,0,OB/GYN only
39131,Pike,OH,27080,365,5640,9,0.8165608387,"Pike, OH",1,1,1,300,327,0,1,1,0,0,42,26,,,149,317,,,,25,,2,1,1,0,0,,300,AHRF_natality_24,0,3.33,0,0,FALSE,"Nonmetro, remote (RUCC 7-9)",327,TRUE,12.84,7.95,,,45.57,7.89,,1,0,,Neither
39133,Portage,OH,161421,1444,38247,2,0.3799593302,"Portage, OH",2,2,2,1348,1361,0,1,0,10,0,151,117,21,10,476,1184,83,35,94,96,13,1,1,0,1,0,2,1348,AHRF_natality_24,0.74,1.48,0.62,0,FALSE,Metro (RUCC 1-3),1361,TRUE,11.09,8.6,1.54,0.73,34.97,8.11,,1,7.42,0.091,Both
39135,Preble,OH,40802,403,8324,6,0.7625795751,"Preble, OH",0,0,0,413,381,0,0,0,1,0,39,24,,,149,372,,,,23,,0,0,0,0,0,,413,AHRF_natality_24,0,0,0,0,TRUE,"Nonmetro, adjacent (RUCC 4-6)",381,TRUE,10.24,6.3,,,39.11,6.18,,1,2.42,0,OB/GYN only
39137,Putnam,OH,34352,500,6710,6,0.8422977562,"Putnam, OH",0,0,0,426,406,0,0,0,0,0,45,29,,,79,397,,37,,28,,0,0,0,0,0,,426,AHRF_natality_24,0,0,0,0,TRUE,"Nonmetro, adjacent (RUCC 4-6)",406,TRUE,11.08,7.14,,,19.46,7.05,,1,0,,Neither
39139,Richland,OH,125138,1149,24320,3,0.3365403086,"Richland, OH",3,2,3,1298,1343,0,3,1,10,1351,150,106,19,18,618,1180,96,32,67,79,19,9,4,1,4,0,3,1298,AHRF_natality_24,3.08,2.31,3.2,0,FALSE,Metro (RUCC 1-3),1343,TRUE,11.17,7.89,1.41,1.34,46.02,6.69,,,7.7,0.286,Both
39141,Ross,OH,76748,814,14969,4,0.5884580961,"Ross, OH",4,5,4,712,752,0,2,0,8,1170,99,63,11,10,374,703,18,16,31,60,,3,1,0,7,0,4,712,AHRF_natality_24,9.83,5.62,9.12,0,FALSE,"Nonmetro, adjacent (RUCC 4-6)",752,TRUE,13.16,8.38,1.46,1.33,49.73,8.53,,,11.24,0.467,Both
39143,Sandusky,OH,58770,617,12021,4,0.4324741918,"Sandusky, OH",0,0,0,561,562,1,1,0,3,159,69,43,,,284,514,20,80,28,38,,3,3,0,1,0,4,561,AHRF_natality_24,1.78,0,1.7,1.78,FALSE,"Nonmetro, adjacent (RUCC 4-6)",562,TRUE,12.28,7.65,,,50.53,7.39,,0.7166,5.35,0.25,Both
39145,Scioto,OH,73118,836,15352,4,0.5533861204,"Scioto, OH",0,0,0,770,744,1,2,0,3,1008,103,61,,11,385,709,,13,27,55,,6,4,0,3,0,4,770,AHRF_natality_24,3.9,0,4.1,1.3,FALSE,"Nonmetro, adjacent (RUCC 4-6)",744,TRUE,13.84,8.2,,1.48,51.75,7.76,,,3.9,0.5,Both
39147,Seneca,OH,54861,677,11686,4,0.4559915742,"Seneca, OH",1,2,1,593,588,0,3,1,2,214,71,40,,,276,546,13,39,29,36,,5,2,1,1,0,4,593,AHRF_natality_24,1.69,1.69,1.82,0,FALSE,"Nonmetro, adjacent (RUCC 4-6)",588,TRUE,12.07,6.8,,,46.94,6.59,,0.6391,3.37,0.333,Both
39149,Shelby,OH,48007,621,9771,4,0.5701015965,"Shelby, OH",2,1,2,575,619,0,1,0,0,428,55,37,,,222,582,13,,24,34,,1,1,0,2,0,4,575,AHRF_natality_24,3.48,3.48,4.17,0,FALSE,"Nonmetro, adjacent (RUCC 4-6)",619,TRUE,8.89,5.98,,,35.86,5.84,,0.2557,0,1,Midwife only
39151,Stark,OH,373764,4146,78112,2,0.1475831859,"Stark, OH",4,4,4,3899,3937,2,5,0,41,3258,449,324,57,46,1864,3316,438,192,183,245,60,12,7,0,4,0,2,3899,AHRF_natality_24,1.03,1.03,1.07,0.51,FALSE,Metro (RUCC 1-3),3937,TRUE,11.4,8.23,1.45,1.17,47.35,7.39,13.7,0.1644,10.52,0.089,Both
39153,Summit,OH,538087,5915,116494,2,0.0378200241,"Summit, OH",21,22,21,5204,5385,2,7,0,79,6410,634,503,80,56,2295,3744,1058,204,584,271,165,20,10,0,14,12,2,5204,AHRF_natality_24,2.69,4.04,2.6,0.38,FALSE,Metro (RUCC 1-3),5385,TRUE,11.77,9.34,1.49,1.04,42.62,7.24,15.6,,15.18,0.151,Both
39155,Trumbull,OH,201367,2011,40009,2,0.2717784698,"Trumbull, OH",1,1,1,1997,1961,0,3,0,11,2036,238,182,27,24,1012,1675,222,50,64,140,34,5,3,0,2,0,2,1997,AHRF_natality_24,1,0.5,0.99,0,FALSE,Metro (RUCC 1-3),1961,TRUE,12.14,9.28,1.38,1.22,51.61,8.36,15.32,,5.51,0.154,Both
39157,Tuscarawas,OH,92585,1284,18321,4,0.4984506181,"Tuscarawas, OH",3,2,3,1101,1124,1,2,1,5,571,128,76,11,15,465,1090,16,154,18,73,,4,2,1,0,0,,1101,AHRF_natality_24,0,2.72,0,0.91,FALSE,"Nonmetro, adjacent (RUCC 4-6)",1124,TRUE,11.39,6.76,0.98,1.33,41.37,6.7,,0.4814,4.54,0,OB/GYN only
39159,Union,OH,65293,973,16440,1,0.450066896,"Union, OH",2,2,2,731,756,1,1,0,5,574,74,51,,,158,674,15,33,66,43,,2,1,0,2,0,1,731,AHRF_natality_24,2.74,2.74,3.06,1.37,FALSE,Metro (RUCC 1-3),756,TRUE,9.79,6.75,,,20.9,6.38,,0.2148,6.84,0.286,Both
39161,Van Wert,OH,28824,373,5898,6,0.5042342124,"Van Wert, OH",0,1,0,343,333,0,2,0,3,171,38,20,,,126,319,,18,12,18,,3,1,0,0,0,,343,AHRF_natality_24,0,0,0,0,FALSE,"Nonmetro, adjacent (RUCC 4-6)",333,TRUE,11.41,6.01,,,37.84,5.64,,0.5015,8.75,0,OB/GYN only
39163,Vinton,OH,12686,156,2580,8,0.943203125,"Vinton, OH",0,0,0,156,154,0,0,0,0,0,19,13,,,66,152,,,,13,,0,0,0,0,0,,156,AHRF_natality_24,0,0,0,0,TRUE,"Nonmetro, remote (RUCC 7-9)",154,TRUE,12.34,8.44,,,42.86,8.55,,1,0,,Neither
39165,Warren,OH,246364,2757,52812,1,0.1751734155,"Warren, OH",3,2,3,2424,2421,1,2,0,24,856,239,166,26,11,514,1989,80,92,352,132,,3,2,0,4,0,1,2424,AHRF_natality_24,1.65,1.24,1.62,0.41,FALSE,Metro (RUCC 1-3),2421,TRUE,9.87,6.86,1.07,0.45,21.23,6.64,,0.6469,9.9,0.143,Both
39167,Washington,OH,59318,593,11865,4,0.5833765538,"Washington, OH",0,0,0,485,568,0,2,1,5,1037,59,40,,,244,548,,,15,38,,3,2,1,1,1,4,485,AHRF_natality_24,2.06,0,1.69,0,FALSE,"Nonmetro, adjacent (RUCC 4-6)",568,TRUE,10.39,7.04,,,42.96,6.93,,,10.31,0.167,Both
39169,Wayne,OH,116618,1707,24269,4,0.5584033398,"Wayne, OH",7,6,7,1388,1395,1,2,1,11,1318,128,96,14,11,331,1353,16,43,27,90,,5,3,1,10,0,4,1388,AHRF_natality_24,7.2,5.04,8.58,0.72,FALSE,"Nonmetro, adjacent (RUCC 4-6)",1395,TRUE,9.18,6.88,1,0.79,23.73,6.65,,0.0504,7.93,0.476,Both
39171,Williams,OH,36862,657,7391,7,0.7510107272,"Williams, OH",3,2,3,435,392,0,2,1,2,538,38,27,,,180,385,,20,,27,,3,2,1,3,0,7,435,AHRF_natality_24,6.9,6.9,8.14,0,FALSE,"Nonmetro, remote (RUCC 7-9)",392,TRUE,9.69,6.89,,,45.92,7.01,,,4.6,0.6,Both
39173,Wood,OH,131795,1275,32257,2,0.3007077612,"Wood, OH",1,1,1,1202,1256,1,1,0,12,330,137,90,12,,415,1160,35,94,61,80,,2,1,0,2,1,2,1202,AHRF_natality_24,1.66,0.83,1.52,0.83,FALSE,Metro (RUCC 1-3),1256,TRUE,10.91,7.17,0.96,,33.04,6.9,,0.7255,9.98,0.143,Both
39175,Wyandot,OH,21699,275,4340,7,0.6973515982,"Wyandot, OH",1,1,1,192,216,0,1,1,0,0,23,14,,,74,213,,,,14,,2,1,1,2,0,7,192,AHRF_natality_24,10.42,5.21,9.22,0,FALSE,"Nonmetro, remote (RUCC 7-9)",216,TRUE,10.65,6.48,,,34.26,6.57,,1,0,1,Midwife only
40001,Adair,OK,19595,222,4170,8,1,"Adair, OK",0,0,0,303,271,0,1,0,0,0,37,22,,,149,101,,26,169,,,2,1,0,0,0,,303,AHRF_natality_24,0,0,0,0,FALSE,"Nonmetro, remote (RUCC 7-9)",271,TRUE,13.65,8.12,,,54.98,,,1,0,,Neither
40003,Alfalfa,OK,5685,76,741,8,1,"Alfalfa, OK",0,0,0,46,45,0,0,0,0,0,,,,,14,43,,,,,,1,1,0,0,0,,46,AHRF_natality_24,,,0,,FALSE,"Nonmetro, remote (RUCC 7-9)",45,FALSE,,,,,,,,,,,Neither
40005,Atoka,OK,14255,154,2511,9,1,"Atoka, OK",0,0,0,135,148,0,1,1,0,0,21,13,,,77,99,,,47,,,2,1,1,0,0,,135,AHRF_natality_24,0,0,0,0,FALSE,"Nonmetro, remote (RUCC 7-9)",148,TRUE,14.19,8.78,,,52.03,,,1,0,,Neither
40007,Beaver,OK,5041,52,1017,9,1,"Beaver, OK",0,0,0,66,53,0,1,1,0,0,,,,,21,50,,18,,,,2,1,1,0,0,,66,AHRF_natality_24,0,0,0,0,FALSE,"Nonmetro, remote (RUCC 7-9)",53,FALSE,,,,,,,,,0,,Neither
40009,Beckham,OK,22202,479,3893,7,0.5036144578,"Beckham, OK",1,1,1,267,243,0,1,0,1,662,38,28,,,112,216,,31,24,24,,4,3,0,1,0,7,267,AHRF_natality_24,3.75,3.75,4.5,0,FALSE,"Nonmetro, remote (RUCC 7-9)",243,TRUE,15.64,11.52,,,46.09,11.11,,,3.75,0.5,Both
40011,Blaine,OK,8603,110,1516,8,1,"Blaine, OK",0,0,0,102,105,0,2,2,0,0,13,,,,49,78,,20,23,,,4,2,2,0,0,,102,AHRF_natality_24,0,0,0,0,FALSE,"Nonmetro, remote (RUCC 7-9)",105,TRUE,12.38,,,,46.67,,,1,0,,Neither
40013,Bryan,OK,47237,542,10577,6,0.5805240194,"Bryan, OK",0,0,0,563,631,1,1,0,3,823,81,48,,10,316,435,,62,187,33,,1,1,0,0,0,,563,AHRF_natality_24,0,0,0,1.78,FALSE,"Nonmetro, adjacent (RUCC 4-6)",631,TRUE,12.84,7.61,,1.58,50.08,7.59,,,5.33,0,OB/GYN only
40015,Caddo,OK,26626,299,4585,6,0.8142512526,"Caddo, OK",0,0,0,297,297,0,2,2,0,276,46,25,,,153,176,,41,118,15,,4,2,2,0,0,,297,AHRF_natality_24,0,0,0,0,FALSE,"Nonmetro, adjacent (RUCC 4-6)",297,TRUE,15.49,8.42,,,51.52,8.52,,0.0707,0,,Neither
40017,Canadian,OK,162621,1773,38935,1,0.1952074091,"Canadian, OK",0,0,0,2044,2049,1,1,0,4,1020,251,150,30,17,610,1611,121,314,317,108,12,3,2,0,0,0,,2044,AHRF_natality_24,0,0,0,0.49,FALSE,Metro (RUCC 1-3),2049,TRUE,12.25,7.32,1.46,0.83,29.77,6.7,9.92,0.501,1.96,0,OB/GYN only
40019,Carter,OK,48255,722,10525,5,0.5541320334,"Carter, OK",0,0,0,596,633,1,2,1,3,764,79,63,10,13,330,449,31,69,154,41,,6,5,1,1,0,5,596,AHRF_natality_24,1.68,0,2.07,1.68,FALSE,"Nonmetro, adjacent (RUCC 4-6)",633,TRUE,12.48,9.95,1.58,2.05,52.13,9.13,,,5.03,0.25,Both
40021,Cherokee,OK,47621,742,11341,6,0.6181868389,"Cherokee, OK",15,15,15,524,526,1,2,0,5,914,74,43,,,263,220,,50,301,19,,3,2,0,9,0,6,524,AHRF_natality_24,17.18,28.63,18.9,1.91,FALSE,"Nonmetro, adjacent (RUCC 4-6)",526,TRUE,14.07,8.17,,,50,8.64,,,9.54,0.643,Both
40023,Choctaw,OK,14299,149,2914,9,0.6485497043,"Choctaw, OK",0,0,0,124,197,0,1,0,0,0,21,17,,,112,118,20,14,59,,,3,1,0,0,0,,124,AHRF_natality_24,0,0,0,0,FALSE,"Nonmetro, remote (RUCC 7-9)",197,TRUE,10.66,8.63,,,56.85,,,1,0,,Neither
40025,Cimarron,OK,2247,5,399,9,1,"Cimarron, OK",0,0,0,18,25,0,1,1,0,0,,,,,10,24,,,,,,2,1,1,0,0,,18,AHRF_natality_24,,,0,,FALSE,"Nonmetro, remote (RUCC 7-9)",25,FALSE,,,,,,,,,,,Neither
40027,Cleveland,OK,297545,3648,75778,1,0.157149238,"Cleveland, OK",3,3,3,2740,2737,0,3,0,15,4107,340,210,39,26,1006,2070,182,392,485,151,24,14,6,0,2,1,1,2740,AHRF_natality_24,0.73,1.09,0.67,0,FALSE,Metro (RUCC 1-3),2737,TRUE,12.42,7.67,1.42,0.95,36.76,7.29,13.19,,5.47,0.118,Both
40029,Coal,OK,5275,84,1035,9,1,"Coal, OK",0,0,0,68,76,0,1,1,0,0,12,,,,35,52,,,24,,,2,1,1,0,0,,68,AHRF_natality_24,0,0,0,0,FALSE,"Nonmetro, remote (RUCC 7-9)",76,FALSE,,,,,,,,,0,,Neither
40031,Comanche,OK,121699,1537,27752,3,0.2779029928,"Comanche, OK",0,0,0,1510,1572,2,4,0,3,1796,195,127,20,25,675,997,278,315,297,72,37,9,5,0,0,0,,1510,AHRF_natality_24,0,0,0,1.32,FALSE,Metro (RUCC 1-3),1572,TRUE,12.4,8.08,1.27,1.59,42.94,7.22,13.31,,1.99,0,OB/GYN only
40033,Cotton,OK,5475,34,993,3,1,"Cotton, OK",0,0,0,52,57,0,0,0,0,0,,,,,24,45,,,11,,,0,0,0,0,0,,52,AHRF_natality_24,0,0,0,0,TRUE,Metro (RUCC 1-3),57,FALSE,,,,,,,,,0,,Neither
40035,Craig,OK,14215,225,2793,6,0.6407457291,"Craig, OK",0,0,0,165,160,0,2,0,0,0,24,13,,,73,95,,,64,,,4,2,0,0,0,,165,AHRF_natality_24,0,0,0,0,FALSE,"Nonmetro, adjacent (RUCC 4-6)",160,TRUE,15,8.12,,,45.62,,,1,0,,Neither
40037,Creek,OK,72353,1063,15131,1,0.6247456588,"Creek, OK",0,0,0,827,805,0,2,2,0,0,122,68,13,11,351,600,12,61,194,51,,6,3,3,1,0,1,827,AHRF_natality_24,1.21,0,1.38,0,FALSE,Metro (RUCC 1-3),805,TRUE,15.16,8.45,1.61,1.37,43.6,8.5,,1,0,1,Midwife only
40039,Custer,OK,28332,345,6986,5,0.2951285379,"Custer, OK",0,0,0,350,351,0,1,1,1,214,43,25,,,162,280,10,90,61,20,,10,6,1,0,0,,350,AHRF_natality_24,0,0,0,0,FALSE,"Nonmetro, adjacent (RUCC 4-6)",351,TRUE,12.25,7.12,,,46.15,7.14,,0.3886,2.86,0,OB/GYN only
40041,Delaware,OK,41017,519,7648,6,0.7968908582,"Delaware, OK",0,0,0,453,415,1,1,0,1,362,53,33,,,205,223,,24,190,21,,3,2,0,0,0,,453,AHRF_natality_24,0,0,0,2.21,FALSE,"Nonmetro, adjacent (RUCC 4-6)",415,TRUE,12.77,7.95,,,49.4,9.42,,0.2009,2.21,0,OB/GYN only
40043,Dewey,OK,4433,45,849,9,1,"Dewey, OK",0,0,0,41,50,0,1,1,0,0,,,,,13,45,,,,,,2,1,1,0,0,,41,AHRF_natality_24,,,0,,FALSE,"Nonmetro, remote (RUCC 7-9)",50,FALSE,,,,,,,,,,,Neither
40045,Ellis,OK,3717,47,715,9,1,"Ellis, OK",1,0,1,30,39,0,1,1,0,0,,,,,12,36,,,,,,2,1,1,1,0,9,30,AHRF_natality_24,,,26.9,,FALSE,"Nonmetro, remote (RUCC 7-9)",39,FALSE,,,,,,,,,,1,Midwife only
40047,Garfield,OK,62322,947,13603,3,0.2013175063,"Garfield, OK",0,0,0,837,795,2,2,0,4,1148,111,65,16,13,366,599,17,146,179,43,,8,5,0,1,0,3,837,AHRF_natality_24,1.19,0,1.6,2.39,FALSE,Metro (RUCC 1-3),795,TRUE,13.96,8.18,2.01,1.64,46.04,7.18,,,4.78,0.2,Both
40049,Garvin,OK,25779,313,5434,6,0.7814156533,"Garvin, OK",0,0,0,314,330,0,2,0,1,0,45,23,,,146,252,,42,72,16,,4,4,0,0,0,,314,AHRF_natality_24,0,0,0,0,FALSE,"Nonmetro, adjacent (RUCC 4-6)",330,TRUE,13.64,6.97,,,44.24,6.35,,1,3.18,0,OB/GYN only
40051,Grady,OK,55868,598,12166,1,0.7216351857,"Grady, OK",0,0,0,582,573,0,1,0,0,0,85,52,,12,230,477,,49,86,42,,1,1,0,0,0,,582,AHRF_natality_24,0,0,0,0,FALSE,Metro (RUCC 1-3),573,TRUE,14.83,9.08,,2.09,40.14,8.81,,1,0,,Neither
40053,Grant,OK,4137,35,772,8,1,"Grant, OK",0,0,0,42,40,0,0,0,0,0,,,,,13,37,,,,,,1,1,0,0,0,,42,AHRF_natality_24,,,0,,FALSE,"Nonmetro, remote (RUCC 7-9)",40,FALSE,,,,,,,,,,,Neither
40055,Greer,OK,5498,168,898,9,1,"Greer, OK",0,0,0,63,58,0,1,1,0,0,,,,,29,51,,10,,,,2,1,1,0,0,,63,AHRF_natality_24,0,0,0,0,FALSE,"Nonmetro, remote (RUCC 7-9)",58,FALSE,,,,,,,,,0,,Neither
40057,Harmon,OK,2452,59,519,9,1,"Harmon, OK",0,0,0,30,30,0,1,1,0,0,,,,,17,27,,14,,,,2,1,1,0,0,,30,AHRF_natality_24,,,0,,FALSE,"Nonmetro, remote (RUCC 7-9)",30,FALSE,,,,,,,,,,,Neither
40059,Harper,OK,3231,55,546,9,1,"Harper, OK",0,0,0,30,30,0,1,0,0,0,,,,,,29,,13,,,,3,1,1,0,0,,30,AHRF_natality_24,,,0,,FALSE,"Nonmetro, remote (RUCC 7-9)",30,FALSE,,,,,,,,,,,Neither
40061,Haskell,OK,11667,127,2343,8,1,"Haskell, OK",1,1,1,159,141,0,1,1,0,0,18,,,,58,100,,,40,,,2,1,1,0,0,,159,AHRF_natality_24,0,6.29,0,0,FALSE,"Nonmetro, remote (RUCC 7-9)",141,TRUE,12.77,,,,41.13,,,1,0,,Neither
40063,Hughes,OK,13411,109,2308,9,0.6810054612,"Hughes, OK",0,0,0,131,150,0,1,1,0,0,23,18,,,85,97,,,52,12,,5,3,2,0,0,,131,AHRF_natality_24,0,0,0,0,FALSE,"Nonmetro, remote (RUCC 7-9)",150,TRUE,15.33,12,,,56.67,,,1,0,,Neither
40065,Jackson,OK,24730,480,5520,7,0.2386524107,"Jackson, OK",1,0,1,318,350,1,1,0,3,258,43,28,,,149,288,23,102,39,22,,2,1,0,1,0,7,318,AHRF_natality_24,3.14,3.14,4.04,3.14,FALSE,"Nonmetro, remote (RUCC 7-9)",350,TRUE,12.29,8,,,42.57,7.64,,0.1887,9.43,0.25,Both
40067,Jefferson,OK,5377,75,1009,8,1,"Jefferson, OK",0,0,0,64,68,0,1,1,0,0,,,,,30,57,,,11,,,2,1,1,0,0,,64,AHRF_natality_24,0,0,0,0,FALSE,"Nonmetro, remote (RUCC 7-9)",68,FALSE,,,,,,,,,0,,Neither
40069,Johnston,OK,10334,85,2146,9,1,"Johnston, OK",0,0,0,95,114,0,1,1,0,0,12,,,,55,79,,,33,,,2,1,1,0,0,,95,AHRF_natality_24,0,0,0,0,FALSE,"Nonmetro, remote (RUCC 7-9)",114,TRUE,10.53,,,,48.25,,,,0,,Neither
40071,Kay,OK,43731,580,8994,4,0.3108466819,"Kay, OK",3,1,3,537,539,1,2,0,3,371,78,41,,11,311,386,13,59,141,32,,3,2,0,3,0,4,537,AHRF_natality_24,5.59,5.59,6.86,1.86,FALSE,"Nonmetro, adjacent (RUCC 4-6)",539,TRUE,14.47,7.61,,2.04,57.7,8.29,,0.3091,5.59,0.5,Both
40073,Kingfisher,OK,15288,141,3373,8,1,"Kingfisher, OK",0,0,0,171,159,0,1,1,0,0,20,11,,,50,142,,36,16,,,3,2,1,0,0,,171,AHRF_natality_24,0,0,0,0,FALSE,"Nonmetro, remote (RUCC 7-9)",159,TRUE,12.58,6.92,,,31.45,,,1,0,,Neither
40075,Kiowa,OK,8458,104,1581,8,1,"Kiowa, OK",0,0,0,81,91,0,1,0,0,0,11,,,,47,72,,12,15,,,2,1,0,0,0,,81,AHRF_natality_24,0,0,0,0,FALSE,"Nonmetro, remote (RUCC 7-9)",91,FALSE,,,,,,,,,0,,Neither
40077,Latimer,OK,9495,96,1932,9,1,"Latimer, OK",0,0,0,90,105,0,0,0,0,0,11,,,,51,63,,,41,,,4,2,0,1,1,9,90,AHRF_natality_24,11.11,0,10.53,0,FALSE,"Nonmetro, remote (RUCC 7-9)",105,TRUE,10.48,,,,48.57,,,,0,1,Midwife only
40079,Le Flore,OK,48728,518,9995,6,0.7997672921,"Le Flore, OK",2,2,2,715,614,0,2,1,2,0,84,61,11,11,277,441,10,54,162,42,,2,1,1,0,0,,715,AHRF_natality_24,0,2.8,0,0,FALSE,"Nonmetro, adjacent (RUCC 4-6)",614,TRUE,13.68,9.93,1.79,1.79,45.11,9.52,,1,2.8,0,OB/GYN only
40081,Lincoln,OK,33917,292,6890,1,1,"Lincoln, OK",0,0,0,358,354,0,2,2,0,0,39,29,,,147,290,,19,61,22,,4,2,2,0,0,,358,AHRF_natality_24,0,0,0,0,FALSE,Metro (RUCC 1-3),354,TRUE,11.02,8.19,,,41.53,7.59,,1,0,,Neither
40083,Logan,OK,50905,481,11295,1,0.61957421050000006,"Logan, OK",0,0,0,510,545,0,1,1,0,0,61,34,,,158,467,21,61,57,29,,2,1,1,0,0,,510,AHRF_natality_24,0,0,0,0,FALSE,Metro (RUCC 1-3),545,TRUE,11.19,6.24,,,28.99,6.21,,1,0,,Neither
40085,Love,OK,10196,83,2226,9,1,"Love, OK",0,0,0,121,124,0,1,1,0,0,12,11,,,57,103,,32,20,,,2,1,1,0,0,,121,AHRF_natality_24,0,0,0,0,FALSE,"Nonmetro, remote (RUCC 7-9)",124,TRUE,9.68,8.87,,,45.97,,,1,0,,Neither
40087,McClain,OK,43779,434,9832,1,0.8702174644,"McClain, OK",0,0,0,483,489,0,1,0,0,0,70,39,,,146,391,11,63,88,31,,1,1,0,0,0,,483,AHRF_natality_24,0,0,0,0,FALSE,Metro (RUCC 1-3),489,TRUE,14.31,7.98,,,29.86,7.93,,1,0,,Neither
40089,McCurtain,OK,30825,494,6513,7,0.8207632894,"McCurtain, OK",0,1,0,382,448,0,1,1,1,276,61,34,,10,259,250,36,40,162,20,,2,1,1,0,0,,382,AHRF_natality_24,0,0,0,0,FALSE,"Nonmetro, remote (RUCC 7-9)",448,TRUE,13.62,7.59,,2.23,57.81,8,,0.2775,2.62,0,OB/GYN only
40091,McIntosh,OK,19237,115,3497,8,1,"McIntosh, OK",0,0,0,200,196,0,0,0,2,0,25,17,,,107,123,,10,71,,,1,1,0,0,0,,200,AHRF_natality_24,0,0,0,0,FALSE,"Nonmetro, remote (RUCC 7-9)",196,TRUE,12.76,8.67,,,54.59,,,1,10,0,OB/GYN only
40093,Major,OK,7656,109,1509,8,1,"Major, OK",0,0,0,83,86,0,1,1,0,0,,,,,26,79,,14,,,,2,1,1,0,0,,83,AHRF_natality_24,0,0,0,0,FALSE,"Nonmetro, remote (RUCC 7-9)",86,FALSE,,,,,,,,,0,,Neither
40095,Marshall,OK,15628,161,2960,9,1,"Marshall, OK",0,0,0,170,197,0,1,1,0,0,21,16,,,101,146,,50,48,12,,2,1,1,0,0,,170,AHRF_natality_24,0,0,0,0,FALSE,"Nonmetro, remote (RUCC 7-9)",197,TRUE,10.66,8.12,,,51.27,8.22,,1,0,,Neither
40097,Mayes,OK,39406,461,8119,6,0.7583363213,"Mayes, OK",1,1,1,457,467,0,1,0,1,0,69,41,,10,216,259,,18,206,22,,2,2,0,1,0,6,457,AHRF_natality_24,2.19,2.19,2.54,0,FALSE,"Nonmetro, adjacent (RUCC 4-6)",467,TRUE,14.78,8.78,,2.14,46.25,8.49,,1,2.19,0.5,Both
40099,Murray,OK,13807,219,2679,9,0.6513952819,"Murray, OK",0,0,0,146,153,0,1,1,0,0,18,12,,,79,107,,12,43,,,2,1,1,0,0,,146,AHRF_natality_24,0,0,0,0,FALSE,"Nonmetro, remote (RUCC 7-9)",153,TRUE,11.76,7.84,,,51.63,,,1,0,,Neither
40101,Muskogee,OK,66471,1026,14797,4,0.4603777567,"Muskogee, OK",0,0,0,821,826,1,3,0,2,554,113,76,11,16,420,446,81,68,299,40,12,7,4,0,1,0,4,821,AHRF_natality_24,1.22,0,1.5,1.22,FALSE,"Nonmetro, adjacent (RUCC 4-6)",826,TRUE,13.68,9.2,1.33,1.94,50.85,8.97,,0.3252,2.44,0.333,Both
40103,Noble,OK,10909,121,2114,8,0.5930977664,"Noble, OK",0,0,0,101,93,0,1,0,0,0,14,,,,40,74,,,19,,,2,1,0,0,0,,101,AHRF_natality_24,0,0,0,0,FALSE,"Nonmetro, remote (RUCC 7-9)",93,FALSE,,,,,,,,1,0,,Neither
40105,Nowata,OK,9392,183,1890,8,0.9275751073,"Nowata, OK",0,0,0,117,106,0,1,1,0,0,15,,,,51,63,,,42,,,2,1,1,0,0,,117,AHRF_natality_24,0,0,0,0,FALSE,"Nonmetro, remote (RUCC 7-9)",106,TRUE,14.15,,,,48.11,,,1,0,,Neither
40107,Okfuskee,OK,11304,107,2030,8,1,"Okfuskee, OK",0,0,0,131,141,0,1,1,0,0,19,12,,,77,84,,,56,,,2,1,1,0,0,,131,AHRF_natality_24,0,0,0,0,FALSE,"Nonmetro, remote (RUCC 7-9)",141,TRUE,13.48,8.51,,,54.61,,,1,0,,Neither
40109,Oklahoma,OK,800487,11845,191358,1,0.0759131073,"Oklahoma, OK",9,7,9,10735,10958,5,30,0,131,14046,1655,1033,172,171,5104,7405,1860,3075,1693,564,289,59,32,0,7,5,1,10735,AHRF_natality_24,0.65,0.84,0.87,0.47,FALSE,Metro (RUCC 1-3),10958,TRUE,15.1,9.43,1.57,1.56,46.58,7.62,15.54,,12.2,0.051,Both
40111,Okmulgee,OK,36922,419,7768,1,0.5307851577,"Okmulgee, OK",1,1,1,413,432,0,3,0,1,0,69,42,,,227,259,23,23,150,23,,5,3,0,0,0,,413,AHRF_natality_24,0,2.42,0,0,FALSE,Metro (RUCC 1-3),432,TRUE,15.97,9.72,,,52.55,8.88,,1,2.42,0,OB/GYN only
40113,Osage,OK,45963,434,8880,1,0.7306298835,"Osage, OK",0,0,0,349,396,0,2,2,0,0,52,36,,,175,268,14,13,114,26,,7,4,2,0,0,,349,AHRF_natality_24,0,0,0,0,FALSE,Metro (RUCC 1-3),396,TRUE,13.13,9.09,,,44.19,9.7,,1,0,,Neither
40115,Ottawa,OK,30360,505,6443,6,0.4932144626,"Ottawa, OK",0,0,0,409,399,1,2,0,1,263,58,39,,,212,251,,38,145,27,,4,3,0,1,0,6,409,AHRF_natality_24,2.44,0,3.29,2.44,FALSE,"Nonmetro, adjacent (RUCC 4-6)",399,TRUE,14.54,9.77,,,53.13,10.76,,0.357,2.44,0.5,Both
40117,Pawnee,OK,15689,147,3090,1,1,"Pawnee, OK",0,0,0,166,159,0,1,1,0,0,21,,,,69,121,,,38,,,3,2,1,0,0,,166,AHRF_natality_24,0,0,0,0,FALSE,Metro (RUCC 1-3),159,TRUE,13.21,,,,43.4,,,1,0,,Neither
40119,Payne,OK,82290,514,22484,4,0.3284178037,"Payne, OK",2,1,2,748,752,1,2,0,5,659,95,60,,12,291,588,26,66,138,42,,3,2,0,2,0,4,748,AHRF_natality_24,2.67,2.67,2.43,1.34,FALSE,"Nonmetro, adjacent (RUCC 4-6)",752,TRUE,12.63,7.98,,1.6,38.7,7.14,,0.119,6.68,0.286,Both
40121,Pittsburg,OK,43629,541,8456,7,0.553560414,"Pittsburg, OK",1,1,1,403,451,1,2,0,4,408,60,37,,,234,304,,28,142,26,,2,1,0,0,0,,403,AHRF_natality_24,0,2.48,0,2.48,FALSE,"Nonmetro, remote (RUCC 7-9)",451,TRUE,13.3,8.2,,,51.88,8.55,,,9.93,0,OB/GYN only
40123,Pontotoc,OK,38158,561,8624,7,0.5464600026,"Pontotoc, OK",9,7,9,454,474,2,3,0,8,1277,62,37,,,227,272,,31,194,22,,3,2,0,9,0,7,454,AHRF_natality_24,19.82,19.82,23.59,4.41,FALSE,"Nonmetro, remote (RUCC 7-9)",474,TRUE,13.08,7.81,,,47.89,8.09,,,17.62,0.529,Both
40125,Pottawatomie,OK,73011,976,17328,4,0.5273552875,"Pottawatomie, OK",0,0,0,799,838,1,2,0,4,803,112,70,11,15,401,593,18,50,227,45,,5,3,0,0,0,,799,AHRF_natality_24,0,0,0,1.25,FALSE,"Nonmetro, adjacent (RUCC 4-6)",838,TRUE,13.37,8.35,1.31,1.79,47.85,7.59,,,5.01,0,OB/GYN only
40127,Pushmataha,OK,10787,126,2042,9,1,"Pushmataha, OK",0,0,0,89,108,0,1,0,0,254,15,10,,,50,72,,,36,,,1,1,0,0,0,,89,AHRF_natality_24,0,0,0,0,FALSE,"Nonmetro, remote (RUCC 7-9)",108,TRUE,13.89,9.26,,,46.3,,,,0,,Neither
40129,Roger Mills,OK,3378,40,624,9,1,"Roger Mills, OK",0,0,0,37,36,0,1,1,0,0,,,,,15,30,,,,,,2,1,1,0,0,,37,AHRF_natality_24,,,0,,FALSE,"Nonmetro, remote (RUCC 7-9)",36,FALSE,,,,,,,,,,,Neither
40131,Rogers,OK,97235,1293,21157,1,0.5483725325,"Rogers, OK",4,4,4,1080,1071,1,2,0,3,688,144,92,16,11,349,733,11,80,327,61,,3,2,0,3,0,1,1080,AHRF_natality_24,2.78,3.7,3.09,0.93,FALSE,Metro (RUCC 1-3),1071,TRUE,13.45,8.59,1.49,1.03,32.59,8.32,,0.363,2.78,0.5,Both
40133,Seminole,OK,23550,378,5040,7,0.7332739005,"Seminole, OK",1,1,1,276,298,0,0,0,0,0,38,26,,,172,181,,16,109,17,,4,4,0,1,0,7,276,AHRF_natality_24,3.62,3.62,4.25,0,FALSE,"Nonmetro, remote (RUCC 7-9)",298,TRUE,12.75,8.72,,,57.72,9.39,,1,0,1,Midwife only
40135,Sequoyah,OK,39676,515,8296,3,0.8087370484,"Sequoyah, OK",0,0,0,604,499,0,1,0,0,0,61,47,,11,239,313,10,25,176,30,,1,1,0,0,0,,604,AHRF_natality_24,0,0,0,0,FALSE,Metro (RUCC 1-3),499,TRUE,12.22,9.42,,2.2,47.9,9.58,,1,0,,Neither
40137,Stephens,OK,43314,640,8860,4,0.5249953323,"Stephens, OK",1,1,1,455,486,0,1,0,4,1214,77,53,,11,219,407,11,59,68,44,,2,2,0,1,1,4,455,AHRF_natality_24,2.2,2.2,2.31,0,FALSE,"Nonmetro, adjacent (RUCC 4-6)",486,TRUE,15.84,10.91,,2.26,45.06,10.81,,,8.79,0.2,Both
40139,Texas,OK,20880,260,4529,7,0.4147025814,"Texas, OK",1,1,1,364,300,0,1,1,0,0,32,18,,,144,274,15,205,11,17,,2,1,1,1,0,7,364,AHRF_natality_24,2.75,2.75,4.79,0,FALSE,"Nonmetro, remote (RUCC 7-9)",300,TRUE,10.67,6,,,48,6.2,,1,0,1,Midwife only
40141,Tillman,OK,6967,81,1416,8,1,"Tillman, OK",0,0,0,51,68,0,0,0,0,0,,,,,37,55,,25,,,,1,1,0,0,0,,51,AHRF_natality_24,0,0,0,0,FALSE,"Nonmetro, remote (RUCC 7-9)",68,FALSE,,,,,,,,,0,,Neither
40143,Tulsa,OK,673708,9662,158275,1,0.0513298639,"Tulsa, OK",13,12,13,8596,8652,7,20,0,69,13298,1247,769,133,131,3872,5810,1059,1960,1784,437,166,42,20,0,8,7,1,8596,AHRF_natality_24,0.93,1.51,1.19,0.81,FALSE,Metro (RUCC 1-3),8652,TRUE,14.41,8.89,1.54,1.51,44.75,7.52,15.68,,8.03,0.104,Both
40145,Wagoner,OK,84339,1264,18797,1,0.3639495684,"Wagoner, OK",0,0,0,923,925,0,1,0,6,0,133,75,12,,303,653,33,99,238,53,,1,1,0,0,0,,923,AHRF_natality_24,0,0,0,0,FALSE,Metro (RUCC 1-3),925,TRUE,14.38,8.11,1.3,,32.76,8.12,,1,6.5,0,OB/GYN only
40147,Washington,OK,52895,658,11026,4,0.2488990563,"Washington, OK",0,0,0,582,585,0,1,0,1,1159,71,40,,,255,422,11,45,151,31,,3,2,0,0,0,,582,AHRF_natality_24,0,0,0,0,FALSE,"Nonmetro, adjacent (RUCC 4-6)",585,TRUE,12.14,6.84,,,43.59,7.35,,,1.72,0,OB/GYN only
40149,Washita,OK,10857,85,2181,9,1,"Washita, OK",0,0,0,118,109,0,1,1,0,0,18,13,,,48,99,,16,,11,,4,2,1,0,0,,118,AHRF_natality_24,0,0,0,0,FALSE,"Nonmetro, remote (RUCC 7-9)",109,TRUE,16.51,11.93,,,44.04,,,1,0,,Neither
40151,Woods,OK,8619,57,1854,7,0.4034090909,"Woods, OK",0,0,0,91,89,0,1,1,0,0,10,,,,34,82,,,,,,4,2,1,0,0,,91,AHRF_natality_24,0,0,0,0,FALSE,"Nonmetro, remote (RUCC 7-9)",89,FALSE,,,,,,,,,0,,Neither
40153,Woodward,OK,20260,293,4232,7,0.4402540303,"Woodward, OK",0,0,0,240,231,1,2,0,0,181,28,18,,,101,212,,54,17,16,,2,1,0,0,0,,240,AHRF_natality_24,0,0,0,4.17,FALSE,"Nonmetro, remote (RUCC 7-9)",231,TRUE,12.12,7.79,,,43.72,7.55,,0.2458,0,,Neither
41001,Baker,OR,16796,135,2703,7,0.4139668826,"Baker, OR",0,0,0,144,141,1,1,1,0,84,13,12,,,54,129,,14,11,12,,2,1,1,0,0,,144,AHRF_natality_24,0,0,0,6.94,FALSE,"Nonmetro, remote (RUCC 7-9)",141,TRUE,9.22,8.51,,,38.3,9.3,,0.4167,0,,Neither
41003,Benton,OR,96359,642,25373,3,0.1940557237,"Benton, OR",8,8,8,648,607,1,1,0,15,892,62,38,,,155,512,,78,86,32,,1,1,0,11,0,3,648,AHRF_natality_24,16.98,12.35,11.42,1.54,FALSE,Metro (RUCC 1-3),607,TRUE,10.21,6.26,,,25.54,6.25,,,23.15,0.423,Both
41005,Clackamas,OR,422308,4792,91115,1,0.1710959395,"Clackamas, OR",22,23,21,3616,3717,2,3,0,46,2981,348,234,29,10,1039,3119,96,520,503,186,,5,3,0,26,24,1,3616,AHRF_natality_24,7.19,6.08,6.16,0.55,FALSE,Metro (RUCC 1-3),3717,TRUE,9.36,6.3,0.78,0.27,27.95,5.96,,0.1756,12.72,0.361,Both
41007,Clatsop,OR,41343,613,8123,4,0.3911180366,"Clatsop, OR",4,4,4,325,315,2,2,2,9,280,33,25,,,141,281,,55,29,22,,4,2,2,8,0,4,325,AHRF_natality_24,24.62,12.31,19.35,6.15,FALSE,"Nonmetro, adjacent (RUCC 4-6)",315,TRUE,10.48,7.94,,,44.76,7.83,,0.1385,27.69,0.471,Both
41009,Columbia,OR,53178,542,10904,1,0.4122344977,"Columbia, OR",2,2,2,438,482,0,0,0,0,0,51,34,,,173,435,,45,43,32,,1,1,0,1,0,1,438,AHRF_natality_24,2.28,4.57,1.88,0,FALSE,Metro (RUCC 1-3),482,TRUE,10.58,7.05,,,35.89,7.36,,1,0,1,Midwife only
41011,Coos,OR,64832,653,11653,5,0.3814012229,"Coos, OR",5,4,5,476,517,1,3,2,4,575,57,40,,,246,436,,55,77,34,,5,3,2,5,5,5,476,AHRF_natality_24,10.5,10.5,7.71,2.1,FALSE,"Nonmetro, adjacent (RUCC 4-6)",517,TRUE,11.03,7.74,,,47.58,7.8,,,8.4,0.556,Both
41013,Crook,OR,25651,296,4667,3,0.4984639017,"Crook, OR",1,1,1,246,247,0,1,1,2,0,21,19,,,102,226,,26,20,16,,2,1,1,0,0,,246,AHRF_natality_24,0,4.07,0,0,FALSE,Metro (RUCC 1-3),247,TRUE,8.5,7.69,,,41.3,7.08,,1,8.13,0,OB/GYN only
41015,Curry,OR,23463,358,3177,7,0.5182973642,"Curry, OR",0,0,0,162,153,0,1,1,0,3,20,13,,,57,131,,19,21,11,,2,1,1,2,0,7,162,AHRF_natality_24,12.35,0,8.52,0,FALSE,"Nonmetro, remote (RUCC 7-9)",153,TRUE,13.07,8.5,,,37.25,8.4,,0.9815,0,1,Midwife only
41017,Deschutes,OR,203026,2689,43650,3,0.2924142384,"Deschutes, OR",15,14,15,1804,1864,1,2,0,22,2095,169,118,14,,551,1693,16,252,156,103,,2,2,0,16,6,3,1804,AHRF_natality_24,8.87,8.31,7.88,0.55,FALSE,Metro (RUCC 1-3),1864,TRUE,9.07,6.33,0.75,,29.56,6.08,,,12.2,0.421,Both
41019,Douglas,OR,111807,704,20732,4,0.4037913328,"Douglas, OR",7,7,6,911,970,1,3,1,3,807,101,70,12,11,451,877,,89,88,62,,7,5,1,7,0,4,911,AHRF_natality_24,7.68,7.68,6.26,1.1,FALSE,"Nonmetro, adjacent (RUCC 4-6)",970,TRUE,10.41,7.22,1.24,1.13,46.49,7.07,,0.1142,3.29,0.7,Both
41021,Gilliam,OR,2002,10,276,9,1,"Gilliam, OR",0,0,0,15,19,0,0,0,0,0,,,,,,18,,,,,,0,0,0,0,0,,15,AHRF_natality_24,,,0,,TRUE,"Nonmetro, remote (RUCC 7-9)",19,FALSE,,,,,,,,,,,Neither
41023,Grant,OR,7238,93,1199,9,1,"Grant, OR",0,0,0,65,66,1,1,1,0,36,,,,,22,64,,,,,,2,1,1,0,0,,65,AHRF_natality_24,0,0,0,15.38,FALSE,"Nonmetro, remote (RUCC 7-9)",66,FALSE,,,,,,,,,0,,Neither
41025,Harney,OR,7515,64,1354,9,0.4437625083,"Harney, OR",0,0,0,70,79,1,1,1,2,35,,,,,24,73,,,,,,2,1,1,0,0,,70,AHRF_natality_24,0,0,0,14.29,FALSE,"Nonmetro, remote (RUCC 7-9)",79,FALSE,,,,,,,,,28.57,0,OB/GYN only
41027,Hood River,OR,23958,232,5235,6,0.5179547066,"Hood River, OR",2,2,2,215,214,1,1,1,6,320,20,14,,,80,192,,84,19,12,,2,1,1,0,0,,215,AHRF_natality_24,0,9.3,0,4.65,FALSE,"Nonmetro, adjacent (RUCC 4-6)",214,TRUE,9.35,6.54,,,37.38,6.25,,,27.91,0,OB/GYN only
41029,Jackson,OR,222563,2298,45912,3,0.2059536234,"Jackson, OR",21,18,21,2018,2092,3,3,0,18,2097,230,163,25,15,912,1812,38,483,241,138,,4,4,0,22,15,3,2018,AHRF_natality_24,10.9,10.41,9.88,1.49,FALSE,Metro (RUCC 1-3),2092,TRUE,10.99,7.79,1.2,0.72,43.59,7.62,,,8.92,0.55,Both
41031,Jefferson,OR,24973,225,5093,3,0.6699453106,"Jefferson, OR",0,0,0,268,273,1,1,1,1,150,30,18,,,152,190,,75,80,14,,2,1,1,0,0,,268,AHRF_natality_24,0,0,0,3.73,FALSE,Metro (RUCC 1-3),273,TRUE,10.99,6.59,,,55.68,7.37,,0.4403,3.73,0,OB/GYN only
41033,Josephine,OR,88069,621,15928,3,0.4314224089,"Josephine, OR",2,2,2,772,803,1,1,0,5,707,90,60,,11,405,717,,103,78,51,,2,2,0,1,1,3,772,AHRF_natality_24,1.3,2.59,1.14,1.3,FALSE,Metro (RUCC 1-3),803,TRUE,11.21,7.47,,1.37,50.44,7.11,,0.0842,6.48,0.167,Both
41035,Klamath,OR,69812,720,13957,5,0.3775229424,"Klamath, OR",0,0,0,750,724,1,1,0,7,669,79,72,13,10,355,605,13,139,106,59,,1,1,0,2,2,5,750,AHRF_natality_24,2.67,0,2.86,1.33,FALSE,"Nonmetro, adjacent (RUCC 4-6)",724,TRUE,10.91,9.94,1.8,1.38,49.03,9.75,,0.108,9.33,0.222,Both
41037,Lake,OR,8254,101,1505,9,1,"Lake, OR",0,0,0,84,79,1,1,1,1,66,11,,,,34,76,,13,,,,2,1,1,0,0,,84,AHRF_natality_24,0,0,0,11.9,FALSE,"Nonmetro, remote (RUCC 7-9)",79,FALSE,,,,,,,,,11.9,0,OB/GYN only
41039,Lane,OR,382628,3696,88803,2,0.1803086918,"Lane, OR",21,19,21,3009,3014,3,5,2,45,2946,294,215,32,19,1250,2592,57,471,365,185,,11,7,2,23,23,2,3009,AHRF_natality_24,7.64,6.98,6.01,1,FALSE,Metro (RUCC 1-3),3014,TRUE,9.75,7.13,1.06,0.63,41.47,7.14,,0.0209,14.96,0.338,Both
41041,Lincoln,OR,50632,621,8659,5,0.3799980157,"Lincoln, OR",1,1,1,352,356,2,2,2,6,243,45,25,,,184,290,,66,60,19,,5,3,2,0,0,,352,AHRF_natality_24,0,2.84,0,5.68,FALSE,"Nonmetro, adjacent (RUCC 4-6)",356,TRUE,12.64,7.02,,,51.69,6.55,,0.3097,17.05,0,OB/GYN only
41043,Linn,OR,129794,1288,27646,3,0.3424539305,"Linn, OR",0,0,0,1388,1422,2,2,1,6,662,142,103,16,,526,1275,16,207,131,91,,3,2,1,0,0,,1388,AHRF_natality_24,0,0,0,1.44,FALSE,Metro (RUCC 1-3),1422,TRUE,9.99,7.24,1.13,,36.99,7.14,,0.5231,4.32,0,OB/GYN only
41045,Malheur,OR,31701,352,5834,6,0.588704824,"Malheur, OR",1,3,1,409,373,1,1,0,0,286,41,29,,,196,344,,183,21,25,,2,2,0,1,0,6,409,AHRF_natality_24,2.44,2.44,3.15,2.44,FALSE,"Nonmetro, adjacent (RUCC 4-6)",373,TRUE,10.99,7.77,,,52.55,7.27,,0.3007,0,1,Midwife only
41047,Marion,OR,346532,4025,77765,2,0.1535326087,"Marion, OR",21,21,21,3861,3891,3,4,0,30,4331,393,247,36,46,1714,3210,123,1561,558,192,13,6,3,0,20,12,2,3861,AHRF_natality_24,5.18,5.44,5.77,0.78,FALSE,Metro (RUCC 1-3),3891,TRUE,10.1,6.35,0.93,1.18,44.05,5.98,10.57,,7.77,0.4,Both
41049,Morrow,OR,12249,166,2609,8,1,"Morrow, OR",0,0,0,125,160,0,1,1,0,0,13,,,,86,144,,96,12,,,2,1,1,0,0,,125,AHRF_natality_24,0,0,0,0,FALSE,"Nonmetro, remote (RUCC 7-9)",160,TRUE,8.12,,,,53.75,,,1,0,,Neither
41051,Multnomah,OR,803863,7546,212380,1,0.0128165822,"Multnomah, OR",115,112,115,7250,7296,5,9,0,212,8496,763,547,73,47,2663,5181,716,1435,1399,345,87,24,16,0,124,112,1,7250,AHRF_natality_24,17.1,15.86,15.43,0.69,FALSE,Metro (RUCC 1-3),7296,TRUE,10.46,7.5,1,0.64,36.5,6.66,12.15,,29.24,0.369,Both
41053,Polk,OR,88553,1243,20795,2,0.2040533895,"Polk, OR",5,4,5,882,858,0,1,1,5,0,81,56,,,303,747,13,188,98,49,,2,1,1,1,0,2,882,AHRF_natality_24,1.13,5.67,1.13,0,FALSE,Metro (RUCC 1-3),858,TRUE,9.44,6.53,,,35.31,6.56,,1,5.67,0.167,Both
41055,Sherman,OR,1908,20,364,9,1,"Sherman, OR",0,0,0,20,23,0,0,0,0,0,,,,,,21,,,,,,0,0,0,0,0,,20,AHRF_natality_24,,,0,,TRUE,"Nonmetro, remote (RUCC 7-9)",23,FALSE,,,,,,,,,,,Neither
41057,Tillamook,OR,27471,375,4724,7,0.6065717415,"Tillamook, OR",0,0,0,210,220,1,1,1,3,94,23,15,,,103,197,,51,21,13,,3,2,1,0,0,,210,AHRF_natality_24,0,0,0,4.76,FALSE,"Nonmetro, remote (RUCC 7-9)",220,TRUE,10.45,6.82,,,46.82,6.6,,0.5524,14.29,0,OB/GYN only
41059,Umatilla,OR,80087,631,16832,4,0.3173774586,"Umatilla, OR",1,1,1,729,932,2,2,2,8,781,109,65,12,17,476,826,18,384,88,55,,7,3,2,0,0,,729,AHRF_natality_24,0,1.37,0,2.74,FALSE,"Nonmetro, adjacent (RUCC 4-6)",932,TRUE,11.7,6.97,1.29,1.82,51.07,6.66,,,10.97,0,OB/GYN only
41061,Union,OR,26192,216,5743,7,0.4291494885,"Union, OR",0,0,0,261,256,1,1,1,4,250,27,22,,,104,220,,20,35,15,,2,1,1,0,0,,261,AHRF_natality_24,0,0,0,3.83,FALSE,"Nonmetro, remote (RUCC 7-9)",256,TRUE,10.55,8.59,,,40.62,6.82,,0.0421,15.33,0,OB/GYN only
41063,Wallowa,OR,7532,75,1249,9,1,"Wallowa, OR",0,0,0,54,62,1,1,1,0,39,,,,,18,59,,,,,,2,1,1,0,0,,54,AHRF_natality_24,0,0,0,18.52,FALSE,"Nonmetro, remote (RUCC 7-9)",62,FALSE,,,,,,,,,0,,Neither
41065,Wasco,OR,26603,247,5665,7,0.3476565429,"Wasco, OR",1,1,1,276,259,1,1,0,6,183,26,19,,,114,224,,86,31,17,,1,1,0,1,0,7,276,AHRF_natality_24,3.62,3.62,3.76,3.62,FALSE,"Nonmetro, remote (RUCC 7-9)",259,TRUE,10.04,7.34,,,44.02,7.59,,0.337,21.74,0.143,Both
41067,Washington,OR,600266,6425,146709,1,0.0549509304,"Washington, OR",55,52,55,5920,6037,4,5,0,81,6034,559,409,54,26,1657,4269,289,1525,1480,267,21,8,5,0,54,44,1,5920,AHRF_natality_24,9.12,9.29,9,0.68,FALSE,Metro (RUCC 1-3),6037,TRUE,9.26,6.77,0.89,0.43,27.45,6.25,7.27,,13.68,0.4,Both
41069,Wheeler,OR,1434,20,219,9,1,"Wheeler, OR",0,0,0,7,10,0,0,0,0,0,,,,,,10,,,,,,0,0,0,0,0,,7,AHRF_natality_24,,,0,,TRUE,"Nonmetro, remote (RUCC 7-9)",10,FALSE,,,,,,,,,,,Neither
41071,Yamhill,OR,108122,1521,23815,1,0.2648855387,"Yamhill, OR",6,5,6,1008,1036,2,2,0,9,741,96,64,,,367,915,16,241,105,58,,2,2,0,7,0,1,1008,AHRF_natality_24,6.94,5.95,6.47,1.98,FALSE,Metro (RUCC 1-3),1036,TRUE,9.27,6.18,,,35.42,6.34,,0.2649,8.93,0.438,Both
42001,Adams,PA,105183,976,21233,3,0.6325732774,"Adams, PA",5,5,5,932,934,1,1,0,2,410,93,61,13,,338,880,28,109,26,56,,2,1,0,4,0,3,932,AHRF_natality_24,4.29,5.36,3.8,1.07,FALSE,Metro (RUCC 1-3),934,TRUE,9.96,6.53,1.39,,36.19,6.36,,0.5601,2.15,0.667,Both
42003,Allegheny,PA,1240476,13857,277721,1,0.0241464347,"Allegheny, PA",39,39,39,11751,11926,4,26,0,251,9414,1343,1095,177,78,4084,8353,2362,485,1211,605,375,70,35,0,54,53,1,11751,AHRF_natality_24,4.6,3.32,4.35,0.34,FALSE,Metro (RUCC 1-3),11926,TRUE,11.26,9.18,1.48,0.65,34.24,7.24,15.88,0.1989,21.36,0.177,Both
42005,Armstrong,PA,65069,745,12014,1,0.6494401904,"Armstrong, PA",0,0,0,517,541,1,1,0,1,305,56,43,,,212,525,,,10,42,,1,1,0,0,0,,517,AHRF_natality_24,0,0,0,1.93,FALSE,Metro (RUCC 1-3),541,TRUE,10.35,7.95,,,39.19,8,,0.4101,1.93,0,OB/GYN only
42007,Beaver,PA,166993,1460,32732,1,0.2892132093,"Beaver, PA",0,0,0,1497,1494,0,2,0,12,1490,164,117,20,13,589,1288,137,60,70,88,22,4,2,0,0,0,,1497,AHRF_natality_24,0,0,0,0,FALSE,Metro (RUCC 1-3),1494,TRUE,10.98,7.83,1.34,0.87,39.42,6.83,16.06,0.0047,8.02,0,OB/GYN only
42009,Bedford,PA,47503,515,8788,8,0.9065304664,"Bedford, PA",1,1,1,470,475,0,1,0,0,0,44,29,,,152,468,,,,29,,1,1,0,1,0,8,470,AHRF_natality_24,2.13,2.13,2.11,0,FALSE,"Nonmetro, remote (RUCC 7-9)",475,TRUE,9.26,6.11,,,32,6.2,,1,0,1,Midwife only
42011,Berks,PA,429989,5329,93516,2,0.2655480134,"Berks, PA",14,14,14,4528,4543,2,7,0,43,3610,491,361,63,56,2119,3665,600,1791,278,276,58,10,5,0,20,17,2,4528,AHRF_natality_24,4.42,3.09,4.65,0.44,FALSE,Metro (RUCC 1-3),4543,TRUE,10.81,7.95,1.39,1.23,46.64,7.53,9.67,0.2027,9.5,0.317,Both
42013,Blair,PA,121854,1378,24710,3,0.2573887414,"Blair, PA",4,3,4,1170,1150,1,5,1,12,1806,114,81,13,12,514,1075,39,25,36,75,,7,4,1,4,4,3,1170,AHRF_natality_24,3.42,3.42,3.28,0.85,FALSE,Metro (RUCC 1-3),1150,TRUE,9.91,7.04,1.13,1.04,44.7,6.98,,,10.26,0.25,Both
42015,Bradford,PA,59971,801,11271,6,0.7297847149,"Bradford, PA",5,5,5,611,609,0,2,1,4,782,56,39,,,278,592,,11,,39,,4,3,1,5,5,6,611,AHRF_natality_24,8.18,8.18,8.34,0,FALSE,"Nonmetro, adjacent (RUCC 4-6)",609,TRUE,9.2,6.4,,,45.65,6.59,,,6.55,0.556,Both
42017,Bucks,PA,645993,6232,130876,1,0.1029684257,"Bucks, PA",11,12,11,5654,5652,2,9,0,57,3258,563,405,61,16,1458,4713,366,519,573,315,36,15,11,0,9,5,1,5654,AHRF_natality_24,1.59,1.95,1.39,0.35,FALSE,Metro (RUCC 1-3),5652,TRUE,9.96,7.17,1.08,0.28,25.8,6.68,9.84,0.4238,10.08,0.136,Both
42019,Butler,PA,195870,1852,40007,1,0.4330857801,"Butler, PA",3,3,3,1685,1694,1,1,0,7,542,158,118,13,,378,1589,28,51,77,107,,3,2,0,0,0,,1685,AHRF_natality_24,0,1.78,0,0.59,FALSE,Metro (RUCC 1-3),1694,TRUE,9.33,6.97,0.77,,22.31,6.73,,0.6783,4.15,0,OB/GYN only
42021,Cambria,PA,132355,1230,25395,3,0.4608382282,"Cambria, PA",7,9,7,1183,1160,0,3,1,5,1482,137,115,19,16,554,994,124,35,42,85,25,7,5,1,7,4,3,1183,AHRF_natality_24,5.92,5.92,5.29,0,FALSE,Metro (RUCC 1-3),1160,TRUE,11.81,9.91,1.64,1.38,47.76,8.55,20.16,,4.23,0.583,Both
42023,Cameron,PA,4475,4,751,9,1,"Cameron, PA",0,0,0,34,29,0,0,0,0,0,,,,,14,28,,,,,,0,0,0,0,0,,34,AHRF_natality_24,,,0,,TRUE,"Nonmetro, remote (RUCC 7-9)",29,FALSE,,,,,,,,,,,Neither
42025,Carbon,PA,65191,671,12429,2,0.5891982888,"Carbon, PA",2,2,2,530,549,0,1,0,2,0,65,48,,,278,504,27,64,18,44,,3,3,0,0,0,,530,AHRF_natality_24,0,3.77,0,0,FALSE,Metro (RUCC 1-3),549,TRUE,11.84,8.74,,,50.64,8.73,,1,3.77,0,OB/GYN only
42027,Centre,PA,158041,1469,39623,3,0.3464898971,"Centre, PA",1,1,1,1096,1112,0,3,0,15,1156,95,65,11,,209,973,42,37,98,57,,8,3,1,1,0,3,1096,AHRF_natality_24,0.91,0.91,0.63,0,FALSE,Metro (RUCC 1-3),1112,TRUE,8.54,5.85,0.99,,18.79,5.86,,,13.69,0.062,Both
42029,Chester,PA,540896,5691,117351,1,0.1931221733,"Chester, PA",6,5,6,5585,5581,3,8,0,57,6298,508,357,45,22,1178,4543,424,788,614,251,50,14,7,0,5,0,1,5585,AHRF_natality_24,0.9,1.07,0.92,0.54,FALSE,Metro (RUCC 1-3),5581,TRUE,9.1,6.4,0.81,0.39,21.11,5.52,11.79,,10.21,0.081,Both
42031,Clarion,PA,37297,435,8231,6,0.8479632663,"Clarion, PA",2,2,2,349,365,0,2,0,2,0,36,23,,,118,350,,,,21,,2,1,0,2,0,6,349,AHRF_natality_24,5.73,5.73,5.36,0,FALSE,"Nonmetro, adjacent (RUCC 4-6)",365,TRUE,9.86,6.3,,,32.33,6,,1,5.73,0.5,Both
42033,Clearfield,PA,78902,904,14117,4,0.6130930215,"Clearfield, PA",1,1,1,654,662,0,1,0,2,1130,76,57,,,276,643,,,14,56,,3,3,0,5,5,4,654,AHRF_natality_24,7.65,1.53,6.34,0,FALSE,"Nonmetro, adjacent (RUCC 4-6)",662,TRUE,11.48,8.61,,,41.69,8.71,,,3.06,0.714,Both
42035,Clinton,PA,37707,597,8289,6,0.4790387183,"Clinton, PA",0,0,0,410,405,0,1,1,2,0,31,26,,,157,389,,,,24,,3,2,1,0,0,,410,AHRF_natality_24,0,0,0,0,FALSE,"Nonmetro, adjacent (RUCC 4-6)",405,TRUE,7.65,6.42,,,38.77,6.17,,1,4.88,0,OB/GYN only
42037,Columbia,PA,65055,542,15073,4,0.4472631205,"Columbia, PA",6,6,6,574,557,1,2,0,6,381,62,40,,,216,525,13,33,18,36,,3,2,0,8,0,4,574,AHRF_natality_24,13.94,10.45,12.3,1.74,FALSE,"Nonmetro, adjacent (RUCC 4-6)",557,TRUE,11.13,7.18,,,38.78,6.86,,0.3362,10.45,0.571,Both
42039,Crawford,PA,83189,1065,16781,4,0.6578784341,"Crawford, PA",1,1,1,842,867,0,2,1,4,495,81,61,11,,308,837,11,12,19,57,,5,3,1,0,0,,842,AHRF_natality_24,0,1.19,0,0,FALSE,"Nonmetro, adjacent (RUCC 4-6)",867,TRUE,9.34,7.04,1.27,,35.52,6.81,,0.4121,4.75,0,OB/GYN only
42041,Cumberland,PA,264422,2977,58057,2,0.2088650282,"Cumberland, PA",16,14,16,2584,2670,1,7,0,25,978,255,181,25,13,737,2124,215,203,330,123,24,11,5,0,24,24,2,2584,AHRF_natality_24,9.29,6.19,9.08,0.39,FALSE,Metro (RUCC 1-3),2670,TRUE,9.55,6.78,0.94,0.49,27.6,5.79,11.16,0.6215,9.67,0.49,Both
42043,Dauphin,PA,287484,3378,63710,2,0.1482641471,"Dauphin, PA",6,4,6,3111,3284,2,5,0,64,5838,420,298,57,38,1544,1925,883,627,476,135,115,15,5,0,23,20,2,3111,AHRF_natality_24,7.39,1.93,8,0.64,FALSE,Metro (RUCC 1-3),3284,TRUE,12.79,9.07,1.74,1.16,47.02,7.01,13.02,,20.57,0.264,Both
42045,Delaware,PA,576195,6514,131349,1,0.0078480662,"Delaware, PA",9,6,9,6376,6313,2,4,0,81,4709,697,530,89,46,2402,3727,1932,519,654,219,248,14,9,0,32,32,1,6376,AHRF_natality_24,5.02,1.41,5.55,0.31,FALSE,Metro (RUCC 1-3),6313,TRUE,11.04,8.4,1.41,0.73,38.05,5.88,12.84,0.2614,12.7,0.283,Both
42047,Elk,PA,30703,283,5478,7,0.5591803808,"Elk, PA",1,1,1,238,258,0,1,1,1,905,31,24,,,103,251,,,,23,,3,2,1,1,0,7,238,AHRF_natality_24,4.2,4.2,3.26,0,FALSE,"Nonmetro, remote (RUCC 7-9)",258,TRUE,12.02,9.3,,,39.92,9.16,,,4.2,0.5,Both
42049,Erie,PA,269544,3649,58018,2,0.2398256029,"Erie, PA",6,6,6,2631,2596,2,7,1,17,3196,315,243,37,38,1281,1958,380,207,258,155,56,14,7,1,11,10,2,2631,AHRF_natality_24,4.18,2.28,4.08,0.76,FALSE,Metro (RUCC 1-3),2596,TRUE,12.13,9.36,1.43,1.46,49.35,7.92,14.74,,6.46,0.393,Both
42051,Fayette,PA,126967,1147,24220,1,0.5510543151,"Fayette, PA",0,0,0,709,1142,0,2,0,5,0,135,115,17,17,608,1042,55,20,46,101,,4,4,0,1,1,1,709,AHRF_natality_24,1.41,0,0.79,0,FALSE,Metro (RUCC 1-3),1142,TRUE,11.82,10.07,1.49,1.49,53.24,9.69,,1,7.05,0.167,Both
42053,Forest,PA,6785,6,510,9,1,"Forest, PA",0,0,0,20,21,0,0,0,0,0,,,,,,21,,,,,,0,0,0,0,0,,20,AHRF_natality_24,,,0,,TRUE,"Nonmetro, remote (RUCC 7-9)",21,FALSE,,,,,,,,,,,Neither
42055,Franklin,PA,156626,1589,31952,3,0.4448156889,"Franklin, PA",9,8,9,1709,1709,1,2,0,13,1562,180,132,18,14,615,1532,109,230,69,110,16,2,2,0,11,11,3,1709,AHRF_natality_24,6.44,5.27,7.02,0.59,FALSE,Metro (RUCC 1-3),1709,TRUE,10.53,7.72,1.05,0.82,35.99,7.18,14.68,0.086,7.61,0.458,Both
42057,Fulton,PA,14545,169,2713,8,1,"Fulton, PA",0,0,0,144,132,0,1,1,0,0,11,,,,55,130,,,,,,2,1,1,0,0,,144,AHRF_natality_24,0,0,0,0,FALSE,"Nonmetro, remote (RUCC 7-9)",132,TRUE,8.33,,,,41.67,,,1,0,,Neither
42059,Greene,PA,35265,452,6882,6,0.7565222228,"Greene, PA",1,1,1,147,277,0,1,0,0,0,32,23,,,123,269,,,,22,,1,1,0,1,0,6,147,AHRF_natality_24,6.8,6.8,2.84,0,FALSE,"Nonmetro, adjacent (RUCC 4-6)",277,TRUE,11.55,8.3,,,44.4,8.18,,1,0,1,Midwife only
42061,Huntingdon,PA,43844,437,8167,6,0.7434682028,"Huntingdon, PA",0,0,0,379,400,0,1,0,0,0,32,24,,,160,386,,,10,23,,2,1,0,0,0,,379,AHRF_natality_24,0,0,0,0,FALSE,"Nonmetro, adjacent (RUCC 4-6)",400,TRUE,8,6,,,40,5.96,,1,0,,Neither
42063,Indiana,PA,83213,991,18690,4,0.5984191433,"Indiana, PA",0,0,0,680,747,0,1,0,4,868,73,45,,,245,715,13,11,20,43,,1,1,0,0,0,,680,AHRF_natality_24,0,0,0,0,FALSE,"Nonmetro, adjacent (RUCC 4-6)",747,TRUE,9.77,6.02,,,32.8,6.01,,,5.88,0,OB/GYN only
42065,Jefferson,PA,44099,508,8506,7,0.7346938776,"Jefferson, PA",1,1,1,423,456,1,2,1,1,160,44,36,,,144,449,,,,36,,3,2,1,0,0,,423,AHRF_natality_24,0,2.36,0,2.36,FALSE,"Nonmetro, remote (RUCC 7-9)",456,TRUE,9.65,7.89,,,31.58,8.02,,0.6217,2.36,0,OB/GYN only
42067,Juniata,PA,23419,300,4589,8,1,"Juniata, PA",1,1,1,265,300,0,0,0,0,0,27,21,,,70,291,,14,,20,,0,0,0,0,0,,265,AHRF_natality_24,0,3.77,0,0,TRUE,"Nonmetro, remote (RUCC 7-9)",300,TRUE,9,7,,,23.33,6.87,,1,0,,Neither
42069,Lackawanna,PA,215834,2321,45401,2,0.1755289584,"Lackawanna, PA",1,1,1,1940,2016,0,4,0,16,785,250,170,25,22,951,1662,204,367,150,129,25,14,8,1,3,0,2,1940,AHRF_natality_24,1.55,0.52,1.39,0,FALSE,Metro (RUCC 1-3),2016,TRUE,12.4,8.43,1.24,1.09,47.17,7.76,12.25,0.5954,8.25,0.158,Both
42071,Lancaster,PA,555151,7866,118777,2,0.2787549007,"Lancaster, PA",24,23,23,6865,6994,4,6,0,47,5254,649,462,73,37,1696,6148,487,950,358,366,59,14,8,0,39,28,2,6865,AHRF_natality_24,5.68,3.5,7.03,0.58,FALSE,Metro (RUCC 1-3),6994,TRUE,9.28,6.61,1.04,0.53,24.25,5.95,12.11,0.2347,6.85,0.453,Both
42073,Lawrence,PA,85423,812,16664,1,0.4242012316,"Lawrence, PA",0,0,0,757,757,0,1,0,2,0,98,64,11,,348,672,50,23,36,51,,3,3,0,0,0,,757,AHRF_natality_24,0,0,0,0,FALSE,Metro (RUCC 1-3),757,TRUE,12.95,8.45,1.45,,45.97,7.59,,1,2.64,0,OB/GYN only
42075,Lebanon,PA,143592,1579,29576,3,0.2538584502,"Lebanon, PA",0,0,0,1538,1560,1,3,0,10,646,184,122,23,16,565,1432,62,357,67,106,,5,2,0,2,1,3,1538,AHRF_natality_24,1.3,0,1.39,0.65,FALSE,Metro (RUCC 1-3),1560,TRUE,11.79,7.82,1.47,1.03,36.22,7.4,,0.58,6.5,0.167,Both
42077,Lehigh,PA,375408,4212,83714,2,0.0986792397,"Lehigh, PA",8,8,8,3802,3852,1,4,0,86,4557,427,336,53,44,1816,2843,668,1629,341,234,70,16,10,0,16,16,2,3802,AHRF_natality_24,4.21,2.1,4.26,0.26,FALSE,Metro (RUCC 1-3),3852,TRUE,11.09,8.72,1.38,1.14,47.14,8.23,10.48,,22.62,0.157,Both
42079,Luzerne,PA,325978,3628,67282,2,0.222224611,"Luzerne, PA",6,6,6,3024,3144,2,7,0,19,2742,368,266,48,37,1717,2488,491,1063,166,198,55,17,9,0,7,7,2,3024,AHRF_natality_24,2.31,1.98,2.15,0.66,FALSE,Metro (RUCC 1-3),3144,TRUE,11.7,8.46,1.53,1.18,54.61,7.96,11.2,0.0933,6.28,0.269,Both
42081,Lycoming,PA,113570,1261,23793,3,0.4043857498,"Lycoming, PA",15,14,15,1061,1095,1,4,2,5,971,111,89,12,11,522,940,100,37,55,64,17,8,5,2,10,10,3,1061,AHRF_natality_24,9.43,14.14,8.81,0.94,FALSE,Metro (RUCC 1-3),1095,TRUE,10.14,8.13,1.1,1,47.67,6.81,17,0.0848,4.71,0.667,Both
42083,McKean,PA,40149,234,7763,7,0.7239068065,"McKean, PA",0,0,0,339,322,0,1,0,1,0,46,34,,,162,313,,,,34,,4,3,1,1,0,7,339,AHRF_natality_24,2.95,0,2.49,0,FALSE,"Nonmetro, remote (RUCC 7-9)",322,TRUE,14.29,10.56,,,50.31,10.86,,1,2.95,0.5,Both
42085,Mercer,PA,109852,1264,21294,4,0.4794400463,"Mercer, PA",7,6,7,940,1003,1,4,0,5,2142,114,88,13,10,413,884,74,21,45,72,11,6,5,0,4,0,4,940,AHRF_natality_24,4.26,7.45,3.64,1.06,FALSE,"Nonmetro, adjacent (RUCC 4-6)",1003,TRUE,11.37,8.77,1.3,1,41.18,8.14,,,5.32,0.444,Both
42087,Mifflin,PA,46074,570,8752,4,0.5449147216,"Mifflin, PA",4,5,4,508,572,1,1,0,3,473,44,35,,,185,557,,13,10,33,,1,1,0,6,0,4,508,AHRF_natality_24,11.81,7.87,13.02,1.97,FALSE,"Nonmetro, adjacent (RUCC 4-6)",572,TRUE,7.69,6.12,,,32.34,5.92,,0.0689,5.91,0.667,Both
42089,Monroe,PA,167784,2022,34765,4,0.5676035336,"Monroe, PA",4,4,4,1355,1346,1,2,0,1,681,167,121,21,,635,992,274,317,80,82,31,2,2,0,5,4,4,1355,AHRF_natality_24,3.69,2.95,2.98,0.74,FALSE,"Nonmetro, adjacent (RUCC 4-6)",1346,TRUE,12.41,8.99,1.56,,47.18,8.27,11.31,0.4974,0.74,0.833,Both
42091,Montgomery,PA,861225,10226,186937,1,0.0333651274,"Montgomery, PA",35,27,35,8330,8509,3,14,0,185,10638,850,660,91,39,2101,6392,1043,927,1074,425,128,27,14,0,23,18,1,8330,AHRF_natality_24,2.76,4.2,2.67,0.36,FALSE,Metro (RUCC 1-3),8509,TRUE,9.99,7.76,1.07,0.46,24.69,6.65,12.27,,22.21,0.111,Both
42093,Montour,PA,18079,146,3590,6,0.5428429643,"Montour, PA",4,4,4,216,205,1,3,0,18,1946,19,15,,,46,184,,,15,13,,7,2,0,3,3,6,216,AHRF_natality_24,13.89,18.52,16.59,4.63,FALSE,"Nonmetro, adjacent (RUCC 4-6)",205,TRUE,9.27,7.32,,,22.44,7.07,,,83.33,0.143,Both
42095,Northampton,PA,315927,3211,67652,2,0.1685791066,"Northampton, PA",1,0,1,2674,2750,0,4,0,49,2615,299,218,33,18,1074,2200,338,665,213,155,43,5,4,0,1,1,2,2674,AHRF_natality_24,0.37,0.37,0.32,0,FALSE,Metro (RUCC 1-3),2750,TRUE,10.87,7.93,1.2,0.65,39.05,7.05,12.72,0.0221,18.32,0.02,Both
42097,Northumberland,PA,90925,1122,17322,4,0.3525920106,"Northumberland, PA",0,0,0,771,857,0,0,0,2,0,87,75,10,,428,795,38,79,24,66,,2,2,0,0,0,,771,AHRF_natality_24,0,0,0,0,FALSE,"Nonmetro, adjacent (RUCC 4-6)",857,TRUE,10.15,8.75,1.17,,49.94,8.3,,1,2.59,0,OB/GYN only
42099,Perry,PA,45988,530,8906,2,0.9351686227,"Perry, PA",0,0,0,452,484,0,0,0,0,0,47,30,,,159,465,,15,14,29,,0,0,0,0,0,,452,AHRF_natality_24,0,0,0,0,TRUE,Metro (RUCC 1-3),484,TRUE,9.71,6.2,,,32.85,6.24,,1,0,,Neither
42101,Philadelphia,PA,1582432,20482,414385,1,0,"Philadelphia, PA",71,70,70,18751,18932,5,25,0,304,16713,2476,2104,377,294,10692,8256,8467,4303,2209,657,1229,87,48,0,71,68,1,18751,AHRF_natality_24,3.79,3.79,4.49,0.27,FALSE,Metro (RUCC 1-3),18932,TRUE,13.08,11.11,1.99,1.55,56.48,7.96,14.52,0.1087,16.21,0.189,Both
42103,Pike,PA,59691,449,10746,6,0.8723327923,"Pike, PA",0,0,0,463,425,0,0,0,1,0,42,30,,,170,363,35,69,27,24,,0,0,0,0,0,,463,AHRF_natality_24,0,0,0,0,TRUE,"Nonmetro, adjacent (RUCC 4-6)",425,TRUE,9.88,7.06,,,40,6.61,,1,2.16,0,OB/GYN only
42105,Potter,PA,16276,146,2831,9,1,"Potter, PA",1,1,1,143,153,1,1,1,1,189,12,,,,57,149,,,,,,3,2,1,1,0,9,143,AHRF_natality_24,6.99,6.99,6.14,6.99,FALSE,"Nonmetro, remote (RUCC 7-9)",153,TRUE,7.84,,,,37.25,,,,6.99,0.5,Both
42107,Schuylkill,PA,143259,1532,26936,4,0.4706499172,"Schuylkill, PA",1,1,1,1196,1231,1,3,0,3,577,130,108,15,17,626,1126,67,190,38,95,,6,6,0,1,1,4,1196,AHRF_natality_24,0.84,0.84,0.7,0.84,FALSE,"Nonmetro, adjacent (RUCC 4-6)",1231,TRUE,10.56,8.77,1.22,1.38,50.85,8.44,,0.5176,2.51,0.25,Both
42109,Snyder,PA,39711,399,8574,7,0.7034678881,"Snyder, PA",0,0,0,355,415,0,0,0,0,0,33,27,,,111,402,,12,,25,,0,0,0,0,0,,355,AHRF_natality_24,0,0,0,0,TRUE,"Nonmetro, remote (RUCC 7-9)",415,TRUE,7.95,6.51,,,26.75,6.22,,1,0,,Neither
42111,Somerset,PA,73255,775,12686,6,0.775971617,"Somerset, PA",1,1,1,581,604,0,3,1,1,0,66,48,,,219,593,,,,47,,5,3,1,2,2,6,581,AHRF_natality_24,3.44,1.72,2.73,0,FALSE,"Nonmetro, adjacent (RUCC 4-6)",604,TRUE,10.93,7.95,,,36.26,7.93,,1,1.72,0.667,Both
42113,Sullivan,PA,5849,75,902,8,1,"Sullivan, PA",0,0,0,32,38,0,0,0,0,0,,,,,15,37,,,,,,0,0,0,0,0,,32,AHRF_natality_24,,,0,,TRUE,"Nonmetro, remote (RUCC 7-9)",38,FALSE,,,,,,,,,,,Neither
42115,Susquehanna,PA,38349,373,6719,8,1,"Susquehanna, PA",0,0,0,375,360,0,2,2,1,0,31,21,,,161,351,,18,,21,,4,2,2,0,0,,375,AHRF_natality_24,0,0,0,0,FALSE,"Nonmetro, remote (RUCC 7-9)",360,TRUE,8.61,5.83,,,44.72,5.98,,1,2.67,0,OB/GYN only
42117,Tioga,PA,41078,506,8028,8,1,"Tioga, PA",0,0,0,384,361,1,1,1,0,108,36,27,,,165,352,,,,27,,2,1,1,0,0,,384,AHRF_natality_24,0,0,0,2.6,FALSE,"Nonmetro, remote (RUCC 7-9)",361,TRUE,9.97,7.48,,,45.71,7.67,,0.7188,0,,Neither
42119,Union,PA,42570,486,8496,6,0.6320142452,"Union, PA",7,7,7,352,368,1,2,0,5,632,28,20,,,83,352,,15,,18,,2,1,0,5,0,6,352,AHRF_natality_24,14.2,19.89,11.75,2.84,FALSE,"Nonmetro, adjacent (RUCC 4-6)",368,TRUE,7.61,5.43,,,22.55,5.11,,,14.2,0.5,Both
42121,Venango,PA,50096,514,9122,4,0.5606691244,"Venango, PA",0,0,0,419,440,1,1,0,2,542,51,37,,,209,425,,,11,36,,2,2,0,0,0,,419,AHRF_natality_24,0,0,0,2.39,FALSE,"Nonmetro, adjacent (RUCC 4-6)",440,TRUE,11.59,8.41,,,47.5,8.47,,,4.77,0,OB/GYN only
42123,Warren,PA,38174,304,6733,6,0.6198719776,"Warren, PA",2,2,2,343,351,1,2,0,2,175,41,33,,,125,337,,,,32,,3,1,1,1,0,6,343,AHRF_natality_24,2.92,5.83,2.62,2.92,FALSE,"Nonmetro, adjacent (RUCC 4-6)",351,TRUE,11.68,9.4,,,35.61,9.5,,0.4898,5.83,0.333,Both
42125,Washington,PA,209778,1777,41747,1,0.3233356739,"Washington, PA",0,0,0,1804,1915,1,4,0,13,615,192,147,21,11,673,1710,105,54,100,125,12,5,4,0,0,0,,1804,AHRF_natality_24,0,0,0,0.55,FALSE,Metro (RUCC 1-3),1915,TRUE,10.03,7.68,1.1,0.57,35.14,7.31,11.43,0.6591,7.21,0,OB/GYN only
42127,Wayne,PA,51189,335,8357,6,0.8621640113,"Wayne, PA",1,0,1,407,395,1,1,0,4,437,40,27,,,160,375,,23,16,27,,2,1,0,4,0,6,407,AHRF_natality_24,9.83,2.46,7.81,2.46,FALSE,"Nonmetro, adjacent (RUCC 4-6)",395,TRUE,10.13,6.84,,,40.51,7.2,,,9.83,0.5,Both
42129,Westmoreland,PA,353345,3845,66597,1,0.2648260461,"Westmoreland, PA",0,0,0,2877,2863,0,6,0,16,1422,300,237,39,18,1019,2619,126,58,118,206,18,11,9,0,2,0,1,2877,AHRF_natality_24,0.7,0,0.57,0,FALSE,Metro (RUCC 1-3),2863,TRUE,10.48,8.28,1.36,0.63,35.59,7.87,14.29,0.5057,5.56,0.111,Both
42131,Wyoming,PA,26075,348,5065,2,0.9532394798,"Wyoming, PA",0,0,0,206,230,0,0,0,0,0,22,17,,,108,220,,12,,15,,1,1,0,0,0,,206,AHRF_natality_24,0,0,0,0,FALSE,Metro (RUCC 1-3),230,TRUE,9.57,7.39,,,46.96,6.82,,1,0,,Neither
42133,York,PA,459312,5296,96954,2,0.2845665786,"York, PA",17,19,17,4823,4785,3,6,0,27,3988,520,410,64,47,1925,3928,585,760,272,305,73,6,5,0,25,19,2,4823,AHRF_natality_24,5.18,3.52,5.44,0.62,FALSE,Metro (RUCC 1-3),4785,TRUE,10.87,8.57,1.34,0.98,40.23,7.76,12.48,0.1731,5.6,0.481,Both
44001,Bristol,RI,50568,397,10890,1,0.0113007698,"Bristol, RI",0,0,0,343,338,0,0,0,16,0,36,23,,,86,308,11,20,18,20,,0,0,0,1,0,1,343,AHRF_natality_24,2.92,0,1.98,0,TRUE,Metro (RUCC 1-3),338,TRUE,10.65,6.8,,,25.44,6.49,,1,46.65,0.059,Both
44003,Kent,RI,170658,2155,35900,1,0.0724922665,"Kent, RI",4,4,4,1419,1482,0,1,0,14,500,150,104,14,,535,1292,74,167,117,83,,1,1,0,4,2,1,1419,AHRF_natality_24,2.82,2.82,2.34,0,FALSE,Metro (RUCC 1-3),1482,TRUE,10.12,7.02,0.94,,36.1,6.42,,0.6476,9.87,0.222,Both
44005,Newport,RI,85095,613,16546,1,0.0850273811,"Newport, RI",6,4,6,600,620,1,1,0,6,421,59,44,,,190,535,35,87,50,36,,2,1,0,5,0,1,600,AHRF_natality_24,8.33,10,5.88,1.67,FALSE,Metro (RUCC 1-3),620,TRUE,9.52,7.1,,,30.65,6.73,,0.2983,10,0.455,Both
44007,Providence,RI,658977,7584,156431,1,0.0519341164,"Providence, RI",49,48,49,6719,6889,0,11,0,134,980,778,581,103,56,3371,4768,1392,2654,728,380,136,20,10,0,58,55,1,6719,AHRF_natality_24,8.63,7.29,8.8,0,FALSE,Metro (RUCC 1-3),6889,TRUE,11.29,8.43,1.5,0.81,48.93,7.97,9.77,0.8541,19.94,0.302,Both
44009,Washington,RI,130073,893,27782,1,0.3363165151,"Washington, RI",3,3,3,843,851,0,2,0,14,684,77,46,,,234,767,21,40,62,40,,2,2,0,4,0,1,843,AHRF_natality_24,4.74,3.56,3.08,0,FALSE,Metro (RUCC 1-3),851,TRUE,9.05,5.41,,,27.5,5.22,,0.1886,16.61,0.222,Both
45001,Abbeville,SC,24352,337,4909,6,0.7897921383,"Abbeville, SC",0,0,0,216,229,0,1,1,0,0,28,18,,,108,168,55,,,,,2,1,1,0,0,,216,AHRF_natality_24,0,0,0,0,FALSE,"Nonmetro, adjacent (RUCC 4-6)",229,TRUE,12.23,7.86,,,47.16,,,1,0,,Neither
45003,Aiken,SC,171949,2334,36418,2,0.3701957253,"Aiken, SC",0,0,0,2426,1938,1,1,0,19,1116,258,176,30,28,908,1303,540,235,96,90,75,3,2,0,1,0,2,2426,AHRF_natality_24,0.41,0,0.58,0.41,FALSE,Metro (RUCC 1-3),1938,TRUE,13.31,9.08,1.55,1.44,46.85,6.91,13.89,0.54,7.83,0.05,Both
45005,Allendale,SC,7738,76,1318,8,1,"Allendale, SC",0,0,0,75,68,0,1,1,0,0,12,,,,57,12,56,,,,,2,1,1,0,0,,75,AHRF_natality_24,0,0,0,0,FALSE,"Nonmetro, remote (RUCC 7-9)",68,FALSE,,,,,,,,,0,,Neither
45007,Anderson,SC,207218,2918,45748,2,0.4165660374,"Anderson, SC",0,1,0,2356,2358,0,3,0,14,1397,338,228,36,34,1001,1859,394,193,105,148,70,4,2,0,1,1,2,2356,AHRF_natality_24,0.42,0,0.48,0,FALSE,Metro (RUCC 1-3),2358,TRUE,14.33,9.67,1.53,1.44,42.45,7.96,17.77,0.407,5.94,0.067,Both
45009,Bamberg,SC,13164,73,2683,9,1,"Bamberg, SC",0,0,0,120,128,0,0,0,0,0,19,15,,,79,54,72,,,,11,1,1,0,0,0,,120,AHRF_natality_24,0,0,0,0,FALSE,"Nonmetro, remote (RUCC 7-9)",128,TRUE,14.84,11.72,,,61.72,,,1,0,,Neither
45011,Barnwell,SC,20565,303,4499,8,1,"Barnwell, SC",2,2,2,247,241,0,0,0,0,0,34,24,,,144,135,99,,,,16,1,1,0,1,0,8,247,AHRF_natality_24,4.05,8.1,4.86,0,FALSE,"Nonmetro, remote (RUCC 7-9)",241,TRUE,14.11,9.96,,,59.75,,,1,0,1,Midwife only
45013,Beaufort,SC,192123,1603,34708,3,0.1860119604,"Beaufort, SC",4,3,4,1866,1871,2,4,0,26,1818,211,158,25,16,712,1378,387,460,106,90,56,5,3,0,5,3,3,1866,AHRF_natality_24,2.68,2.14,2.6,1.07,FALSE,Metro (RUCC 1-3),1871,TRUE,11.28,8.44,1.34,0.86,38.05,6.53,14.47,0.0257,13.93,0.161,Both
45015,Berkeley,SC,238723,3684,55415,2,0.2206985961,"Berkeley, SC",0,0,0,3035,3021,0,0,0,14,0,399,282,44,31,1199,2032,762,493,227,139,120,1,1,0,0,0,,3035,AHRF_natality_24,0,0,0,0,FALSE,Metro (RUCC 1-3),3021,TRUE,13.21,9.33,1.46,1.03,39.69,6.84,15.75,1,4.61,0,OB/GYN only
45017,Calhoun,SC,14150,224,2707,2,1,"Calhoun, SC",0,0,0,131,124,0,0,0,0,0,16,14,,,64,72,49,,,,,0,0,0,0,0,,131,AHRF_natality_24,0,0,0,0,TRUE,Metro (RUCC 1-3),124,TRUE,12.9,11.29,,,51.61,,,1,0,,Neither
45019,Charleston,SC,414711,5611,98650,2,0.0905997771,"Charleston, SC",27,27,27,4965,4972,4,10,0,133,10118,638,472,70,59,1774,3567,1138,705,267,241,209,17,10,0,18,14,2,4965,AHRF_natality_24,3.63,5.44,4.34,0.81,FALSE,Metro (RUCC 1-3),4972,TRUE,12.83,9.49,1.41,1.19,35.68,6.76,18.37,,26.79,0.119,Both
45021,Cherokee,SC,56299,782,12484,6,0.6612708126,"Cherokee, SC",1,1,1,605,634,0,1,0,3,0,78,66,10,13,354,457,151,41,26,38,25,1,1,0,1,0,6,605,AHRF_natality_24,1.65,1.65,1.78,0,FALSE,"Nonmetro, adjacent (RUCC 4-6)",634,TRUE,12.3,10.41,1.58,2.05,55.84,8.32,16.56,1,4.96,0.25,Both
45023,Chester,SC,32177,518,6899,1,0.7333560414,"Chester, SC",0,0,0,326,325,0,1,0,0,0,49,37,,,204,188,125,10,13,18,18,1,1,0,0,0,,326,AHRF_natality_24,0,0,0,0,FALSE,Metro (RUCC 1-3),325,TRUE,15.08,11.38,,,62.77,9.57,14.4,1,0,,Neither
45025,Chesterfield,SC,43575,735,8940,6,0.8316733298,"Chesterfield, SC",1,1,1,516,495,0,1,0,0,0,72,54,,13,299,305,164,36,25,24,27,2,2,0,0,0,,516,AHRF_natality_24,0,1.94,0,0,FALSE,"Nonmetro, adjacent (RUCC 4-6)",495,TRUE,14.55,10.91,,2.63,60.4,7.87,16.46,1,0,,Neither
45027,Clarendon,SC,31037,284,5770,8,0.8548034934,"Clarendon, SC",3,3,2,286,287,1,1,0,4,281,44,37,,,168,147,131,17,10,14,22,2,2,0,4,0,8,286,AHRF_natality_24,13.99,10.49,12.89,3.5,FALSE,"Nonmetro, remote (RUCC 7-9)",287,TRUE,15.33,12.89,,,58.54,9.52,16.79,0.0175,13.99,0.5,Both
45029,Colleton,SC,38623,329,8120,6,0.7609315097,"Colleton, SC",0,0,0,405,436,1,1,0,0,283,74,61,11,12,278,257,157,26,21,32,26,1,1,0,0,0,,405,AHRF_natality_24,0,0,0,2.47,FALSE,"Nonmetro, adjacent (RUCC 4-6)",436,TRUE,16.97,13.99,2.52,2.75,63.76,12.45,16.56,0.3012,0,,Neither
45031,Darlington,SC,62754,698,13896,3,0.5711469676,"Darlington, SC",1,1,1,727,729,1,1,0,5,593,107,90,13,16,460,366,337,24,26,35,52,3,3,0,1,1,3,727,AHRF_natality_24,1.38,1.38,1.59,1.38,FALSE,Metro (RUCC 1-3),729,TRUE,14.68,12.35,1.78,2.19,63.1,9.56,15.43,0.1843,6.88,0.167,Both
45033,Dillon,SC,28031,193,6262,6,0.7001272445,"Dillon, SC",0,0,0,346,363,1,1,0,2,238,67,52,,11,252,161,178,18,23,18,29,1,1,0,0,0,,346,AHRF_natality_24,0,0,0,2.89,FALSE,"Nonmetro, adjacent (RUCC 4-6)",363,TRUE,18.46,14.33,,3.03,69.42,11.18,16.29,0.3121,5.78,0,OB/GYN only
45035,Dorchester,SC,164322,2081,38403,2,0.1471833602,"Dorchester, SC",1,1,1,2043,2004,1,1,0,13,887,269,194,37,26,871,1304,565,267,135,88,97,0,0,0,1,1,2,2043,AHRF_natality_24,0.49,0.49,0.61,0.49,TRUE,Metro (RUCC 1-3),2004,TRUE,13.42,9.68,1.85,1.3,43.46,6.75,17.17,0.5658,6.36,0.071,Both
45037,Edgefield,SC,26508,241,4805,2,0.879837861,"Edgefield, SC",0,0,0,238,196,0,1,1,2,0,29,28,,,94,124,67,16,,13,14,2,1,1,0,0,,238,AHRF_natality_24,0,0,0,0,FALSE,Metro (RUCC 1-3),196,TRUE,14.8,14.29,,,47.96,10.48,,1,8.4,0,OB/GYN only
45039,Fairfield,SC,20741,173,3954,2,0.7728184075,"Fairfield, SC",0,0,0,172,181,0,0,0,1,0,26,18,,,116,71,103,,,,13,2,1,1,0,0,,172,AHRF_natality_24,0,0,0,0,FALSE,Metro (RUCC 1-3),181,TRUE,14.36,9.94,,,64.09,,12.62,1,5.81,0,OB/GYN only
45041,Florence,SC,136921,1967,31511,3,0.3920866196,"Florence, SC",0,0,0,1555,1590,1,4,0,22,3065,253,219,43,31,899,752,759,74,79,65,143,8,6,0,0,0,,1555,AHRF_natality_24,0,0,0,0.64,FALSE,Metro (RUCC 1-3),1590,TRUE,15.91,13.77,2.7,1.95,56.54,8.64,18.84,,14.15,0,OB/GYN only
45043,Georgetown,SC,64200,567,11079,4,0.4218661283,"Georgetown, SC",1,1,1,473,489,0,1,0,6,0,62,50,,,269,308,170,36,12,23,27,3,2,0,5,2,4,473,AHRF_natality_24,10.57,2.11,7.79,0,FALSE,"Nonmetro, adjacent (RUCC 4-6)",489,TRUE,12.68,10.22,,,55.01,7.47,15.88,1,12.68,0.455,Both
45045,Greenville,SC,537575,7519,124548,2,0.1189609045,"Greenville, SC",14,15,14,6385,6593,2,12,0,116,6928,864,572,109,83,2422,4886,1292,1233,415,339,193,16,9,0,13,10,2,6385,AHRF_natality_24,2.04,2.19,2.42,0.31,FALSE,Metro (RUCC 1-3),6593,TRUE,13.1,8.68,1.65,1.26,36.74,6.94,14.94,,18.17,0.101,Both
45047,Greenwood,SC,69329,825,16032,4,0.3968219636,"Greenwood, SC",1,1,1,722,741,1,2,0,10,1126,116,93,16,19,418,452,262,94,27,42,49,3,2,0,1,0,4,722,AHRF_natality_24,1.39,1.39,1.44,1.39,FALSE,"Nonmetro, adjacent (RUCC 4-6)",741,TRUE,15.65,12.55,2.16,2.56,56.41,9.29,18.7,,13.85,0.091,Both
45049,Hampton,SC,18555,342,3629,8,1,"Hampton, SC",0,0,0,202,199,0,1,0,0,1,37,26,,,129,90,103,,,,21,1,1,0,0,0,,202,AHRF_natality_24,0,0,0,0,FALSE,"Nonmetro, remote (RUCC 7-9)",199,TRUE,18.59,13.07,,,64.82,,20.39,0.995,0,,Neither
45051,Horry,SC,368937,2523,70879,2,0.24423908,"Horry, SC",7,5,7,3286,3317,4,6,0,27,3455,469,285,47,52,1683,2508,584,570,225,172,91,7,4,0,5,4,2,3286,AHRF_natality_24,1.52,2.13,1.36,1.22,FALSE,Metro (RUCC 1-3),3317,TRUE,14.14,8.59,1.42,1.57,50.74,6.86,15.58,,8.22,0.156,Both
45053,Jasper,SC,30658,558,5785,3,0.8914938696,"Jasper, SC",0,0,0,404,408,1,1,0,0,788,66,47,,,245,269,116,175,23,25,19,2,1,0,0,0,,404,AHRF_natality_24,0,0,0,2.48,FALSE,Metro (RUCC 1-3),408,TRUE,16.18,11.52,,,60.05,9.29,16.38,,0,,Neither
45055,Kershaw,SC,66924,576,14089,2,0.5281256211,"Kershaw, SC",0,0,0,788,765,1,2,0,5,324,98,76,13,12,347,528,198,80,39,40,32,2,1,0,0,0,,788,AHRF_natality_24,0,0,0,1.27,FALSE,Metro (RUCC 1-3),765,TRUE,12.81,9.93,1.7,1.57,45.36,7.58,16.16,0.5888,6.35,0,OB/GYN only
45057,Lancaster,SC,100905,1413,20758,1,0.379363856,"Lancaster, SC",0,0,0,1223,1149,1,2,0,3,442,132,108,17,12,388,805,231,100,113,55,38,3,1,0,1,0,1,1223,AHRF_natality_24,0.82,0,0.99,0.82,FALSE,Metro (RUCC 1-3),1149,TRUE,11.49,9.4,1.48,1.04,33.77,6.83,16.45,0.6386,2.45,0.25,Both
45059,Laurens,SC,67904,886,14534,2,0.6402078799,"Laurens, SC",0,0,0,727,744,1,1,0,4,236,110,71,13,15,399,526,182,73,37,38,31,3,3,0,1,0,2,727,AHRF_natality_24,1.38,0,1.47,1.38,FALSE,Metro (RUCC 1-3),744,TRUE,14.78,9.54,1.75,2.02,53.63,7.22,17.03,0.6754,5.5,0.2,Both
45061,Lee,SC,16330,231,3093,8,1,"Lee, SC",0,0,0,169,164,0,0,0,0,0,32,29,,,122,51,110,,,,22,1,1,0,0,0,,169,AHRF_natality_24,0,0,0,0,FALSE,"Nonmetro, remote (RUCC 7-9)",164,TRUE,19.51,17.68,,,74.39,,20,1,0,,Neither
45063,Lexington,SC,300370,3946,67592,2,0.2515451153,"Lexington, SC",12,14,12,3318,3287,2,3,0,44,4899,408,308,49,37,1313,2403,655,436,228,185,99,4,2,0,9,8,2,3318,AHRF_natality_24,2.71,3.62,3,0.6,FALSE,Metro (RUCC 1-3),3287,TRUE,12.41,9.37,1.49,1.13,39.95,7.7,15.11,,13.26,0.17,Both
45065,McCormick,SC,9701,78,1081,8,1,"McCormick, SC",0,0,0,64,59,0,0,0,1,0,,,,,34,29,27,,,,,0,0,0,0,0,,64,AHRF_natality_24,0,0,0,0,TRUE,"Nonmetro, remote (RUCC 7-9)",59,FALSE,,,,,,,,,15.62,0,OB/GYN only
45067,Marion,SC,28900,176,5971,6,0.5910975568,"Marion, SC",0,0,0,286,313,0,1,0,3,0,60,47,13,,230,109,192,14,12,11,35,3,3,0,0,0,,286,AHRF_natality_24,0,0,0,0,FALSE,"Nonmetro, adjacent (RUCC 4-6)",313,TRUE,19.17,15.02,4.15,,73.48,10.09,18.23,1,10.49,0,OB/GYN only
45069,Marlboro,SC,26285,208,4773,6,0.6523418457,"Marlboro, SC",0,0,0,261,257,0,0,0,2,0,42,33,,,185,111,115,,31,13,16,1,1,0,0,0,,261,AHRF_natality_24,0,0,0,0,FALSE,"Nonmetro, adjacent (RUCC 4-6)",257,TRUE,16.34,12.84,,,71.98,11.71,13.91,1,7.66,0,OB/GYN only
45071,Newberry,SC,38121,710,7828,6,0.6727909011,"Newberry, SC",0,0,0,418,420,1,1,0,0,220,62,48,,,244,257,142,67,21,21,24,1,1,0,0,0,,418,AHRF_natality_24,0,0,0,2.39,FALSE,"Nonmetro, adjacent (RUCC 4-6)",420,TRUE,14.76,11.43,,,58.1,8.17,16.9,0.4737,0,,Neither
45073,Oconee,SC,79566,680,15047,4,0.637475034,"Oconee, SC",1,1,1,714,674,1,1,0,7,496,86,60,,15,287,590,58,74,26,47,10,2,2,0,0,0,,714,AHRF_natality_24,0,1.4,0,1.4,FALSE,"Nonmetro, adjacent (RUCC 4-6)",674,TRUE,12.76,8.9,,2.23,42.58,7.97,,0.3053,9.8,0,OB/GYN only
45075,Orangeburg,SC,83531,808,18431,4,0.6548211296,"Orangeburg, SC",5,4,5,839,821,1,2,0,2,451,122,105,22,22,586,275,518,43,28,22,81,2,1,0,5,0,4,839,AHRF_natality_24,5.96,5.96,5.99,1.19,FALSE,"Nonmetro, adjacent (RUCC 4-6)",821,TRUE,14.86,12.79,2.68,2.68,71.38,8,15.64,0.4625,2.38,0.714,Both
45077,Pickens,SC,132604,1642,31816,2,0.3755897842,"Pickens, SC",0,0,0,1234,1216,0,2,0,11,0,162,102,17,18,431,1075,77,99,64,85,13,2,2,0,1,0,2,1234,AHRF_natality_24,0.81,0,0.75,0,FALSE,Metro (RUCC 1-3),1216,TRUE,13.32,8.39,1.4,1.48,35.44,7.91,,1,8.91,0.083,Both
45079,Richland,SC,418725,5065,110223,2,0.0855827388,"Richland, SC",7,8,7,4425,4532,2,11,0,71,4361,616,538,105,52,2324,1790,2441,421,301,124,380,14,5,0,8,7,2,4425,AHRF_natality_24,1.81,1.58,1.91,0.45,FALSE,Metro (RUCC 1-3),4532,TRUE,13.59,11.87,2.32,1.15,51.28,6.93,15.57,0.0145,16.05,0.101,Both
45081,Saluda,SC,18958,246,3657,2,0.9856855052,"Saluda, SC",0,0,0,263,234,0,0,0,0,0,38,22,,,131,177,47,92,,15,,0,0,0,0,0,,263,AHRF_natality_24,0,0,0,0,TRUE,Metro (RUCC 1-3),234,TRUE,16.24,9.4,,,55.98,8.47,,1,0,,Neither
45083,Spartanburg,SC,338096,4156,77604,2,0.2951520898,"Spartanburg, SC",3,4,3,4107,4170,1,3,0,36,3839,495,366,61,49,1613,3090,837,503,243,214,125,10,8,0,1,1,2,4107,AHRF_natality_24,0.24,0.73,0.3,0.24,FALSE,Metro (RUCC 1-3),4170,TRUE,11.87,8.78,1.46,1.18,38.68,6.93,14.93,0.0653,8.77,0.027,Both
45085,Sumter,SC,104853,1745,23270,3,0.3479764296,"Sumter, SC",2,2,2,1302,1323,1,1,0,8,1029,188,161,28,29,732,590,653,78,80,42,110,3,1,0,3,0,3,1302,AHRF_natality_24,2.3,1.54,2.86,0.77,FALSE,Metro (RUCC 1-3),1323,TRUE,14.21,12.17,2.12,2.19,55.33,7.12,16.85,0.2097,6.14,0.273,Both
45087,Union,SC,26990,341,5580,2,0.6428938482,"Union, SC",0,0,0,236,241,0,1,0,1,0,42,30,,,152,160,72,,,15,15,2,2,0,0,0,,236,AHRF_natality_24,0,0,0,0,FALSE,Metro (RUCC 1-3),241,TRUE,17.43,12.45,,,63.07,9.38,,1,4.24,0,OB/GYN only
45089,Williamsburg,SC,30517,351,5894,6,0.8307870818,"Williamsburg, SC",0,0,0,287,269,0,0,0,0,0,50,40,,,177,93,170,,,10,29,2,1,1,0,0,,287,AHRF_natality_24,0,0,0,0,FALSE,"Nonmetro, adjacent (RUCC 4-6)",269,TRUE,18.59,14.87,,,65.8,,17.06,1,0,,Neither
45091,York,SC,288559,3180,67888,1,0.2266581587,"York, SC",2,2,2,3210,3003,1,2,0,15,1315,366,274,44,29,1038,2080,656,275,267,148,100,5,3,0,3,2,1,3210,AHRF_natality_24,0.93,0.62,1.04,0.31,FALSE,Metro (RUCC 1-3),3003,TRUE,12.19,9.12,1.47,0.97,34.57,7.12,15.24,0.5903,4.67,0.167,Both
46003,Aurora,SD,2573,31,481,9,1,"Aurora, SD",0,0,0,37,39,0,0,0,0,0,,,,,12,36,,,,,,0,0,0,0,0,,37,AHRF_natality_24,,,0,,TRUE,"Nonmetro, remote (RUCC 7-9)",39,FALSE,,,,,,,,,,,Neither
46005,Beadle,SD,19279,374,3724,7,0.2535380438,"Beadle, SD",1,1,1,271,276,0,1,1,0,138,42,22,,,127,211,,81,63,17,,2,1,1,0,0,,271,AHRF_natality_24,0,3.69,0,0,FALSE,"Nonmetro, remote (RUCC 7-9)",276,TRUE,15.22,7.97,,,46.01,8.06,,0.4908,0,,Neither
46007,Bennett,SD,3354,43,804,9,1,"Bennett, SD",0,0,0,49,52,0,1,1,0,0,,,,,35,13,,,39,,,2,1,1,0,0,,49,AHRF_natality_24,,,0,,FALSE,"Nonmetro, remote (RUCC 7-9)",52,FALSE,,,,,,,,,,,Neither
46009,Bon Homme,SD,7024,75,929,9,1,"Bon Homme, SD",0,0,0,70,77,0,2,2,0,0,,,,,17,74,,,,,,5,2,2,0,0,,70,AHRF_natality_24,0,0,0,0,FALSE,"Nonmetro, remote (RUCC 7-9)",77,FALSE,,,,,,,,,0,,Neither
46011,Brookings,SD,34968,325,9329,5,0.3113018182,"Brookings, SD",0,0,0,372,387,0,1,0,1,588,46,29,,,86,349,10,33,29,24,,1,1,0,0,0,,372,AHRF_natality_24,0,0,0,0,FALSE,"Nonmetro, adjacent (RUCC 4-6)",387,TRUE,11.89,7.49,,,22.22,6.88,,,2.69,0,OB/GYN only
46013,Brown,SD,38079,599,8273,5,0.269418553,"Brown, SD",0,0,0,383,406,2,2,0,5,648,44,31,,,140,343,,32,55,25,,4,4,0,0,0,,383,AHRF_natality_24,0,0,0,5.22,FALSE,"Nonmetro, adjacent (RUCC 4-6)",406,TRUE,10.84,7.64,,,34.48,7.29,,,13.05,0,OB/GYN only
46015,Brule,SD,5261,55,990,9,1,"Brule, SD",0,0,0,61,67,1,1,1,0,57,11,,,,27,44,,,22,,,2,1,1,1,0,9,61,AHRF_natality_24,16.39,0,19.01,16.39,FALSE,"Nonmetro, remote (RUCC 7-9)",67,FALSE,,,,,,,,,0,1,Midwife only
46017,Buffalo,SD,1757,22,387,9,1,"Buffalo, SD",0,0,0,32,36,0,0,0,0,0,,,,,27,,,,31,,,0,0,0,0,0,,32,AHRF_natality_24,,,0,,TRUE,"Nonmetro, remote (RUCC 7-9)",36,FALSE,,,,,,,,,,,Neither
46019,Butte,SD,10538,97,2036,7,0.5031728986,"Butte, SD",0,0,0,128,133,0,0,0,0,0,11,,,,40,123,,,,,,2,1,1,0,0,,128,AHRF_natality_24,0,0,0,0,FALSE,"Nonmetro, remote (RUCC 7-9)",133,TRUE,8.27,,,,30.08,,,1,0,,Neither
46021,Campbell,SD,1481,41,211,9,1,"Campbell, SD",0,0,0,27,17,0,0,0,0,0,,,,,,16,,,,,,0,0,0,0,0,,27,AHRF_natality_24,,,0,,TRUE,"Nonmetro, remote (RUCC 7-9)",17,FALSE,,,,,,,,,,,Neither
46023,Charles Mix,SD,9281,174,1734,9,1,"Charles Mix, SD",0,0,0,149,137,0,2,2,0,280,19,11,,,68,70,,,65,,,5,3,2,1,0,9,149,AHRF_natality_24,6.71,0,10.77,0,FALSE,"Nonmetro, remote (RUCC 7-9)",137,TRUE,13.87,8.03,,,49.64,,,,0,1,Midwife only
46025,Clark,SD,3876,52,624,9,1,"Clark, SD",0,0,0,68,57,0,0,0,0,0,,,,,,57,,,,,,0,0,0,0,0,,68,AHRF_natality_24,0,0,0,0,TRUE,"Nonmetro, remote (RUCC 7-9)",57,FALSE,,,,,,,,,0,,Neither
46027,Clay,SD,15133,99,4566,6,0.2210195764,"Clay, SD",0,0,0,133,117,1,1,1,0,69,17,,,,40,95,,,18,,,2,1,1,0,0,,133,AHRF_natality_24,0,0,0,7.52,FALSE,"Nonmetro, adjacent (RUCC 4-6)",117,TRUE,14.53,,,,34.19,,,0.4812,0,,Neither
46029,Codington,SD,28556,292,5684,5,0.2712091792,"Codington, SD",0,0,0,334,323,1,1,0,4,572,38,20,,,124,295,,13,26,18,,3,3,0,0,0,,334,AHRF_natality_24,0,0,0,2.99,FALSE,"Nonmetro, adjacent (RUCC 4-6)",323,TRUE,11.76,6.19,,,38.39,6.1,,,11.98,0,OB/GYN only
46031,Corson,SD,3859,32,813,9,1,"Corson, SD",0,0,0,81,75,0,0,0,0,0,13,,,,54,19,,,56,,,0,0,0,0,0,,81,AHRF_natality_24,0,0,0,0,TRUE,"Nonmetro, remote (RUCC 7-9)",75,FALSE,,,,,,,,,0,,Neither
46033,Custer,SD,8686,36,1305,3,1,"Custer, SD",0,0,0,77,75,0,1,1,0,0,,,,,21,65,,,10,,,2,1,1,1,0,3,77,AHRF_natality_24,12.99,0,11.51,0,FALSE,Metro (RUCC 1-3),75,FALSE,,,,,,,,,0,1,Midwife only
46035,Davison,SD,19936,145,4007,7,0.2137702946,"Davison, SD",0,0,0,227,222,1,1,1,2,399,26,17,,,87,191,,19,28,12,,3,2,1,0,0,,227,AHRF_natality_24,0,0,0,4.41,FALSE,"Nonmetro, remote (RUCC 7-9)",222,TRUE,11.71,7.66,,,39.19,6.28,,,8.81,0,OB/GYN only
46037,Day,SD,5460,71,913,9,1,"Day, SD",0,0,0,55,49,0,1,1,0,0,,,,,17,38,,,10,,,2,1,1,0,0,,55,AHRF_natality_24,0,0,0,0,FALSE,"Nonmetro, remote (RUCC 7-9)",49,FALSE,,,,,,,,,0,,Neither
46039,Deuel,SD,4318,49,781,9,1,"Deuel, SD",0,0,0,58,59,0,1,1,0,0,,,,,10,59,,,,,,2,1,1,0,0,,58,AHRF_natality_24,0,0,0,0,FALSE,"Nonmetro, remote (RUCC 7-9)",59,FALSE,,,,,,,,,0,,Neither
46041,Dewey,SD,5230,83,1132,9,1,"Dewey, SD",0,0,0,297,181,0,1,0,0,179,29,17,,,85,95,,,84,,,2,1,1,0,0,,297,AHRF_natality_24,0,0,0,0,FALSE,"Nonmetro, remote (RUCC 7-9)",181,TRUE,16.02,9.39,,,46.96,,,0.3973,0,,Neither
46043,Douglas,SD,2823,54,451,9,1,"Douglas, SD",0,0,0,43,45,0,1,1,0,0,,,,,,43,,,,,,2,1,1,0,0,,43,AHRF_natality_24,,,0,,FALSE,"Nonmetro, remote (RUCC 7-9)",45,FALSE,,,,,,,,,,,Neither
46045,Edmunds,SD,4033,84,670,9,1,"Edmunds, SD",0,0,0,29,44,0,1,1,0,0,,,,,,42,,,,,,3,2,1,0,0,,29,AHRF_natality_24,,,0,,FALSE,"Nonmetro, remote (RUCC 7-9)",44,FALSE,,,,,,,,,,,Neither
46047,Fall River,SD,7179,55,1077,9,1,"Fall River, SD",1,1,1,44,47,0,1,1,0,0,,,,,20,38,,,,,,3,1,1,0,0,,44,AHRF_natality_24,,,0,,FALSE,"Nonmetro, remote (RUCC 7-9)",47,FALSE,,,,,,,,,,,Neither
46049,Faulk,SD,2137,10,376,9,1,"Faulk, SD",0,0,0,33,36,0,1,1,0,0,,,,,,35,,,,,,2,1,1,0,0,,33,AHRF_natality_24,,,0,,FALSE,"Nonmetro, remote (RUCC 7-9)",36,FALSE,,,,,,,,,,,Neither
46051,Grant,SD,7544,68,1274,9,1,"Grant, SD",0,0,0,107,84,1,1,1,0,48,,,,,22,80,,10,,,,2,1,1,0,0,,107,AHRF_natality_24,0,0,0,9.35,FALSE,"Nonmetro, remote (RUCC 7-9)",84,FALSE,,,,,,,,0.5514,0,,Neither
46053,Gregory,SD,3993,28,667,9,1,"Gregory, SD",0,0,0,49,45,0,2,2,0,0,,,,,14,38,,,,,,4,2,2,0,0,,49,AHRF_natality_24,,,0,,FALSE,"Nonmetro, remote (RUCC 7-9)",45,FALSE,,,,,,,,,,,Neither
46055,Haakon,SD,1708,7,305,9,1,"Haakon, SD",0,0,0,29,24,0,1,1,0,0,,,,,,22,,,,,,2,1,1,0,0,,29,AHRF_natality_24,,,0,,FALSE,"Nonmetro, remote (RUCC 7-9)",24,FALSE,,,,,,,,,,,Neither
46057,Hamlin,SD,6288,123,1259,9,1,"Hamlin, SD",0,0,0,137,143,0,0,0,0,0,17,,,,14,141,,,,,,1,1,0,0,0,,137,AHRF_natality_24,0,0,0,0,FALSE,"Nonmetro, remote (RUCC 7-9)",143,TRUE,11.89,,,,9.79,,,1,0,,Neither
46059,Hand,SD,3045,61,544,9,1,"Hand, SD",0,0,0,33,40,0,1,1,0,0,,,,,,40,,,,,,2,1,1,0,0,,33,AHRF_natality_24,,,0,,FALSE,"Nonmetro, remote (RUCC 7-9)",40,FALSE,,,,,,,,,,,Neither
46061,Hanson,SD,3473,55,690,8,1,"Hanson, SD",0,0,0,37,41,0,0,0,0,0,,,,,,40,,,,,,0,0,0,0,0,,37,AHRF_natality_24,,,0,,TRUE,"Nonmetro, remote (RUCC 7-9)",41,FALSE,,,,,,,,,,,Neither
46063,Harding,SD,1092,4,136,9,1,"Harding, SD",0,0,0,17,16,0,0,0,0,0,,,,,,15,,,,,,0,0,0,0,0,,17,AHRF_natality_24,,,0,,TRUE,"Nonmetro, remote (RUCC 7-9)",16,FALSE,,,,,,,,,,,Neither
46065,Hughes,SD,17732,182,4015,7,0.2867998874,"Hughes, SD",1,1,1,212,212,1,1,0,3,430,29,21,,,92,149,,,62,13,,1,1,0,1,0,7,212,AHRF_natality_24,4.72,4.72,5.64,4.72,FALSE,"Nonmetro, remote (RUCC 7-9)",212,TRUE,13.68,9.91,,,43.4,8.72,,,14.15,0.25,Both
46067,Hutchinson,SD,7393,132,1353,8,1,"Hutchinson, SD",0,0,0,97,94,1,2,2,0,52,,,,,16,90,,,,,,4,2,2,0,0,,97,AHRF_natality_24,0,0,0,10.31,FALSE,"Nonmetro, remote (RUCC 7-9)",94,FALSE,,,,,,,,,0,,Neither
46069,Hyde,SD,1305,19,211,9,1,"Hyde, SD",0,0,0,14,14,0,0,0,0,0,,,,,,12,,,,,,0,0,0,0,0,,14,AHRF_natality_24,,,0,,TRUE,"Nonmetro, remote (RUCC 7-9)",14,FALSE,,,,,,,,,,,Neither
46071,Jackson,SD,2826,56,599,9,1,"Jackson, SD",1,1,1,51,57,0,0,0,0,0,11,,,,42,13,,,44,,,0,0,0,1,0,9,51,AHRF_natality_24,19.61,19.61,35.39,0,TRUE,"Nonmetro, remote (RUCC 7-9)",57,FALSE,,,,,,,,,0,1,Midwife only
46073,Jerauld,SD,1845,42,327,9,1,"Jerauld, SD",1,1,1,50,29,0,1,1,0,0,,,,,,27,,,,,,2,1,1,0,0,,50,AHRF_natality_24,0,20,0,0,FALSE,"Nonmetro, remote (RUCC 7-9)",29,FALSE,,,,,,,,,0,,Neither
46075,Jones,SD,1030,11,253,9,1,"Jones, SD",0,0,0,5,,0,0,0,0,0,,,,,,,,,,,,0,0,0,0,0,,5,AHRF_natality_24,,,0,,TRUE,"Nonmetro, remote (RUCC 7-9)",,FALSE,,,,,,,,,,,Neither
46077,Kingsbury,SD,5210,55,890,9,1,"Kingsbury, SD",0,0,0,60,64,0,1,1,0,0,,,,,,63,,,,,,3,2,1,0,0,,60,AHRF_natality_24,0,0,0,0,FALSE,"Nonmetro, remote (RUCC 7-9)",64,FALSE,,,,,,,,,0,,Neither
46079,Lake,SD,11052,186,2030,6,0.4421737951,"Lake, SD",0,0,0,113,109,1,1,1,0,50,11,,,,27,104,,,,,,2,1,1,0,0,,113,AHRF_natality_24,0,0,0,8.85,FALSE,"Nonmetro, adjacent (RUCC 4-6)",109,TRUE,10.09,,,,24.77,,,0.5575,0,,Neither
46081,Lawrence,SD,26574,162,5668,6,0.3275380317,"Lawrence, SD",0,0,0,236,197,1,2,1,2,458,17,11,,,56,181,,12,15,10,,4,3,1,0,0,,236,AHRF_natality_24,0,0,0,4.24,FALSE,"Nonmetro, adjacent (RUCC 4-6)",197,TRUE,8.63,5.58,,,28.43,5.52,,,8.47,0,OB/GYN only
46083,Lincoln,SD,68286,1340,16100,2,0.2547536103,"Lincoln, SD",1,0,1,564,722,0,3,1,13,0,77,49,,,137,664,26,27,32,42,,2,1,1,1,1,2,564,AHRF_natality_24,1.77,1.77,1.46,0,FALSE,Metro (RUCC 1-3),722,TRUE,10.66,6.79,,,18.98,6.33,,1,23.05,0.071,Both
46085,Lyman,SD,3717,96,703,9,1,"Lyman, SD",0,0,0,67,65,0,0,0,0,0,,,,,38,27,,,37,,,0,0,0,0,0,,67,AHRF_natality_24,0,0,0,0,TRUE,"Nonmetro, remote (RUCC 7-9)",65,FALSE,,,,,,,,,0,,Neither
46087,McCook,SD,5732,157,1089,2,1,"McCook, SD",0,0,0,72,82,0,0,0,1,0,,,,,15,79,,,,,,0,0,0,0,0,,72,AHRF_natality_24,0,0,0,0,TRUE,Metro (RUCC 1-3),82,FALSE,,,,,,,,,13.89,0,OB/GYN only
46089,McPherson,SD,2278,102,386,9,1,"McPherson, SD",0,0,0,18,24,0,1,1,0,0,,,,,,23,,,,,,2,1,1,0,0,,18,AHRF_natality_24,,,0,,FALSE,"Nonmetro, remote (RUCC 7-9)",24,FALSE,,,,,,,,,,,Neither
46091,Marshall,SD,4355,51,703,9,1,"Marshall, SD",0,0,0,61,59,0,1,1,0,0,,,,,10,55,,,,,,2,1,1,0,0,,61,AHRF_natality_24,0,0,0,0,FALSE,"Nonmetro, remote (RUCC 7-9)",59,FALSE,,,,,,,,,0,,Neither
46093,Meade,SD,30297,447,6562,3,0.3325405333,"Meade, SD",0,0,0,313,290,0,2,1,0,0,26,16,,,76,255,,11,33,14,,4,1,1,0,0,,313,AHRF_natality_24,0,0,0,0,FALSE,Metro (RUCC 1-3),290,TRUE,8.97,5.52,,,26.21,5.49,,1,0,,Neither
46095,Mellette,SD,2043,28,441,9,1,"Mellette, SD",0,0,0,28,74,0,0,0,0,0,14,,,,60,10,,,64,,,0,0,0,0,0,,28,AHRF_natality_24,,,0,,TRUE,"Nonmetro, remote (RUCC 7-9)",74,FALSE,,,,,,,,,,,Neither
46097,Miner,SD,2299,15,388,8,1,"Miner, SD",0,0,0,27,25,0,0,0,0,0,,,,,,24,,,,,,0,0,0,0,0,,27,AHRF_natality_24,,,0,,TRUE,"Nonmetro, remote (RUCC 7-9)",25,FALSE,,,,,,,,,,,Neither
46099,Minnehaha,SD,200689,3163,45368,2,0.1433721744,"Minnehaha, SD",14,14,14,2723,2772,2,7,1,27,5503,338,206,28,34,933,2200,281,230,291,150,28,14,5,1,15,15,2,2723,AHRF_natality_24,5.51,5.14,7.47,0.73,FALSE,Metro (RUCC 1-3),2772,TRUE,12.19,7.43,1.01,1.23,33.66,6.82,9.96,,9.92,0.357,Both
46101,Moody,SD,6371,134,1136,8,1,"Moody, SD",0,0,0,107,94,0,1,1,0,0,15,,,,28,76,,,17,,,2,1,1,0,0,,107,AHRF_natality_24,0,0,0,0,FALSE,"Nonmetro, remote (RUCC 7-9)",94,FALSE,,,,,,,,1,0,,Neither
46102,Oglala Lakota,SD,13587,197,3216,9,1,"Oglala Lakota, SD",5,5,5,250,256,0,1,0,1,172,56,24,,15,214,16,,,240,,,2,2,0,4,0,9,250,AHRF_natality_24,16,20,29.44,0,FALSE,"Nonmetro, remote (RUCC 7-9)",256,TRUE,21.88,9.38,,5.86,83.59,,,0.312,4,0.8,Both
46103,Pennington,SD,112081,1273,22246,3,0.1801926352,"Pennington, SD",9,9,9,1366,1415,1,4,0,13,1957,160,101,19,23,578,979,28,115,408,65,,8,5,0,7,5,3,1366,AHRF_natality_24,5.12,6.59,6.25,0.73,FALSE,Metro (RUCC 1-3),1415,TRUE,11.31,7.14,1.34,1.63,40.85,6.64,,,9.52,0.35,Both
46105,Perkins,SD,3058,24,541,9,1,"Perkins, SD",0,0,0,34,29,0,0,0,0,0,,,,,,29,,,,,,2,1,1,0,0,,34,AHRF_natality_24,,,0,,FALSE,"Nonmetro, remote (RUCC 7-9)",29,FALSE,,,,,,,,,,,Neither
46107,Potter,SD,2430,40,439,9,1,"Potter, SD",0,0,0,20,24,0,1,1,0,0,,,,,,21,,,,,,3,2,1,0,0,,20,AHRF_natality_24,,,0,,FALSE,"Nonmetro, remote (RUCC 7-9)",24,FALSE,,,,,,,,,,,Neither
46109,Roberts,SD,10219,147,1793,9,1,"Roberts, SD",0,0,0,142,138,0,1,1,1,115,20,,,,81,52,,,86,,,3,2,1,0,0,,142,AHRF_natality_24,0,0,0,0,FALSE,"Nonmetro, remote (RUCC 7-9)",138,TRUE,14.49,,,,58.7,,,0.1901,7.04,0,OB/GYN only
46111,Sanborn,SD,2370,28,469,9,1,"Sanborn, SD",0,0,0,33,32,0,0,0,0,0,,,,,,31,,,,,,0,0,0,0,0,,33,AHRF_natality_24,,,0,,TRUE,"Nonmetro, remote (RUCC 7-9)",32,FALSE,,,,,,,,,,,Neither
46115,Spink,SD,6283,77,1138,9,1,"Spink, SD",0,0,0,63,78,0,1,1,0,0,,,,,19,75,,,,,,2,1,1,0,0,,63,AHRF_natality_24,0,0,0,0,FALSE,"Nonmetro, remote (RUCC 7-9)",78,FALSE,,,,,,,,,0,,Neither
46117,Stanley,SD,3012,14,494,9,0.3003355705,"Stanley, SD",0,0,0,31,30,0,0,0,2,0,,,,,11,26,,,,,,0,0,0,0,0,,31,AHRF_natality_24,,,0,,TRUE,"Nonmetro, remote (RUCC 7-9)",30,FALSE,,,,,,,,,,0,OB/GYN only
46119,Sully,SD,1481,2,246,9,1,"Sully, SD",0,0,0,12,11,0,0,0,0,0,,,,,,,,,,,,0,0,0,0,0,,12,AHRF_natality_24,,,0,,TRUE,"Nonmetro, remote (RUCC 7-9)",11,FALSE,,,,,,,,,,,Neither
46121,Todd,SD,9293,175,2272,9,1,"Todd, SD",0,0,0,120,116,0,1,0,0,134,27,10,,,101,,,,110,,,1,1,0,0,0,,120,AHRF_natality_24,0,0,0,0,FALSE,"Nonmetro, remote (RUCC 7-9)",116,TRUE,23.28,8.62,,,87.07,,,,0,,Neither
46123,Tripp,SD,5607,88,898,9,1,"Tripp, SD",0,0,0,140,98,0,1,1,1,478,18,,,,55,49,,,50,,,2,1,1,0,0,,140,AHRF_natality_24,0,0,0,0,FALSE,"Nonmetro, remote (RUCC 7-9)",98,FALSE,,,,,,,,,7.14,0,OB/GYN only
46125,Turner,SD,8772,121,1691,2,1,"Turner, SD",0,0,0,153,153,0,1,1,0,0,13,,,,30,147,,,,,,2,1,1,0,0,,153,AHRF_natality_24,0,0,0,0,FALSE,Metro (RUCC 1-3),153,TRUE,8.5,,,,19.61,,,1,0,,Neither
46127,Union,SD,16916,245,3423,3,0.5790851228,"Union, SD",0,0,0,245,172,0,1,0,3,0,23,12,,,42,157,,11,11,10,,1,1,0,0,0,,245,AHRF_natality_24,0,0,0,0,FALSE,Metro (RUCC 1-3),172,TRUE,13.37,6.98,,,24.42,6.37,,1,12.24,0,OB/GYN only
46129,Walworth,SD,5298,120,967,9,1,"Walworth, SD",0,0,0,82,72,1,1,1,0,60,,,,,32,46,,,26,,,2,1,1,1,0,9,82,AHRF_natality_24,12.2,0,18.88,12.2,FALSE,"Nonmetro, remote (RUCC 7-9)",72,FALSE,,,,,,,,,0,1,Midwife only
46135,Yankton,SD,23379,363,4291,7,0.3126555127,"Yankton, SD",0,0,0,239,236,1,1,0,5,486,26,17,,,90,208,,20,24,16,,4,2,0,1,0,7,239,AHRF_natality_24,4.18,0,4.28,4.18,FALSE,"Nonmetro, remote (RUCC 7-9)",236,TRUE,11.02,7.2,,,38.14,7.69,,,20.92,0.167,Both
46137,Ziebach,SD,2410,72,619,9,1,"Ziebach, SD",0,0,0,96,57,0,0,0,0,0,,,,,46,,,,52,,,0,0,0,0,0,,96,AHRF_natality_24,0,0,0,0,TRUE,"Nonmetro, remote (RUCC 7-9)",57,FALSE,,,,,,,,,0,,Neither
47001,Anderson,TN,78175,690,16146,2,0.3652088223,"Anderson, TN",0,0,0,857,851,1,3,0,5,503,106,78,13,12,365,784,38,53,30,69,,4,2,0,0,0,,857,AHRF_natality_24,0,0,0,1.17,FALSE,Metro (RUCC 1-3),851,TRUE,12.46,9.17,1.53,1.41,42.89,8.8,,0.4131,5.83,0,OB/GYN only
47003,Bedford,TN,51291,654,11369,4,0.5510878436,"Bedford, TN",0,0,0,726,722,0,1,0,0,0,107,69,10,19,347,623,55,208,44,57,,1,1,0,0,0,,726,AHRF_natality_24,0,0,0,0,FALSE,"Nonmetro, adjacent (RUCC 4-6)",722,TRUE,14.82,9.56,1.39,2.63,48.06,9.15,,1,0,,Neither
47005,Benton,TN,15948,150,3029,9,1,"Benton, TN",0,0,0,162,157,0,1,1,0,0,19,11,,,76,148,,,,10,,2,1,1,0,0,,162,AHRF_natality_24,0,0,0,0,FALSE,"Nonmetro, remote (RUCC 7-9)",157,TRUE,12.1,7.01,,,48.41,6.76,,1,0,,Neither
47007,Bledsoe,TN,14905,187,2375,8,1,"Bledsoe, TN",0,0,0,110,128,0,1,1,0,0,13,,,,61,125,,,,,,3,1,2,0,0,,110,AHRF_natality_24,0,0,0,0,FALSE,"Nonmetro, remote (RUCC 7-9)",128,TRUE,10.16,,,,47.66,,,1,0,,Neither
47009,Blount,TN,137747,1368,28245,2,0.3720062093,"Blount, TN",0,0,0,1330,1305,0,1,0,11,199,138,107,19,18,458,1222,40,85,43,98,,2,1,0,0,0,,1330,AHRF_natality_24,0,0,0,0,FALSE,Metro (RUCC 1-3),1305,TRUE,10.57,8.2,1.46,1.38,35.1,8.02,,0.8504,8.27,0,OB/GYN only
47011,Bradley,TN,109743,1332,24589,3,0.3194807586,"Bradley, TN",4,4,4,1211,1223,0,1,0,7,203,146,95,15,13,463,1091,74,170,58,80,11,2,2,0,2,0,3,1211,AHRF_natality_24,1.65,3.3,1.82,0,FALSE,Metro (RUCC 1-3),1223,TRUE,11.94,7.77,1.23,1.06,37.86,7.33,,0.8324,5.78,0.222,Both
47013,Campbell,TN,39568,635,8055,2,0.4878284783,"Campbell, TN",0,0,0,413,413,0,1,0,1,0,61,39,,,189,407,,,,39,,3,2,1,0,0,,413,AHRF_natality_24,0,0,0,0,FALSE,Metro (RUCC 1-3),413,TRUE,14.77,9.44,,,45.76,9.58,,1,2.42,0,OB/GYN only
47015,Cannon,TN,14661,135,3057,1,1,"Cannon, TN",0,0,0,173,181,0,1,0,0,0,25,14,,,72,173,,,,13,,1,1,0,0,0,,173,AHRF_natality_24,0,0,0,0,FALSE,Metro (RUCC 1-3),181,TRUE,13.81,7.73,,,39.78,7.51,,1,0,,Neither
47017,Carroll,TN,28461,230,5765,6,0.8210267229,"Carroll, TN",0,0,0,337,314,0,1,0,3,1,44,27,,,162,273,26,12,15,20,,2,2,0,0,0,,337,AHRF_natality_24,0,0,0,0,FALSE,"Nonmetro, adjacent (RUCC 4-6)",314,TRUE,14.01,8.6,,,51.59,7.33,,0.997,8.9,0,OB/GYN only
47019,Carter,TN,56462,588,11753,3,0.4073745475,"Carter, TN",0,0,0,481,465,0,1,0,3,0,59,45,,12,197,450,,13,,43,,1,1,0,1,0,3,481,AHRF_natality_24,2.08,0,1.77,0,FALSE,Metro (RUCC 1-3),465,TRUE,12.69,9.68,,2.58,42.37,9.56,,1,6.24,0.25,Both
47021,Cheatham,TN,41500,527,8966,1,1,"Cheatham, TN",0,0,0,446,469,0,0,0,1,0,63,33,,,160,438,14,38,17,31,,3,1,1,1,0,1,446,AHRF_natality_24,2.24,0,2.41,0,FALSE,Metro (RUCC 1-3),469,TRUE,13.43,7.04,,,34.12,7.08,,1,2.24,0.5,Both
47023,Chester,TN,17452,195,4082,3,0.659419872,"Chester, TN",0,0,0,211,194,0,0,0,0,0,25,16,,,77,167,21,,,11,,0,0,0,0,0,,211,AHRF_natality_24,0,0,0,0,TRUE,Metro (RUCC 1-3),194,TRUE,12.89,8.25,,,39.69,6.59,,1,0,,Neither
47025,Claiborne,TN,32221,442,6991,6,0.7132915145,"Claiborne, TN",0,0,0,350,317,0,1,0,1,0,42,29,,,119,312,,,,29,,1,1,0,0,0,,350,AHRF_natality_24,0,0,0,0,FALSE,"Nonmetro, adjacent (RUCC 4-6)",317,TRUE,13.25,9.15,,,37.54,9.29,,1,2.86,0,OB/GYN only
47027,Clay,TN,7621,47,1431,8,1,"Clay, TN",0,0,0,72,71,0,0,0,0,0,10,,,,36,69,,,,,,3,2,1,0,0,,72,AHRF_natality_24,0,0,0,0,FALSE,"Nonmetro, remote (RUCC 7-9)",71,FALSE,,,,,,,,,0,,Neither
47029,Cocke,TN,36503,229,7221,6,0.678935526,"Cocke, TN",0,0,0,366,369,0,1,0,1,151,47,26,,,197,348,,16,14,24,,1,1,0,0,0,,366,AHRF_natality_24,0,0,0,0,FALSE,"Nonmetro, adjacent (RUCC 4-6)",369,TRUE,12.74,7.05,,,53.39,6.9,,0.5874,2.73,0,OB/GYN only
47031,Coffee,TN,58940,567,12511,4,0.4607611118,"Coffee, TN",0,0,0,682,692,1,2,0,2,458,94,59,,15,299,643,24,67,25,55,,4,3,1,0,0,,682,AHRF_natality_24,0,0,0,1.47,FALSE,"Nonmetro, adjacent (RUCC 4-6)",692,TRUE,13.58,8.53,,2.17,43.21,8.55,,0.3284,2.93,0,OB/GYN only
47033,Crockett,TN,13937,131,2934,3,1,"Crockett, TN",0,0,0,167,164,0,0,0,0,0,25,15,,,79,143,18,24,,13,,0,0,0,0,0,,167,AHRF_natality_24,0,0,0,0,TRUE,Metro (RUCC 1-3),164,TRUE,15.24,9.15,,,48.17,9.09,,1,0,,Neither
47035,Cumberland,TN,62529,690,10244,4,0.5394390384,"Cumberland, TN",0,0,0,541,532,1,1,0,3,719,66,44,,,233,519,,35,10,43,,1,1,0,1,0,4,541,AHRF_natality_24,1.85,0,1.6,1.85,FALSE,"Nonmetro, adjacent (RUCC 4-6)",532,TRUE,12.41,8.27,,,43.8,8.29,,,5.55,0.25,Both
47037,Davidson,TN,709846,10996,192081,1,0.0314254823,"Davidson, TN",110,99,109,10197,10153,2,13,0,163,12681,1338,934,154,143,4267,6946,2479,2488,727,502,362,30,16,0,124,115,1,10197,AHRF_natality_24,12.16,10.79,17.47,0.2,FALSE,Metro (RUCC 1-3),10153,TRUE,13.18,9.2,1.52,1.41,42.03,7.23,14.6,,15.99,0.432,Both
47039,Decatur,TN,11499,192,2177,9,1,"Decatur, TN",0,0,0,121,107,0,0,0,0,0,14,,,,45,105,,,,,,1,1,0,0,0,,121,AHRF_natality_24,0,0,0,0,FALSE,"Nonmetro, remote (RUCC 7-9)",107,TRUE,13.08,,,,42.06,,,1,0,,Neither
47041,DeKalb,TN,20551,285,4074,8,0.7597111554,"DeKalb, TN",0,0,0,272,250,0,1,0,0,0,39,27,,,103,237,,25,,27,,2,2,0,0,0,,272,AHRF_natality_24,0,0,0,0,FALSE,"Nonmetro, remote (RUCC 7-9)",250,TRUE,15.6,10.8,,,41.2,11.39,,1,0,,Neither
47043,Dickson,TN,55197,638,12190,1,0.6954248366,"Dickson, TN",0,0,0,655,670,0,1,0,4,170,84,61,13,,264,611,28,57,31,50,,1,1,0,0,0,,655,AHRF_natality_24,0,0,0,0,FALSE,Metro (RUCC 1-3),670,TRUE,12.54,9.1,1.94,,39.4,8.18,,0.7405,6.11,0,OB/GYN only
47045,Dyer,TN,36681,407,8204,6,0.5437623978,"Dyer, TN",0,0,0,441,452,1,1,0,2,468,62,45,,10,262,338,91,21,23,26,16,1,1,0,0,0,,441,AHRF_natality_24,0,0,0,2.27,FALSE,"Nonmetro, adjacent (RUCC 4-6)",452,TRUE,13.72,9.96,,2.21,57.96,7.69,,,4.54,0,OB/GYN only
47047,Fayette,TN,42653,414,8086,1,0.746868302,"Fayette, TN",0,0,0,433,438,0,0,0,4,0,59,43,,,159,308,121,18,,24,19,1,1,0,0,0,,433,AHRF_natality_24,0,0,0,0,FALSE,Metro (RUCC 1-3),438,TRUE,13.47,9.82,,,36.3,7.79,15.7,1,9.24,0,OB/GYN only
47049,Fentress,TN,18948,217,3386,8,1,"Fentress, TN",0,0,0,188,197,0,0,0,0,0,28,17,,,71,196,,,,17,,1,1,0,0,0,,188,AHRF_natality_24,0,0,0,0,FALSE,"Nonmetro, remote (RUCC 7-9)",197,TRUE,14.21,8.63,,,36.04,8.67,,1,0,,Neither
47051,Franklin,TN,43478,647,9335,7,0.6790339926,"Franklin, TN",0,0,0,444,433,0,1,0,1,180,58,34,,,188,402,14,25,17,30,,2,2,0,0,0,,444,AHRF_natality_24,0,0,0,0,FALSE,"Nonmetro, remote (RUCC 7-9)",433,TRUE,13.39,7.85,,,43.42,7.46,,0.5946,2.25,0,OB/GYN only
47053,Gibson,TN,50610,464,11084,3,0.7077475262,"Gibson, TN",0,0,0,617,612,0,1,0,3,0,80,49,11,10,304,478,114,28,20,29,17,4,4,0,0,0,,617,AHRF_natality_24,0,0,0,0,FALSE,Metro (RUCC 1-3),612,TRUE,13.07,8.01,1.8,1.63,49.67,6.07,14.91,1,4.86,0,OB/GYN only
47055,Giles,TN,30442,303,6228,6,0.7311672049,"Giles, TN",0,0,0,352,312,0,1,0,0,146,49,31,,,153,274,27,12,11,25,,1,1,0,1,1,6,352,AHRF_natality_24,2.84,0,3.28,0,FALSE,"Nonmetro, adjacent (RUCC 4-6)",312,TRUE,15.71,9.94,,,49.04,9.12,,0.5852,0,1,Midwife only
47057,Grainger,TN,23929,307,4772,2,0.8443065414,"Grainger, TN",0,0,0,244,254,0,0,0,0,0,28,25,,,84,248,,11,,25,,0,0,0,0,0,,244,AHRF_natality_24,0,0,0,0,TRUE,Metro (RUCC 1-3),254,TRUE,11.02,9.84,,,33.07,10.08,,1,0,,Neither
47059,Greene,TN,70919,672,14424,4,0.6732951306,"Greene, TN",0,1,0,626,628,0,1,0,5,0,77,52,,10,280,598,10,37,20,51,,2,2,0,0,0,,626,AHRF_natality_24,0,0,0,0,FALSE,"Nonmetro, adjacent (RUCC 4-6)",628,TRUE,12.26,8.28,,1.59,44.59,8.53,,1,7.99,0,OB/GYN only
47061,Grundy,TN,13665,118,2795,8,1,"Grundy, TN",0,0,0,174,173,0,0,0,0,0,26,17,,,80,171,,,,17,,1,1,0,0,0,,174,AHRF_natality_24,0,0,0,0,FALSE,"Nonmetro, remote (RUCC 7-9)",173,TRUE,15.03,9.83,,,46.24,9.94,,1,0,,Neither
47063,Hamblen,TN,64930,764,13346,3,0.2266081645,"Hamblen, TN",2,0,2,788,778,1,1,0,7,835,101,60,10,16,396,705,27,219,46,52,,2,2,0,5,4,3,788,AHRF_natality_24,6.35,2.54,7.7,1.27,FALSE,Metro (RUCC 1-3),778,TRUE,12.98,7.71,1.29,2.06,50.9,7.38,,,8.88,0.417,Both
47065,Hamilton,TN,370913,4624,84777,2,0.1250604166,"Hamilton, TN",22,22,22,4438,4491,1,8,0,61,5777,555,402,53,61,1800,3307,917,752,268,223,158,18,9,0,19,16,2,4438,AHRF_natality_24,4.28,4.96,5.12,0.23,FALSE,Metro (RUCC 1-3),4491,TRUE,12.36,8.95,1.18,1.36,40.08,6.74,17.23,,13.74,0.238,Both
47067,Hancock,TN,6790,58,1284,8,1,"Hancock, TN",0,0,0,63,60,0,1,1,0,0,,,,,24,58,,,,,,2,1,1,0,0,,63,AHRF_natality_24,0,0,0,0,FALSE,"Nonmetro, remote (RUCC 7-9)",60,FALSE,,,,,,,,,0,,Neither
47069,Hardeman,TN,25477,378,4445,6,0.7925928835,"Hardeman, TN",0,0,0,280,274,0,2,1,0,1,44,34,,,163,148,118,,,14,19,4,2,1,0,0,,280,AHRF_natality_24,0,0,0,0,FALSE,"Nonmetro, adjacent (RUCC 4-6)",274,TRUE,16.06,12.41,,,59.49,9.46,16.1,0.9964,0,,Neither
47071,Hardin,TN,26939,301,5343,6,0.6709776005,"Hardin, TN",0,0,0,287,274,0,1,0,1,167,35,20,,,122,260,,,,16,,1,1,0,0,0,,287,AHRF_natality_24,0,0,0,0,FALSE,"Nonmetro, adjacent (RUCC 4-6)",274,TRUE,12.77,7.3,,,44.53,6.15,,0.4181,3.48,0,OB/GYN only
47073,Hawkins,TN,57446,692,11372,2,0.620757744,"Hawkins, TN",0,0,0,529,523,0,1,0,0,0,69,47,,,236,504,,19,14,45,,1,1,0,0,0,,529,AHRF_natality_24,0,0,0,0,FALSE,Metro (RUCC 1-3),523,TRUE,13.19,8.99,,,45.12,8.93,,1,0,,Neither
47075,Haywood,TN,17672,187,3744,6,0.4614308106,"Haywood, TN",0,0,0,179,193,0,0,0,1,0,26,20,,,121,90,100,10,,,13,2,2,0,0,0,,179,AHRF_natality_24,0,0,0,0,FALSE,"Nonmetro, adjacent (RUCC 4-6)",193,TRUE,13.47,10.36,,,62.69,,13,1,5.59,0,OB/GYN only
47077,Henderson,TN,27906,603,6009,6,0.7716758854,"Henderson, TN",0,0,0,321,307,0,1,0,0,375,43,24,,,145,276,19,11,13,19,,1,1,0,0,0,,321,AHRF_natality_24,0,0,0,0,FALSE,"Nonmetro, adjacent (RUCC 4-6)",307,TRUE,14.01,7.82,,,47.23,6.88,,,0,,Neither
47079,Henry,TN,32345,209,6146,7,0.6777229106,"Henry, TN",1,1,1,301,300,1,1,0,3,431,38,26,,,148,272,16,,13,23,,1,1,0,0,0,,301,AHRF_natality_24,0,3.32,0,3.32,FALSE,"Nonmetro, remote (RUCC 7-9)",300,TRUE,12.67,8.67,,,49.33,8.46,,,9.97,0,OB/GYN only
47081,Hickman,TN,25229,227,4986,1,1,"Hickman, TN",0,0,0,285,282,0,1,1,0,0,38,21,,,111,269,,10,,19,,2,1,1,0,0,,285,AHRF_natality_24,0,0,0,0,FALSE,Metro (RUCC 1-3),282,TRUE,13.48,7.45,,,39.36,7.06,,1,0,,Neither
47083,Houston,TN,8293,109,1726,8,1,"Houston, TN",0,0,0,74,76,0,1,1,0,0,14,,,,32,70,,,,,,4,2,2,0,0,,74,AHRF_natality_24,0,0,0,0,FALSE,"Nonmetro, remote (RUCC 7-9)",76,FALSE,,,,,,,,,0,,Neither
47085,Humphreys,TN,19074,264,3717,8,1,"Humphreys, TN",0,0,0,187,194,0,1,1,0,0,21,16,,,85,187,,,,15,,2,1,1,1,0,8,187,AHRF_natality_24,5.35,0,5.24,0,FALSE,"Nonmetro, remote (RUCC 7-9)",194,TRUE,10.82,8.25,,,43.81,8.02,,1,0,1,Midwife only
47087,Jackson,TN,11882,126,2162,8,1,"Jackson, TN",0,0,0,115,108,0,0,0,0,0,16,11,,,44,105,,,,11,,2,2,0,0,0,,115,AHRF_natality_24,0,0,0,0,FALSE,"Nonmetro, remote (RUCC 7-9)",108,TRUE,14.81,10.19,,,40.74,10.48,,1,0,,Neither
47089,Jefferson,TN,55835,575,11440,3,0.7581698151,"Jefferson, TN",0,0,0,512,537,0,1,0,2,0,62,40,,,221,516,,42,12,37,,1,1,0,0,0,,512,AHRF_natality_24,0,0,0,0,FALSE,Metro (RUCC 1-3),537,TRUE,11.55,7.45,,,41.15,7.17,,1,3.91,0,OB/GYN only
47091,Johnson,TN,18073,249,2951,8,1,"Johnson, TN",0,0,0,163,146,0,1,1,0,0,18,11,,,68,141,,11,,10,,4,3,1,0,0,,163,AHRF_natality_24,0,0,0,0,FALSE,"Nonmetro, remote (RUCC 7-9)",146,TRUE,12.33,7.53,,,46.58,7.09,,1,0,,Neither
47093,Knox,TN,487401,4991,117909,2,0.091932497,"Knox, TN",24,21,24,5468,5439,3,6,0,88,10161,643,446,65,64,1864,4569,580,531,290,342,80,21,12,0,28,20,2,5468,AHRF_natality_24,5.12,4.39,5.74,0.55,FALSE,Metro (RUCC 1-3),5439,TRUE,11.82,8.2,1.2,1.18,34.27,7.49,13.79,,16.09,0.241,Both
47095,Lake,TN,6691,136,1007,9,1,"Lake, TN",0,0,0,80,63,0,0,0,0,0,10,,,,44,49,12,,,,,0,0,0,0,0,,80,AHRF_natality_24,0,0,0,0,TRUE,"Nonmetro, remote (RUCC 7-9)",63,FALSE,,,,,,,,,0,,Neither
47097,Lauderdale,TN,24933,299,5081,6,0.7246947461,"Lauderdale, TN",0,0,0,278,285,0,1,1,0,0,51,40,,,188,158,117,,,15,24,2,1,1,0,0,,278,AHRF_natality_24,0,0,0,0,FALSE,"Nonmetro, adjacent (RUCC 4-6)",285,TRUE,17.89,14.04,,,65.96,9.49,20.51,1,0,,Neither
47099,Lawrence,TN,44901,657,9514,6,0.7355239023,"Lawrence, TN",4,4,4,592,582,0,1,0,0,164,77,48,,,199,558,,19,16,45,,3,3,0,3,0,6,592,AHRF_natality_24,5.07,6.76,6.68,0,FALSE,"Nonmetro, adjacent (RUCC 4-6)",582,TRUE,13.23,8.25,,,34.19,8.06,,0.723,0,1,Midwife only
47101,Lewis,TN,12784,205,2545,8,1,"Lewis, TN",1,1,1,147,138,0,0,0,0,0,23,11,,,60,132,,,,10,,1,1,0,1,0,8,147,AHRF_natality_24,6.8,6.8,7.82,0,FALSE,"Nonmetro, remote (RUCC 7-9)",138,TRUE,16.67,7.97,,,43.48,7.58,,1,0,1,Midwife only
47103,Lincoln,TN,35617,485,7124,6,0.7134686713,"Lincoln, TN",0,1,0,462,396,0,1,0,1,188,51,31,,,179,353,24,25,18,27,,1,1,0,1,0,6,462,AHRF_natality_24,2.16,0,2.81,0,FALSE,"Nonmetro, adjacent (RUCC 4-6)",396,TRUE,12.88,7.83,,,45.2,7.65,,0.5931,2.16,0.5,Both
47105,Loudon,TN,56996,324,10032,2,0.3565572277,"Loudon, TN",0,0,0,562,564,0,1,0,3,0,75,44,,,211,531,16,128,17,42,,1,1,0,0,0,,562,AHRF_natality_24,0,0,0,0,FALSE,Metro (RUCC 1-3),564,TRUE,13.3,7.8,,,37.41,7.91,,1,5.34,0,OB/GYN only
47107,McMinn,TN,54135,795,11273,4,0.6166191155,"McMinn, TN",0,0,0,623,613,0,1,0,3,164,84,49,,13,258,571,24,35,19,42,,2,2,0,0,0,,623,AHRF_natality_24,0,0,0,0,FALSE,"Nonmetro, adjacent (RUCC 4-6)",613,TRUE,13.7,7.99,,2.12,42.09,7.36,,0.7368,4.82,0,OB/GYN only
47109,McNairy,TN,25933,371,5285,8,1,"McNairy, TN",0,0,0,291,277,0,0,0,1,0,38,27,,,122,253,17,,,24,,1,1,0,0,0,,291,AHRF_natality_24,0,0,0,0,FALSE,"Nonmetro, remote (RUCC 7-9)",277,TRUE,13.72,9.75,,,44.04,9.49,,1,3.44,0,OB/GYN only
47111,Macon,TN,25793,326,5589,1,0.7551554569,"Macon, TN",0,0,0,348,340,0,1,1,0,0,41,31,,,152,327,,47,,30,,2,1,1,0,0,,348,AHRF_natality_24,0,0,0,0,FALSE,Metro (RUCC 1-3),340,TRUE,12.06,9.12,,,44.71,9.17,,1,0,,Neither
47113,Madison,TN,98845,1231,22634,3,0.263238315,"Madison, TN",5,5,5,1226,1192,1,4,0,31,3367,186,138,30,22,690,604,526,104,62,41,87,7,3,0,4,0,3,1226,AHRF_natality_24,3.26,4.08,4.05,0.82,FALSE,Metro (RUCC 1-3),1192,TRUE,15.6,11.58,2.52,1.85,57.89,6.79,16.54,,25.29,0.114,Both
47115,Marion,TN,29010,476,5855,2,0.9134445331,"Marion, TN",0,0,0,325,305,0,0,0,2,0,45,31,,,148,284,,14,12,27,,2,2,0,0,0,,325,AHRF_natality_24,0,0,0,0,FALSE,Metro (RUCC 1-3),305,TRUE,14.75,10.16,,,48.52,9.51,,1,6.15,0,OB/GYN only
47117,Marshall,TN,35276,374,7764,6,0.6522524623,"Marshall, TN",0,0,0,465,445,0,1,1,0,0,60,36,,,174,403,25,41,16,29,,2,1,1,0,0,,465,AHRF_natality_24,0,0,0,0,FALSE,"Nonmetro, adjacent (RUCC 4-6)",445,TRUE,13.48,8.09,,,39.1,7.2,,1,0,,Neither
47119,Maury,TN,104855,1333,23484,1,0.3748192604,"Maury, TN",3,3,3,1355,1398,1,3,0,11,1736,189,109,18,10,484,1180,146,158,72,80,22,4,2,0,4,0,1,1355,AHRF_natality_24,2.95,2.21,3.81,0.74,FALSE,Metro (RUCC 1-3),1398,TRUE,13.52,7.8,1.29,0.72,34.62,6.78,15.07,,8.12,0.267,Both
47121,Meigs,TN,13076,183,2589,8,1,"Meigs, TN",0,0,0,126,123,0,0,0,0,0,12,,,,57,118,,,,,,0,0,0,0,0,,126,AHRF_natality_24,0,0,0,0,TRUE,"Nonmetro, remote (RUCC 7-9)",123,TRUE,9.76,,,,46.34,,,1,0,,Neither
47123,Monroe,TN,47054,418,8990,6,0.732972973,"Monroe, TN",2,2,2,501,506,0,1,0,4,147,75,51,,11,207,486,,34,13,48,,1,1,0,1,0,6,501,AHRF_natality_24,2,3.99,2.13,0,FALSE,"Nonmetro, adjacent (RUCC 4-6)",506,TRUE,14.82,10.08,,2.17,40.91,9.88,,0.7066,7.98,0.2,Both
47125,Montgomery,TN,227957,3871,59004,2,0.1773262022,"Montgomery, TN",1,1,1,3841,3697,0,3,0,12,1069,440,330,56,31,1232,2543,832,540,322,183,118,3,2,0,1,0,2,3841,AHRF_natality_24,0.26,0.26,0.44,0,FALSE,Metro (RUCC 1-3),3697,TRUE,11.9,8.93,1.51,0.84,33.32,7.2,14.18,0.7217,3.12,0.077,Both
47127,Moore,TN,6611,52,1290,9,0.9989165764,"Moore, TN",0,0,0,66,58,0,0,0,0,0,11,,,,16,57,,,,,,0,0,0,0,0,,66,AHRF_natality_24,0,0,0,0,TRUE,"Nonmetro, remote (RUCC 7-9)",58,FALSE,,,,,,,,,0,,Neither
47129,Morgan,TN,21193,274,3722,2,1,"Morgan, TN",0,0,0,164,191,0,0,0,0,0,26,19,,,65,189,,,,18,,0,0,0,0,0,,164,AHRF_natality_24,0,0,0,0,TRUE,Metro (RUCC 1-3),191,TRUE,13.61,9.95,,,34.03,9.52,,1,0,,Neither
47131,Obion,TN,30570,369,6369,7,0.5930749992,"Obion, TN",2,2,2,340,341,1,1,0,1,667,38,26,,,167,285,40,36,16,21,,1,1,0,1,0,7,340,AHRF_natality_24,2.94,5.88,3.27,2.94,FALSE,"Nonmetro, remote (RUCC 7-9)",341,TRUE,11.14,7.62,,,48.97,7.37,,,2.94,0.5,Both
47133,Overton,TN,22807,320,4534,9,1,"Overton, TN",1,1,1,230,244,1,1,0,3,429,24,15,,,64,238,,,,15,,1,1,0,1,0,9,230,AHRF_natality_24,4.35,4.35,4.38,4.35,FALSE,"Nonmetro, remote (RUCC 7-9)",244,TRUE,9.84,6.15,,,26.23,6.3,,,13.04,0.25,Both
47135,Perry,TN,8561,80,1758,9,1,"Perry, TN",0,0,0,107,109,0,0,0,0,0,12,,,,36,105,,,,,,2,1,1,0,0,,107,AHRF_natality_24,0,0,0,0,FALSE,"Nonmetro, remote (RUCC 7-9)",109,TRUE,11.01,,,,33.03,,,1,0,,Neither
47137,Pickett,TN,5062,63,784,9,1,"Pickett, TN",0,0,0,44,41,0,0,0,0,0,,,,,17,41,,,,,,0,0,0,0,0,,44,AHRF_natality_24,,,0,,TRUE,"Nonmetro, remote (RUCC 7-9)",41,FALSE,,,,,,,,,,,Neither
47139,Polk,TN,17702,144,3432,3,1,"Polk, TN",0,0,0,148,165,0,0,0,1,0,17,12,,,56,162,,,,12,,2,1,1,0,0,,148,AHRF_natality_24,0,0,0,0,FALSE,Metro (RUCC 1-3),165,TRUE,10.3,7.27,,,33.94,7.41,,1,6.76,0,OB/GYN only
47141,Putnam,TN,81366,1021,19130,4,0.3852656097,"Putnam, TN",8,8,8,919,915,0,1,0,6,1450,105,73,13,12,336,858,24,143,33,67,,2,1,0,7,7,4,919,AHRF_natality_24,7.62,8.71,8.6,0,FALSE,"Nonmetro, adjacent (RUCC 4-6)",915,TRUE,11.48,7.98,1.42,1.31,36.72,7.81,,,6.53,0.538,Both
47143,Rhea,TN,33299,414,6812,6,0.7052631579,"Rhea, TN",0,0,0,402,384,0,1,1,0,0,50,27,,,178,360,,46,15,26,,2,1,1,0,0,,402,AHRF_natality_24,0,0,0,0,FALSE,"Nonmetro, adjacent (RUCC 4-6)",384,TRUE,13.02,7.03,,,46.35,7.22,,1,0,,Neither
47145,Roane,TN,54403,717,10157,2,0.5211407385,"Roane, TN",0,0,0,489,497,0,1,0,0,0,62,44,,,207,474,10,13,13,42,,2,2,0,0,0,,489,AHRF_natality_24,0,0,0,0,FALSE,Metro (RUCC 1-3),497,TRUE,12.47,8.85,,,41.65,8.86,,1,0,,Neither
47147,Robertson,TN,74291,1310,16415,1,0.5300056316,"Robertson, TN",1,1,1,925,913,0,1,0,2,171,117,77,11,11,341,803,79,165,31,61,14,1,1,0,2,0,1,925,AHRF_natality_24,2.16,1.08,2.69,0,FALSE,Metro (RUCC 1-3),913,TRUE,12.81,8.43,1.2,1.2,37.35,7.6,,0.8151,2.16,0.5,Both
47149,Rutherford,TN,351591,5694,91584,1,0.1596405123,"Rutherford, TN",7,3,7,4508,4489,0,3,0,27,3797,622,397,54,47,1694,3280,856,919,353,249,113,6,5,0,10,10,1,4508,AHRF_natality_24,2.22,1.55,2.84,0,FALSE,Metro (RUCC 1-3),4489,TRUE,13.86,8.84,1.2,1.05,37.74,7.59,13.2,0.1577,5.99,0.27,Both
47151,Scott,TN,21969,206,4742,8,1,"Scott, TN",1,0,1,272,267,0,1,1,0,0,34,25,,,127,262,,,,24,,6,3,3,1,0,8,272,AHRF_natality_24,3.68,3.68,4.55,0,FALSE,"Nonmetro, remote (RUCC 7-9)",267,TRUE,12.73,9.36,,,47.57,9.16,,1,0,1,Midwife only
47153,Sequatchie,TN,16409,327,3297,2,1,"Sequatchie, TN",0,0,0,166,181,0,0,0,0,0,18,16,,,87,176,,14,,15,,1,1,0,0,0,,166,AHRF_natality_24,0,0,0,0,FALSE,Metro (RUCC 1-3),181,TRUE,9.94,8.84,,,48.07,8.52,,1,0,,Neither
47155,Sevier,TN,98802,1013,20035,4,0.5336552145,"Sevier, TN",0,0,0,1086,1083,1,1,0,7,696,112,72,12,19,514,1000,30,267,53,66,,1,1,0,2,0,4,1086,AHRF_natality_24,1.84,0,2.02,0.92,FALSE,"Nonmetro, adjacent (RUCC 4-6)",1083,TRUE,10.34,6.65,1.11,1.75,47.46,6.6,,0.3591,6.45,0.222,Both
47157,Shelby,TN,922195,10733,221880,1,0.0340276463,"Shelby, TN",17,15,17,12440,12260,1,20,0,192,5283,1944,1474,275,242,7471,4481,6964,1904,815,320,1078,39,18,0,17,13,1,12440,AHRF_natality_24,1.37,1.37,1.84,0.08,FALSE,Metro (RUCC 1-3),12260,TRUE,15.86,12.02,2.24,1.97,60.94,7.14,15.48,0.5753,15.43,0.081,Both
47159,Smith,TN,20196,209,4294,1,1,"Smith, TN",0,0,0,216,223,0,1,1,0,152,27,15,,,76,212,,,,14,,3,2,1,0,0,,216,AHRF_natality_24,0,0,0,0,FALSE,Metro (RUCC 1-3),223,TRUE,12.11,6.73,,,34.08,6.6,,0.2963,0,,Neither
47161,Stewart,TN,13859,141,2520,2,1,"Stewart, TN",0,0,0,131,132,0,0,0,0,0,17,11,,,51,127,,,,11,,0,0,0,0,0,,131,AHRF_natality_24,0,0,0,0,TRUE,Metro (RUCC 1-3),132,TRUE,12.88,8.33,,,38.64,8.66,,1,0,,Neither
47163,Sullivan,TN,159693,1609,32343,2,0.2653591548,"Sullivan, TN",6,6,6,1519,1496,0,6,0,19,612,159,122,15,20,597,1412,29,61,55,114,,9,5,0,7,7,2,1519,AHRF_natality_24,4.61,3.95,4.38,0,FALSE,Metro (RUCC 1-3),1496,TRUE,10.63,8.16,1,1.34,39.91,8.07,,0.5971,12.51,0.269,Both
47165,Sumner,TN,200553,2129,45041,1,0.2525919473,"Sumner, TN",1,1,1,2373,2321,0,2,0,16,338,272,194,28,18,810,1982,222,265,117,148,35,3,3,0,1,1,1,2373,AHRF_natality_24,0.42,0.42,0.5,0,FALSE,Metro (RUCC 1-3),2321,TRUE,11.72,8.36,1.21,0.78,34.9,7.47,15.77,0.8576,6.74,0.059,Both
47167,Tipton,TN,61339,887,13718,1,0.6666229293,"Tipton, TN",0,0,0,697,670,0,1,0,1,326,91,66,10,12,325,508,141,21,22,44,21,1,1,0,0,0,,697,AHRF_natality_24,0,0,0,0,FALSE,Metro (RUCC 1-3),670,TRUE,13.58,9.85,1.49,1.79,48.51,8.66,14.89,0.5323,1.43,0,OB/GYN only
47169,Trousdale,TN,11805,141,2042,1,1,"Trousdale, TN",0,0,0,111,115,0,1,1,0,0,14,,,,47,103,,,,,,3,2,1,0,0,,111,AHRF_natality_24,0,0,0,0,FALSE,Metro (RUCC 1-3),115,TRUE,12.17,,,,40.87,,,1,0,,Neither
47171,Unicoi,TN,17779,76,3609,3,0.5144466756,"Unicoi, TN",0,0,0,152,141,0,1,0,0,0,16,10,,,60,135,,12,,,,1,1,0,0,0,,152,AHRF_natality_24,0,0,0,0,FALSE,Metro (RUCC 1-3),141,TRUE,11.35,7.09,,,42.55,,,1,0,,Neither
47173,Union,TN,20141,164,4100,2,1,"Union, TN",0,0,0,190,214,0,0,0,0,0,30,20,,,95,210,,,,20,,0,0,0,0,0,,190,AHRF_natality_24,0,0,0,0,TRUE,Metro (RUCC 1-3),214,TRUE,14.02,9.35,,,44.39,9.52,,1,0,,Neither
47175,Van Buren,TN,6293,29,1123,9,1,"Van Buren, TN",0,0,0,72,70,0,0,0,0,0,,,,,18,69,,,,,,0,0,0,0,0,,72,AHRF_natality_24,0,0,0,0,TRUE,"Nonmetro, remote (RUCC 7-9)",70,FALSE,,,,,,,,,0,,Neither
47177,Warren,TN,41587,409,8836,6,0.6163651015,"Warren, TN",1,1,1,543,517,0,1,0,0,347,66,41,,,226,489,12,72,16,38,,2,2,0,2,0,6,543,AHRF_natality_24,3.68,1.84,4.81,0,FALSE,"Nonmetro, adjacent (RUCC 4-6)",517,TRUE,12.77,7.93,,,43.71,7.77,,0.361,0,1,Midwife only
47179,Washington,TN,134693,1085,31193,3,0.2575995669,"Washington, TN",4,2,4,1270,1256,1,4,0,37,1338,139,100,16,13,448,1133,55,95,67,83,,8,3,0,7,6,3,1270,AHRF_natality_24,5.51,3.15,5.2,0.79,FALSE,Metro (RUCC 1-3),1256,TRUE,11.07,7.96,1.27,1.04,35.67,7.33,,,29.13,0.159,Both
47181,Wayne,TN,16251,155,2768,8,1,"Wayne, TN",1,1,1,130,134,0,1,0,0,0,15,12,,,55,130,,,,12,,2,1,0,1,0,8,130,AHRF_natality_24,7.69,7.69,6.15,0,FALSE,"Nonmetro, remote (RUCC 7-9)",134,TRUE,11.19,8.96,,,41.04,9.23,,1,0,1,Midwife only
47183,Weakley,TN,32959,379,7954,6,0.6743662999,"Weakley, TN",4,3,4,336,324,1,3,0,1,227,43,25,,,140,284,29,11,11,21,,3,1,0,4,0,6,336,AHRF_natality_24,11.9,11.9,12.14,2.98,FALSE,"Nonmetro, adjacent (RUCC 4-6)",324,TRUE,13.27,7.72,,,43.21,7.39,,0.3244,2.98,0.8,Both
47185,White,TN,27764,249,5675,7,0.791927169,"White, TN",0,0,0,305,294,0,1,0,0,0,36,27,,,109,285,,,,27,,1,1,0,0,0,,305,AHRF_natality_24,0,0,0,0,FALSE,"Nonmetro, remote (RUCC 7-9)",294,TRUE,12.24,9.18,,,37.07,9.47,,1,0,,Neither
47187,Williamson,TN,254609,2812,57313,1,0.1864196733,"Williamson, TN",5,4,5,2368,2286,1,3,0,59,1743,255,156,22,,257,1994,75,178,217,123,11,3,1,0,5,4,1,2368,AHRF_natality_24,2.11,2.11,1.96,0.42,FALSE,Metro (RUCC 1-3),2286,TRUE,11.15,6.82,0.96,,11.24,6.17,,0.2639,24.92,0.078,Both
47189,Wilson,TN,153587,1688,34076,1,0.3523829508,"Wilson, TN",1,1,1,1893,1849,1,1,0,5,674,223,144,17,15,506,1576,134,217,139,109,24,2,2,0,0,0,,1893,AHRF_natality_24,0,0.53,0,0.53,FALSE,Metro (RUCC 1-3),1849,TRUE,12.06,7.79,0.92,0.81,27.37,6.92,17.91,0.644,2.64,0,OB/GYN only
48001,Anderson,TX,57825,373,9222,7,0.6786195228,"Anderson, TX",2,2,2,531,555,1,1,0,5,498,68,43,,15,276,441,90,137,23,31,,6,5,0,1,0,7,531,AHRF_natality_24,1.88,3.77,1.73,1.88,FALSE,"Nonmetro, remote (RUCC 7-9)",555,TRUE,12.25,7.75,,2.7,49.73,7.03,,0.0621,9.42,0.167,Both
48003,Andrews,TX,18518,338,4328,6,0.1831810854,"Andrews, TX",0,0,0,318,282,1,1,0,0,240,36,24,,,133,266,,192,,23,,1,1,0,0,0,,318,AHRF_natality_24,0,0,0,3.14,FALSE,"Nonmetro, adjacent (RUCC 4-6)",282,TRUE,12.77,8.51,,,47.16,8.65,,0.2453,0,,Neither
48005,Angelina,TX,86791,1026,19329,5,0.5190578158,"Angelina, TX",0,0,0,1097,1088,2,3,0,4,1413,178,105,18,25,564,868,191,270,29,72,30,8,4,0,0,0,,1097,AHRF_natality_24,0,0,0,1.82,FALSE,"Nonmetro, adjacent (RUCC 4-6)",1088,TRUE,16.36,9.65,1.65,2.3,51.84,8.29,15.71,,3.65,0,OB/GYN only
48007,Aransas,TX,24449,339,4172,2,0.2357532522,"Aransas, TX",0,0,0,196,213,0,0,0,0,0,27,20,,,104,200,,83,11,18,,0,0,0,0,0,,196,AHRF_natality_24,0,0,0,0,TRUE,Metro (RUCC 1-3),213,TRUE,12.68,9.39,,,48.83,9,,1,0,,Neither
48009,Archer,TX,8734,46,1607,3,0.8735981308,"Archer, TX",0,0,0,98,88,0,0,0,0,0,,,,,22,86,,11,,,,1,1,0,0,0,,98,AHRF_natality_24,0,0,0,0,FALSE,Metro (RUCC 1-3),88,FALSE,,,,,,,,,0,,Neither
48011,Armstrong,TX,1883,31,319,2,1,"Armstrong, TX",0,0,0,20,22,0,0,0,0,0,,,,,,21,,,,,,0,0,0,0,0,,20,AHRF_natality_24,,,0,,TRUE,Metro (RUCC 1-3),22,FALSE,,,,,,,,,,,Neither
48013,Atascosa,TX,50058,776,11246,1,0.7145219575,"Atascosa, TX",0,0,0,653,653,0,1,0,0,4,77,54,,14,340,631,10,472,12,53,,1,1,0,0,0,,653,AHRF_natality_24,0,0,0,0,FALSE,Metro (RUCC 1-3),653,TRUE,11.79,8.27,,2.14,52.07,8.4,,0.9939,0,,Neither
48015,Austin,TX,30712,311,6244,1,0.7883448802,"Austin, TX",0,0,0,355,370,0,1,0,0,0,46,27,,,153,319,39,153,11,22,,2,2,0,0,0,,355,AHRF_natality_24,0,0,0,0,FALSE,Metro (RUCC 1-3),370,TRUE,12.43,7.3,,,41.35,6.9,,1,0,,Neither
48017,Bailey,TX,7044,8,1943,6,0.2527520278,"Bailey, TX",0,0,0,133,120,0,1,1,0,0,16,10,,,51,110,,72,,,,3,2,1,0,0,,133,AHRF_natality_24,0,0,0,0,FALSE,"Nonmetro, adjacent (RUCC 4-6)",120,TRUE,13.33,8.33,,,42.5,,,1,0,,Neither
48019,Bandera,TX,21589,125,3389,1,1,"Bandera, TX",0,0,0,176,177,0,0,0,2,0,24,14,,,57,171,,48,,14,,0,0,0,0,0,,176,AHRF_natality_24,0,0,0,0,TRUE,Metro (RUCC 1-3),177,TRUE,13.56,7.91,,,32.2,8.19,,1,11.36,0,OB/GYN only
48021,Bastrop,TX,102370,1065,21145,1,0.7200460829,"Bastrop, TX",1,1,1,1397,1420,0,2,0,2,0,182,101,17,28,541,1311,70,860,40,89,,6,5,1,0,0,,1397,AHRF_natality_24,0,0.72,0,0,FALSE,Metro (RUCC 1-3),1420,TRUE,12.82,7.11,1.2,1.97,38.1,6.79,,1,1.43,0,OB/GYN only
48023,Baylor,TX,3464,19,585,9,1,"Baylor, TX",0,0,0,50,38,1,1,1,1,32,,,,,16,36,,,,,,2,1,1,0,0,,50,AHRF_natality_24,0,0,0,20,FALSE,"Nonmetro, remote (RUCC 7-9)",38,FALSE,,,,,,,,,20,0,OB/GYN only
48025,Bee,TX,31000,311,5168,6,0.5416626405,"Bee, TX",0,0,0,313,302,1,1,0,0,56,42,32,,,172,293,,226,,31,,1,1,0,0,0,,313,AHRF_natality_24,0,0,0,3.19,FALSE,"Nonmetro, adjacent (RUCC 4-6)",302,TRUE,13.91,10.6,,,56.95,10.58,,0.8211,0,,Neither
48027,Bell,TX,379811,6211,93600,2,0.1369065445,"Bell, TX",8,9,8,6197,6040,3,8,0,48,4967,860,574,100,55,2091,3896,1556,1865,588,309,211,20,9,0,13,0,2,6197,AHRF_natality_24,2.1,1.29,3.42,0.48,FALSE,Metro (RUCC 1-3),6040,TRUE,14.24,9.5,1.66,0.91,34.62,7.93,13.56,0.1985,7.75,0.213,Both
48029,Bexar,TX,2037344,28784,504149,1,0.0470765292,"Bexar, TX",47,41,47,26570,26223,4,24,0,253,28177,3511,2358,373,398,11666,22323,2202,17179,1697,1906,309,84,46,0,49,43,1,26570,AHRF_natality_24,1.84,1.77,2.41,0.15,FALSE,Metro (RUCC 1-3),26223,TRUE,13.39,8.99,1.42,1.52,44.49,8.54,14.03,,9.52,0.162,Both
48031,Blanco,TX,12008,135,2002,8,1,"Blanco, TX",0,0,0,98,104,0,0,0,0,0,,,,,29,101,,26,,,,1,1,0,0,0,,98,AHRF_natality_24,0,0,0,0,FALSE,"Nonmetro, remote (RUCC 7-9)",104,TRUE,,,,,27.88,,,,0,,Neither
48033,Borden,TX,723,10,158,9,1,"Borden, TX",0,0,0,3,,0,0,0,0,0,,,,,,,,,,,,0,0,0,0,0,,3,AHRF_natality_24,,,0,,TRUE,"Nonmetro, remote (RUCC 7-9)",,FALSE,,,,,,,,,,,Neither
48035,Bosque,TX,18546,223,3480,2,1,"Bosque, TX",0,0,0,179,186,1,1,1,0,66,20,11,,,68,174,,54,,11,,4,3,1,0,0,,179,AHRF_natality_24,0,0,0,5.59,FALSE,Metro (RUCC 1-3),186,TRUE,10.75,5.91,,,36.56,6.32,,0.6313,0,,Neither
48037,Bowie,TX,92321,895,19723,3,0.379436556,"Bowie, TX",0,0,0,999,1068,2,6,0,14,2457,179,123,27,27,592,684,322,109,62,55,58,13,10,0,2,2,3,999,AHRF_natality_24,2,0,2.17,2,FALSE,Metro (RUCC 1-3),1068,TRUE,16.76,11.52,2.53,2.53,55.43,8.04,18.01,,14.01,0.125,Both
48039,Brazoria,TX,381650,5395,90022,1,0.22595428880000001,"Brazoria, TX",5,5,5,4815,4705,0,4,1,37,68,634,404,62,50,1762,3487,760,1812,458,264,95,11,9,1,5,4,1,4815,AHRF_natality_24,1.04,1.04,1.31,0,FALSE,Metro (RUCC 1-3),4705,TRUE,13.48,8.59,1.32,1.06,37.45,7.57,12.5,0.9859,7.68,0.119,Both
48041,Brazos,TX,237980,3088,69938,2,0.1185038208,"Brazos, TX",4,4,4,2775,2766,1,5,0,28,1720,315,235,34,42,903,2187,404,975,175,157,61,13,8,0,2,1,2,2775,AHRF_natality_24,0.72,1.44,0.84,0.36,FALSE,Metro (RUCC 1-3),2766,TRUE,11.39,8.5,1.23,1.52,32.65,7.18,15.1,0.3802,10.09,0.067,Both
48043,Brewster,TX,9464,99,1971,7,0.3418185627,"Brewster, TX",0,0,0,69,79,1,1,1,1,99,11,,,,31,75,,44,,,,3,2,1,0,0,,69,AHRF_natality_24,0,0,0,14.49,FALSE,"Nonmetro, remote (RUCC 7-9)",79,FALSE,,,,,,,,,14.49,0,OB/GYN only
48045,Briscoe,TX,1223,27,179,8,1,"Briscoe, TX",0,0,0,13,12,0,0,0,0,0,,,,,,11,,,,,,0,0,0,0,0,,13,AHRF_natality_24,,,0,,TRUE,"Nonmetro, remote (RUCC 7-9)",12,FALSE,,,,,,,,,,,Neither
48047,Brooks,TX,6987,27,1385,9,0.3644714528,"Brooks, TX",0,0,0,102,94,0,0,0,0,0,15,13,,,77,93,,90,,13,,1,1,0,0,0,,102,AHRF_natality_24,0,0,0,0,FALSE,"Nonmetro, remote (RUCC 7-9)",94,FALSE,,,,,,,,1,0,,Neither
48049,Brown,TX,38294,290,8016,5,0.4339939625,"Brown, TX",0,0,0,378,406,1,1,0,3,543,59,36,,10,212,389,13,111,,34,,1,1,0,0,0,,378,AHRF_natality_24,0,0,0,2.65,FALSE,"Nonmetro, adjacent (RUCC 4-6)",406,TRUE,14.53,8.87,,2.46,52.22,8.74,,,7.94,0,OB/GYN only
48051,Burleson,TX,18327,102,3524,2,1,"Burleson, TX",0,0,0,213,212,0,1,1,0,0,29,22,,,71,181,26,61,,16,,3,2,1,0,0,,213,AHRF_natality_24,0,0,0,0,FALSE,Metro (RUCC 1-3),212,TRUE,13.68,10.38,,,33.49,8.84,,1,0,,Neither
48053,Burnet,TX,51064,289,9964,6,0.6732342764,"Burnet, TX",0,0,0,600,568,1,2,1,4,399,68,48,,,197,537,,194,23,44,,3,2,1,0,0,,600,AHRF_natality_24,0,0,0,1.67,FALSE,"Nonmetro, adjacent (RUCC 4-6)",568,TRUE,11.97,8.45,,,34.68,8.19,,0.335,6.67,0,OB/GYN only
48055,Caldwell,TX,47184,567,10577,1,0.5459320445,"Caldwell, TX",0,0,0,642,668,0,2,1,0,0,94,55,10,16,308,634,22,476,12,51,,5,3,1,0,0,,642,AHRF_natality_24,0,0,0,0,FALSE,Metro (RUCC 1-3),668,TRUE,14.07,8.23,1.5,2.4,46.11,8.04,,1,0,,Neither
48057,Calhoun,TX,19921,261,3832,6,0.400427733,"Calhoun, TX",0,0,0,228,220,1,1,1,1,118,36,18,,,121,201,,141,13,17,,2,1,1,0,0,,228,AHRF_natality_24,0,0,0,4.39,FALSE,"Nonmetro, adjacent (RUCC 4-6)",220,TRUE,16.36,8.18,,,55,8.46,,0.4825,4.39,0,OB/GYN only
48059,Callahan,TX,14017,268,2859,3,1,"Callahan, TX",0,0,0,139,137,0,0,0,0,0,21,12,,,59,132,,17,,11,,0,0,0,0,0,,139,AHRF_natality_24,0,0,0,0,TRUE,Metro (RUCC 1-3),137,TRUE,15.33,8.76,,,43.07,8.33,,1,0,,Neither
48061,Cameron,TX,423192,5273,97532,2,0.1758147533,"Cameron, TX",8,8,8,6170,5894,3,6,0,32,6487,983,516,88,206,3332,5767,74,5230,53,499,11,15,9,0,5,0,2,6170,AHRF_natality_24,0.81,1.3,1.18,0.49,FALSE,Metro (RUCC 1-3),5894,TRUE,16.68,8.75,1.49,3.5,56.53,8.65,,,5.19,0.135,Both
48063,Camp,TX,12652,70,2726,8,1,"Camp, TX",0,0,0,167,188,0,1,1,0,0,25,18,,,89,155,27,75,,15,,2,1,1,0,0,,167,AHRF_natality_24,0,0,0,0,FALSE,"Nonmetro, remote (RUCC 7-9)",188,TRUE,13.3,9.57,,,47.34,9.68,,1,0,,Neither
48065,Carson,TX,5802,50,1233,2,1,"Carson, TX",0,0,0,63,57,0,0,0,0,0,,,,,17,55,,10,,,,0,0,0,0,0,,63,AHRF_natality_24,0,0,0,0,TRUE,Metro (RUCC 1-3),57,FALSE,,,,,,,,,0,,Neither
48067,Cass,TX,28582,399,5596,6,0.8056160821,"Cass, TX",0,0,0,301,317,0,0,0,0,0,42,26,,,147,253,55,20,,18,,5,3,1,1,0,6,301,AHRF_natality_24,3.32,0,3.5,0,FALSE,"Nonmetro, adjacent (RUCC 4-6)",317,TRUE,13.25,8.2,,,46.37,7.11,,1,0,1,Midwife only
48069,Castro,TX,7328,107,1532,9,1,"Castro, TX",0,0,0,94,106,0,1,1,0,0,10,,,,49,104,,77,,,,2,1,1,0,0,,94,AHRF_natality_24,0,0,0,0,FALSE,"Nonmetro, remote (RUCC 7-9)",106,TRUE,9.43,,,,46.23,,,,0,,Neither
48071,Chambers,TX,49178,979,11718,1,0.5410663288,"Chambers, TX",0,0,0,668,655,0,2,2,0,0,90,50,,,225,582,56,207,17,42,,4,2,2,0,0,,668,AHRF_natality_24,0,0,0,0,FALSE,Metro (RUCC 1-3),655,TRUE,13.74,7.63,,,34.35,7.22,,1,0,,Neither
48073,Cherokee,TX,51143,1183,10461,6,0.7246488931,"Cherokee, TX",1,0,1,668,692,1,3,1,4,329,101,64,12,19,342,584,85,253,23,44,18,4,2,1,1,0,6,668,AHRF_natality_24,1.5,1.5,1.96,1.5,FALSE,"Nonmetro, adjacent (RUCC 4-6)",692,TRUE,14.6,9.25,1.73,2.75,49.42,7.53,,0.5075,5.99,0.2,Both
48075,Childress,TX,6772,36,1153,9,0.3223289316,"Childress, TX",0,0,0,75,70,1,1,0,0,141,11,,,,37,62,,24,,,,1,1,0,0,0,,75,AHRF_natality_24,0,0,0,13.33,FALSE,"Nonmetro, remote (RUCC 7-9)",70,FALSE,,,,,,,,,0,,Neither
48077,Clay,TX,10402,135,1926,3,1,"Clay, TX",0,0,0,98,98,0,1,1,0,0,,,,,37,93,,11,,,,2,1,1,0,0,,98,AHRF_natality_24,0,0,0,0,FALSE,Metro (RUCC 1-3),98,FALSE,,,,,,,,,0,,Neither
48079,Cochran,TX,2520,44,559,2,1,"Cochran, TX",0,0,0,52,48,0,1,1,0,0,,,,,18,46,,24,,,,2,1,1,0,0,,52,AHRF_natality_24,0,0,0,0,FALSE,Metro (RUCC 1-3),48,FALSE,,,,,,,,,0,,Neither
48081,Coke,TX,3315,33,582,8,1,"Coke, TX",0,0,0,31,35,0,0,0,0,0,,,,,10,35,,11,,,,1,1,0,0,0,,31,AHRF_natality_24,,,0,,FALSE,"Nonmetro, remote (RUCC 7-9)",35,FALSE,,,,,,,,,,,Neither
48083,Coleman,TX,7765,91,1390,8,0.5316241541,"Coleman, TX",0,0,0,76,82,1,1,1,0,20,,,,,40,79,,21,,,,3,2,1,0,0,,76,AHRF_natality_24,0,0,0,13.16,FALSE,"Nonmetro, remote (RUCC 7-9)",82,FALSE,,,,,,,,,0,,Neither
48085,Collin,TX,1116601,13363,277888,1,0.0614956809,"Collin, TX",29,28,29,12848,12704,7,24,0,178,15034,1499,959,150,70,2660,8012,1612,2661,3080,494,194,37,21,0,37,36,1,12848,AHRF_natality_24,2.88,2.26,3.31,0.54,FALSE,Metro (RUCC 1-3),12704,TRUE,11.8,7.55,1.18,0.55,20.94,6.17,12.03,,13.85,0.172,Both
48087,Collingsworth,TX,2733,108,614,9,1,"Collingsworth, TX",0,0,0,25,28,0,1,1,0,0,,,,,13,25,,,,,,2,1,1,0,0,,25,AHRF_natality_24,,,0,,FALSE,"Nonmetro, remote (RUCC 7-9)",28,FALSE,,,,,,,,,,,Neither
48089,Colorado,TX,20736,196,3383,8,1,"Colorado, TX",0,0,0,256,258,1,2,1,2,385,32,20,,,120,215,33,114,,13,,5,4,1,0,0,,256,AHRF_natality_24,0,0,0,3.91,FALSE,"Nonmetro, remote (RUCC 7-9)",258,TRUE,12.4,7.75,,,46.51,6.05,,,7.81,0,OB/GYN only
48091,Comal,TX,174552,2208,36575,1,0.4661147609,"Comal, TX",3,3,3,1882,1911,1,4,0,17,1278,225,145,22,16,529,1771,58,696,82,126,,7,4,0,3,3,1,1882,AHRF_natality_24,1.59,1.59,1.72,0.53,FALSE,Metro (RUCC 1-3),1911,TRUE,11.77,7.59,1.15,0.84,27.68,7.11,,0.3209,9.03,0.15,Both
48093,Comanche,TX,13786,138,2630,9,1,"Comanche, TX",0,0,0,172,163,0,1,1,0,0,21,12,,,73,162,,66,,12,,4,2,2,0,0,,172,AHRF_natality_24,0,0,0,0,FALSE,"Nonmetro, remote (RUCC 7-9)",163,TRUE,12.88,7.36,,,44.79,7.41,,1,0,,Neither
48095,Concho,TX,3301,20,420,8,1,"Concho, TX",0,0,0,11,17,0,1,1,0,0,,,,,,15,,,,,,2,1,1,0,0,,11,AHRF_natality_24,,,0,,FALSE,"Nonmetro, remote (RUCC 7-9)",17,FALSE,,,,,,,,,,,Neither
48097,Cooke,TX,42473,422,8553,6,0.6029567054,"Cooke, TX",1,1,1,505,519,1,2,1,1,329,52,39,,,209,485,14,167,20,35,,3,2,1,0,0,,505,AHRF_natality_24,0,1.98,0,1.98,FALSE,"Nonmetro, adjacent (RUCC 4-6)",519,TRUE,10.02,7.51,,,40.27,7.22,,0.3485,1.98,0,OB/GYN only
48099,Coryell,TX,83772,1762,22055,2,0.1952872083,"Coryell, TX",0,0,0,995,965,0,2,1,1,862,126,78,12,11,309,726,136,237,103,54,16,2,1,1,1,0,2,995,AHRF_natality_24,1.01,0,1.19,0,FALSE,Metro (RUCC 1-3),965,TRUE,13.06,8.08,1.24,1.14,32.02,7.44,11.76,0.1337,1.01,0.5,Both
48101,Cottle,TX,1302,19,242,9,1,"Cottle, TX",0,0,0,8,11,0,0,0,0,0,,,,,,,,,,,,1,1,0,0,0,,8,AHRF_natality_24,,,0,,FALSE,"Nonmetro, remote (RUCC 7-9)",11,FALSE,,,,,,,,,,,Neither
48103,Crane,TX,4623,15,912,8,1,"Crane, TX",0,0,0,70,70,0,1,1,0,0,,,,,35,67,,57,,,,2,1,1,0,0,,70,AHRF_natality_24,0,0,0,0,FALSE,"Nonmetro, remote (RUCC 7-9)",70,FALSE,,,,,,,,,0,,Neither
48105,Crockett,TX,2881,41,611,8,1,"Crockett, TX",0,0,0,31,40,0,0,0,0,0,,,,,20,38,,26,,,,3,2,0,0,0,,31,AHRF_natality_24,,,0,,FALSE,"Nonmetro, remote (RUCC 7-9)",40,FALSE,,,,,,,,,,,Neither
48107,Crosby,TX,5072,32,1028,2,1,"Crosby, TX",0,0,0,73,64,0,1,0,0,0,,,,,30,62,,44,,,,3,1,1,0,0,,73,AHRF_natality_24,0,0,0,0,FALSE,Metro (RUCC 1-3),64,FALSE,,,,,,,,,0,,Neither
48109,Culberson,TX,2181,0,406,9,1,"Culberson, TX",0,0,0,31,32,0,1,1,0,0,,,,,17,30,,23,,,,2,1,1,0,0,,31,AHRF_natality_24,,,0,,FALSE,"Nonmetro, remote (RUCC 7-9)",32,FALSE,,,,,,,,,,,Neither
48111,Dallam,TX,7180,123,1531,7,0.2330288124,"Dallam, TX",0,0,0,137,169,1,1,1,0,181,29,,,,72,144,,100,22,,,2,1,1,0,0,,137,AHRF_natality_24,0,0,0,7.3,FALSE,"Nonmetro, remote (RUCC 7-9)",169,TRUE,17.16,,,,42.6,,,,0,,Neither
48113,Dallas,TX,2603816,39050,653030,1,0.0057825806,"Dallas, TX",79,73,78,36983,36572,12,41,0,416,42884,4753,3118,590,653,16279,25447,7796,18709,3330,1779,1036,128,71,0,82,78,1,36983,AHRF_natality_24,2.22,2.14,3.15,0.32,FALSE,Metro (RUCC 1-3),36572,TRUE,13,8.53,1.61,1.79,44.51,6.99,13.29,,11.25,0.165,Both
48115,Dawson,TX,12311,306,2143,6,0.2990526654,"Dawson, TX",0,0,0,150,166,0,1,0,0,0,22,19,,,76,156,,102,,16,,1,1,0,0,0,,150,AHRF_natality_24,0,0,0,0,FALSE,"Nonmetro, adjacent (RUCC 4-6)",166,TRUE,13.25,11.45,,,45.78,10.26,,1,0,,Neither
48117,Deaf Smith,TX,18487,265,3952,6,0.1648280687,"Deaf Smith, TX",0,0,0,307,317,1,1,0,1,236,37,26,,13,181,312,,279,,26,,1,1,0,0,0,,307,AHRF_natality_24,0,0,0,3.26,FALSE,"Nonmetro, adjacent (RUCC 4-6)",317,TRUE,11.67,8.2,,4.1,57.1,8.33,,0.2313,3.26,0,OB/GYN only
48119,Delta,TX,5345,15,1188,8,1,"Delta, TX",0,0,0,83,69,0,0,0,0,0,10,,,,29,60,,,,,,0,0,0,0,0,,83,AHRF_natality_24,0,0,0,0,TRUE,"Nonmetro, remote (RUCC 7-9)",69,FALSE,,,,,,,,,0,,Neither
48121,Denton,TX,945644,11842,242166,1,0.0720370865,"Denton, TX",15,15,15,11507,11278,3,17,0,80,5096,1270,868,155,72,2879,7980,1495,2958,1803,499,195,31,20,0,20,0,1,11507,AHRF_natality_24,1.74,1.3,2.11,0.26,FALSE,Metro (RUCC 1-3),11278,TRUE,11.26,7.7,1.37,0.64,25.53,6.25,13.04,0.5571,6.95,0.2,Both
48123,DeWitt,TX,19853,220,3419,6,0.5139729621,"DeWitt, TX",0,0,0,218,212,1,1,0,0,172,30,18,,,107,188,17,94,,15,,4,3,1,0,0,,218,AHRF_natality_24,0,0,0,4.59,FALSE,"Nonmetro, adjacent (RUCC 4-6)",212,TRUE,14.15,8.49,,,50.47,7.98,,0.211,0,,Neither
48125,Dickens,TX,1641,21,251,8,1,"Dickens, TX",0,0,0,17,17,0,0,0,0,0,,,,,,16,,,,,,0,0,0,0,0,,17,AHRF_natality_24,,,0,,TRUE,"Nonmetro, remote (RUCC 7-9)",17,FALSE,,,,,,,,,,,Neither
48127,Dimmit,TX,8507,120,1983,7,0.3482298317,"Dimmit, TX",0,0,0,115,125,1,1,1,1,92,14,,,,86,121,,110,,,,2,1,1,0,0,,115,AHRF_natality_24,0,0,0,8.7,FALSE,"Nonmetro, remote (RUCC 7-9)",125,TRUE,11.2,,,,68.8,,,0.2,8.7,0,OB/GYN only
48129,Donley,TX,3276,22,625,8,1,"Donley, TX",0,0,0,18,25,0,0,0,0,0,,,,,13,20,,,,,,0,0,0,0,0,,18,AHRF_natality_24,,,0,,TRUE,"Nonmetro, remote (RUCC 7-9)",25,FALSE,,,,,,,,,,,Neither
48131,Duval,TX,9824,131,2063,9,1,"Duval, TX",0,0,0,145,132,0,0,0,0,0,21,13,,,95,130,,121,,13,,0,0,0,0,0,,145,AHRF_natality_24,0,0,0,0,TRUE,"Nonmetro, remote (RUCC 7-9)",132,TRUE,15.91,9.85,,,71.97,10,,1,0,,Neither
48133,Eastland,TX,17846,314,3472,8,1,"Eastland, TX",0,0,0,187,204,0,1,0,0,0,24,15,,,80,198,,33,,15,,5,4,1,0,0,,187,AHRF_natality_24,0,0,0,0,FALSE,"Nonmetro, remote (RUCC 7-9)",204,TRUE,11.76,7.35,,,39.22,7.58,,1,0,,Neither
48135,Ector,TX,163206,3181,38200,3,0.0909057885,"Ector, TX",2,2,2,3067,2933,2,3,0,19,3963,387,281,37,69,1496,2723,128,2204,82,250,22,10,7,0,2,2,3,3067,AHRF_natality_24,0.65,0.65,1.23,0.65,FALSE,Metro (RUCC 1-3),2933,TRUE,13.19,9.58,1.26,2.35,51.01,9.18,17.19,,6.19,0.095,Both
48137,Edwards,TX,1392,12,268,9,1,"Edwards, TX",0,0,0,19,19,0,0,0,0,0,,,,,,18,,14,,,,1,1,0,0,0,,19,AHRF_natality_24,,,0,,FALSE,"Nonmetro, remote (RUCC 7-9)",19,FALSE,,,,,,,,,,,Neither
48139,Ellis,TX,203927,2924,48256,1,0.3069444805,"Ellis, TX",2,2,2,2833,2758,2,3,0,10,1424,332,218,38,26,966,2202,456,1016,100,147,64,8,6,0,3,2,1,2833,AHRF_natality_24,1.06,0.71,1.47,0.71,FALSE,Metro (RUCC 1-3),2758,TRUE,12.04,7.9,1.38,0.94,35.03,6.68,14.04,0.4974,3.53,0.231,Both
48141,El Paso,TX,866275,14684,207121,2,0.0402364909,"El Paso, TX",13,12,12,10533,11072,5,17,0,112,14435,1726,1077,169,218,5243,10302,477,9345,292,983,63,42,23,0,14,10,2,10533,AHRF_natality_24,1.33,1.23,1.62,0.47,FALSE,Metro (RUCC 1-3),11072,TRUE,15.59,9.73,1.53,1.97,47.35,9.54,13.21,,10.63,0.111,Both
48143,Erath,TX,43244,785,11532,5,0.5098836526,"Erath, TX",1,1,1,521,471,1,1,0,2,283,62,42,,,178,448,,147,14,36,,2,2,0,1,1,5,521,AHRF_natality_24,1.92,1.92,2.31,1.92,FALSE,"Nonmetro, adjacent (RUCC 4-6)",471,TRUE,13.16,8.92,,,37.79,8.04,,0.4568,3.84,0.333,Both
48145,Falls,TX,17063,256,3676,2,0.6819896275,"Falls, TX",0,0,0,192,180,0,1,0,0,0,20,14,,,81,139,33,66,,,,4,2,0,0,0,,192,AHRF_natality_24,0,0,0,0,FALSE,Metro (RUCC 1-3),180,TRUE,11.11,7.78,,,45,,,1,0,,Neither
48147,Fannin,TX,36525,435,6985,6,0.7813078347,"Fannin, TX",0,0,0,376,360,0,1,1,1,0,46,25,,,149,332,16,69,13,22,,3,1,1,0,0,,376,AHRF_natality_24,0,0,0,0,FALSE,"Nonmetro, adjacent (RUCC 4-6)",360,TRUE,12.78,6.94,,,41.39,6.63,,1,2.66,0,OB/GYN only
48149,Fayette,TX,24783,300,4316,6,0.7945569879,"Fayette, TX",0,0,0,245,255,0,0,0,2,0,38,18,,,106,224,19,89,13,15,,3,2,0,0,0,,245,AHRF_natality_24,0,0,0,0,FALSE,"Nonmetro, adjacent (RUCC 4-6)",255,TRUE,14.9,7.06,,,41.57,6.7,,1,8.16,0,OB/GYN only
48151,Fisher,TX,3661,37,723,8,1,"Fisher, TX",0,0,0,28,30,0,1,1,0,0,,,,,10,29,,,,,,2,1,1,0,0,,28,AHRF_natality_24,,,0,,FALSE,"Nonmetro, remote (RUCC 7-9)",30,FALSE,,,,,,,,,,,Neither
48153,Floyd,TX,5294,46,990,8,1,"Floyd, TX",0,0,0,55,61,0,1,1,0,0,,,,,26,61,,42,,,,3,2,1,0,0,,55,AHRF_natality_24,0,0,0,0,FALSE,"Nonmetro, remote (RUCC 7-9)",61,FALSE,,,,,,,,,0,,Neither
48155,Foard,TX,1079,10,324,9,1,"Foard, TX",0,0,0,9,,0,0,0,0,0,,,,,,,,,,,,1,1,0,0,0,,9,AHRF_natality_24,,,0,,FALSE,"Nonmetro, remote (RUCC 7-9)",,FALSE,,,,,,,,,,,Neither
48157,Fort Bend,TX,859721,10674,208922,1,0.0479800773,"Fort Bend, TX",2,2,1,9629,9393,5,12,0,111,8756,1409,851,133,56,2537,5036,2153,2767,2205,360,270,25,12,0,3,3,1,9629,AHRF_natality_24,0.31,0.21,0.35,0.52,FALSE,Metro (RUCC 1-3),9393,TRUE,15,9.06,1.42,0.6,27.01,7.15,12.54,0.0907,11.53,0.026,Both
48159,Franklin,TX,10522,158,1988,9,1,"Franklin, TX",0,0,0,108,102,0,0,0,0,0,12,10,,,40,95,,29,,,,1,1,0,0,0,,108,AHRF_natality_24,0,0,0,0,FALSE,"Nonmetro, remote (RUCC 7-9)",102,TRUE,11.76,9.8,,,39.22,,,1,0,,Neither
48161,Freestone,TX,19813,157,3697,9,1,"Freestone, TX",0,0,0,219,215,0,1,0,0,0,18,16,,,91,184,23,52,,12,,4,4,0,0,0,,219,AHRF_natality_24,0,0,0,0,FALSE,"Nonmetro, remote (RUCC 7-9)",215,TRUE,8.37,7.44,,,42.33,6.52,,1,0,,Neither
48163,Frio,TX,18019,160,3213,6,0.5070437857,"Frio, TX",0,0,0,211,214,1,1,1,0,92,37,18,,,142,208,,175,,17,,5,4,1,0,0,,211,AHRF_natality_24,0,0,0,4.74,FALSE,"Nonmetro, adjacent (RUCC 4-6)",214,TRUE,17.29,8.41,,,66.36,8.17,,0.564,0,,Neither
48165,Gaines,TX,21904,330,4996,6,0.6727474766,"Gaines, TX",0,0,0,476,487,1,1,1,2,642,49,29,,,93,478,,143,,29,,2,1,1,0,0,,476,AHRF_natality_24,0,0,0,2.1,FALSE,"Nonmetro, adjacent (RUCC 4-6)",487,TRUE,10.06,5.95,,,19.1,6.07,,,4.2,0,OB/GYN only
48167,Galveston,TX,354721,4162,81050,1,0.0406436601,"Galveston, TX",12,12,12,3892,3880,1,2,0,65,6701,544,359,54,50,1620,3179,498,1347,202,256,85,13,7,0,5,4,1,3892,AHRF_natality_24,1.28,3.08,1.41,0.26,FALSE,Metro (RUCC 1-3),3880,TRUE,14.02,9.25,1.39,1.29,41.75,8.05,17.07,,16.7,0.071,Both
48169,Garza,TX,5435,22,897,2,1,"Garza, TX",0,0,0,52,50,0,0,0,0,0,,,,,21,45,,25,,,,1,1,0,0,0,,52,AHRF_natality_24,0,0,0,0,FALSE,Metro (RUCC 1-3),50,FALSE,,,,,,,,,0,,Neither
48171,Gillespie,TX,27202,178,4594,7,0.5644153414,"Gillespie, TX",1,1,1,246,243,1,1,0,2,384,26,20,,,92,239,,92,,20,,1,1,0,1,0,7,246,AHRF_natality_24,4.07,4.07,3.68,4.07,FALSE,"Nonmetro, remote (RUCC 7-9)",243,TRUE,10.7,8.23,,,37.86,8.37,,,8.13,0.333,Both
48173,Glasscock,TX,1070,20,198,8,1,"Glasscock, TX",0,0,0,15,15,0,0,0,0,0,,,,,,15,,,,,,0,0,0,0,0,,15,AHRF_natality_24,,,0,,TRUE,"Nonmetro, remote (RUCC 7-9)",15,FALSE,,,,,,,,,,,Neither
48175,Goliad,TX,7096,74,1265,3,1,"Goliad, TX",0,0,0,76,69,0,0,0,0,0,,,,,27,65,,26,,,,1,1,0,0,0,,76,AHRF_natality_24,0,0,0,0,FALSE,Metro (RUCC 1-3),69,FALSE,,,,,,,,,0,,Neither
48177,Gonzales,TX,19764,339,3886,6,0.6462117743,"Gonzales, TX",0,0,0,296,286,1,1,0,1,147,38,22,,,163,268,15,183,,20,,2,1,0,0,0,,296,AHRF_natality_24,0,0,0,3.38,FALSE,"Nonmetro, adjacent (RUCC 4-6)",286,TRUE,13.29,7.69,,,56.99,7.46,,0.5034,3.38,0,OB/GYN only
48179,Gray,TX,21131,259,4245,6,0.2054930042,"Gray, TX",0,0,0,239,237,0,1,0,0,0,32,23,,,105,225,,96,,21,,2,1,1,0,0,,239,AHRF_natality_24,0,0,0,0,FALSE,"Nonmetro, adjacent (RUCC 4-6)",237,TRUE,13.5,9.7,,,44.3,9.33,,1,0,,Neither
48181,Grayson,TX,139988,1688,30130,3,0.4768966306,"Grayson, TX",0,0,0,1690,1775,2,6,0,10,1301,228,140,19,25,741,1567,125,431,83,114,18,13,7,0,0,0,,1690,AHRF_natality_24,0,0,0,1.18,FALSE,Metro (RUCC 1-3),1775,TRUE,12.85,7.89,1.07,1.41,41.75,7.28,14.4,0.2302,5.92,0,OB/GYN only
48183,Gregg,TX,124860,1506,28208,2,0.1346034659,"Gregg, TX",6,7,6,1726,1678,1,4,0,24,2291,237,147,26,28,746,1237,360,482,81,85,54,15,8,0,8,8,2,1726,AHRF_natality_24,4.63,3.48,6.41,0.58,FALSE,Metro (RUCC 1-3),1678,TRUE,14.12,8.76,1.55,1.67,44.46,6.87,15,,13.9,0.25,Both
48185,Grimes,TX,30385,476,5669,6,0.7451824518,"Grimes, TX",0,0,0,372,372,0,1,1,0,0,43,33,,,137,323,44,124,,22,,2,1,1,0,0,,372,AHRF_natality_24,0,0,0,0,FALSE,"Nonmetro, adjacent (RUCC 4-6)",372,TRUE,11.56,8.87,,,36.83,6.81,,1,0,,Neither
48187,Guadalupe,TX,178368,3154,41250,1,0.2482195176,"Guadalupe, TX",0,0,0,2068,2028,1,1,0,14,716,252,158,26,21,700,1795,127,942,106,133,20,3,3,0,1,0,1,2068,AHRF_natality_24,0.48,0,0.56,0.48,FALSE,Metro (RUCC 1-3),2028,TRUE,12.43,7.79,1.28,1.04,34.52,7.41,15.75,0.6538,6.77,0.067,Both
48189,Hale,TX,32247,774,6903,4,0.3046245618,"Hale, TX",0,0,0,357,417,1,2,0,0,378,50,36,,16,226,395,16,306,,33,,3,2,0,0,0,,357,AHRF_natality_24,0,0,0,2.8,FALSE,"Nonmetro, adjacent (RUCC 4-6)",417,TRUE,11.99,8.63,,3.84,54.2,8.35,,,0,,Neither
48191,Hall,TX,2827,11,514,9,1,"Hall, TX",0,0,0,21,27,0,0,0,0,0,,,,,11,24,,10,,,,2,1,1,0,0,,21,AHRF_natality_24,,,0,,FALSE,"Nonmetro, remote (RUCC 7-9)",27,FALSE,,,,,,,,,,,Neither
48193,Hamilton,TX,8320,60,1508,8,1,"Hamilton, TX",0,0,0,74,85,0,1,1,0,0,,,,,33,83,,16,,,,4,3,1,0,0,,74,AHRF_natality_24,0,0,0,0,FALSE,"Nonmetro, remote (RUCC 7-9)",85,FALSE,,,,,,,,,0,,Neither
48195,Hansford,TX,5182,16,972,9,1,"Hansford, TX",0,0,0,71,69,0,1,1,0,0,,,,,23,68,,38,,,,2,1,1,0,0,,71,AHRF_natality_24,0,0,0,0,FALSE,"Nonmetro, remote (RUCC 7-9)",69,FALSE,,,,,,,,,0,,Neither
48197,Hardeman,TX,3529,64,670,9,1,"Hardeman, TX",0,0,0,38,37,0,1,1,0,0,,,,,21,34,,11,,,,4,2,2,0,0,,38,AHRF_natality_24,,,0,,FALSE,"Nonmetro, remote (RUCC 7-9)",37,FALSE,,,,,,,,,,,Neither
48199,Hardin,TX,57126,760,12398,2,0.5072113247,"Hardin, TX",0,0,0,670,670,0,1,0,0,0,83,59,13,,263,613,39,54,18,50,,3,3,0,0,0,,670,AHRF_natality_24,0,0,0,0,FALSE,Metro (RUCC 1-3),670,TRUE,12.39,8.81,1.94,,39.25,8.16,,1,0,,Neither
48201,Harris,TX,4758579,71103,1182850,1,0.0113372133,"Harris, TX",72,71,72,65668,64768,18,65,0,722,58692,9865,6053,1017,965,31057,46152,13470,34222,5146,3636,1928,222,143,0,71,55,1,65668,AHRF_natality_24,1.08,1.1,1.49,0.27,FALSE,Metro (RUCC 1-3),64768,TRUE,15.23,9.35,1.57,1.49,47.95,7.88,14.31,0.1062,10.99,0.09,Both
48203,Harrison,TX,69584,513,15594,2,0.5490492308,"Harrison, TX",0,0,0,808,781,1,1,0,2,1259,109,76,,17,336,593,158,177,30,52,22,0,0,0,0,0,,808,AHRF_natality_24,0,0,0,1.24,TRUE,Metro (RUCC 1-3),781,TRUE,13.96,9.73,,2.18,43.02,8.77,13.92,,2.48,0,OB/GYN only
48205,Hartley,TX,5307,79,837,9,0.4620958751,"Hartley, TX",0,0,0,73,72,0,0,0,0,0,,,,,16,69,,24,,,,0,0,0,1,0,9,73,AHRF_natality_24,13.7,0,18.84,0,TRUE,"Nonmetro, remote (RUCC 7-9)",72,FALSE,,,,,,,,,0,1,Midwife only
48207,Haskell,TX,5390,53,952,8,1,"Haskell, TX",0,0,0,29,42,0,1,1,0,1,,,,,22,40,,15,,,,2,1,1,0,0,,29,AHRF_natality_24,,,0,,FALSE,"Nonmetro, remote (RUCC 7-9)",42,FALSE,,,,,,,,,,,Neither
48209,Hays,TX,256429,3267,68497,1,0.2974359825,"Hays, TX",2,1,2,3224,3181,2,5,0,17,2330,353,233,40,27,938,2882,124,1579,175,198,18,7,5,0,2,0,1,3224,AHRF_natality_24,0.62,0.62,0.78,0.62,FALSE,Metro (RUCC 1-3),3181,TRUE,11.1,7.32,1.26,0.85,29.49,6.87,14.52,0.2773,5.27,0.105,Both
48211,Hemphill,TX,3311,32,646,9,1,"Hemphill, TX",0,0,0,28,31,0,1,0,0,0,,,,,,29,,,,,,2,1,1,0,0,,28,AHRF_natality_24,,,0,,FALSE,"Nonmetro, remote (RUCC 7-9)",31,FALSE,,,,,,,,,,,Neither
48213,Henderson,TX,83658,1186,16379,4,0.6594400487,"Henderson, TX",0,0,0,962,949,1,1,0,2,562,98,70,10,21,466,880,44,229,25,63,,1,1,0,0,0,,962,AHRF_natality_24,0,0,0,1.04,FALSE,"Nonmetro, adjacent (RUCC 4-6)",949,TRUE,10.33,7.38,1.05,2.21,49.1,7.16,,0.4158,2.08,0,OB/GYN only
48215,Hidalgo,TX,880921,13268,212976,2,0.0890522416,"Hidalgo, TX",14,15,14,14494,13865,4,8,0,61,15261,2372,1315,208,332,6930,13758,41,13502,66,1305,,22,11,0,14,3,2,14494,AHRF_natality_24,0.97,0.97,1.59,0.28,FALSE,Metro (RUCC 1-3),13865,TRUE,17.11,9.48,1.5,2.39,49.98,9.49,,,4.21,0.187,Both
48217,Hill,TX,36664,337,7306,6,0.775101745,"Hill, TX",0,0,0,435,439,1,1,1,0,173,53,29,,10,188,401,25,142,14,25,,6,5,1,0,0,,435,AHRF_natality_24,0,0,0,2.3,FALSE,"Nonmetro, adjacent (RUCC 4-6)",439,TRUE,12.07,6.61,,2.28,42.82,6.23,,0.6023,0,,Neither
48219,Hockley,TX,21455,459,4863,2,0.4149138692,"Hockley, TX",0,0,0,274,286,1,1,0,0,176,37,25,,,140,270,10,183,,24,,2,2,0,0,0,,274,AHRF_natality_24,0,0,0,3.65,FALSE,Metro (RUCC 1-3),286,TRUE,12.94,8.74,,,48.95,8.89,,0.3577,0,,Neither
48221,Hood,TX,64198,865,12083,4,0.4108412611,"Hood, TX",1,0,1,668,660,1,1,0,3,549,78,47,,,232,629,10,157,21,42,,1,1,0,0,0,,668,AHRF_natality_24,0,1.5,0,1.5,FALSE,"Nonmetro, adjacent (RUCC 4-6)",660,TRUE,11.82,7.12,,,35.15,6.68,,0.1781,4.49,0,OB/GYN only
48223,Hopkins,TX,37351,454,7778,6,0.6008644358,"Hopkins, TX",1,1,1,462,461,1,1,0,3,593,57,34,,,210,412,27,125,23,27,,1,1,0,1,0,6,462,AHRF_natality_24,2.16,2.16,2.68,2.16,FALSE,"Nonmetro, adjacent (RUCC 4-6)",461,TRUE,12.36,7.38,,,45.55,6.55,,,6.49,0.25,Both
48225,Houston,TX,22042,264,3696,7,0.7310341702,"Houston, TX",0,0,0,261,236,0,1,1,0,0,32,22,,,127,167,63,50,,12,10,4,3,1,1,0,7,261,AHRF_natality_24,3.83,0,4.54,0,FALSE,"Nonmetro, remote (RUCC 7-9)",236,TRUE,13.56,9.32,,,53.81,7.19,,1,0,1,Midwife only
48227,Howard,TX,33127,597,6709,4,0.1693918531,"Howard, TX",0,0,0,380,374,1,3,0,2,198,63,36,,13,216,337,21,195,16,30,,7,2,0,0,0,,380,AHRF_natality_24,0,0,0,2.63,FALSE,"Nonmetro, adjacent (RUCC 4-6)",374,TRUE,16.84,9.63,,3.48,57.75,8.9,,0.4789,5.26,0,OB/GYN only
48229,Hudspeth,TX,3331,11,668,2,1,"Hudspeth, TX",0,0,0,22,29,0,0,0,0,0,,,,,13,28,,24,,,,0,0,0,0,0,,22,AHRF_natality_24,,,0,,TRUE,Metro (RUCC 1-3),29,FALSE,,,,,,,,,,,Neither
48231,Hunt,TX,104917,1647,23879,1,0.6132598343,"Hunt, TX",3,3,3,1491,1459,1,2,0,3,1310,188,114,25,21,576,1278,120,450,62,91,18,6,2,1,4,4,1,1491,AHRF_natality_24,2.68,2.01,3.81,0.67,FALSE,Metro (RUCC 1-3),1459,TRUE,12.89,7.81,1.71,1.44,39.48,7.12,15,0.1214,2.01,0.571,Both
48233,Hutchinson,TX,20413,172,4283,6,0.3768249503,"Hutchinson, TX",0,0,0,215,221,1,1,1,2,175,31,18,,,96,208,,73,,17,,3,2,1,0,0,,215,AHRF_natality_24,0,0,0,4.65,FALSE,"Nonmetro, adjacent (RUCC 4-6)",221,TRUE,14.03,8.14,,,43.44,8.17,,0.186,9.3,0,OB/GYN only
48235,Irion,TX,1432,20,210,3,1,"Irion, TX",0,0,0,17,18,0,0,0,0,0,,,,,,17,,,,,,0,0,0,0,0,,17,AHRF_natality_24,,,0,,TRUE,Metro (RUCC 1-3),18,FALSE,,,,,,,,,,,Neither
48237,Jack,TX,8623,71,1647,8,1,"Jack, TX",0,0,0,95,91,1,1,0,0,125,,,,,30,89,,19,,,,1,1,0,0,0,,95,AHRF_natality_24,0,0,0,10.53,FALSE,"Nonmetro, remote (RUCC 7-9)",91,FALSE,,,,,,,,,0,,Neither
48239,Jackson,TX,15081,177,2826,6,0.6056845476,"Jackson, TX",0,0,0,214,211,0,1,1,0,0,35,20,,,93,192,15,92,,18,,4,3,1,0,0,,214,AHRF_natality_24,0,0,0,0,FALSE,"Nonmetro, adjacent (RUCC 4-6)",211,TRUE,16.59,9.48,,,44.08,9.38,,1,0,,Neither
48241,Jasper,TX,32807,243,6589,6,0.7785627653,"Jasper, TX",0,0,0,414,388,0,1,0,0,0,50,34,,,199,323,57,35,,24,,8,6,0,0,0,,414,AHRF_natality_24,0,0,0,0,FALSE,"Nonmetro, adjacent (RUCC 4-6)",388,TRUE,12.89,8.76,,,51.29,7.43,,1,0,,Neither
48243,Jeff Davis,TX,1740,12,153,9,1,"Jeff Davis, TX",0,0,0,14,12,0,0,0,0,0,,,,,,12,,,,,,0,0,0,0,0,,14,AHRF_natality_24,,,0,,TRUE,"Nonmetro, remote (RUCC 7-9)",12,FALSE,,,,,,,,,,,Neither
48245,Jefferson,TX,253939,2802,53989,2,0.0984695508,"Jefferson, TX",3,3,3,3251,3161,3,9,0,24,4865,449,352,61,69,1768,1849,1127,1044,185,142,192,21,14,0,4,2,2,3251,AHRF_natality_24,1.23,0.92,1.58,0.92,FALSE,Metro (RUCC 1-3),3161,TRUE,14.2,11.14,1.93,2.18,55.93,7.68,17.04,,7.38,0.143,Both
48247,Jim Hogg,TX,4797,81,904,8,1,"Jim Hogg, TX",0,0,0,51,56,0,0,0,0,0,13,10,,,40,56,,52,,10,,0,0,0,0,0,,51,AHRF_natality_24,0,0,0,0,TRUE,"Nonmetro, remote (RUCC 7-9)",56,FALSE,,,,,,,,,0,,Neither
48249,Jim Wells,TX,38863,477,8435,6,0.5008356689,"Jim Wells, TX",0,0,0,545,518,1,1,0,2,118,68,44,,19,331,514,,446,,43,,2,2,0,0,0,,545,AHRF_natality_24,0,0,0,1.83,FALSE,"Nonmetro, adjacent (RUCC 4-6)",518,TRUE,13.13,8.49,,3.67,63.9,8.37,,0.7835,3.67,0,OB/GYN only
48251,Johnson,TX,188820,2934,42829,1,0.4647273617,"Johnson, TX",1,1,1,2411,2468,1,1,0,12,369,326,177,28,27,797,2212,126,799,129,151,15,3,3,0,4,2,1,2411,AHRF_natality_24,1.66,0.41,2.12,0.41,FALSE,Metro (RUCC 1-3),2468,TRUE,13.21,7.17,1.13,1.09,32.29,6.83,11.9,0.847,4.98,0.25,Both
48253,Jones,TX,19968,183,2696,3,1,"Jones, TX",0,0,0,136,166,0,1,0,0,0,19,12,,,67,156,,50,,11,,4,3,0,0,0,,136,AHRF_natality_24,0,0,0,0,FALSE,Metro (RUCC 1-3),166,TRUE,11.45,7.23,,,40.36,7.05,,1,0,,Neither
48255,Karnes,TX,14819,294,2746,8,1,"Karnes, TX",0,0,0,144,145,0,1,1,0,0,20,12,,,80,139,,92,,11,,3,2,1,0,0,,144,AHRF_natality_24,0,0,0,0,FALSE,"Nonmetro, remote (RUCC 7-9)",145,TRUE,13.79,8.28,,,55.17,7.91,,1,0,,Neither
48257,Kaufman,TX,160718,2173,39655,1,0.4192209758,"Kaufman, TX",2,2,2,2754,2654,0,2,0,1,0,340,203,38,30,939,1939,583,909,132,127,64,5,3,0,3,0,1,2754,AHRF_natality_24,1.09,0.73,1.87,0,FALSE,Metro (RUCC 1-3),2654,TRUE,12.81,7.65,1.43,1.13,35.38,6.55,10.98,1,0.36,0.75,Both
48259,Kendall,TX,46971,555,9645,1,0.5680345085,"Kendall, TX",1,1,1,434,448,0,0,0,5,0,57,29,,,99,423,,168,17,24,,2,2,0,1,0,1,434,AHRF_natality_24,2.3,2.3,2.13,0,FALSE,Metro (RUCC 1-3),448,TRUE,12.72,6.47,,,22.1,5.67,,1,11.52,0.167,Both
48261,Kenedy,TX,52,0,5,9,1,"Kenedy, TX",0,0,0,6,,0,0,0,0,0,,,,,,,,,,,,0,0,0,0,0,,6,AHRF_natality_24,,,0,,TRUE,"Nonmetro, remote (RUCC 7-9)",,FALSE,,,,,,,,,,,Neither
48263,Kent,TX,727,11,77,9,1,"Kent, TX",0,0,0,7,,0,0,0,0,0,,,,,,,,,,,,0,0,0,0,0,,7,AHRF_natality_24,,,0,,TRUE,"Nonmetro, remote (RUCC 7-9)",,FALSE,,,,,,,,,,,Neither
48265,Kerr,TX,53166,402,9634,4,0.3945777406,"Kerr, TX",3,3,3,452,507,1,2,0,5,481,64,44,,,225,479,13,223,15,43,,4,2,0,5,0,4,452,AHRF_natality_24,11.06,6.64,9.4,2.21,FALSE,"Nonmetro, adjacent (RUCC 4-6)",507,TRUE,12.62,8.68,,,44.38,8.98,,,11.06,0.5,Both
48267,Kimble,TX,4355,40,808,9,1,"Kimble, TX",0,0,0,41,41,0,1,1,0,0,,,,,18,40,,11,,,,2,1,1,0,0,,41,AHRF_natality_24,,,0,,FALSE,"Nonmetro, remote (RUCC 7-9)",41,FALSE,,,,,,,,,,,Neither
48269,King,TX,189,0,47,9,1,"King, TX",0,0,0,4,,0,0,0,0,0,,,,,,,,,,,,0,0,0,0,0,,4,AHRF_natality_24,,,0,,TRUE,"Nonmetro, remote (RUCC 7-9)",,FALSE,,,,,,,,,,,Neither
48271,Kinney,TX,3140,12,510,9,1,"Kinney, TX",0,0,0,35,29,0,0,0,0,0,,,,,13,28,,19,,,,0,0,0,0,0,,35,AHRF_natality_24,,,0,,TRUE,"Nonmetro, remote (RUCC 7-9)",29,FALSE,,,,,,,,,,,Neither
48273,Kleberg,TX,30629,297,7804,4,0.1963595361,"Kleberg, TX",0,0,0,389,370,1,1,0,1,286,45,29,,10,215,352,10,286,,28,,1,1,0,0,0,,389,AHRF_natality_24,0,0,0,2.57,FALSE,"Nonmetro, adjacent (RUCC 4-6)",370,TRUE,12.16,7.84,,2.7,58.11,7.95,,0.2648,2.57,0,OB/GYN only
48275,Knox,TX,3322,65,653,9,1,"Knox, TX",0,0,0,38,39,0,1,1,0,0,,,,,19,35,,17,,,,3,2,1,0,0,,38,AHRF_natality_24,,,0,,FALSE,"Nonmetro, remote (RUCC 7-9)",39,FALSE,,,,,,,,,,,Neither
48277,Lamar,TX,50421,681,10613,5,0.4750838524,"Lamar, TX",0,0,0,628,648,1,1,0,5,906,83,55,,12,292,516,93,94,39,37,16,5,4,0,1,0,5,628,AHRF_natality_24,1.59,0,1.98,1.59,FALSE,"Nonmetro, adjacent (RUCC 4-6)",648,TRUE,12.81,8.49,,1.85,45.06,7.17,,,7.96,0.167,Both
48279,Lamb,TX,12919,232,2686,6,0.5687236489,"Lamb, TX",0,0,0,158,163,1,1,0,0,76,25,14,,,70,154,,99,,13,,2,2,0,0,0,,158,AHRF_natality_24,0,0,0,6.33,FALSE,"Nonmetro, adjacent (RUCC 4-6)",163,TRUE,15.34,8.59,,,42.94,8.44,,0.519,0,,Neither
48281,Lampasas,TX,22267,230,4455,2,0.6613492394,"Lampasas, TX",0,0,0,213,217,0,1,1,0,0,32,16,,,82,199,,64,13,15,,2,1,1,0,0,,213,AHRF_natality_24,0,0,0,0,FALSE,Metro (RUCC 1-3),217,TRUE,14.75,7.37,,,37.79,7.54,,1,0,,Neither
48283,La Salle,TX,6946,4,1158,8,1,"La Salle, TX",0,0,0,66,66,0,0,0,0,0,12,,,,44,66,,55,,,,0,0,0,0,0,,66,AHRF_natality_24,0,0,0,0,TRUE,"Nonmetro, remote (RUCC 7-9)",66,FALSE,,,,,,,,,0,,Neither
48285,Lavaca,TX,20479,101,3873,8,0.8238678271,"Lavaca, TX",0,0,0,242,228,0,2,2,0,0,29,13,,,81,208,17,64,,12,,3,2,1,0,0,,242,AHRF_natality_24,0,0,0,0,FALSE,"Nonmetro, remote (RUCC 7-9)",228,TRUE,12.72,5.7,,,35.53,5.77,,1,0,,Neither
48287,Lee,TX,17758,227,3547,8,1,"Lee, TX",0,0,0,227,211,0,0,0,0,0,27,17,,,86,191,16,83,,14,,1,1,0,0,0,,227,AHRF_natality_24,0,0,0,0,FALSE,"Nonmetro, remote (RUCC 7-9)",211,TRUE,12.8,8.06,,,40.76,7.33,,1,0,,Neither
48289,Leon,TX,16067,177,3121,8,1,"Leon, TX",0,0,0,183,188,0,0,0,0,0,20,17,,,63,177,,52,,15,,1,1,0,0,0,,183,AHRF_natality_24,0,0,0,0,FALSE,"Nonmetro, remote (RUCC 7-9)",188,TRUE,10.64,9.04,,,33.51,8.47,,1,0,,Neither
48291,Liberty,TX,97993,1422,23226,1,0.7737045445,"Liberty, TX",1,1,1,1528,1518,0,1,1,1,0,215,126,18,32,745,1388,95,794,35,111,12,5,3,1,0,0,,1528,AHRF_natality_24,0,0.65,0,0,FALSE,Metro (RUCC 1-3),1518,TRUE,14.16,8.3,1.19,2.11,49.08,8,,1,0.65,0,OB/GYN only
48293,Limestone,TX,22185,420,4153,6,0.699223336,"Limestone, TX",0,0,0,282,261,0,2,1,0,0,34,28,,,113,206,45,90,10,18,10,3,2,1,0,0,,282,AHRF_natality_24,0,0,0,0,FALSE,"Nonmetro, adjacent (RUCC 4-6)",261,TRUE,13.03,10.73,,,43.3,8.74,,1,0,,Neither
48295,Lipscomb,TX,2964,45,623,9,1,"Lipscomb, TX",0,0,0,35,36,0,0,0,0,0,,,,,14,35,,18,,,,0,0,0,0,0,,35,AHRF_natality_24,,,0,,TRUE,"Nonmetro, remote (RUCC 7-9)",36,FALSE,,,,,,,,,,,Neither
48297,Live Oak,TX,11444,348,2208,8,1,"Live Oak, TX",0,0,0,97,99,0,0,0,0,0,14,,,,39,98,,48,,,,0,0,0,0,0,,97,AHRF_natality_24,0,0,0,0,TRUE,"Nonmetro, remote (RUCC 7-9)",99,FALSE,,,,,,,,,0,,Neither
48299,Llano,TX,22011,109,3117,7,0.502141882,"Llano, TX",0,0,0,197,203,0,1,1,2,0,25,18,,,92,198,,61,,17,,2,1,1,0,0,,197,AHRF_natality_24,0,0,0,0,FALSE,"Nonmetro, remote (RUCC 7-9)",203,TRUE,12.32,8.87,,,45.32,8.59,,1,10.15,0,OB/GYN only
48301,Loving,TX,54,0,0,9,1,"Loving, TX",0,0,0,1,,0,0,0,0,0,,,,,,,,,,,,0,0,0,0,0,,1,AHRF_natality_24,,,0,,TRUE,"Nonmetro, remote (RUCC 7-9)",,FALSE,,,,,,,,,,,Neither
48303,Lubbock,TX,314633,4003,81800,2,0.1052057211,"Lubbock, TX",5,4,5,4081,4047,1,10,0,53,3165,453,365,61,77,1367,3482,389,1829,175,290,56,28,16,0,6,5,2,4081,AHRF_natality_24,1.47,1.23,1.91,0.25,FALSE,Metro (RUCC 1-3),4047,TRUE,11.19,9.02,1.51,1.9,33.78,8.33,14.4,0.2245,12.99,0.102,Both
48305,Lynn,TX,5667,110,1179,2,1,"Lynn, TX",0,0,0,92,89,0,1,1,0,0,13,,,,23,84,,36,,,,2,1,1,0,0,,92,AHRF_natality_24,0,0,0,0,FALSE,Metro (RUCC 1-3),89,FALSE,,,,,,,,,0,,Neither
48307,McCulloch,TX,7565,46,1323,9,0.3595019659,"McCulloch, TX",0,0,0,100,81,0,1,1,0,0,,,,,44,79,,31,,,,2,1,1,0,0,,100,AHRF_natality_24,0,0,0,0,FALSE,"Nonmetro, remote (RUCC 7-9)",81,FALSE,,,,,,,,1,0,,Neither
48309,McLennan,TX,263608,3375,64607,2,0.2402188971,"McLennan, TX",7,5,7,3352,3352,2,3,0,31,4229,407,301,56,50,1378,2665,537,1191,150,196,92,12,7,0,6,3,2,3352,AHRF_natality_24,1.79,2.09,2.28,0.6,FALSE,Metro (RUCC 1-3),3352,TRUE,12.14,8.98,1.67,1.49,41.11,7.35,17.13,,9.25,0.162,Both
48311,McMullen,TX,623,15,99,8,1,"McMullen, TX",0,0,0,11,,0,0,0,0,0,,,,,,,,,,,,0,0,0,0,0,,11,AHRF_natality_24,,,0,,TRUE,"Nonmetro, remote (RUCC 7-9)",,FALSE,,,,,,,,,,,Neither
48313,Madison,TX,13574,117,2438,8,1,"Madison, TX",0,0,0,176,172,0,1,1,0,0,19,11,,,60,143,27,59,,,,2,1,1,0,0,,176,AHRF_natality_24,0,0,0,0,FALSE,"Nonmetro, remote (RUCC 7-9)",172,TRUE,11.05,6.4,,,34.88,,,1,0,,Neither
48315,Marion,TX,9631,90,1545,8,1,"Marion, TX",0,0,0,71,88,0,0,0,0,0,10,,,,41,67,19,,,,,1,1,0,0,0,,71,AHRF_natality_24,0,0,0,0,FALSE,"Nonmetro, remote (RUCC 7-9)",88,FALSE,,,,,,,,,0,,Neither
48317,Martin,TX,5230,43,1014,3,1,"Martin, TX",0,0,0,66,69,0,1,1,0,0,10,,,,24,67,,37,,,,2,1,1,0,0,,66,AHRF_natality_24,0,0,0,0,FALSE,Metro (RUCC 1-3),69,FALSE,,,,,,,,,0,,Neither
48319,Mason,TX,3951,0,662,9,1,"Mason, TX",0,0,0,38,33,0,0,0,0,0,,,,,11,33,,13,,,,1,1,0,0,0,,38,AHRF_natality_24,,,0,,FALSE,"Nonmetro, remote (RUCC 7-9)",33,FALSE,,,,,,,,,,,Neither
48321,Matagorda,TX,36274,468,7312,6,0.4673562267,"Matagorda, TX",0,0,0,468,475,1,2,1,1,378,74,41,,11,259,407,51,258,17,32,,3,2,1,0,0,,468,AHRF_natality_24,0,0,0,2.14,FALSE,"Nonmetro, adjacent (RUCC 4-6)",475,TRUE,15.58,8.63,,2.32,54.53,7.86,,0.1923,2.14,0,OB/GYN only
48323,Maverick,TX,57770,1107,13349,3,0.0657142364,"Maverick, TX",0,0,0,990,962,1,1,0,5,1037,132,77,12,27,486,932,,918,26,74,,1,1,0,0,0,,990,AHRF_natality_24,0,0,0,1.01,FALSE,Metro (RUCC 1-3),962,TRUE,13.72,8,1.25,2.81,50.52,7.94,,,5.05,0,OB/GYN only
48325,Medina,TX,52419,735,10686,1,0.8426144873,"Medina, TX",0,0,0,535,580,1,1,1,2,138,75,51,,,251,549,15,339,16,46,,2,1,1,0,0,,535,AHRF_natality_24,0,0,0,1.87,FALSE,Metro (RUCC 1-3),580,TRUE,12.93,8.79,,,43.28,8.38,,0.7421,3.74,0,OB/GYN only
48327,Menard,TX,1964,0,197,9,1,"Menard, TX",0,0,0,12,17,0,0,0,0,0,,,,,,14,,,,,,1,1,0,0,0,,12,AHRF_natality_24,,,0,,FALSE,"Nonmetro, remote (RUCC 7-9)",17,FALSE,,,,,,,,,,,Neither
48329,Midland,TX,171496,4172,41265,3,0.1372137214,"Midland, TX",5,4,5,3074,2949,1,3,0,19,2595,355,232,35,50,1209,2661,181,1641,107,199,24,15,9,0,4,2,3,3074,AHRF_natality_24,1.3,1.63,2.33,0.33,FALSE,Metro (RUCC 1-3),2949,TRUE,12.04,7.87,1.19,1.7,41,7.48,13.26,0.1558,6.18,0.174,Both
48331,Milam,TX,25268,306,4827,6,0.5711804153,"Milam, TX",0,0,0,315,306,0,0,0,0,0,42,27,,,145,268,29,117,,22,,6,5,1,0,0,,315,AHRF_natality_24,0,0,0,0,FALSE,"Nonmetro, adjacent (RUCC 4-6)",306,TRUE,13.73,8.82,,,47.39,8.21,,1,0,,Neither
48333,Mills,TX,4499,57,786,9,1,"Mills, TX",0,0,0,34,40,0,0,0,0,0,,,,,16,39,,10,,,,1,1,0,0,0,,34,AHRF_natality_24,,,0,,FALSE,"Nonmetro, remote (RUCC 7-9)",40,FALSE,,,,,,,,,,,Neither
48335,Mitchell,TX,8989,95,1353,7,0.3505005562,"Mitchell, TX",0,0,0,72,72,0,1,1,0,0,11,,,,37,67,,33,,,,2,1,1,0,0,,72,AHRF_natality_24,0,0,0,0,FALSE,"Nonmetro, remote (RUCC 7-9)",72,FALSE,,,,,,,,,0,,Neither
48337,Montague,TX,20599,214,3960,6,0.7285750063,"Montague, TX",0,0,0,219,209,0,1,0,1,0,24,18,,,82,198,,32,,17,,2,2,0,0,0,,219,AHRF_natality_24,0,0,0,0,FALSE,"Nonmetro, adjacent (RUCC 4-6)",209,TRUE,11.48,8.61,,,39.23,8.59,,1,4.57,0,OB/GYN only
48339,Montgomery,TX,654722,8802,151807,1,0.2287623521,"Montgomery, TX",9,9,9,8596,8452,3,12,0,66,5662,1094,640,103,79,2737,7230,704,3123,518,518,79,29,15,0,8,5,1,8596,AHRF_natality_24,0.93,1.05,1.22,0.35,FALSE,Metro (RUCC 1-3),8452,TRUE,12.94,7.57,1.22,0.93,32.38,7.16,11.22,0.3413,7.68,0.108,Both
48341,Moore,TX,21234,381,4617,7,0.314589381,"Moore, TX",0,0,0,403,381,1,1,1,2,192,42,24,,12,181,349,18,294,15,22,,2,1,1,0,0,,403,AHRF_natality_24,0,0,0,2.48,FALSE,"Nonmetro, remote (RUCC 7-9)",381,TRUE,11.02,6.3,,3.15,47.51,6.3,,0.5236,4.96,0,OB/GYN only
48343,Morris,TX,12014,104,2442,8,1,"Morris, TX",0,0,0,146,129,0,0,0,0,0,19,15,,,67,98,25,23,,10,,4,3,0,0,0,,146,AHRF_natality_24,0,0,0,0,FALSE,"Nonmetro, remote (RUCC 7-9)",129,TRUE,14.73,11.63,,,51.94,,,1,0,,Neither
48345,Motley,TX,1267,33,185,8,1,"Motley, TX",0,0,0,11,13,0,0,0,0,0,,,,,,13,,,,,,0,0,0,0,0,,11,AHRF_natality_24,,,0,,TRUE,"Nonmetro, remote (RUCC 7-9)",13,FALSE,,,,,,,,,,,Neither
48347,Nacogdoches,TX,64897,1083,16543,5,0.4782608696,"Nacogdoches, TX",12,10,12,796,807,2,2,0,6,1334,99,61,10,15,383,625,154,253,28,40,19,4,3,0,8,0,5,796,AHRF_natality_24,10.05,15.08,12.33,2.51,FALSE,"Nonmetro, adjacent (RUCC 4-6)",807,TRUE,12.27,7.56,1.24,1.86,47.46,6.4,12.34,,7.54,0.571,Both
48349,Navarro,TX,53735,580,11725,4,0.5367132867,"Navarro, TX",0,0,0,726,725,1,1,0,4,580,84,61,11,19,379,603,79,325,43,43,13,1,1,0,0,0,,726,AHRF_natality_24,0,0,0,1.38,FALSE,"Nonmetro, adjacent (RUCC 4-6)",725,TRUE,11.59,8.41,1.52,2.62,52.28,7.13,,0.2011,5.51,0,OB/GYN only
48351,Newton,TX,12193,251,2264,8,1,"Newton, TX",0,0,0,118,113,0,0,0,0,0,17,10,,,57,90,22,,,,,1,1,0,0,0,,118,AHRF_natality_24,0,0,0,0,FALSE,"Nonmetro, remote (RUCC 7-9)",113,TRUE,15.04,8.85,,,50.44,,,1,0,,Neither
48353,Nolan,TX,14565,233,2784,6,0.2962410096,"Nolan, TX",0,0,0,159,179,1,1,0,0,187,26,15,,,100,169,,77,,14,,1,1,0,0,0,,159,AHRF_natality_24,0,0,0,6.29,FALSE,"Nonmetro, adjacent (RUCC 4-6)",179,TRUE,14.53,8.38,,,55.87,8.28,,,0,,Neither
48355,Nueces,TX,352829,4481,81684,2,0.062770048,"Nueces, TX",2,2,2,4230,4228,2,8,0,39,6189,568,383,59,86,2427,3978,126,3051,125,351,21,32,17,0,2,2,2,4230,AHRF_natality_24,0.47,0.47,0.57,0.47,FALSE,Metro (RUCC 1-3),4228,TRUE,13.43,9.06,1.4,2.03,57.4,8.82,16.67,,9.22,0.049,Both
48357,Ochiltree,TX,9852,248,2201,7,0.1621567649,"Ochiltree, TX",0,0,0,106,114,1,1,1,0,115,14,10,,,52,110,,76,,,,2,1,1,0,0,,106,AHRF_natality_24,0,0,0,9.43,FALSE,"Nonmetro, remote (RUCC 7-9)",114,TRUE,12.28,8.77,,,45.61,,,,0,,Neither
48359,Oldham,TX,2097,33,391,2,1,"Oldham, TX",0,0,0,27,21,0,0,0,0,0,,,,,,21,,,,,,0,0,0,0,0,,27,AHRF_natality_24,,,0,,TRUE,Metro (RUCC 1-3),21,FALSE,,,,,,,,,,,Neither
48361,Orange,TX,84993,1282,18850,2,0.3606853127,"Orange, TX",0,0,0,1068,1045,0,0,0,0,0,141,91,15,14,495,897,114,140,34,69,17,4,4,0,0,0,,1068,AHRF_natality_24,0,0,0,0,FALSE,Metro (RUCC 1-3),1045,TRUE,13.49,8.71,1.44,1.34,47.37,7.69,14.91,1,0,,Neither
48363,Palo Pinto,TX,28920,290,5965,6,0.5037840121,"Palo Pinto, TX",0,0,0,350,354,1,1,0,2,292,37,22,,11,182,336,,103,12,21,,2,1,0,0,0,,350,AHRF_natality_24,0,0,0,2.86,FALSE,"Nonmetro, adjacent (RUCC 4-6)",354,TRUE,10.45,6.21,,3.11,51.41,6.25,,0.1657,5.71,0,OB/GYN only
48365,Panola,TX,22624,249,4605,6,0.7186430128,"Panola, TX",0,0,0,275,258,0,1,0,0,0,32,19,,,101,216,35,49,,16,,1,1,0,0,0,,275,AHRF_natality_24,0,0,0,0,FALSE,"Nonmetro, adjacent (RUCC 4-6)",258,TRUE,12.4,7.36,,,39.15,7.41,,1,0,,Neither
48367,Parker,TX,158079,2068,34375,1,0.6434807249,"Parker, TX",0,0,0,1924,1897,1,2,0,5,703,207,128,18,21,520,1799,28,371,70,120,,3,1,0,0,0,,1924,AHRF_natality_24,0,0,0,0.52,FALSE,Metro (RUCC 1-3),1897,TRUE,10.91,6.75,0.95,1.11,27.41,6.67,,0.6346,2.6,0,OB/GYN only
48369,Parmer,TX,9752,40,1898,9,1,"Parmer, TX",0,0,0,155,145,0,1,1,0,0,16,10,,,65,144,,113,,10,,2,1,1,0,0,,155,AHRF_natality_24,0,0,0,0,FALSE,"Nonmetro, remote (RUCC 7-9)",145,TRUE,11.03,6.9,,,44.83,6.94,,1,0,,Neither
48371,Pecos,TX,14983,56,2814,7,0.4371750148,"Pecos, TX",0,0,0,188,188,1,2,2,0,95,34,21,,,108,182,,155,,21,,4,2,2,0,0,,188,AHRF_natality_24,0,0,0,5.32,FALSE,"Nonmetro, remote (RUCC 7-9)",188,TRUE,18.09,11.17,,,57.45,11.54,,0.4947,0,,Neither
48373,Polk,TX,51780,571,9008,6,0.8884344512,"Polk, TX",2,2,2,523,520,1,1,0,4,207,84,47,10,11,267,455,41,98,25,40,,2,2,0,0,0,,523,AHRF_natality_24,0,3.82,0,1.91,FALSE,"Nonmetro, adjacent (RUCC 4-6)",520,TRUE,16.15,9.04,1.92,2.12,51.35,8.79,,0.6042,7.65,0,OB/GYN only
48375,Potter,TX,116634,1545,25692,2,0.1126429023,"Potter, TX",3,3,3,1623,1550,2,6,0,34,4136,197,154,27,42,882,1241,178,803,131,108,32,16,7,0,2,1,2,1623,AHRF_natality_24,1.23,1.85,1.71,1.23,FALSE,Metro (RUCC 1-3),1550,TRUE,12.71,9.94,1.74,2.71,56.9,8.7,17.98,,20.95,0.056,Both
48377,Presidio,TX,6043,218,974,9,1,"Presidio, TX",0,0,0,89,82,0,0,0,0,0,,,,,39,82,,75,,,,0,0,0,0,0,,89,AHRF_natality_24,0,0,0,0,TRUE,"Nonmetro, remote (RUCC 7-9)",82,FALSE,,,,,,,,,0,,Neither
48379,Rains,TX,12505,108,2438,8,1,"Rains, TX",0,0,0,123,126,0,0,0,0,0,15,,,,51,120,,20,,,,0,0,0,0,0,,123,AHRF_natality_24,0,0,0,0,TRUE,"Nonmetro, remote (RUCC 7-9)",126,TRUE,11.9,,,,40.48,,,1,0,,Neither
48381,Randall,TX,143791,1465,33912,2,0.1697725803,"Randall, TX",0,0,0,1771,1705,0,0,0,9,0,191,136,16,24,599,1515,85,584,105,116,,5,5,0,0,0,,1771,AHRF_natality_24,0,0,0,0,FALSE,Metro (RUCC 1-3),1705,TRUE,11.2,7.98,0.94,1.41,35.13,7.66,,1,5.08,0,OB/GYN only
48383,Reagan,TX,3259,50,765,8,1,"Reagan, TX",0,0,0,41,42,0,1,1,0,0,,,,,16,41,,34,,,,4,2,1,0,0,,41,AHRF_natality_24,,,0,,FALSE,"Nonmetro, remote (RUCC 7-9)",42,FALSE,,,,,,,,,,,Neither
48385,Real,TX,2821,0,331,9,1,"Real, TX",0,0,0,22,28,0,0,0,0,0,,,,,10,27,,10,,,,0,0,0,0,0,,22,AHRF_natality_24,,,0,,TRUE,"Nonmetro, remote (RUCC 7-9)",28,FALSE,,,,,,,,,,,Neither
48387,Red River,TX,11621,202,1991,8,1,"Red River, TX",1,1,1,116,128,0,0,0,0,0,18,13,,,62,106,18,18,,10,,1,1,0,1,0,8,116,AHRF_natality_24,8.62,8.62,8.61,0,FALSE,"Nonmetro, remote (RUCC 7-9)",128,TRUE,14.06,10.16,,,48.44,9.43,,1,0,1,Midwife only
48389,Reeves,TX,13219,67,2373,7,0.1130322756,"Reeves, TX",0,0,0,185,186,1,1,1,0,138,22,19,,,105,182,,165,,19,,2,1,1,0,0,,185,AHRF_natality_24,0,0,0,5.41,FALSE,"Nonmetro, remote (RUCC 7-9)",186,TRUE,11.83,10.22,,,56.45,10.44,,0.2541,0,,Neither
48391,Refugio,TX,6693,85,1345,8,1,"Refugio, TX",0,0,0,82,69,0,1,1,0,0,,,,,35,67,,38,,,,2,1,1,0,0,,82,AHRF_natality_24,0,0,0,0,FALSE,"Nonmetro, remote (RUCC 7-9)",69,FALSE,,,,,,,,,0,,Neither
48393,Roberts,TX,785,0,144,9,1,"Roberts, TX",0,0,0,3,,0,0,0,0,0,,,,,,,,,,,,0,0,0,0,0,,3,AHRF_natality_24,,,0,,TRUE,"Nonmetro, remote (RUCC 7-9)",,FALSE,,,,,,,,,,,Neither
48395,Robertson,TX,16973,321,3485,2,1,"Robertson, TX",0,0,0,226,200,0,0,0,0,0,27,19,,,88,148,47,50,,11,,1,1,0,0,0,,226,AHRF_natality_24,0,0,0,0,FALSE,Metro (RUCC 1-3),200,TRUE,13.5,9.5,,,44,7.43,,1,0,,Neither
48397,Rockwall,TX,116931,1573,27487,1,0.1373598345,"Rockwall, TX",0,0,0,1382,1383,1,1,0,16,515,165,100,17,11,308,1142,144,337,97,76,15,3,2,0,1,1,1,1382,AHRF_natality_24,0.72,0,0.86,0.72,FALSE,Metro (RUCC 1-3),1383,TRUE,11.93,7.23,1.23,0.8,22.27,6.65,10.42,0.6274,11.58,0.059,Both
48399,Runnels,TX,9880,105,2011,8,1,"Runnels, TX",0,0,0,111,112,0,2,2,0,0,21,15,,,56,109,,50,,14,,5,2,2,0,0,,111,AHRF_natality_24,0,0,0,0,FALSE,"Nonmetro, remote (RUCC 7-9)",112,TRUE,18.75,13.39,,,50,12.84,,1,0,,Neither
48401,Rusk,TX,52613,414,10376,2,0.6407476922,"Rusk, TX",0,0,0,568,553,1,1,0,2,218,81,48,,,235,464,73,172,16,35,11,2,2,0,0,0,,568,AHRF_natality_24,0,0,0,1.76,FALSE,Metro (RUCC 1-3),553,TRUE,14.65,8.68,,,42.5,7.54,,0.6162,3.52,0,OB/GYN only
48403,Sabine,TX,9998,128,1595,9,1,"Sabine, TX",0,0,0,105,102,0,1,1,0,0,15,11,,,58,92,,,,10,,3,1,1,0,0,,105,AHRF_natality_24,0,0,0,0,FALSE,"Nonmetro, remote (RUCC 7-9)",102,TRUE,14.71,10.78,,,56.86,,,1,0,,Neither
48405,San Augustine,TX,7889,22,1434,9,1,"San Augustine, TX",0,0,0,74,80,0,1,0,0,0,13,,,,43,57,21,11,,,,3,1,1,0,0,,74,AHRF_natality_24,0,0,0,0,FALSE,"Nonmetro, remote (RUCC 7-9)",80,FALSE,,,,,,,,,0,,Neither
48407,San Jacinto,TX,27983,639,5548,1,1,"San Jacinto, TX",0,0,0,353,328,0,0,0,0,0,46,28,,,167,298,24,88,,25,,0,0,0,0,0,,353,AHRF_natality_24,0,0,0,0,TRUE,Metro (RUCC 1-3),328,TRUE,14.02,8.54,,,50.91,8.39,,1,0,,Neither
48409,San Patricio,TX,69519,885,15153,2,0.2783215766,"San Patricio, TX",1,0,1,843,872,0,0,0,0,0,122,79,14,15,476,849,,574,15,78,,4,3,0,0,0,,843,AHRF_natality_24,0,1.19,0,0,FALSE,Metro (RUCC 1-3),872,TRUE,13.99,9.06,1.61,1.72,54.59,9.19,,1,0,,Neither
48411,San Saba,TX,5802,72,1081,9,1,"San Saba, TX",0,0,0,50,51,0,0,0,0,0,,,,,20,49,,26,,,,2,2,0,0,0,,50,AHRF_natality_24,0,0,0,0,FALSE,"Nonmetro, remote (RUCC 7-9)",51,FALSE,,,,,,,,,0,,Neither
48413,Schleicher,TX,2426,28,441,8,1,"Schleicher, TX",0,0,0,20,26,0,1,1,0,0,,,,,,25,,19,,,,4,3,1,0,0,,20,AHRF_natality_24,,,0,,FALSE,"Nonmetro, remote (RUCC 7-9)",26,FALSE,,,,,,,,,,,Neither
48415,Scurry,TX,16633,263,3175,7,0.3180368533,"Scurry, TX",0,0,0,196,192,1,1,1,0,140,24,20,,,86,181,,102,,19,,2,1,1,0,0,,196,AHRF_natality_24,0,0,0,5.1,FALSE,"Nonmetro, remote (RUCC 7-9)",192,TRUE,12.5,10.42,,,44.79,10.5,,0.2857,0,,Neither
48417,Shackelford,TX,3169,71,610,8,1,"Shackelford, TX",0,0,0,23,32,0,0,0,0,0,,,,,11,31,,,,,,1,1,0,0,0,,23,AHRF_natality_24,,,0,,FALSE,"Nonmetro, remote (RUCC 7-9)",32,FALSE,,,,,,,,,,,Neither
48419,Shelby,TX,24108,445,5028,7,0.7867371576,"Shelby, TX",0,1,0,341,352,0,0,0,0,0,57,32,,,158,280,59,96,13,21,,3,3,0,0,0,,341,AHRF_natality_24,0,0,0,0,FALSE,"Nonmetro, remote (RUCC 7-9)",352,TRUE,16.19,9.09,,,44.89,7.5,,1,0,,Neither
48421,Sherman,TX,2434,13,577,9,1,"Sherman, TX",0,0,0,48,46,0,0,0,0,0,,,,,13,46,,28,,,,0,0,0,0,0,,48,AHRF_natality_24,,,0,,TRUE,"Nonmetro, remote (RUCC 7-9)",46,FALSE,,,,,,,,,,,Neither
48423,Smith,TX,238014,3096,54921,3,0.3492476839,"Smith, TX",5,4,5,3129,3068,2,8,0,30,4291,396,254,45,43,1279,2406,525,940,137,166,73,18,12,0,6,5,3,3129,AHRF_natality_24,1.92,1.6,2.52,0.64,FALSE,Metro (RUCC 1-3),3068,TRUE,12.91,8.28,1.47,1.4,41.69,6.9,13.9,,9.59,0.167,Both
48425,Somervell,TX,9510,17,1984,8,1,"Somervell, TX",0,0,0,82,93,0,1,0,0,0,14,,,,29,91,,20,,,,1,1,0,0,0,,82,AHRF_natality_24,0,0,0,0,FALSE,"Nonmetro, remote (RUCC 7-9)",93,FALSE,,,,,,,,,0,,Neither
48427,Starr,TX,65809,985,15554,4,0.2859526699,"Starr, TX",0,0,0,1105,1084,1,1,0,0,262,196,112,21,37,505,1077,,1078,,111,,1,1,0,0,0,,1105,AHRF_natality_24,0,0,0,0.9,FALSE,"Nonmetro, adjacent (RUCC 4-6)",1084,TRUE,18.08,10.33,1.94,3.41,46.59,10.31,,0.7629,0,,Neither
48429,Stephens,TX,9278,95,1518,7,0.400615317,"Stephens, TX",0,0,0,88,90,0,1,0,0,0,12,,,,54,88,,27,,,,2,1,1,0,0,,88,AHRF_natality_24,0,0,0,0,FALSE,"Nonmetro, remote (RUCC 7-9)",90,FALSE,,,,,,,,,0,,Neither
48431,Sterling,TX,1389,8,280,8,1,"Sterling, TX",0,0,0,19,23,0,0,0,0,0,,,,,,22,,10,,,,1,1,0,0,0,,19,AHRF_natality_24,,,0,,FALSE,"Nonmetro, remote (RUCC 7-9)",23,FALSE,,,,,,,,,,,Neither
48433,Stonewall,TX,1244,10,226,9,1,"Stonewall, TX",0,0,0,10,12,0,1,1,0,0,,,,,,12,,,,,,3,2,1,0,0,,10,AHRF_natality_24,,,0,,FALSE,"Nonmetro, remote (RUCC 7-9)",12,FALSE,,,,,,,,,,,Neither
48435,Sutton,TX,3306,48,726,9,1,"Sutton, TX",0,0,0,27,31,0,1,1,0,0,,,,,14,29,,21,,,,2,1,1,0,0,,27,AHRF_natality_24,,,0,,FALSE,"Nonmetro, remote (RUCC 7-9)",31,FALSE,,,,,,,,,,,Neither
48437,Swisher,TX,6981,81,1249,8,1,"Swisher, TX",0,0,0,65,75,0,1,1,0,0,,,,,37,69,,37,,,,2,1,1,0,0,,65,AHRF_natality_24,0,0,0,0,FALSE,"Nonmetro, remote (RUCC 7-9)",75,FALSE,,,,,,,,,0,,Neither
48439,Tarrant,TX,2135743,30009,530913,1,0.0122815828,"Tarrant, TX",38,39,38,28013,27600,13,38,0,225,34211,3675,2466,410,372,11387,19383,5813,10444,2405,1431,806,99,53,0,43,42,1,28013,AHRF_natality_24,1.54,1.36,2.01,0.46,FALSE,Metro (RUCC 1-3),27600,TRUE,13.32,8.93,1.49,1.35,41.26,7.38,13.87,,8.03,0.16,Both
48441,Taylor,TX,144259,1948,35381,3,0.1750600525,"Taylor, TX",2,2,2,1720,1938,1,4,0,15,2654,299,178,20,35,781,1642,193,619,103,138,31,12,5,0,2,2,3,1720,AHRF_natality_24,1.16,1.16,1.39,0.58,FALSE,Metro (RUCC 1-3),1938,TRUE,15.43,9.18,1.03,1.81,40.3,8.4,16.06,,8.72,0.118,Both
48443,Terrell,TX,851,8,69,9,1,"Terrell, TX",0,0,0,5,,0,0,0,0,0,,,,,,,,,,,,0,0,0,0,0,,5,AHRF_natality_24,,,0,,TRUE,"Nonmetro, remote (RUCC 7-9)",,FALSE,,,,,,,,,,,Neither
48445,Terry,TX,11699,124,2235,6,0.3014960696,"Terry, TX",1,1,1,187,184,1,1,0,0,146,21,13,,,80,176,,103,,13,,1,1,0,0,0,,187,AHRF_natality_24,0,5.35,0,5.35,FALSE,"Nonmetro, adjacent (RUCC 4-6)",184,TRUE,11.41,7.07,,,43.48,7.39,,0.2193,0,,Neither
48447,Throckmorton,TX,1589,28,276,9,1,"Throckmorton, TX",0,0,0,23,20,0,1,1,0,0,,,,,,19,,,,,,2,1,1,0,0,,23,AHRF_natality_24,,,0,,FALSE,"Nonmetro, remote (RUCC 7-9)",20,FALSE,,,,,,,,,,,Neither
48449,Titus,TX,31284,626,7090,7,0.5065446283,"Titus, TX",2,2,2,446,428,1,1,0,5,874,51,34,,,207,380,39,264,,29,,1,1,0,1,1,7,446,AHRF_natality_24,2.24,4.48,3.2,2.24,FALSE,"Nonmetro, remote (RUCC 7-9)",428,TRUE,11.92,7.94,,,48.36,7.63,,,11.21,0.167,Both
48451,Tom Green,TX,119398,1334,27181,3,0.1668374957,"Tom Green, TX",4,4,4,1384,1472,1,2,0,11,1856,201,117,14,25,639,1358,49,716,65,106,,9,4,0,5,4,3,1384,AHRF_natality_24,3.61,2.89,4.19,0.72,FALSE,Metro (RUCC 1-3),1472,TRUE,13.65,7.95,0.95,1.7,43.41,7.81,,,7.95,0.312,Both
48453,Travis,TX,1307625,16333,350443,1,0.0511065054,"Travis, TX",41,38,41,16300,16085,5,21,0,217,23495,1940,1212,186,208,5103,12793,1428,7069,1864,858,184,53,26,0,52,48,1,16300,AHRF_natality_24,3.19,2.52,3.98,0.31,FALSE,Metro (RUCC 1-3),16085,TRUE,12.06,7.53,1.16,1.29,31.73,6.71,12.89,,13.31,0.193,Both
48455,Trinity,TX,13850,197,2426,8,1,"Trinity, TX",0,0,0,111,131,0,0,0,0,0,19,11,,,72,113,13,20,,10,,3,3,0,0,0,,111,AHRF_natality_24,0,0,0,0,FALSE,"Nonmetro, remote (RUCC 7-9)",131,TRUE,14.5,8.4,,,54.96,8.85,,1,0,,Neither
48457,Tyler,TX,20084,244,3228,8,1,"Tyler, TX",0,0,0,196,195,0,1,0,0,0,24,17,,,101,173,14,13,,13,,1,1,0,0,0,,196,AHRF_natality_24,0,0,0,0,FALSE,"Nonmetro, remote (RUCC 7-9)",195,TRUE,12.31,8.72,,,51.79,7.51,,1,0,,Neither
48459,Upshur,TX,41864,554,8761,2,0.8069059963,"Upshur, TX",0,0,0,526,498,0,0,0,1,0,64,39,,,175,453,27,78,18,34,,2,2,0,0,0,,526,AHRF_natality_24,0,0,0,0,FALSE,Metro (RUCC 1-3),498,TRUE,12.85,7.83,,,35.14,7.51,,1,1.9,0,OB/GYN only
48461,Upton,TX,3227,19,624,8,1,"Upton, TX",0,0,0,43,34,0,2,2,0,0,,,,,17,33,,23,,,,4,2,2,0,0,,43,AHRF_natality_24,,,0,,FALSE,"Nonmetro, remote (RUCC 7-9)",34,FALSE,,,,,,,,,,,Neither
48463,Uvalde,TX,24810,506,5527,6,0.3516528253,"Uvalde, TX",0,1,0,407,387,1,1,1,1,481,56,33,,,225,376,,307,,32,,2,1,1,0,0,,407,AHRF_natality_24,0,0,0,2.46,FALSE,"Nonmetro, adjacent (RUCC 4-6)",387,TRUE,14.47,8.53,,,58.14,8.51,,,2.46,0,OB/GYN only
48465,Val Verde,TX,47647,1039,10254,5,0.1030975497,"Val Verde, TX",0,0,0,773,760,1,1,0,4,776,75,51,,18,374,737,12,661,12,49,,2,1,0,0,0,,773,AHRF_natality_24,0,0,0,1.29,FALSE,"Nonmetro, adjacent (RUCC 4-6)",760,TRUE,9.87,6.71,,2.37,49.21,6.65,,,5.17,0,OB/GYN only
48467,Van Zandt,TX,61323,1012,12337,8,1,"Van Zandt, TX",1,1,1,677,666,0,0,0,0,0,76,45,,11,252,635,14,144,17,43,,2,2,0,2,0,8,677,AHRF_natality_24,2.95,1.48,3.26,0,FALSE,"Nonmetro, remote (RUCC 7-9)",666,TRUE,11.41,6.76,,1.65,37.84,6.77,,1,0,1,Midwife only
48469,Victoria,TX,91281,1397,20656,3,0.2774121486,"Victoria, TX",0,0,0,1262,1216,2,5,0,9,1944,215,117,23,23,630,1109,73,711,34,102,12,10,3,0,0,0,,1262,AHRF_natality_24,0,0,0,1.58,FALSE,Metro (RUCC 1-3),1216,TRUE,17.68,9.62,1.89,1.89,51.81,9.2,,,7.13,0,OB/GYN only
48471,Walker,TX,78292,974,16654,4,0.4317408377,"Walker, TX",0,0,0,721,659,1,1,0,1,241,105,59,12,,300,500,135,172,24,36,20,1,1,0,1,0,4,721,AHRF_natality_24,1.39,0,1.28,1.39,FALSE,"Nonmetro, adjacent (RUCC 4-6)",659,TRUE,15.93,8.95,1.82,,45.52,7.2,14.81,0.6657,1.39,0.5,Both
48473,Waller,TX,59455,935,16100,1,0.7736028454,"Waller, TX",0,0,0,776,816,0,0,0,0,0,117,68,,10,312,631,124,367,61,45,16,1,1,0,0,0,,776,AHRF_natality_24,0,0,0,0,FALSE,Metro (RUCC 1-3),816,TRUE,14.34,8.33,,1.23,38.24,7.13,12.9,1,0,,Neither
48475,Ward,TX,11255,140,2425,6,0.2131569907,"Ward, TX",0,0,0,183,177,0,1,1,0,0,19,15,,,93,165,,104,,13,,2,1,1,0,0,,183,AHRF_natality_24,0,0,0,0,FALSE,"Nonmetro, adjacent (RUCC 4-6)",177,TRUE,10.73,8.47,,,52.54,7.88,,1,0,,Neither
48477,Washington,TX,36156,313,7169,6,0.514173998,"Washington, TX",0,0,0,354,359,1,1,1,2,370,49,31,,,146,293,55,117,11,21,,3,2,1,0,0,,354,AHRF_natality_24,0,0,0,2.82,FALSE,"Nonmetro, adjacent (RUCC 4-6)",359,TRUE,13.65,8.64,,,40.67,7.17,,,5.65,0,OB/GYN only
48479,Webb,TX,267731,4480,64787,2,0.058596704,"Webb, TX",1,1,1,4446,4390,2,4,0,15,4948,713,383,55,134,2635,4368,,4325,13,379,,10,6,0,1,0,2,4446,AHRF_natality_24,0.22,0.22,0.37,0.45,FALSE,Metro (RUCC 1-3),4390,TRUE,16.24,8.72,1.25,3.05,60.02,8.68,,,3.37,0.062,Both
48481,Wharton,TX,41651,648,9032,4,0.4752946837,"Wharton, TX",0,0,0,553,541,0,1,0,2,0,82,48,,12,285,470,60,299,11,40,,3,2,0,0,0,,553,AHRF_natality_24,0,0,0,0,FALSE,"Nonmetro, adjacent (RUCC 4-6)",541,TRUE,15.16,8.87,,2.22,52.68,8.51,,1,3.62,0,OB/GYN only
48483,Wheeler,TX,4902,11,1019,9,1,"Wheeler, TX",0,0,0,49,53,0,2,2,0,0,,,,,21,49,,18,,,,4,2,2,0,0,,49,AHRF_natality_24,,,0,,FALSE,"Nonmetro, remote (RUCC 7-9)",53,FALSE,,,,,,,,,,,Neither
48485,Wichita,TX,129842,1278,28589,3,0.1274835717,"Wichita, TX",3,2,3,1593,1530,1,7,1,13,1849,142,125,19,22,758,1216,200,423,114,83,31,12,5,1,5,1,3,1593,AHRF_natality_24,3.14,1.88,3.85,0.63,FALSE,Metro (RUCC 1-3),1530,TRUE,9.28,8.17,1.24,1.44,49.54,6.83,15.5,,8.16,0.278,Both
48487,Wilbarger,TX,12712,173,2855,6,0.260960658,"Wilbarger, TX",0,0,0,159,163,0,2,0,0,0,13,13,,,97,130,14,65,19,,,2,1,0,0,0,,159,AHRF_natality_24,0,0,0,0,FALSE,"Nonmetro, adjacent (RUCC 4-6)",163,TRUE,7.98,7.98,,,59.51,,,1,0,,Neither
48489,Willacy,TX,20218,305,4065,6,0.3559809562,"Willacy, TX",0,0,0,229,234,0,0,0,0,0,44,23,,17,163,233,,223,,23,,1,1,0,0,0,,229,AHRF_natality_24,0,0,0,0,FALSE,"Nonmetro, adjacent (RUCC 4-6)",234,TRUE,18.8,9.83,,7.26,69.66,9.87,,1,0,,Neither
48491,Williamson,TX,643889,9389,160464,1,0.0915261807,"Williamson, TX",5,5,5,8072,8066,4,11,1,53,4895,948,604,95,42,1873,5961,643,2477,1462,398,77,19,13,1,5,4,1,8072,AHRF_natality_24,0.62,0.62,0.78,0.5,FALSE,Metro (RUCC 1-3),8066,TRUE,11.75,7.49,1.18,0.52,23.22,6.68,11.98,0.3936,6.57,0.086,Both
48493,Wilson,TX,51501,389,10874,1,0.8731131791,"Wilson, TX",0,0,0,538,548,0,1,0,0,0,73,45,,,182,528,10,248,10,43,,3,3,0,0,0,,538,AHRF_natality_24,0,0,0,0,FALSE,Metro (RUCC 1-3),548,TRUE,13.32,8.21,,,33.21,8.14,,1,0,,Neither
48495,Winkler,TX,7540,154,1559,6,0.1809780516,"Winkler, TX",0,0,0,117,116,0,1,1,0,0,15,12,,,49,112,,83,,11,,3,2,1,0,0,,117,AHRF_natality_24,0,0,0,0,FALSE,"Nonmetro, adjacent (RUCC 4-6)",116,TRUE,12.93,10.34,,,42.24,9.82,,1,0,,Neither
48497,Wise,TX,72359,1041,15419,1,0.9050734351,"Wise, TX",0,0,0,872,876,1,1,0,3,436,99,64,11,,262,827,18,236,32,58,,3,3,0,0,0,,872,AHRF_natality_24,0,0,0,1.15,FALSE,Metro (RUCC 1-3),876,TRUE,11.3,7.31,1.26,,29.91,7.01,,0.5,3.44,0,OB/GYN only
48499,Wood,TX,46094,563,7955,6,0.8729121602,"Wood, TX",0,0,0,447,431,0,2,2,0,0,54,34,,,178,402,12,78,17,30,,5,3,2,0,0,,447,AHRF_natality_24,0,0,0,0,FALSE,"Nonmetro, adjacent (RUCC 4-6)",431,TRUE,12.53,7.89,,,41.3,7.46,,1,0,,Neither
48501,Yoakum,TX,7589,95,1527,9,1,"Yoakum, TX",0,0,0,136,134,1,1,1,1,273,15,11,,,48,133,,99,,11,,2,1,1,0,0,,136,AHRF_natality_24,0,0,0,7.35,FALSE,"Nonmetro, remote (RUCC 7-9)",134,TRUE,11.19,8.21,,,35.82,8.27,,,7.35,0,OB/GYN only
48503,Young,TX,17963,203,3651,7,0.5195052331,"Young, TX",0,0,0,218,219,1,2,1,0,40,24,13,,,95,212,,61,,12,,4,2,2,0,0,,218,AHRF_natality_24,0,0,0,4.59,FALSE,"Nonmetro, remote (RUCC 7-9)",219,TRUE,10.96,5.94,,,43.38,5.66,,0.8165,0,,Neither
48505,Zapata,TX,13855,266,3170,6,0.2121823025,"Zapata, TX",0,0,0,171,184,0,0,0,0,0,25,13,,,118,183,,182,,13,,0,0,0,0,0,,171,AHRF_natality_24,0,0,0,0,TRUE,"Nonmetro, adjacent (RUCC 4-6)",184,TRUE,13.59,7.07,,,64.13,7.1,,1,0,,Neither
48507,Zavala,TX,9532,90,1971,7,0.306204757,"Zavala, TX",1,0,1,160,153,0,0,0,0,0,20,15,,,118,152,,146,,15,,0,0,0,0,0,,160,AHRF_natality_24,0,6.25,0,0,TRUE,"Nonmetro, remote (RUCC 7-9)",153,TRUE,13.07,9.8,,,77.12,9.87,,1,0,,Neither
49001,Beaver,UT,7172,219,1601,9,1,"Beaver, UT",0,0,0,117,102,0,2,2,0,465,11,,,,25,100,,19,,,,4,2,2,0,0,,117,AHRF_natality_24,0,0,0,0,FALSE,"Nonmetro, remote (RUCC 7-9)",102,TRUE,10.78,,,,24.51,,,,0,,Neither
49003,Box Elder,UT,59725,835,13581,4,0.3173793917,"Box Elder, UT",1,1,1,847,830,1,2,0,3,592,101,59,11,,148,798,,101,28,58,,2,2,0,2,0,4,847,AHRF_natality_24,2.36,1.18,3.35,1.18,FALSE,"Nonmetro, adjacent (RUCC 4-6)",830,TRUE,12.17,7.11,1.33,,17.83,7.27,,0.3011,3.54,0.4,Both
49005,Cache,UT,137031,2511,37120,3,0.1443967136,"Cache, UT",5,5,5,2152,2056,1,2,0,10,2143,230,131,23,10,260,1926,28,271,102,119,,2,2,0,7,0,3,2152,AHRF_natality_24,3.25,2.32,5.11,0.46,FALSE,Metro (RUCC 1-3),2056,TRUE,11.19,6.37,1.12,0.49,12.65,6.18,,0.0042,4.65,0.412,Both
49007,Carbon,UT,20446,238,4438,7,0.3461689202,"Carbon, UT",0,0,0,225,220,1,1,0,1,237,29,23,,,71,209,,31,,22,,1,1,0,0,0,,225,AHRF_natality_24,0,0,0,4.44,FALSE,"Nonmetro, remote (RUCC 7-9)",220,TRUE,13.18,10.45,,,32.27,10.53,,,4.44,0,OB/GYN only
49009,Daggett,UT,747,12,144,9,1,"Daggett, UT",0,0,0,5,,0,0,0,0,0,,,,,,,,,,,,0,0,0,0,0,,5,AHRF_natality_24,,,0,,TRUE,"Nonmetro, remote (RUCC 7-9)",,FALSE,,,,,,,,,,,Neither
49011,Davis,UT,366742,4837,89130,2,0.0083655243,"Davis, UT",11,8,10,4610,4752,2,4,0,21,3553,526,371,51,17,750,4296,88,637,368,323,12,6,4,0,12,10,2,4610,AHRF_natality_24,2.6,2.39,3.27,0.43,FALSE,Metro (RUCC 1-3),4752,TRUE,11.07,7.81,1.07,0.36,15.78,7.52,,0.2293,4.56,0.364,Both
49013,Duchesne,UT,19932,372,4445,7,0.6804960196,"Duchesne, UT",0,0,0,295,274,1,1,0,2,492,32,23,,,74,249,,29,23,20,,1,1,0,0,0,,295,AHRF_natality_24,0,0,0,3.39,FALSE,"Nonmetro, remote (RUCC 7-9)",274,TRUE,11.68,8.39,,,27.01,8.03,,,6.78,0,OB/GYN only
49015,Emery,UT,9968,52,2035,9,1,"Emery, UT",1,0,1,134,118,0,0,0,0,0,11,10,,,27,113,,12,,10,,0,0,0,1,0,9,134,AHRF_natality_24,7.46,7.46,10.03,0,TRUE,"Nonmetro, remote (RUCC 7-9)",118,TRUE,9.32,8.47,,,22.88,8.85,,1,0,1,Midwife only
49017,Garfield,UT,5170,22,1036,9,1,"Garfield, UT",0,0,0,48,57,1,1,1,0,34,,,,,12,54,,,,,,2,1,1,0,0,,48,AHRF_natality_24,,,0,,FALSE,"Nonmetro, remote (RUCC 7-9)",57,FALSE,,,,,,,,,,,Neither
49019,Grand,UT,9697,194,2111,7,0.179542869,"Grand, UT",1,1,1,112,94,0,1,1,0,197,,,,,37,79,,19,15,,,2,1,1,0,0,,112,AHRF_natality_24,0,8.93,0,0,FALSE,"Nonmetro, remote (RUCC 7-9)",94,FALSE,,,,,,,,,0,,Neither
49021,Iron,UT,60201,729,15085,4,0.2860933163,"Iron, UT",2,2,2,869,829,1,1,0,2,787,91,65,,,165,782,,94,43,60,,1,1,0,2,0,4,869,AHRF_natality_24,2.3,2.3,3.32,1.15,FALSE,"Nonmetro, adjacent (RUCC 4-6)",829,TRUE,10.98,7.84,,,19.9,7.67,,0.0944,2.3,0.5,Both
49023,Juab,UT,12273,111,2712,2,0.462922111,"Juab, UT",0,0,0,203,203,1,1,1,0,311,18,12,,,40,196,,14,,11,,2,1,1,0,0,,203,AHRF_natality_24,0,0,0,4.93,FALSE,Metro (RUCC 1-3),203,TRUE,8.87,5.91,,,19.7,5.61,,,0,,Neither
49025,Kane,UT,7996,76,1485,8,1,"Kane, UT",0,0,0,89,87,1,1,1,1,22,10,,,,17,81,,,,,,2,1,1,1,0,8,89,AHRF_natality_24,11.24,0,12.51,11.24,FALSE,"Nonmetro, remote (RUCC 7-9)",87,FALSE,,,,,,,,,11.24,0.5,Both
49027,Millard,UT,13179,117,2731,9,1,"Millard, UT",0,0,0,172,181,2,2,2,0,115,15,10,,,41,175,,38,,10,,4,2,2,0,0,,172,AHRF_natality_24,0,0,0,11.63,FALSE,"Nonmetro, remote (RUCC 7-9)",181,TRUE,8.29,5.52,,,22.65,5.71,,0.3314,0,,Neither
49029,Morgan,UT,12585,180,2725,2,1,"Morgan, UT",0,0,0,131,142,0,0,0,0,0,15,10,,,11,138,,,,,,0,0,0,0,0,,131,AHRF_natality_24,0,0,0,0,TRUE,Metro (RUCC 1-3),142,TRUE,10.56,7.04,,,7.75,,,1,0,,Neither
49031,Piute,UT,1705,14,275,9,1,"Piute, UT",0,0,0,13,17,0,0,0,0,0,,,,,,16,,,,,,0,0,0,0,0,,13,AHRF_natality_24,,,0,,TRUE,"Nonmetro, remote (RUCC 7-9)",17,FALSE,,,,,,,,,,,Neither
49033,Rich,UT,2588,19,531,8,1,"Rich, UT",0,0,0,34,30,0,0,0,0,0,,,,,,29,,,,,,0,0,0,0,0,,34,AHRF_natality_24,,,0,,TRUE,"Nonmetro, remote (RUCC 7-9)",30,FALSE,,,,,,,,,,,Neither
49035,Salt Lake,UT,1184689,14629,298678,1,0.0069142231,"Salt Lake, UT",76,75,75,14614,14672,6,16,0,163,16985,1587,1138,167,120,4095,12512,454,3956,1705,934,48,38,17,0,81,72,1,14614,AHRF_natality_24,5.54,5.2,6.84,0.41,FALSE,Metro (RUCC 1-3),14672,TRUE,10.82,7.76,1.14,0.82,27.91,7.46,10.57,,11.15,0.332,Both
49037,San Juan,UT,14466,132,3082,9,1,"San Juan, UT",0,0,0,191,172,1,2,2,0,277,19,10,,,71,87,,10,85,,,6,3,2,0,0,,191,AHRF_natality_24,0,0,0,5.24,FALSE,"Nonmetro, remote (RUCC 7-9)",172,TRUE,11.05,5.81,,,41.28,,,,0,,Neither
49039,Sanpete,UT,29209,465,6631,6,0.8224496255,"Sanpete, UT",1,1,1,366,401,1,2,2,0,673,39,32,,,75,381,,49,19,30,,4,2,2,2,0,6,366,AHRF_natality_24,5.46,2.73,6.85,2.73,FALSE,"Nonmetro, adjacent (RUCC 4-6)",401,TRUE,9.73,7.98,,,18.7,7.87,,,0,1,Midwife only
49041,Sevier,UT,21854,335,4688,7,0.6100269492,"Sevier, UT",2,2,2,281,289,1,1,0,0,231,43,31,,,73,277,,22,11,29,,1,1,0,3,0,7,281,AHRF_natality_24,10.68,7.12,13.73,3.56,FALSE,"Nonmetro, remote (RUCC 7-9)",289,TRUE,14.88,10.73,,,25.26,10.47,,0.1779,0,1,Midwife only
49043,Summit,UT,42709,257,9061,4,0.4464197181,"Summit, UT",1,1,1,418,413,1,1,0,11,269,40,32,,,77,390,,81,20,30,,1,1,0,3,1,4,418,AHRF_natality_24,7.18,2.39,7.02,2.39,FALSE,"Nonmetro, adjacent (RUCC 4-6)",413,TRUE,9.69,7.75,,,18.64,7.69,,0.3565,26.32,0.214,Both
49045,Tooele,UT,76648,837,19193,1,0.1974744835,"Tooele, UT",0,0,0,1062,1091,0,1,0,4,391,121,90,13,,262,1007,14,191,71,85,,2,1,0,1,0,1,1062,AHRF_natality_24,0.94,0,1.3,0,FALSE,Metro (RUCC 1-3),1091,TRUE,11.09,8.25,1.19,,24.01,8.44,,0.6318,3.77,0.2,Both
49047,Uintah,UT,36458,894,8545,7,0.4476417743,"Uintah, UT",1,1,1,473,483,0,1,0,2,465,55,42,,,141,431,,46,50,37,,1,1,0,1,0,7,473,AHRF_natality_24,2.11,2.11,2.74,0,FALSE,"Nonmetro, remote (RUCC 7-9)",483,TRUE,11.39,8.7,,,29.19,8.58,,0.0169,4.23,0.333,Both
49049,Utah,UT,683622,13435,183269,2,0.0422915412,"Utah, UT",18,14,18,12008,12099,4,9,0,42,8965,1209,832,126,46,1266,11192,122,1894,785,751,11,11,7,0,23,19,2,12008,AHRF_natality_24,1.92,1.5,3.36,0.33,FALSE,Metro (RUCC 1-3),12099,TRUE,9.99,6.88,1.04,0.38,10.46,6.71,9.02,0.2534,3.5,0.354,Both
49051,Wasatch,UT,35808,428,7838,4,0.2786018167,"Wasatch, UT",4,4,4,378,383,1,1,1,1,229,41,31,,,80,365,,88,16,30,,2,1,1,2,0,4,378,AHRF_natality_24,5.29,10.58,5.59,2.65,FALSE,"Nonmetro, adjacent (RUCC 4-6)",383,TRUE,10.7,8.09,,,20.89,8.22,,0.3942,2.65,0.667,Both
49053,Washington,UT,189827,2141,39868,3,0.1486584683,"Washington, UT",5,4,5,2268,2345,1,1,0,19,2783,231,142,26,12,546,2161,19,410,166,127,,2,1,0,3,3,3,2268,AHRF_natality_24,1.32,2.2,1.58,0.44,FALSE,Metro (RUCC 1-3),2345,TRUE,9.85,6.06,1.11,0.51,23.28,5.88,,,8.38,0.136,Both
49055,Wayne,UT,2557,65,469,9,1,"Wayne, UT",0,0,0,30,33,0,0,0,0,0,,,,,,32,,,,,,0,0,0,0,0,,30,AHRF_natality_24,,,0,,TRUE,"Nonmetro, remote (RUCC 7-9)",33,FALSE,,,,,,,,,,,Neither
49057,Weber,UT,266183,4276,64622,2,0.0559142409,"Weber, UT",6,4,6,3550,3451,1,3,0,20,3147,399,289,49,26,955,3178,48,804,225,259,,4,2,0,12,10,2,3550,AHRF_natality_24,3.38,1.69,4.51,0.28,FALSE,Metro (RUCC 1-3),3451,TRUE,11.56,8.37,1.42,0.75,27.67,8.15,,0.1135,5.63,0.375,Both
50001,Addison,VT,37497,377,8148,6,0.8352915986,"Addison, VT",7,6,7,264,291,0,1,1,3,205,25,24,,,93,282,,10,,24,,2,1,1,6,0,6,264,AHRF_natality_24,22.73,26.52,16,0,FALSE,"Nonmetro, adjacent (RUCC 4-6)",291,TRUE,8.59,8.25,,,31.96,8.51,,0.2235,11.36,0.667,Both
50003,Bennington,VT,37312,241,7301,6,0.6315902214,"Bennington, VT",3,3,3,245,262,1,1,0,6,363,26,24,,,126,249,,,,22,,1,1,0,3,0,6,245,AHRF_natality_24,12.24,12.24,8.04,4.08,FALSE,"Nonmetro, adjacent (RUCC 4-6)",262,TRUE,9.92,9.16,,,48.09,8.84,,,24.49,0.333,Both
50005,Caledonia,VT,30425,284,5991,9,0.8384877452,"Caledonia, VT",3,4,3,241,238,1,1,1,4,217,24,18,,,107,229,,,,18,,2,1,1,2,0,9,241,AHRF_natality_24,8.3,12.45,6.57,4.15,FALSE,"Nonmetro, remote (RUCC 7-9)",238,TRUE,10.08,7.56,,,44.96,7.86,,0.0996,16.6,0.333,Both
50007,Chittenden,VT,168831,1749,42856,3,0.2606536243,"Chittenden, VT",20,18,20,1300,1401,1,1,0,51,2213,125,87,12,,329,1175,94,44,132,71,,3,2,0,15,15,3,1300,AHRF_natality_24,11.54,15.38,8.88,0.77,FALSE,Metro (RUCC 1-3),1401,TRUE,8.92,6.21,0.86,,23.48,6.04,,,39.23,0.227,Both
50009,Essex,VT,5972,30,1026,9,1,"Essex, VT",0,0,0,33,43,0,0,0,0,0,,,,,19,42,,,,,,0,0,0,0,0,,33,AHRF_natality_24,,,0,,TRUE,"Nonmetro, remote (RUCC 7-9)",43,FALSE,,,,,,,,,,,Neither
50011,Franklin,VT,50379,616,10844,3,0.7723941857,"Franklin, VT",1,1,1,525,554,1,1,0,5,325,59,42,,,220,528,,17,23,40,,1,1,0,1,0,3,525,AHRF_natality_24,1.9,1.9,1.98,1.9,FALSE,Metro (RUCC 1-3),554,TRUE,10.65,7.58,,,39.71,7.58,,0.381,9.52,0.167,Both
50013,Grand Isle,VT,7393,62,1294,3,1,"Grand Isle, VT",0,0,0,57,59,0,0,0,1,0,,,,,23,58,,,,,,0,0,0,0,0,,57,AHRF_natality_24,0,0,0,0,TRUE,Metro (RUCC 1-3),59,FALSE,,,,,,,,,17.54,0,OB/GYN only
50015,Lamoille,VT,26036,221,5700,8,1,"Lamoille, VT",6,5,6,239,229,0,1,1,1,270,17,12,,,86,216,,,,12,,2,1,1,6,0,8,239,AHRF_natality_24,25.1,25.1,23.05,0,FALSE,"Nonmetro, remote (RUCC 7-9)",229,TRUE,7.42,5.24,,,37.55,5.56,,,4.18,0.857,Both
50017,Orange,VT,29594,227,5720,9,1,"Orange, VT",8,7,8,247,250,0,1,1,4,306,24,18,,,104,247,,,,18,,2,1,1,6,6,9,247,AHRF_natality_24,24.29,32.39,20.27,0,FALSE,"Nonmetro, remote (RUCC 7-9)",250,TRUE,9.6,7.2,,,41.6,7.29,,,16.19,0.6,Both
50019,Orleans,VT,27492,130,5182,9,1,"Orleans, VT",2,2,2,239,241,0,1,1,2,122,25,18,,,112,233,,,,17,,2,1,1,2,0,9,239,AHRF_natality_24,8.37,8.37,7.27,0,FALSE,"Nonmetro, remote (RUCC 7-9)",241,TRUE,10.37,7.47,,,46.47,7.3,,0.4895,8.37,0.5,Both
50021,Rutland,VT,60484,500,11393,7,0.6772436109,"Rutland, VT",1,1,1,475,469,1,1,0,5,292,54,37,,,223,451,,12,15,36,,1,1,0,3,3,7,475,AHRF_natality_24,6.32,2.11,4.96,2.11,FALSE,"Nonmetro, remote (RUCC 7-9)",469,TRUE,11.51,7.89,,,47.55,7.98,,0.3853,10.53,0.375,Both
50023,Washington,VT,59958,465,12421,4,0.665356898,"Washington, VT",3,3,3,434,473,1,2,0,5,216,39,35,,,161,446,,15,21,33,,5,1,0,6,0,4,434,AHRF_natality_24,13.82,6.91,10.01,2.3,FALSE,"Nonmetro, adjacent (RUCC 4-6)",473,TRUE,8.25,7.4,,,34.04,7.4,,0.5023,11.52,0.545,Both
50025,Windham,VT,45913,415,8903,7,0.7094216316,"Windham, VT",9,9,9,294,320,1,3,1,4,320,33,26,,,144,302,,13,11,24,,5,2,2,9,8,7,294,AHRF_natality_24,30.61,30.61,19.6,3.4,FALSE,"Nonmetro, remote (RUCC 7-9)",320,TRUE,10.31,8.12,,,45,7.95,,,13.61,0.692,Both
50027,Windsor,VT,57968,335,11132,7,0.7864353367,"Windsor, VT",2,2,2,446,425,0,3,2,10,145,41,32,,,162,409,,,10,30,,5,2,2,2,2,7,446,AHRF_natality_24,4.48,4.48,3.45,0,FALSE,"Nonmetro, remote (RUCC 7-9)",425,TRUE,9.65,7.53,,,38.12,7.33,,0.67490000000000006,22.42,0.167,Both
51001,Accomack,VA,33326,414,5869,9,0.9035405381,"Accomack, VA",1,1,1,328,348,1,1,0,3,331,54,37,,,209,218,117,77,13,20,15,1,1,0,1,0,9,328,AHRF_natality_24,3.05,3.05,3,3.05,FALSE,"Nonmetro, remote (RUCC 7-9)",348,TRUE,15.52,10.63,,,60.06,9.17,12.82,,9.15,0.25,Both
51003,Albemarle,VA,113683,1008,26383,3,0.4037457182,"Albemarle, VA",1,0,1,1053,1040,1,1,0,27,1262,97,58,,,254,842,109,117,88,42,11,4,2,0,11,8,3,1053,AHRF_natality_24,10.45,0.95,9.68,0.95,FALSE,Metro (RUCC 1-3),1040,TRUE,9.33,5.58,,,24.42,4.99,10.09,,25.64,0.289,Both
51005,Alleghany,VA,14962,114,2714,6,0.5313670104,"Alleghany, VA",0,0,0,74,96,0,1,0,0,0,10,,,,50,90,,,,,,1,1,0,0,0,,74,AHRF_natality_24,0,0,0,0,FALSE,"Nonmetro, adjacent (RUCC 4-6)",96,FALSE,,,,,,,,,0,,Neither
51007,Amelia,VA,13342,87,2606,1,1,"Amelia, VA",0,0,0,140,132,0,0,0,0,0,19,11,,,51,113,18,,,,,0,0,0,0,0,,140,AHRF_natality_24,0,0,0,0,TRUE,Metro (RUCC 1-3),132,TRUE,14.39,8.33,,,38.64,,,1,0,,Neither
51009,Amherst,VA,31385,242,6633,2,0.6236624397,"Amherst, VA",0,0,0,306,323,0,0,0,0,0,32,24,,,119,258,53,13,12,15,,0,0,0,0,0,,306,AHRF_natality_24,0,0,0,0,TRUE,Metro (RUCC 1-3),323,TRUE,9.91,7.43,,,36.84,5.81,,1,0,,Neither
51011,Appomattox,VA,16424,216,3341,2,1,"Appomattox, VA",0,0,0,182,191,0,0,0,0,0,20,15,,,70,155,32,,,11,,0,0,0,0,0,,182,AHRF_natality_24,0,0,0,0,TRUE,Metro (RUCC 1-3),191,TRUE,10.47,7.85,,,36.65,7.1,,1,0,,Neither
51013,Arlington,VA,235463,2423,66336,1,0,"Arlington, VA",6,4,6,2478,2391,0,2,0,42,4362,248,165,22,,467,1726,266,522,399,107,20,4,4,0,7,7,1,2478,AHRF_natality_24,2.82,2.42,2.97,0,FALSE,Metro (RUCC 1-3),2391,TRUE,10.37,6.9,0.92,,19.53,6.2,7.52,,16.95,0.143,Both
51015,Augusta,VA,77713,827,14740,3,0.8426445726,"Augusta, VA",7,6,7,504,505,1,1,0,8,1118,56,36,,,169,477,21,27,,32,,3,1,0,10,10,3,504,AHRF_natality_24,19.84,13.89,12.87,1.98,FALSE,Metro (RUCC 1-3),505,TRUE,11.09,7.13,,,33.47,6.71,,,15.87,0.556,Both
51017,Bath,VA,4123,28,835,9,1,"Bath, VA",0,0,0,42,44,0,1,1,0,0,,,,,17,43,,,,,,2,1,1,0,0,,42,AHRF_natality_24,,,0,,FALSE,"Nonmetro, remote (RUCC 7-9)",44,FALSE,,,,,,,,,,,Neither
51019,Bedford,VA,80254,911,15414,2,0.707344391,"Bedford, VA",12,9,12,660,681,0,1,0,3,0,63,50,10,,210,613,51,24,17,43,,1,0,0,15,0,2,660,AHRF_natality_24,22.73,18.18,18.69,0,FALSE,Metro (RUCC 1-3),681,TRUE,9.25,7.34,1.47,,30.84,7.01,,1,4.55,0.833,Both
51021,Bland,VA,6211,26,954,8,1,"Bland, VA",0,0,0,37,44,0,0,0,0,0,,,,,15,42,,,,,,0,0,0,0,0,,37,AHRF_natality_24,,,0,,TRUE,"Nonmetro, remote (RUCC 7-9)",44,FALSE,,,,,,,,,,,Neither
51023,Botetourt,VA,33875,377,6174,2,0.5943862365,"Botetourt, VA",0,0,0,265,260,0,0,0,1,0,28,15,,,67,249,,,,14,,0,0,0,0,0,,265,AHRF_natality_24,0,0,0,0,TRUE,Metro (RUCC 1-3),260,TRUE,10.77,5.77,,,25.77,5.62,,1,3.77,0,OB/GYN only
51025,Brunswick,VA,15868,156,2673,8,1,"Brunswick, VA",0,0,0,116,118,0,0,0,1,0,24,20,,,81,47,67,,,,16,0,0,0,0,0,,116,AHRF_natality_24,0,0,0,0,TRUE,"Nonmetro, remote (RUCC 7-9)",118,TRUE,20.34,16.95,,,68.64,,,1,8.62,0,OB/GYN only
51027,Buchanan,VA,19857,332,3460,9,1,"Buchanan, VA",0,0,0,160,162,0,1,0,0,0,19,13,,,68,160,,,,13,,2,2,0,0,0,,160,AHRF_natality_24,0,0,0,0,FALSE,"Nonmetro, remote (RUCC 7-9)",162,TRUE,11.73,8.02,,,41.98,8.12,,1,0,,Neither
51029,Buckingham,VA,16914,120,2778,8,1,"Buckingham, VA",0,0,0,116,129,0,0,0,0,0,13,,,,53,97,29,,,,,0,0,0,0,0,,116,AHRF_natality_24,0,0,0,0,TRUE,"Nonmetro, remote (RUCC 7-9)",129,TRUE,10.08,,,,41.09,,,1,0,,Neither
51031,Campbell,VA,55398,697,11493,2,0.5685507038,"Campbell, VA",0,0,0,349,394,0,0,0,0,0,41,36,,,154,328,57,12,,25,11,0,0,0,0,0,,349,AHRF_natality_24,0,0,0,0,TRUE,Metro (RUCC 1-3),394,TRUE,10.41,9.14,,,39.09,7.62,,1,0,,Neither
51033,Caroline,VA,31541,321,6555,8,1,"Caroline, VA",0,0,0,341,359,0,0,0,0,0,42,31,,,143,269,69,30,21,22,,0,0,0,0,0,,341,AHRF_natality_24,0,0,0,0,TRUE,"Nonmetro, remote (RUCC 7-9)",359,TRUE,11.7,8.64,,,39.83,8.18,,1,0,,Neither
51035,Carroll,VA,29158,249,5307,6,0.9762647916,"Carroll, VA",0,0,0,214,220,0,0,0,1,0,32,16,,,81,213,,12,,16,,0,0,0,0,0,,214,AHRF_natality_24,0,0,0,0,TRUE,"Nonmetro, adjacent (RUCC 4-6)",220,TRUE,14.55,7.27,,,36.82,7.51,,1,4.67,0,OB/GYN only
51036,Charles City,VA,6686,62,1135,1,1,"Charles City, VA",0,0,0,32,39,0,0,0,0,0,,,,,21,23,12,,,,,0,0,0,0,0,,32,AHRF_natality_24,,,0,,TRUE,Metro (RUCC 1-3),39,FALSE,,,,,,,,,,,Neither
51037,Charlotte,VA,11475,82,2055,8,1,"Charlotte, VA",0,0,0,115,142,0,0,0,0,0,19,13,,,66,102,39,,,,,0,0,0,0,0,,115,AHRF_natality_24,0,0,0,0,TRUE,"Nonmetro, remote (RUCC 7-9)",142,TRUE,13.38,9.15,,,46.48,,,1,0,,Neither
51041,Chesterfield,VA,371610,4703,86402,1,0.0803104118,"Chesterfield, VA",5,4,5,4217,4149,0,2,0,41,927,528,341,57,38,1455,2924,990,859,235,191,123,4,3,0,5,5,1,4217,AHRF_natality_24,1.19,1.19,1.35,0,FALSE,Metro (RUCC 1-3),4149,TRUE,12.73,8.22,1.37,0.92,35.07,6.53,12.42,0.7802,9.72,0.109,Both
51043,Clarke,VA,15060,133,2881,1,1,"Clarke, VA",0,0,0,139,150,0,0,0,0,0,15,,,,42,137,,22,,,,0,0,0,0,0,,139,AHRF_natality_24,0,0,0,0,TRUE,Metro (RUCC 1-3),150,TRUE,10,,,,28,,,1,0,,Neither
51045,Craig,VA,4881,47,855,2,1,"Craig, VA",0,0,0,36,41,0,0,0,0,0,,,,,14,41,,,,,,0,0,0,0,0,,36,AHRF_natality_24,,,0,,TRUE,Metro (RUCC 1-3),41,FALSE,,,,,,,,,,,Neither
51047,Culpeper,VA,53563,481,11153,1,0.5706538286,"Culpeper, VA",0,0,0,675,680,0,1,0,2,613,72,48,,12,289,587,58,196,35,37,,1,1,0,0,0,,675,AHRF_natality_24,0,0,0,0,FALSE,Metro (RUCC 1-3),680,TRUE,10.59,7.06,,1.76,42.5,6.3,,0.0919,2.96,0,OB/GYN only
51049,Cumberland,VA,9745,66,1918,8,0.9330232558,"Cumberland, VA",0,0,0,87,87,0,0,0,0,0,14,10,,,38,65,19,,,,,0,0,0,0,0,,87,AHRF_natality_24,0,0,0,0,TRUE,"Nonmetro, remote (RUCC 7-9)",87,FALSE,,,,,,,,,0,,Neither
51051,Dickenson,VA,13920,204,2583,9,1,"Dickenson, VA",0,0,0,132,106,0,1,1,0,0,12,,,,46,104,,,,,,3,2,1,0,0,,132,AHRF_natality_24,0,0,0,0,FALSE,"Nonmetro, remote (RUCC 7-9)",106,TRUE,11.32,,,,43.4,,,1,0,,Neither
51053,Dinwiddie,VA,28083,246,5750,1,0.7166422156,"Dinwiddie, VA",0,0,0,186,194,0,0,0,0,0,25,15,,,102,151,39,10,,10,,0,0,0,1,0,1,186,AHRF_natality_24,5.38,0,3.56,0,TRUE,Metro (RUCC 1-3),194,TRUE,12.89,7.73,,,52.58,6.62,,1,0,1,Midwife only
51057,Essex,VA,10604,146,2236,8,1,"Essex, VA",0,0,0,96,106,0,1,0,0,0,18,13,,,66,56,45,,,,,1,1,0,0,0,,96,AHRF_natality_24,0,0,0,0,FALSE,"Nonmetro, remote (RUCC 7-9)",106,TRUE,16.98,12.26,,,62.26,,,,0,,Neither
51059,Fairfax,VA,1144474,14084,265586,1,0.0154175965,"Fairfax, VA",34,33,34,11744,12314,2,7,0,244,14607,1271,884,146,64,2829,7900,1611,3119,2803,503,147,11,5,0,43,26,1,11744,AHRF_natality_24,3.66,2.9,3.76,0.17,FALSE,Metro (RUCC 1-3),12314,TRUE,10.32,7.18,1.19,0.52,22.97,6.37,9.12,,20.78,0.15,Both
51061,Fauquier,VA,73935,634,15572,1,0.574562846,"Fauquier, VA",1,1,1,755,751,0,1,0,4,810,61,44,,,194,667,54,134,30,35,,1,1,0,1,0,1,755,AHRF_natality_24,1.32,1.32,1.35,0,FALSE,Metro (RUCC 1-3),751,TRUE,8.12,5.86,,,25.83,5.25,,,5.3,0.2,Both
51063,Floyd,VA,15560,135,2825,3,1,"Floyd, VA",0,0,0,138,132,0,0,0,0,0,11,,,,36,128,,,,,,0,0,0,0,0,,138,AHRF_natality_24,0,0,0,0,TRUE,Metro (RUCC 1-3),132,TRUE,8.33,,,,27.27,,,1,0,,Neither
51065,Fluvanna,VA,27764,327,6402,3,0.6394363096,"Fluvanna, VA",0,0,0,244,259,0,0,0,2,0,23,19,,,75,220,31,13,,15,,0,0,0,1,0,3,244,AHRF_natality_24,4.1,0,3.6,0,TRUE,Metro (RUCC 1-3),259,TRUE,8.88,7.34,,,28.96,6.82,,1,8.2,0.333,Both
51067,Franklin,VA,54958,733,10066,2,0.9006736788,"Franklin, VA",1,1,1,505,496,0,1,0,2,0,57,39,,,198,450,29,30,17,31,,1,1,0,1,0,2,505,AHRF_natality_24,1.98,1.98,1.82,0,FALSE,Metro (RUCC 1-3),496,TRUE,11.49,7.86,,,39.92,6.89,,1,3.96,0.333,Both
51069,Frederick,VA,93355,894,19304,3,0.3940975071,"Frederick, VA",0,0,0,959,951,0,0,0,6,0,99,70,13,,311,806,46,171,99,54,,0,0,0,0,0,,959,AHRF_natality_24,0,0,0,0,TRUE,Metro (RUCC 1-3),951,TRUE,10.41,7.36,1.37,,32.7,6.7,,1,6.26,0,OB/GYN only
51071,Giles,VA,16610,107,3158,3,1,"Giles, VA",0,0,0,154,158,0,1,1,0,0,20,14,,,61,155,,,,14,,2,1,1,0,0,,154,AHRF_natality_24,0,0,0,0,FALSE,Metro (RUCC 1-3),158,TRUE,12.66,8.86,,,38.61,9.03,,1,0,,Neither
51073,Gloucester,VA,39228,274,7510,1,0.7257110382,"Gloucester, VA",1,1,1,368,352,0,1,0,1,0,36,30,,,124,315,23,17,13,24,,1,1,0,1,0,1,368,AHRF_natality_24,2.72,2.72,2.55,0,FALSE,Metro (RUCC 1-3),352,TRUE,10.23,8.52,,,35.23,7.62,,1,2.72,0.5,Both
51075,Goochland,VA,25613,261,4953,1,0.9272859627,"Goochland, VA",0,0,0,200,190,0,0,0,2,0,22,14,,,48,164,20,14,,,,1,0,0,0,0,,200,AHRF_natality_24,0,0,0,0,FALSE,Metro (RUCC 1-3),190,TRUE,11.58,7.37,,,25.26,,,1,10,0,OB/GYN only
51077,Grayson,VA,15323,180,2508,9,0.9988912802,"Grayson, VA",0,0,0,84,102,0,0,0,0,0,,,,,40,100,,,,,,0,0,0,0,0,,84,AHRF_natality_24,0,0,0,0,TRUE,"Nonmetro, remote (RUCC 7-9)",102,TRUE,,,,,39.22,,,,0,,Neither
51079,Greene,VA,20850,184,4476,3,1,"Greene, VA",0,0,0,225,222,0,0,0,0,0,22,15,,,82,193,18,22,12,13,,0,0,0,0,0,,225,AHRF_natality_24,0,0,0,0,TRUE,Metro (RUCC 1-3),222,TRUE,9.91,6.76,,,36.94,6.74,,1,0,,Neither
51081,Greensville,VA,11304,98,1637,6,0.8777982618,"Greensville, VA",0,0,0,96,95,0,0,0,0,0,17,13,,,69,29,62,,,,10,0,0,0,0,0,,96,AHRF_natality_24,0,0,0,0,TRUE,"Nonmetro, adjacent (RUCC 4-6)",95,FALSE,,,,,,,,,0,,Neither
51083,Halifax,VA,33811,168,6337,6,0.7821115749,"Halifax, VA",1,0,1,310,313,0,1,0,1,126,39,31,,,157,200,105,12,,14,16,1,1,0,1,0,6,310,AHRF_natality_24,3.23,3.23,2.96,0,FALSE,"Nonmetro, adjacent (RUCC 4-6)",313,TRUE,12.46,9.9,,,50.16,7,15.24,0.5935,3.23,0.5,Both
51085,Hanover,VA,111652,1340,23220,1,0.3700706499,"Hanover, VA",2,1,2,1077,1068,0,1,0,14,1139,121,71,13,,253,904,94,60,71,52,13,2,1,0,0,0,,1077,AHRF_natality_24,0,1.86,0,0,FALSE,Metro (RUCC 1-3),1068,TRUE,11.33,6.65,1.22,,23.69,5.75,,,13,0,OB/GYN only
51087,Henrico,VA,334434,3427,78635,1,0.0369420047,"Henrico, VA",6,4,6,3673,3657,1,5,0,63,5832,430,311,55,18,1230,2170,1004,413,484,129,138,13,5,0,8,8,1,3673,AHRF_natality_24,2.18,1.63,2.39,0.27,FALSE,Metro (RUCC 1-3),3657,TRUE,11.76,8.5,1.5,0.49,33.63,5.94,13.75,,17.15,0.113,Both
51089,Henry,VA,50365,319,9545,4,0.6506437937,"Henry, VA",1,1,1,378,357,0,0,0,3,0,48,34,,,195,290,55,56,12,25,,0,0,0,0,0,,378,AHRF_natality_24,0,2.65,0,0,TRUE,"Nonmetro, adjacent (RUCC 4-6)",357,TRUE,13.45,9.52,,,54.62,8.62,,1,7.94,0,OB/GYN only
51091,Highland,VA,2265,71,363,8,1,"Highland, VA",0,0,0,18,17,0,0,0,0,0,,,,,,17,,,,,,0,0,0,0,0,,18,AHRF_natality_24,,,0,,TRUE,"Nonmetro, remote (RUCC 7-9)",17,FALSE,,,,,,,,,,,Neither
51093,Isle of Wight,VA,39444,366,7849,1,0.5845464436,"Isle of Wight, VA",0,0,0,391,384,0,0,0,1,0,41,32,,,126,277,94,21,13,17,15,1,1,0,0,0,,391,AHRF_natality_24,0,0,0,0,FALSE,Metro (RUCC 1-3),384,TRUE,10.68,8.33,,,32.81,6.14,,1,2.56,0,OB/GYN only
51095,James City,VA,80046,781,14952,1,0.1416157641,"James City, VA",2,1,2,729,785,1,4,0,8,670,78,56,15,,222,582,151,99,52,32,21,4,3,0,1,0,1,729,AHRF_natality_24,1.37,2.74,1.25,1.37,FALSE,Metro (RUCC 1-3),785,TRUE,9.94,7.13,1.91,,28.28,5.5,13.91,0.0809,10.97,0.111,Both
51097,King and Queen,VA,6676,54,1204,1,1,"King and Queen, VA",0,0,0,66,59,0,0,0,0,0,,,,,30,44,12,,,,,0,0,0,0,0,,66,AHRF_natality_24,0,0,0,0,TRUE,Metro (RUCC 1-3),59,FALSE,,,,,,,,,0,,Neither
51099,King George,VA,27468,393,6026,8,1,"King George, VA",0,0,0,264,301,0,0,0,0,0,35,24,,,102,236,47,25,18,15,,0,0,0,0,0,,264,AHRF_natality_24,0,0,0,0,TRUE,"Nonmetro, remote (RUCC 7-9)",301,TRUE,11.63,7.97,,,33.89,6.36,,1,0,,Neither
51101,King William,VA,18232,268,3997,1,1,"King William, VA",0,0,0,215,236,0,0,0,0,0,29,17,,,73,205,23,11,,12,,0,0,0,0,0,,215,AHRF_natality_24,0,0,0,0,TRUE,Metro (RUCC 1-3),236,TRUE,12.29,7.2,,,30.93,5.85,,1,0,,Neither
51103,Lancaster,VA,10876,54,1578,9,1,"Lancaster, VA",0,0,0,86,75,0,1,1,0,0,15,11,,,46,44,31,,,,,2,1,1,0,0,,86,AHRF_natality_24,0,0,0,0,FALSE,"Nonmetro, remote (RUCC 7-9)",75,FALSE,,,,,,,,,0,,Neither
51105,Lee,VA,22042,175,3829,8,1,"Lee, VA",0,0,0,180,174,0,0,0,0,0,18,,,,77,171,,,,,,2,1,1,0,0,,180,AHRF_natality_24,0,0,0,0,FALSE,"Nonmetro, remote (RUCC 7-9)",174,TRUE,10.34,,,,44.25,,,1,0,,Neither
51107,Loudoun,VA,427082,5155,104326,1,0.1194653161,"Loudoun, VA",22,17,22,4748,4793,1,3,0,45,3294,473,326,57,15,757,3062,424,939,1307,172,42,4,2,0,30,20,1,4748,AHRF_natality_24,6.32,4.63,7.02,0.21,FALSE,Metro (RUCC 1-3),4793,TRUE,9.87,6.8,1.19,0.31,15.79,5.62,9.91,0.30620000000000003,9.48,0.4,Both
51109,Louisa,VA,39012,670,7520,8,1,"Louisa, VA",2,1,2,420,421,0,0,0,1,0,50,31,,,152,355,52,22,14,24,,0,0,0,2,0,8,420,AHRF_natality_24,4.76,4.76,5.13,0,TRUE,"Nonmetro, remote (RUCC 7-9)",421,TRUE,11.88,7.36,,,36.1,6.76,,1,2.38,0.667,Both
51111,Lunenburg,VA,11990,125,2088,9,1,"Lunenburg, VA",0,0,0,108,113,0,0,0,0,0,20,11,,,58,78,32,17,,,,0,0,0,0,0,,108,AHRF_natality_24,0,0,0,0,TRUE,"Nonmetro, remote (RUCC 7-9)",113,TRUE,17.7,9.73,,,51.33,,,1,0,,Neither
51113,Madison,VA,13931,256,2686,8,1,"Madison, VA",0,0,0,134,133,0,0,0,1,0,17,11,,,39,124,,10,,10,,0,0,0,0,0,,134,AHRF_natality_24,0,0,0,0,TRUE,"Nonmetro, remote (RUCC 7-9)",133,TRUE,12.78,8.27,,,29.32,8.06,,1,7.46,0,OB/GYN only
51115,Mathews,VA,8517,11,1357,1,1,"Mathews, VA",0,0,0,64,68,0,0,0,0,0,,,,,22,63,,,,,,0,0,0,0,0,,64,AHRF_natality_24,0,0,0,0,TRUE,Metro (RUCC 1-3),68,FALSE,,,,,,,,,0,,Neither
51117,Mecklenburg,VA,30431,312,5364,7,0.8325802302,"Mecklenburg, VA",1,1,1,268,287,1,1,0,4,224,46,33,,,159,170,110,15,,17,16,1,1,0,1,0,7,268,AHRF_natality_24,3.73,3.73,3.29,3.73,FALSE,"Nonmetro, remote (RUCC 7-9)",287,TRUE,16.03,11.5,,,55.4,10,14.55,0.1642,14.93,0.2,Both
51119,Middlesex,VA,10774,26,1548,8,1,"Middlesex, VA",0,0,0,95,93,0,0,0,0,0,13,10,,,45,78,12,,,,,0,0,0,0,0,,95,AHRF_natality_24,0,0,0,0,TRUE,"Nonmetro, remote (RUCC 7-9)",93,FALSE,,,,,,,,,0,,Neither
51121,Montgomery,VA,99159,682,26746,3,0.2608477653,"Montgomery, VA",2,2,2,664,660,1,2,0,7,1520,68,54,,,175,572,34,42,54,45,,2,2,0,4,1,3,664,AHRF_natality_24,6.02,3.01,4.03,1.51,FALSE,Metro (RUCC 1-3),660,TRUE,10.3,8.18,,,26.52,7.87,,,10.54,0.364,Both
51125,Nelson,VA,14777,279,2351,3,1,"Nelson, VA",0,0,0,143,153,0,0,0,0,0,18,11,,,69,135,13,13,,10,,0,0,0,0,0,,143,AHRF_natality_24,0,0,0,0,TRUE,Metro (RUCC 1-3),153,TRUE,11.76,7.19,,,45.1,7.41,,1,0,,Neither
51127,New Kent,VA,24139,440,4818,1,1,"New Kent, VA",0,0,0,267,276,0,1,0,1,0,30,18,,,68,232,28,11,16,13,,1,0,0,0,0,,267,AHRF_natality_24,0,0,0,0,FALSE,Metro (RUCC 1-3),276,TRUE,10.87,6.52,,,24.64,5.6,,1,3.75,0,OB/GYN only
51131,Northampton,VA,12115,53,2099,8,1,"Northampton, VA",0,0,0,91,103,0,0,0,2,0,11,10,,,65,59,41,17,,,,0,0,0,0,0,,91,AHRF_natality_24,0,0,0,0,TRUE,"Nonmetro, remote (RUCC 7-9)",103,TRUE,10.68,9.71,,,63.11,,,,21.98,0,OB/GYN only
51133,Northumberland,VA,12085,6,1803,9,1,"Northumberland, VA",0,0,0,84,86,0,0,0,1,0,15,10,,,46,53,30,,,,,0,0,0,0,0,,84,AHRF_natality_24,0,0,0,0,TRUE,"Nonmetro, remote (RUCC 7-9)",86,FALSE,,,,,,,,,11.9,0,OB/GYN only
51135,Nottoway,VA,15597,114,2866,8,1,"Nottoway, VA",0,0,0,140,151,0,1,0,0,0,21,15,,,79,100,44,11,,,,2,1,0,0,0,,140,AHRF_natality_24,0,0,0,0,FALSE,"Nonmetro, remote (RUCC 7-9)",151,TRUE,13.91,9.93,,,52.32,,,1,0,,Neither
51137,Orange,VA,37208,475,7340,6,0.5668340045,"Orange, VA",0,0,0,471,470,0,0,0,0,0,52,38,,,194,401,52,52,17,31,,0,0,0,0,0,,471,AHRF_natality_24,0,0,0,0,TRUE,"Nonmetro, adjacent (RUCC 4-6)",470,TRUE,11.06,8.09,,,41.28,7.73,,1,0,,Neither
51139,Page,VA,23750,293,4601,8,0.7999915644,"Page, VA",0,0,0,201,212,0,1,1,0,0,25,16,,,96,204,,,,15,,2,1,1,0,0,,201,AHRF_natality_24,0,0,0,0,FALSE,"Nonmetro, remote (RUCC 7-9)",212,TRUE,11.79,7.55,,,45.28,7.35,,1,0,,Neither
51141,Patrick,VA,17606,192,2877,8,1,"Patrick, VA",0,0,0,117,129,0,0,0,1,0,18,16,,,54,123,,,,15,,5,2,3,0,0,,117,AHRF_natality_24,0,0,0,0,FALSE,"Nonmetro, remote (RUCC 7-9)",129,TRUE,13.95,12.4,,,41.86,12.2,,1,8.55,0,OB/GYN only
51143,Pittsylvania,VA,60148,706,10976,4,0.8906133783,"Pittsylvania, VA",0,0,0,449,444,0,0,0,0,0,55,44,,,194,361,70,19,13,32,10,0,0,0,0,0,,449,AHRF_natality_24,0,0,0,0,TRUE,"Nonmetro, adjacent (RUCC 4-6)",444,TRUE,12.39,9.91,,,43.69,8.86,,1,0,,Neither
51145,Powhatan,VA,31074,226,5836,1,0.9809118782,"Powhatan, VA",0,0,0,284,277,0,0,0,0,0,30,20,,,64,258,13,12,,16,,0,0,0,0,0,,284,AHRF_natality_24,0,0,0,0,TRUE,Metro (RUCC 1-3),277,TRUE,10.83,7.22,,,23.1,6.2,,1,0,,Neither
51147,Prince Edward,VA,21932,131,5454,6,0.6673531969,"Prince Edward, VA",3,3,3,209,220,1,1,0,1,281,31,27,,,115,135,82,,,14,12,1,1,0,2,0,6,209,AHRF_natality_24,9.57,14.35,9.12,4.78,FALSE,"Nonmetro, adjacent (RUCC 4-6)",220,TRUE,14.09,12.27,,,52.27,10.37,,,4.78,0.667,Both
51149,Prince George,VA,42873,487,9192,1,0.4905603348,"Prince George, VA",0,0,0,318,346,0,0,0,0,0,54,37,,,125,213,111,42,22,17,18,1,0,0,0,0,,318,AHRF_natality_24,0,0,0,0,FALSE,Metro (RUCC 1-3),346,TRUE,15.61,10.69,,,36.13,7.98,16.22,1,0,,Neither
51153,Prince William,VA,484625,7639,116338,1,0.0459494322,"Prince William, VA",7,7,7,6225,6262,1,2,0,19,1881,680,485,88,49,1959,3824,1361,2121,1077,241,152,3,2,0,6,2,1,6225,AHRF_natality_24,0.96,1.12,1.24,0.16,FALSE,Metro (RUCC 1-3),6262,TRUE,10.86,7.75,1.41,0.78,31.28,6.3,11.17,0.6978,3.05,0.24,Both
51155,Pulaski,VA,33771,455,6293,3,0.4259171598,"Pulaski, VA",0,0,0,283,285,0,1,0,0,0,40,30,,,131,266,13,,,27,,1,1,0,0,0,,283,AHRF_natality_24,0,0,0,0,FALSE,Metro (RUCC 1-3),285,TRUE,14.04,10.53,,,45.96,10.15,,1,0,,Neither
51157,Rappahannock,VA,7409,17,1261,1,1,"Rappahannock, VA",0,0,0,55,46,0,0,0,1,0,,,,,15,43,,,,,,0,0,0,0,0,,55,AHRF_natality_24,0,0,0,0,TRUE,Metro (RUCC 1-3),46,FALSE,,,,,,,,,18.18,0,OB/GYN only
51159,Richmond,VA,9047,26,1334,9,1,"Richmond, VA",0,0,0,76,82,0,0,0,0,0,10,,,,40,61,18,,,,,0,0,0,0,0,,76,AHRF_natality_24,0,0,0,0,TRUE,"Nonmetro, remote (RUCC 7-9)",82,FALSE,,,,,,,,,0,,Neither
51161,Roanoke,VA,96793,841,20412,2,0.1941008367,"Roanoke, VA",1,1,1,711,724,0,1,0,16,0,76,56,11,,234,589,78,58,56,39,11,4,1,0,0,0,,711,AHRF_natality_24,0,1.41,0,0,FALSE,Metro (RUCC 1-3),724,TRUE,10.5,7.73,1.52,,32.32,6.62,,1,22.5,0,OB/GYN only
51163,Rockbridge,VA,22578,169,4110,6,0.900794702,"Rockbridge, VA",0,0,0,99,106,0,0,0,1,0,,,,,47,103,,,,,,0,0,0,2,0,6,99,AHRF_natality_24,20.2,0,8.86,0,TRUE,"Nonmetro, adjacent (RUCC 4-6)",106,TRUE,,,,,44.34,,,,10.1,0.667,Both
51165,Rockingham,VA,84739,765,18056,3,0.5928101532,"Rockingham, VA",0,0,0,863,923,0,0,0,0,0,95,59,10,,289,868,35,133,20,57,,0,0,0,2,0,3,863,AHRF_natality_24,2.32,0,2.36,0,TRUE,Metro (RUCC 1-3),923,TRUE,10.29,6.39,1.08,,31.31,6.57,,1,0,1,Midwife only
51167,Russell,VA,25635,330,4872,8,0.9938714557,"Russell, VA",0,0,0,253,261,0,1,0,0,0,35,26,,,89,257,,,,26,,1,1,0,0,0,,253,AHRF_natality_24,0,0,0,0,FALSE,"Nonmetro, remote (RUCC 7-9)",261,TRUE,13.41,9.96,,,34.1,10.12,,1,0,,Neither
51169,Scott,VA,21504,339,3889,2,0.98308305520000006,"Scott, VA",0,0,0,164,163,0,0,0,0,0,15,15,,,64,159,,,,14,,0,0,0,0,0,,164,AHRF_natality_24,0,0,0,0,TRUE,Metro (RUCC 1-3),163,TRUE,9.2,9.2,,,39.26,8.81,,1,0,,Neither
51171,Shenandoah,VA,44630,409,8823,6,0.6961933644,"Shenandoah, VA",0,0,0,394,459,0,1,1,1,0,50,38,,,190,417,19,57,23,34,,2,1,1,0,0,,394,AHRF_natality_24,0,0,0,0,FALSE,"Nonmetro, adjacent (RUCC 4-6)",459,TRUE,10.89,8.28,,,41.39,8.15,,1,2.54,0,OB/GYN only
51173,Smyth,VA,29585,196,5740,7,0.7556711409,"Smyth, VA",0,0,0,269,271,0,2,0,0,0,34,20,,,124,265,,10,,19,,4,2,0,0,0,,269,AHRF_natality_24,0,0,0,0,FALSE,"Nonmetro, remote (RUCC 7-9)",271,TRUE,12.55,7.38,,,45.76,7.17,,1,0,,Neither
51175,Southampton,VA,17988,205,3261,6,0.9824405423,"Southampton, VA",0,0,0,122,115,0,0,0,0,0,17,11,,,52,78,35,,,,,0,0,0,0,0,,122,AHRF_natality_24,0,0,0,0,TRUE,"Nonmetro, adjacent (RUCC 4-6)",115,TRUE,14.78,9.57,,,45.22,,,1,0,,Neither
51177,Spotsylvania,VA,143876,1714,32323,1,0.3204053359,"Spotsylvania, VA",3,2,3,1583,1619,1,1,0,11,1021,190,130,21,10,598,1155,332,330,132,78,40,1,1,0,3,3,1,1583,AHRF_natality_24,1.9,1.9,2.09,0.63,FALSE,Metro (RUCC 1-3),1619,TRUE,11.74,8.03,1.3,0.62,36.94,6.75,12.05,0.355,6.95,0.214,Both
51179,Stafford,VA,160520,1923,37865,1,0.1864688677,"Stafford, VA",2,0,2,1796,1825,1,1,0,6,1053,201,154,24,13,519,1191,434,391,199,90,48,1,1,0,4,4,1,1796,AHRF_natality_24,2.23,1.11,2.49,0.56,FALSE,Metro (RUCC 1-3),1825,TRUE,11.01,8.44,1.32,0.71,28.44,7.56,11.06,0.4137,3.34,0.4,Both
51181,Surry,VA,6552,70,1205,1,1,"Surry, VA",0,0,0,63,63,0,0,0,0,0,,,,,31,44,17,,,,,0,0,0,0,0,,63,AHRF_natality_24,0,0,0,0,TRUE,Metro (RUCC 1-3),63,FALSE,,,,,,,,,0,,Neither
51183,Sussex,VA,10793,131,1657,1,1,"Sussex, VA",0,0,0,85,84,0,0,0,2,0,10,11,,,51,45,38,,,,,0,0,0,1,0,1,85,AHRF_natality_24,11.76,0,9.27,0,TRUE,Metro (RUCC 1-3),84,FALSE,,,,,,,,,23.53,0.333,Both
51185,Tazewell,VA,39933,639,7773,7,0.5229414529,"Tazewell, VA",0,0,0,251,323,0,2,0,2,660,39,36,,,140,311,,,,34,,4,3,0,0,0,,251,AHRF_natality_24,0,0,0,0,FALSE,"Nonmetro, remote (RUCC 7-9)",323,TRUE,12.07,11.15,,,43.34,10.93,,,7.97,0,OB/GYN only
51187,Warren,VA,41104,452,8790,1,0.6024013554,"Warren, VA",0,0,0,488,485,0,1,0,1,0,51,29,,,160,440,20,45,25,25,,1,1,0,0,0,,488,AHRF_natality_24,0,0,0,0,FALSE,Metro (RUCC 1-3),485,TRUE,10.52,5.98,,,32.99,5.68,,1,2.05,0,OB/GYN only
51191,Washington,VA,53913,548,10307,2,0.6917400575,"Washington, VA",0,0,0,452,440,0,1,0,5,793,51,35,,,161,425,,14,10,34,,1,1,0,0,0,,452,AHRF_natality_24,0,0,0,0,FALSE,Metro (RUCC 1-3),440,TRUE,11.59,7.95,,,36.59,8,,,11.06,0,OB/GYN only
51193,Westmoreland,VA,18683,279,3490,8,0.7848676733,"Westmoreland, VA",0,0,0,173,180,0,0,0,0,0,23,16,,,94,135,38,22,,13,,0,0,0,0,0,,173,AHRF_natality_24,0,0,0,0,TRUE,"Nonmetro, remote (RUCC 7-9)",180,TRUE,12.78,8.89,,,52.22,9.63,,1,0,,Neither
51195,Wise,VA,35727,391,6966,7,0.6538610573,"Wise, VA",0,0,0,336,315,0,1,0,2,223,38,24,,,138,307,,,,24,,2,2,0,0,0,,336,AHRF_natality_24,0,0,0,0,FALSE,"Nonmetro, remote (RUCC 7-9)",315,TRUE,12.06,7.62,,,43.81,7.82,,0.3363,5.95,0,OB/GYN only
51197,Wythe,VA,28219,271,5485,6,0.7471191234,"Wythe, VA",1,1,1,300,285,0,1,0,3,0,35,29,,,129,269,10,,,27,,2,2,0,1,0,6,300,AHRF_natality_24,3.33,3.33,3.54,0,FALSE,"Nonmetro, adjacent (RUCC 4-6)",285,TRUE,12.28,10.18,,,45.26,10.04,,1,10,0.25,Both
51199,York,VA,70590,949,15352,1,0.0706403027,"York, VA",0,0,0,614,598,0,2,0,4,793,55,45,,,135,427,106,72,66,27,11,2,0,0,2,2,1,614,AHRF_natality_24,3.26,0,2.83,0,FALSE,Metro (RUCC 1-3),598,TRUE,9.2,7.53,,,22.58,6.32,10.38,,6.51,0.333,Both
51510,Alexandria,VA,156788,1813,43177,1,0,"Alexandria City, VA",21,24,21,2308,2220,1,1,0,25,3115,227,153,23,10,586,1447,487,501,286,79,51,3,2,0,17,17,1,2308,AHRF_natality_24,7.37,9.1,10.84,0.43,FALSE,Metro (RUCC 1-3),2220,TRUE,10.23,6.89,1.04,0.45,26.4,5.46,10.47,,10.83,0.405,Both
51520,Bristol,VA,17024,220,3540,2,0.0102212672,"Bristol City, VA",0,0,0,139,142,0,1,0,0,0,17,12,,,66,126,,,,11,,1,0,0,0,0,,139,AHRF_natality_24,0,0,0,0,FALSE,Metro (RUCC 1-3),142,TRUE,11.97,8.45,,,46.48,8.73,,1,0,,Neither
51530,Buena Vista,VA,6612,84,1475,6,0.0218340611,"Buena Vista City, VA",0,0,0,86,85,0,0,0,0,0,,,,,36,81,,,,,,0,0,0,0,0,,86,AHRF_natality_24,0,0,0,0,TRUE,"Nonmetro, adjacent (RUCC 4-6)",85,FALSE,,,,,,,,,0,,Neither
51540,Charlottesville,VA,45863,623,13646,3,0,"Charlottesville City, VA",7,8,7,518,548,1,3,0,43,2312,66,46,,,158,410,91,59,47,27,15,5,2,0,10,10,3,518,AHRF_natality_24,19.31,13.51,21.8,1.93,FALSE,Metro (RUCC 1-3),548,TRUE,12.04,8.39,,,28.83,6.59,,,83.01,0.189,Both
51550,Chesapeake,VA,251153,3095,58618,1,0.0773227702,"Chesapeake City, VA",6,7,6,2856,2862,0,1,0,30,1352,323,268,55,22,1004,1711,883,346,268,116,126,1,1,0,6,6,1,2856,AHRF_natality_24,2.1,2.1,2.39,0,FALSE,Metro (RUCC 1-3),2862,TRUE,11.29,9.36,1.92,0.77,35.08,6.78,14.27,0.5266,10.5,0.167,Both
51570,Colonial Heights,VA,18210,199,4171,1,0,"Colonial Heights City, VA",0,0,0,256,262,0,0,0,3,0,38,22,,,145,163,82,31,17,10,11,0,0,0,0,0,,256,AHRF_natality_24,0,0,0,0,TRUE,Metro (RUCC 1-3),262,TRUE,14.5,8.4,,,55.34,6.13,,1,11.72,0,OB/GYN only
51580,Covington,VA,5671,42,1109,6,0.0064493638,"Covington City, VA",0,0,0,88,86,0,0,0,0,0,10,11,,,51,76,,,,,,0,0,0,0,0,,88,AHRF_natality_24,0,0,0,0,TRUE,"Nonmetro, adjacent (RUCC 4-6)",86,FALSE,,,,,,,,,0,,Neither
51590,Danville,VA,42239,392,8995,4,0.0322610942,"Danville City, VA",2,2,2,501,525,0,2,0,4,1079,77,79,15,14,357,228,274,51,23,22,55,2,1,0,2,0,4,501,AHRF_natality_24,3.99,3.99,4.73,0,FALSE,"Nonmetro, adjacent (RUCC 4-6)",525,TRUE,14.67,15.05,2.86,2.67,68,9.65,20.07,,7.98,0.333,Both
51595,Emporia,VA,5633,75,1336,6,0.0497745404,"Emporia City, VA",0,0,0,81,76,0,1,0,0,0,12,11,,,58,19,54,,,,10,1,1,0,0,0,,81,AHRF_natality_24,0,0,0,0,FALSE,"Nonmetro, adjacent (RUCC 4-6)",76,FALSE,,,,,,,,,0,,Neither
51600,Fairfax,VA,24478,442,5628,1,0,"Fairfax City, VA",0,0,0,553,579,0,0,0,0,0,51,33,,,94,351,53,97,174,21,,0,0,0,0,0,,553,AHRF_natality_24,0,0,0,0,TRUE,Metro (RUCC 1-3),579,TRUE,8.81,5.7,,,16.23,5.98,,1,0,,Neither
51610,Falls Church,VA,14593,97,3318,1,0,"Falls Church City, VA",1,0,1,158,161,0,0,0,13,0,17,11,,,21,125,,28,27,,,0,0,0,1,1,1,158,AHRF_natality_24,6.33,6.33,6.85,0,TRUE,Metro (RUCC 1-3),161,TRUE,10.56,6.83,,,13.04,,,1,82.28,0.071,Both
51620,Franklin,VA,8212,140,1678,6,0.0394865526,"Franklin City, VA",0,0,0,156,156,0,1,0,0,847,18,19,,,97,69,86,,,,13,1,1,0,0,0,,156,AHRF_natality_24,0,0,0,0,FALSE,"Nonmetro, adjacent (RUCC 4-6)",156,TRUE,11.54,12.18,,,62.18,,,,0,,Neither
51630,Fredericksburg,VA,28383,286,8488,1,0,"Fredericksburg City, VA",8,9,7,370,364,1,2,0,18,2261,54,40,,,168,217,112,64,35,18,17,3,1,0,7,7,1,370,AHRF_natality_24,18.92,21.62,24.66,2.7,FALSE,Metro (RUCC 1-3),364,TRUE,14.84,10.99,,,46.15,8.29,15.18,,48.65,0.28,Both
51640,Galax,VA,6698,130,1470,6,0.0985119048,"Galax City, VA",1,1,1,124,112,0,1,0,0,492,20,16,,,57,104,,30,,15,,1,1,0,0,0,,124,AHRF_natality_24,0,8.06,0,0,FALSE,"Nonmetro, adjacent (RUCC 4-6)",112,TRUE,17.86,14.29,,,50.89,14.42,,,0,,Neither
51650,Hampton,VA,137334,1877,32842,1,0.0031571733,"Hampton City, VA",9,8,9,1609,1572,1,2,0,6,482,195,162,32,12,769,630,815,170,127,47,106,5,1,0,10,0,1,1609,AHRF_natality_24,6.22,5.59,7.28,0.62,FALSE,Metro (RUCC 1-3),1572,TRUE,12.4,10.31,2.04,0.76,48.92,7.46,13.01,0.7004,3.73,0.625,Both
51660,Harrisonburg,VA,51492,298,16911,3,0.0062145366,"Harrisonburg City, VA",11,9,11,608,636,1,1,0,6,1539,81,53,,,292,512,94,271,29,41,,1,1,0,13,0,3,608,AHRF_natality_24,21.38,18.09,25.25,1.64,FALSE,Metro (RUCC 1-3),636,TRUE,12.74,8.33,,,45.91,8.01,,,9.87,0.684,Both
51670,Hopewell,VA,22944,228,5331,1,3.473277e-4,"Hopewell City, VA",0,0,0,308,321,0,1,0,0,0,51,40,,,208,150,154,32,18,12,25,1,1,0,0,0,,308,AHRF_natality_24,0,0,0,0,FALSE,Metro (RUCC 1-3),321,TRUE,15.89,12.46,,,64.8,8,16.23,1,0,,Neither
51678,Lexington,VA,7420,128,1933,6,0,"Lexington City, VA",2,2,2,115,110,0,1,1,0,0,10,,,,37,101,,,,,,2,1,1,0,0,,115,AHRF_natality_24,0,17.39,0,0,FALSE,"Nonmetro, adjacent (RUCC 4-6)",110,TRUE,9.09,,,,33.64,,,1,0,,Neither
51680,Lynchburg,VA,79255,1139,23127,2,0.0161627156,"Lynchburg City, VA",2,2,2,1136,1200,1,2,0,12,2539,122,104,19,11,459,814,324,68,62,49,52,5,4,0,2,2,2,1136,AHRF_natality_24,1.76,1.76,2.52,0.88,FALSE,Metro (RUCC 1-3),1200,TRUE,10.17,8.67,1.58,0.92,38.25,6.02,16.05,,10.56,0.143,Both
51683,Manassas,VA,42674,827,9984,1,0,"Manassas City, VA",2,2,2,709,725,0,1,0,5,777,81,65,,,314,552,101,404,72,51,,1,1,0,2,2,1,709,AHRF_natality_24,2.82,2.82,4.69,0,FALSE,Metro (RUCC 1-3),725,TRUE,11.17,8.97,,,43.31,9.24,,,7.05,0.286,Both
51685,Manassas Park,VA,16923,49,4253,1,0,"Manassas Park City, VA",0,0,0,20,33,0,0,0,0,0,,,,,11,25,,21,,,,0,0,0,0,0,,20,AHRF_natality_24,,,0,,TRUE,Metro (RUCC 1-3),33,FALSE,,,,,,,,,,,Neither
51690,Martinsville,VA,13584,123,2993,4,8.157212e-4,"Martinsville City, VA",0,0,0,248,243,0,1,0,0,853,41,31,,,147,133,99,31,10,14,17,1,1,0,0,0,,248,AHRF_natality_24,0,0,0,0,FALSE,"Nonmetro, adjacent (RUCC 4-6)",243,TRUE,16.87,12.76,,,60.49,10.53,,,0,,Neither
51700,Newport News,VA,184774,2750,45589,1,0.0037369729,"Newport News City, VA",10,11,10,2471,2461,0,4,0,22,2243,313,254,41,27,1265,1042,1221,390,198,66,173,9,4,0,15,15,1,2471,AHRF_natality_24,6.07,4.05,8.12,0,FALSE,Metro (RUCC 1-3),2461,TRUE,12.72,10.32,1.67,1.1,51.4,6.33,14.17,0.0923,8.9,0.405,Both
51710,Norfolk,VA,235037,3122,58798,1,0,"Norfolk City, VA",10,8,10,3052,3042,2,6,0,59,6339,433,331,63,31,1369,1560,1229,479,254,105,198,15,5,0,12,12,1,3052,AHRF_natality_24,3.93,3.28,5.11,0.66,FALSE,Metro (RUCC 1-3),3042,TRUE,14.23,10.88,2.07,1.02,45,6.73,16.11,,19.33,0.169,Both
51720,Norton,VA,3620,25,764,7,0.0989964741,"Norton City, VA",0,0,0,30,37,0,1,0,2,640,,,,,22,35,,,,,,2,2,0,1,0,7,30,AHRF_natality_24,,,27.62,,FALSE,"Nonmetro, remote (RUCC 7-9)",37,FALSE,,,,,,,,,,0.333,Both
51730,Petersburg,VA,33365,436,7866,1,0.0270787256,"Petersburg City, VA",1,1,1,703,707,0,5,0,2,1157,130,92,17,13,503,249,438,57,21,21,68,6,2,0,0,0,,703,AHRF_natality_24,0,1.42,0,0,FALSE,Metro (RUCC 1-3),707,TRUE,18.39,13.01,2.4,1.84,71.15,8.43,15.53,,2.84,0,OB/GYN only
51735,Poquoson,VA,12556,226,2538,1,0.0888443018,"Poquoson City, VA",0,0,0,107,117,0,0,0,1,0,,,,,26,107,,,,,,0,0,0,0,0,,107,AHRF_natality_24,0,0,0,0,TRUE,Metro (RUCC 1-3),117,TRUE,,,,,22.22,,,1,9.35,0,OB/GYN only
51740,Portsmouth,VA,97299,1292,23083,1,0,"Portsmouth City, VA",10,10,10,1300,1305,0,2,0,6,2771,192,157,25,16,692,505,719,109,81,40,109,4,2,0,14,14,1,1300,AHRF_natality_24,10.77,7.69,14.39,0,FALSE,Metro (RUCC 1-3),1305,TRUE,14.71,12.03,1.92,1.23,53.03,7.92,15.16,,4.62,0.7,Both
51750,Radford,VA,16505,207,6311,3,0.0419415059,"Radford City, VA",0,0,0,144,146,0,0,0,2,0,15,10,,,60,125,16,,,,,1,0,0,1,0,3,144,AHRF_natality_24,6.94,0,6.06,0,FALSE,Metro (RUCC 1-3),146,TRUE,10.27,6.85,,,41.1,,,1,13.89,0.333,Both
51760,Richmond,VA,227595,2907,63963,1,0,"Richmond City, VA",14,14,14,2859,2922,1,5,0,79,5090,439,316,58,43,1634,1488,1310,534,124,86,219,13,6,0,11,11,1,2859,AHRF_natality_24,3.85,4.9,4.83,0.35,FALSE,Metro (RUCC 1-3),2922,TRUE,15.02,10.81,1.98,1.47,55.92,5.78,16.72,,27.63,0.122,Both
51770,Roanoke,VA,98677,1050,22650,2,3.99956e-5,"Roanoke City, VA",4,2,4,1343,1312,1,1,0,33,3062,176,139,27,26,732,857,358,216,96,73,57,3,3,0,8,8,2,1343,AHRF_natality_24,5.96,2.98,8.11,0.74,FALSE,Metro (RUCC 1-3),1312,TRUE,13.41,10.59,2.06,1.98,55.79,8.52,15.92,,24.57,0.195,Both
51775,Salem,VA,25477,241,5881,2,0,"Salem City, VA",6,5,6,332,315,0,2,0,4,1651,31,26,,,115,267,28,26,20,20,,3,1,0,6,6,2,332,AHRF_natality_24,18.07,18.07,23.55,0,FALSE,Metro (RUCC 1-3),315,TRUE,9.84,8.25,,,36.51,7.49,,,12.05,0.6,Both
51790,Staunton,VA,25765,345,6282,3,0.0214368932,"Staunton City, VA",1,1,1,338,343,0,2,0,1,0,35,29,,,143,297,33,19,13,23,,3,2,0,0,0,,338,AHRF_natality_24,0,2.96,0,0,FALSE,Metro (RUCC 1-3),343,TRUE,10.2,8.45,,,41.69,7.74,,1,2.96,0,OB/GYN only
51800,Suffolk,VA,96638,1284,21998,1,0.2705568042,"Suffolk City, VA",9,8,9,1251,1180,1,1,0,8,1162,143,113,25,,470,597,513,85,69,37,70,2,2,0,8,7,1,1251,AHRF_natality_24,6.39,7.19,8.28,0.8,FALSE,Metro (RUCC 1-3),1180,TRUE,12.12,9.58,2.12,,39.83,6.2,13.65,0.0711,6.39,0.5,Both
51810,Virginia Beach,VA,457066,5541,107561,1,0.0181469955,"Virginia Beach City, VA",4,4,4,5081,5104,1,3,0,45,2049,563,435,67,24,1612,3341,1138,644,625,211,164,4,2,0,5,5,1,5081,AHRF_natality_24,0.98,0.79,1.09,0.2,FALSE,Metro (RUCC 1-3),5104,TRUE,11.03,8.52,1.31,0.47,31.58,6.32,14.41,0.5967,8.86,0.1,Both
51820,Waynesboro,VA,22574,344,5075,3,0.0235177509,"Waynesboro City, VA",0,0,0,334,348,0,0,0,1,0,41,31,,,157,304,35,50,,27,,0,0,0,0,0,,334,AHRF_natality_24,0,0,0,0,TRUE,Metro (RUCC 1-3),348,TRUE,11.78,8.91,,,45.11,8.88,,1,2.99,0,OB/GYN only
51830,Williamsburg,VA,15564,220,5256,1,0.0011669368,"Williamsburg City, VA",0,0,0,67,61,0,0,0,0,0,,,,,31,42,14,15,,,,1,0,0,0,0,,67,AHRF_natality_24,0,0,0,0,FALSE,Metro (RUCC 1-3),61,FALSE,,,,,,,,,0,,Neither
51840,Winchester,VA,27981,371,6461,3,0,"Winchester City, VA",4,3,4,365,361,1,1,0,9,2442,47,30,,,189,250,41,112,70,16,,1,1,0,6,6,3,365,AHRF_natality_24,16.44,10.96,21.44,2.74,FALSE,Metro (RUCC 1-3),361,TRUE,13.02,8.31,,,52.35,6.4,,,24.66,0.4,Both
53001,Adams,WA,20690,174,4405,6,0.472905448,"Adams, WA",0,0,0,326,357,1,2,2,2,367,42,25,,,169,311,11,269,35,24,,5,2,2,0,0,,326,AHRF_natality_24,0,0,0,3.07,FALSE,"Nonmetro, adjacent (RUCC 4-6)",357,TRUE,11.76,7,,,47.34,7.72,,,6.13,0,OB/GYN only
53003,Asotin,WA,22424,406,4317,3,0.0726048912,"Asotin, WA",0,0,0,241,212,0,1,1,1,0,23,14,,,93,200,,11,11,13,,2,1,1,1,0,3,241,AHRF_natality_24,4.15,0,4.46,0,FALSE,Metro (RUCC 1-3),212,TRUE,10.85,6.6,,,43.87,6.5,,1,4.15,0.5,Both
53005,Benton,WA,210224,2187,46552,2,0.1214368236,"Benton, WA",13,13,13,2394,2504,2,4,1,17,2706,254,162,26,24,984,2227,58,930,220,140,,5,3,1,13,6,2,2394,AHRF_natality_24,5.43,5.43,6.18,0.84,FALSE,Metro (RUCC 1-3),2504,TRUE,10.14,6.47,1.04,0.96,39.3,6.29,,,7.1,0.433,Both
53007,Chelan,WA,79518,944,16271,3,0.3362925867,"Chelan, WA",7,8,7,776,790,1,4,2,12,1583,70,50,,,306,730,11,333,48,45,,7,5,2,8,0,3,776,AHRF_natality_24,10.31,9.02,10.06,1.29,FALSE,Metro (RUCC 1-3),790,TRUE,8.86,6.33,,,38.73,6.16,,,15.46,0.4,Both
53009,Clallam,WA,77593,564,12928,5,0.3609098568,"Clallam, WA",7,5,7,500,541,1,2,1,2,774,46,30,,,239,442,,59,96,22,,3,2,1,7,0,5,500,AHRF_natality_24,14,14,9.02,2,FALSE,"Nonmetro, adjacent (RUCC 4-6)",541,TRUE,8.5,5.55,,,44.18,4.98,,,4,0.778,Both
53011,Clark,WA,510516,6806,116337,1,0.1348112797,"Clark, WA",39,38,38,5602,5547,2,3,0,54,5187,580,378,50,25,1636,4608,158,865,781,287,17,5,3,0,32,31,1,5602,AHRF_natality_24,5.71,6.96,6.27,0.36,FALSE,Metro (RUCC 1-3),5547,TRUE,10.46,6.81,0.9,0.45,29.49,6.23,10.76,0.0741,9.64,0.372,Both
53013,Columbia,WA,3996,63,644,8,1,"Columbia, WA",0,0,0,36,34,0,1,1,0,1,,,,,16,32,,,,,,2,1,1,0,0,,36,AHRF_natality_24,,,0,,FALSE,"Nonmetro, remote (RUCC 7-9)",34,FALSE,,,,,,,,,,,Neither
53015,Cowlitz,WA,111539,1177,23316,3,0.3297660977,"Cowlitz, WA",1,1,1,1248,1217,1,1,0,6,746,141,85,14,13,533,1079,15,183,123,73,,3,3,0,4,0,3,1248,AHRF_natality_24,3.21,0.8,3.59,0.8,FALSE,Metro (RUCC 1-3),1217,TRUE,11.59,6.98,1.15,1.07,43.8,6.77,,0.4022,4.81,0.4,Both
53017,Douglas,WA,43733,586,8950,3,0.2538078159,"Douglas, WA",0,0,0,506,497,0,0,0,0,0,48,36,,,208,458,,242,34,33,,0,0,0,1,0,3,506,AHRF_natality_24,1.98,0,2.29,0,TRUE,Metro (RUCC 1-3),497,TRUE,9.66,7.24,,,41.85,7.21,,1,0,1,Midwife only
53019,Ferry,WA,7326,53,1112,8,1,"Ferry, WA",0,0,0,62,65,0,1,1,0,0,,,,,34,42,,,22,,,2,1,1,0,0,,62,AHRF_natality_24,0,0,0,0,FALSE,"Nonmetro, remote (RUCC 7-9)",65,FALSE,,,,,,,,,0,,Neither
53021,Franklin,WA,97676,1939,23032,2,0.1144507954,"Franklin, WA",3,3,3,1417,1448,0,1,1,5,593,160,95,16,21,631,1311,38,895,99,83,,2,1,1,4,0,2,1417,AHRF_natality_24,2.82,2.12,4.1,0,FALSE,Metro (RUCC 1-3),1448,TRUE,11.05,6.56,1.1,1.45,43.58,6.33,,0.5815,3.53,0.444,Both
53023,Garfield,WA,2326,39,388,8,1,"Garfield, WA",0,0,0,30,23,0,1,1,0,0,,,,,,22,,,,,,2,1,1,0,0,,30,AHRF_natality_24,,,0,,FALSE,"Nonmetro, remote (RUCC 7-9)",23,FALSE,,,,,,,,,,,Neither
53025,Grant,WA,100428,1595,22057,5,0.4486950556,"Grant, WA",4,4,4,1376,1382,2,4,3,4,1064,141,107,20,22,636,1252,32,745,98,96,,7,4,3,4,0,5,1376,AHRF_natality_24,2.91,2.91,3.98,1.45,FALSE,"Nonmetro, adjacent (RUCC 4-6)",1382,TRUE,10.2,7.74,1.45,1.59,46.02,7.67,,0.2267,2.91,0.5,Both
53027,Grays Harbor,WA,76397,949,14105,4,0.3911497171,"Grays Harbor, WA",0,0,0,686,673,0,2,1,2,767,81,53,,,356,569,,137,94,45,,4,3,1,1,0,4,686,AHRF_natality_24,1.46,0,1.31,0,FALSE,"Nonmetro, adjacent (RUCC 4-6)",673,TRUE,12.04,7.88,,,52.9,7.91,,,2.92,0.333,Both
53029,Island,WA,86747,1008,16335,4,0.4778083517,"Island, WA",1,1,1,774,754,0,1,1,2,437,67,46,,,166,601,45,117,108,35,,3,1,1,2,0,4,774,AHRF_natality_24,2.58,1.29,2.31,0,FALSE,"Nonmetro, adjacent (RUCC 4-6)",754,TRUE,8.89,6.1,,,22.02,5.82,,0.4354,2.58,0.5,Both
53031,Jefferson,WA,33313,237,4511,6,0.5325833156,"Jefferson, WA",0,0,0,156,151,1,1,1,3,102,12,,,,54,133,,11,17,,,2,1,1,0,0,,156,AHRF_natality_24,0,0,0,6.41,FALSE,"Nonmetro, adjacent (RUCC 4-6)",151,TRUE,7.95,,,,35.76,,,0.3462,19.23,0,OB/GYN only
53033,King,WA,2262713,26041,565327,1,0.0329434831,"King, WA",132,119,130,22517,22964,10,21,2,370,27165,2261,1670,216,84,5397,13110,2304,3392,7550,801,223,53,33,2,184,154,1,22517,AHRF_natality_24,8.17,5.86,8.13,0.44,FALSE,Metro (RUCC 1-3),22964,TRUE,9.85,7.27,0.94,0.37,23.5,6.11,9.68,,16.43,0.332,Both
53035,Kitsap,WA,276581,3201,57389,2,0.1757114194,"Kitsap, WA",7,6,7,2877,2788,1,2,0,19,2424,266,196,26,18,780,2196,111,452,481,137,13,2,1,0,5,3,2,2877,AHRF_natality_24,1.74,2.43,1.81,0.35,FALSE,Metro (RUCC 1-3),2788,TRUE,9.54,7.03,0.93,0.65,27.98,6.24,11.71,0.1575,6.6,0.208,Both
53037,Kittitas,WA,44736,349,10610,4,0.4279270136,"Kittitas, WA",0,1,0,419,394,1,1,1,2,226,44,24,,,107,356,,53,35,21,,3,1,1,0,0,,419,AHRF_natality_24,0,0,0,2.39,FALSE,"Nonmetro, adjacent (RUCC 4-6)",394,TRUE,11.17,6.09,,,27.16,5.9,,0.4606,4.77,0,OB/GYN only
53039,Klickitat,WA,23082,222,4279,9,0.797096987,"Klickitat, WA",0,0,0,209,195,0,2,2,1,0,19,12,,,79,170,,26,23,10,,4,2,2,1,0,9,209,AHRF_natality_24,4.78,0,4.33,0,FALSE,"Nonmetro, remote (RUCC 7-9)",195,TRUE,9.74,6.15,,,40.51,5.88,,1,4.78,0.5,Both
53041,Lewis,WA,83925,1260,16565,4,0.6017845622,"Lewis, WA",2,2,2,947,927,1,2,1,3,644,88,51,,,384,852,10,169,65,46,,5,4,1,1,0,4,947,AHRF_natality_24,1.06,2.11,1.19,1.06,FALSE,"Nonmetro, adjacent (RUCC 4-6)",927,TRUE,9.49,5.5,,,41.42,5.4,,0.32,3.17,0.25,Both
53043,Lincoln,WA,11271,155,1937,8,1,"Lincoln, WA",0,0,0,113,109,0,2,2,0,0,13,10,,,27,102,,,,,,4,2,2,0,0,,113,AHRF_natality_24,0,0,0,0,FALSE,"Nonmetro, remote (RUCC 7-9)",109,TRUE,11.93,9.17,,,24.77,,,1,0,,Neither
53045,Mason,WA,66968,690,11777,4,0.694976113,"Mason, WA",1,1,1,644,639,1,1,1,2,374,63,42,,11,294,544,13,196,82,37,,2,1,1,1,0,4,644,AHRF_natality_24,1.55,1.55,1.49,1.55,FALSE,"Nonmetro, adjacent (RUCC 4-6)",639,TRUE,9.86,6.57,,1.72,46.01,6.8,,0.4193,3.11,0.333,Both
53047,Okanogan,WA,42811,812,7968,6,0.8060754323,"Okanogan, WA",1,0,1,450,437,0,3,3,1,1200,45,25,,,224,355,,134,79,21,,6,3,3,2,0,6,450,AHRF_natality_24,4.44,2.22,4.67,0,FALSE,"Nonmetro, adjacent (RUCC 4-6)",437,TRUE,10.3,5.72,,,51.26,5.92,,,2.22,0.667,Both
53049,Pacific,WA,23750,194,3679,7,0.6292317569,"Pacific, WA",0,0,0,162,151,0,2,2,1,1,23,14,,,75,132,,29,16,12,,4,2,2,0,0,,162,AHRF_natality_24,0,0,0,0,FALSE,"Nonmetro, remote (RUCC 7-9)",151,TRUE,15.23,9.27,,,49.67,9.09,,0.9938,6.17,0,OB/GYN only
53051,Pend Oreille,WA,13811,197,2274,8,1,"Pend Oreille, WA",0,0,0,105,116,0,1,1,0,362,12,,,,48,103,,,12,,,3,2,1,0,0,,105,AHRF_natality_24,0,0,0,0,FALSE,"Nonmetro, remote (RUCC 7-9)",116,TRUE,10.34,,,,41.38,,,,0,,Neither
53053,Pierce,WA,924106,13250,215654,1,0.0678167034,"Pierce, WA",47,47,47,10878,10838,3,10,0,109,10772,1195,772,127,54,3720,7441,959,1958,2438,479,105,20,10,0,53,49,1,10878,AHRF_natality_24,4.87,4.32,5.74,0.28,FALSE,Metro (RUCC 1-3),10838,TRUE,11.03,7.12,1.17,0.5,34.32,6.44,10.95,0.0097,10.02,0.327,Both
53055,San Juan,WA,18266,153,2917,9,0.8008769957,"San Juan, WA",1,1,1,104,99,0,1,1,0,0,,,,,44,90,,12,,,,2,1,1,0,0,,104,AHRF_natality_24,0,9.62,0,0,FALSE,"Nonmetro, remote (RUCC 7-9)",99,FALSE,,,,,,,,1,0,,Neither
53057,Skagit,WA,130407,1489,26364,3,0.3410127931,"Skagit, WA",6,5,6,1386,1388,1,3,1,8,1431,141,90,11,12,559,1215,20,442,153,76,,4,3,1,6,0,3,1386,AHRF_natality_24,4.33,4.33,4.6,0.72,FALSE,Metro (RUCC 1-3),1388,TRUE,10.16,6.48,0.79,0.86,40.27,6.26,,,5.77,0.429,Both
53059,Skamania,WA,12276,49,2269,1,1,"Skamania, WA",0,0,0,99,93,0,0,0,0,0,,,,,36,86,,12,,,,0,0,0,0,0,,99,AHRF_natality_24,0,0,0,0,TRUE,Metro (RUCC 1-3),93,FALSE,,,,,,,,,0,,Neither
53061,Snohomish,WA,834648,11356,192740,1,0.1179602322,"Snohomish, WA",22,22,22,9737,9840,2,5,0,35,5707,937,691,104,40,2483,6783,531,1562,2526,427,39,7,5,0,35,27,1,9737,AHRF_natality_24,3.59,2.26,4.19,0.21,FALSE,Metro (RUCC 1-3),9840,TRUE,9.52,7.02,1.06,0.41,25.23,6.3,7.34,0.4139,3.59,0.5,Both
53063,Spokane,WA,544323,7021,123904,2,0.1462605152,"Spokane, WA",29,28,28,5698,5812,3,9,0,47,5688,578,398,71,38,2015,4944,170,508,698,322,14,19,7,1,33,28,2,5698,AHRF_natality_24,5.79,5.09,6.06,0.53,FALSE,Metro (RUCC 1-3),5812,TRUE,9.94,6.85,1.22,0.65,34.67,6.51,8.24,0.0018,8.25,0.412,Both
53065,Stevens,WA,47470,682,8634,2,0.8910969964,"Stevens, WA",2,2,2,437,463,1,2,2,0,296,47,37,,,185,408,,20,52,30,,4,2,2,4,0,2,437,AHRF_natality_24,9.15,4.58,8.43,2.29,FALSE,Metro (RUCC 1-3),463,TRUE,10.15,7.99,,,39.96,7.35,,0.3227,0,1,Midwife only
53067,Thurston,WA,296640,2989,67405,2,0.2133802363,"Thurston, WA",16,14,16,2990,2995,2,2,0,26,2326,287,195,38,13,953,2278,155,484,562,137,15,4,3,0,17,16,2,2990,AHRF_natality_24,5.69,5.35,5.73,0.67,FALSE,Metro (RUCC 1-3),2995,TRUE,9.58,6.51,1.27,0.43,31.82,6.01,9.68,0.2221,8.7,0.395,Both
53069,Wahkiakum,WA,4573,62,576,8,1,"Wahkiakum, WA",0,0,0,33,30,0,0,0,0,0,,,,,,27,,,,,,0,0,0,0,0,,33,AHRF_natality_24,,,0,,TRUE,"Nonmetro, remote (RUCC 7-9)",30,FALSE,,,,,,,,,,,Neither
53071,Walla Walla,WA,62102,509,13547,3,0.2025278026,"Walla Walla, WA",2,2,2,496,558,1,2,0,4,601,60,46,,,221,523,,196,31,44,,3,2,0,2,0,3,496,AHRF_natality_24,4.03,4.03,3.22,2.02,FALSE,Metro (RUCC 1-3),558,TRUE,10.75,8.24,,,39.61,8.41,,,8.06,0.333,Both
53073,Whatcom,WA,228432,1777,54872,3,0.2858710937,"Whatcom, WA",8,7,8,1932,1977,1,1,0,20,1859,175,113,19,12,601,1646,31,343,300,88,,2,2,0,14,13,3,1932,AHRF_natality_24,7.25,4.14,6.13,0.52,FALSE,Metro (RUCC 1-3),1977,TRUE,8.85,5.72,0.96,0.61,30.4,5.35,,0.0378,10.35,0.412,Both
53075,Whitman,WA,47042,353,14432,4,0.3185541867,"Whitman, WA",1,1,1,400,392,2,2,2,2,426,33,25,,,84,325,14,29,53,19,,4,2,2,2,0,4,400,AHRF_natality_24,5,2.5,4.25,5,FALSE,"Nonmetro, adjacent (RUCC 4-6)",392,TRUE,8.42,6.38,,,21.43,5.85,,,5,0.5,Both
53077,Yakima,WA,256605,4182,57643,2,0.3043220841,"Yakima, WA",4,4,4,3309,3325,2,3,1,15,3339,1036,225,36,56,1803,2893,72,2029,360,193,,9,7,1,4,0,2,3309,AHRF_natality_24,1.21,1.21,1.56,0.6,FALSE,Metro (RUCC 1-3),3325,TRUE,31.16,6.77,1.08,1.68,54.23,6.67,,,4.53,0.211,Both
54001,Barbour,WV,15454,84,3362,9,1,"Barbour, WV",1,1,1,161,154,0,1,1,0,0,20,16,,,78,149,,,,15,,2,1,1,0,0,,161,AHRF_natality_24,0,6.21,0,0,FALSE,"Nonmetro, remote (RUCC 7-9)",154,TRUE,12.99,10.39,,,50.65,10.07,,1,0,,Neither
54003,Berkeley,WV,126165,1600,28918,2,0.3242570202,"Berkeley, WV",9,10,9,1651,1542,1,2,0,9,1015,185,138,21,10,664,1316,118,120,108,107,19,2,1,0,11,11,2,1651,AHRF_natality_24,6.66,5.45,8.72,0.61,FALSE,Metro (RUCC 1-3),1542,TRUE,12,8.95,1.36,0.65,43.06,8.13,16.1,0.3852,5.45,0.55,Both
54005,Boone,WV,21312,80,4220,3,1,"Boone, WV",0,0,0,197,190,0,1,1,0,0,34,21,,,97,187,,,,21,,2,1,1,0,0,,197,AHRF_natality_24,0,0,0,0,FALSE,Metro (RUCC 1-3),190,TRUE,17.89,11.05,,,51.05,11.23,,1,0,,Neither
54007,Braxton,WV,12345,51,2284,8,1,"Braxton, WV",0,0,0,103,101,0,1,1,0,0,12,,,,40,99,,,,,,2,1,1,0,0,,103,AHRF_natality_24,0,0,0,0,FALSE,"Nonmetro, remote (RUCC 7-9)",101,TRUE,11.88,,,,39.6,,,1,0,,Neither
54009,Brooke,WV,22053,198,4227,3,0.4162861829,"Brooke, WV",0,0,0,143,158,0,1,0,0,0,19,11,,,83,152,,,,10,,0,0,0,0,0,,143,AHRF_natality_24,0,0,0,0,TRUE,Metro (RUCC 1-3),158,TRUE,12.03,6.96,,,52.53,6.58,,1,0,,Neither
54011,Cabell,WV,93300,737,21547,2,0.2202861685,"Cabell, WV",3,3,3,865,883,1,6,0,39,2686,161,103,15,10,425,800,59,12,24,93,,11,5,0,2,2,2,865,AHRF_natality_24,2.31,3.47,2.14,1.16,FALSE,Metro (RUCC 1-3),883,TRUE,18.23,11.66,1.7,1.13,48.13,11.62,,,45.09,0.049,Both
54013,Calhoun,WV,6158,18,1021,8,1,"Calhoun, WV",0,0,0,59,63,0,1,1,0,0,,,,,32,62,,,,,,2,1,1,0,0,,59,AHRF_natality_24,0,0,0,0,FALSE,"Nonmetro, remote (RUCC 7-9)",63,FALSE,,,,,,,,,0,,Neither
54015,Clay,WV,7946,75,1486,3,1,"Clay, WV",0,0,0,69,78,0,0,0,0,0,19,,,,40,77,,,,,,0,0,0,0,0,,69,AHRF_natality_24,0,0,0,0,TRUE,Metro (RUCC 1-3),78,FALSE,,,,,,,,,0,,Neither
54017,Doddridge,WV,7767,148,1347,9,1,"Doddridge, WV",0,0,0,55,61,0,0,0,0,0,,,,,22,60,,,,,,0,0,0,0,0,,55,AHRF_natality_24,0,0,0,0,TRUE,"Nonmetro, remote (RUCC 7-9)",61,FALSE,,,,,,,,,0,,Neither
54019,Fayette,WV,39987,276,7678,3,0.6295198577,"Fayette, WV",0,0,0,367,365,0,2,2,0,0,64,42,,,190,337,10,,18,38,,5,3,2,0,0,,367,AHRF_natality_24,0,0,0,0,FALSE,Metro (RUCC 1-3),365,TRUE,17.53,11.51,,,52.05,11.28,,1,0,,Neither
54021,Gilmer,WV,7376,63,1175,9,1,"Gilmer, WV",0,0,0,42,47,0,0,0,0,0,,,,,20,46,,,,,,0,0,0,0,0,,42,AHRF_natality_24,,,0,,TRUE,"Nonmetro, remote (RUCC 7-9)",47,FALSE,,,,,,,,,,,Neither
54023,Grant,WV,10972,146,1936,9,1,"Grant, WV",0,0,0,117,110,1,1,1,0,227,13,,,,48,107,,,,,,2,1,1,0,0,,117,AHRF_natality_24,0,0,0,8.55,FALSE,"Nonmetro, remote (RUCC 7-9)",110,TRUE,11.82,,,,43.64,,,,0,,Neither
54025,Greenbrier,WV,32688,590,6355,6,0.7808472572,"Greenbrier, WV",1,1,1,308,307,1,1,0,4,338,34,25,,,147,291,,12,10,21,,2,1,0,1,0,6,308,AHRF_natality_24,3.25,3.25,3.06,3.25,FALSE,"Nonmetro, adjacent (RUCC 4-6)",307,TRUE,11.07,8.14,,,47.88,7.22,,,12.99,0.2,Both
54027,Hampshire,WV,23340,115,4247,3,1,"Hampshire, WV",0,0,0,238,226,0,1,1,1,0,25,22,,,104,221,,,,22,,2,1,1,1,0,3,238,AHRF_natality_24,4.2,0,4.28,0,FALSE,Metro (RUCC 1-3),226,TRUE,11.06,9.73,,,46.02,9.95,,1,4.2,0.5,Both
54029,Hancock,WV,28658,281,5562,3,0.3291974566,"Hancock, WV",0,0,0,216,230,1,1,0,3,505,28,18,,,119,216,,,,17,,3,2,0,0,0,,216,AHRF_natality_24,0,0,0,4.63,FALSE,Metro (RUCC 1-3),230,TRUE,12.17,7.83,,,51.74,7.87,,,13.89,0,OB/GYN only
54031,Hardy,WV,14236,148,2615,8,1,"Hardy, WV",0,0,0,142,140,0,0,0,0,0,17,13,,,69,126,,17,,10,,0,0,0,0,0,,142,AHRF_natality_24,0,0,0,0,TRUE,"Nonmetro, remote (RUCC 7-9)",140,TRUE,12.14,9.29,,,49.29,7.94,,1,0,,Neither
54033,Harrison,WV,65407,770,13456,5,0.4427572397,"Harrison, WV",0,0,0,622,642,1,3,0,6,763,80,62,11,11,284,623,,17,11,59,,3,1,0,1,0,5,622,AHRF_natality_24,1.61,0,1.53,1.61,FALSE,"Nonmetro, adjacent (RUCC 4-6)",642,TRUE,12.46,9.66,1.71,1.71,44.24,9.47,,,9.65,0.143,Both
54035,Jackson,WV,27753,301,5339,8,1,"Jackson, WV",0,0,0,272,275,0,1,1,0,0,48,31,,,123,267,,,,29,,2,1,1,0,0,,272,AHRF_natality_24,0,0,0,0,FALSE,"Nonmetro, remote (RUCC 7-9)",275,TRUE,17.45,11.27,,,44.73,10.86,,1,0,,Neither
54037,Jefferson,WV,58546,555,12678,1,0.61699104,"Jefferson, WV",1,1,1,572,559,0,1,1,0,83,61,43,,,193,483,32,56,43,34,,2,1,1,0,0,,572,AHRF_natality_24,0,1.75,0,0,FALSE,Metro (RUCC 1-3),559,TRUE,10.91,7.69,,,34.53,7.04,,0.8549,0,,Neither
54039,Kanawha,WV,178198,2162,36929,3,0.2937674624,"Kanawha, WV",5,4,5,1584,1670,1,5,0,27,3376,300,183,25,18,852,1440,135,28,95,146,24,13,8,0,8,8,3,1584,AHRF_natality_24,5.05,3.16,4.49,0.63,FALSE,Metro (RUCC 1-3),1670,TRUE,17.96,10.96,1.5,1.08,51.02,10.14,17.78,,17.05,0.229,Both
54041,Lewis,WV,16808,159,3373,9,0.7399166324,"Lewis, WV",1,1,1,181,166,1,2,0,1,117,21,19,,,88,165,,,,19,,3,1,0,0,0,,181,AHRF_natality_24,0,5.52,0,5.52,FALSE,"Nonmetro, remote (RUCC 7-9)",166,TRUE,12.65,11.45,,,53.01,11.52,,0.3536,5.52,0,OB/GYN only
54043,Lincoln,WV,20170,261,4000,8,1,"Lincoln, WV",0,0,0,185,185,0,0,0,0,0,37,23,,,87,181,,,,22,,0,0,0,0,0,,185,AHRF_natality_24,0,0,0,0,TRUE,"Nonmetro, remote (RUCC 7-9)",185,TRUE,20,12.43,,,47.03,12.15,,1,0,,Neither
54045,Logan,WV,31826,291,6382,6,0.7291429975,"Logan, WV",0,0,0,325,322,1,1,0,1,193,56,35,,,159,313,,,,35,,5,4,1,0,0,,325,AHRF_natality_24,0,0,0,3.08,FALSE,"Nonmetro, adjacent (RUCC 4-6)",322,TRUE,17.39,10.87,,,49.38,11.18,,0.4062,3.08,0,OB/GYN only
54047,McDowell,WV,18413,141,3112,9,1,"McDowell, WV",0,0,0,138,149,0,1,0,0,0,20,23,,,86,140,,,,20,,3,2,0,0,0,,138,AHRF_natality_24,0,0,0,0,FALSE,"Nonmetro, remote (RUCC 7-9)",149,TRUE,13.42,15.44,,,57.72,14.29,,1,0,,Neither
54049,Marion,WV,56042,687,12158,4,0.4348011743,"Marion, WV",1,1,1,519,516,0,0,0,1,0,69,46,,,217,487,12,10,17,43,,3,2,0,1,0,4,519,AHRF_natality_24,1.93,1.93,1.78,0,FALSE,"Nonmetro, adjacent (RUCC 4-6)",516,TRUE,13.37,8.91,,,42.05,8.83,,1,1.93,0.5,Both
54051,Marshall,WV,30129,350,5530,3,0.4893596156,"Marshall, WV",0,0,0,275,267,1,1,0,2,316,36,21,,,133,256,,,,21,,1,1,0,0,0,,275,AHRF_natality_24,0,0,0,3.64,FALSE,Metro (RUCC 1-3),267,TRUE,13.48,7.87,,,49.81,8.2,,,7.27,0,OB/GYN only
54053,Mason,WV,25214,507,5201,6,0.68718815069999994,"Mason, WV",0,0,0,250,251,0,1,0,0,0,35,24,,,116,244,,,,24,,2,1,0,0,0,,250,AHRF_natality_24,0,0,0,0,FALSE,"Nonmetro, adjacent (RUCC 4-6)",251,TRUE,13.94,9.56,,,46.22,9.84,,1,0,,Neither
54055,Mercer,WV,59062,498,12152,4,0.4181248324,"Mercer, WV",0,0,0,503,608,0,2,0,1,547,90,63,11,14,325,542,41,14,26,54,,4,3,0,0,0,,503,AHRF_natality_24,0,0,0,0,FALSE,"Nonmetro, adjacent (RUCC 4-6)",608,TRUE,14.8,10.36,1.81,2.3,53.45,9.96,,,1.99,0,OB/GYN only
54057,Mineral,WV,26922,230,5237,7,0.6922562922,"Mineral, WV",0,0,0,273,240,0,1,1,1,0,29,26,,,106,228,,,,23,,2,1,1,0,0,,273,AHRF_natality_24,0,0,0,0,FALSE,"Nonmetro, remote (RUCC 7-9)",240,TRUE,12.08,10.83,,,44.17,10.09,,1,3.66,0,OB/GYN only
54059,Mingo,WV,22979,158,4507,8,1,"Mingo, WV",0,0,0,267,239,0,0,0,0,0,44,24,,,125,233,,,,24,,2,2,0,0,0,,267,AHRF_natality_24,0,0,0,0,FALSE,"Nonmetro, remote (RUCC 7-9)",239,TRUE,18.41,10.04,,,52.3,10.3,,1,0,,Neither
54061,Monongalia,WV,106520,1371,28925,3,0.2665041296,"Monongalia, WV",9,9,9,943,983,1,4,0,40,3145,118,89,12,,289,870,34,33,79,74,,7,3,0,10,8,3,943,AHRF_natality_24,10.6,9.54,9.39,1.06,FALSE,Metro (RUCC 1-3),983,TRUE,12,9.05,1.22,,29.4,8.51,,,42.42,0.2,Both
54063,Monroe,WV,12401,105,2296,8,1,"Monroe, WV",0,0,0,131,132,0,0,0,0,0,13,,,,47,129,,,,,,0,0,0,0,0,,131,AHRF_natality_24,0,0,0,0,TRUE,"Nonmetro, remote (RUCC 7-9)",132,TRUE,9.85,,,,35.61,,,1,0,,Neither
54065,Morgan,WV,17327,150,3022,2,1,"Morgan, WV",0,0,0,130,137,0,1,1,1,0,14,10,,,69,132,,,,10,,2,1,1,0,0,,130,AHRF_natality_24,0,0,0,0,FALSE,Metro (RUCC 1-3),137,TRUE,10.22,7.3,,,50.36,7.58,,1,7.69,0,OB/GYN only
54067,Nicholas,WV,24446,127,4572,8,1,"Nicholas, WV",0,0,0,199,208,0,1,1,3,0,33,21,,,93,206,,,,20,,4,2,2,0,0,,199,AHRF_natality_24,0,0,0,0,FALSE,"Nonmetro, remote (RUCC 7-9)",208,TRUE,15.87,10.1,,,44.71,9.71,,1,15.08,0,OB/GYN only
54069,Ohio,WV,41904,319,8771,3,0.3297583972,"Ohio, WV",0,0,0,340,354,1,2,0,5,876,45,33,,,168,319,11,,24,29,,4,2,0,1,0,3,340,AHRF_natality_24,2.94,0,2.39,2.94,FALSE,Metro (RUCC 1-3),354,TRUE,12.71,9.32,,,47.46,9.09,,,14.71,0.167,Both
54071,Pendleton,WV,6111,33,959,8,1,"Pendleton, WV",0,0,0,56,56,0,0,0,0,0,,,,,21,55,,,,,,0,0,0,0,0,,56,AHRF_natality_24,0,0,0,0,TRUE,"Nonmetro, remote (RUCC 7-9)",56,FALSE,,,,,,,,,0,,Neither
54073,Pleasants,WV,7572,92,1382,8,1,"Pleasants, WV",0,0,0,61,62,0,0,0,0,0,,,,,25,61,,,,,,1,0,0,0,0,,61,AHRF_natality_24,0,0,0,0,FALSE,"Nonmetro, remote (RUCC 7-9)",62,FALSE,,,,,,,,,0,,Neither
54075,Pocahontas,WV,7855,52,1271,9,1,"Pocahontas, WV",0,0,0,76,70,0,1,1,0,0,,,,,30,69,,,,,,3,1,1,0,0,,76,AHRF_natality_24,0,0,0,0,FALSE,"Nonmetro, remote (RUCC 7-9)",70,FALSE,,,,,,,,,0,,Neither
54077,Preston,WV,34204,426,6646,3,1,"Preston, WV",0,0,0,289,289,0,1,1,0,0,46,31,,,116,284,,,,30,,3,1,1,0,0,,289,AHRF_natality_24,0,0,0,0,FALSE,Metro (RUCC 1-3),289,TRUE,15.92,10.73,,,40.14,10.56,,1,0,,Neither
54079,Putnam,WV,57250,717,12122,2,0.3393976323,"Putnam, WV",2,2,2,482,501,0,0,0,12,0,84,50,,,164,481,,,11,47,,1,1,0,3,0,2,482,AHRF_natality_24,6.22,4.15,5.24,0,FALSE,Metro (RUCC 1-3),501,TRUE,16.77,9.98,,,32.73,9.77,,1,24.9,0.2,Both
54081,Raleigh,WV,73666,422,14816,3,0.4306551729,"Raleigh, WV",2,2,2,658,686,1,3,0,9,725,108,78,12,,322,602,51,14,33,64,10,5,3,0,3,3,3,658,AHRF_natality_24,4.56,3.04,4.07,1.52,FALSE,Metro (RUCC 1-3),686,TRUE,15.74,11.37,1.75,,46.94,10.63,,,13.68,0.25,Both
54083,Randolph,WV,27782,234,4904,7,0.6022841186,"Randolph, WV",1,1,1,251,258,1,1,0,2,196,41,29,,,130,251,,,,28,,2,2,0,2,0,7,251,AHRF_natality_24,7.97,3.98,7.2,3.98,FALSE,"Nonmetro, remote (RUCC 7-9)",258,TRUE,15.89,11.24,,,50.39,11.16,,0.2191,7.97,0.5,Both
54085,Ritchie,WV,8372,73,1557,8,1,"Ritchie, WV",0,0,0,87,80,0,0,0,0,0,,,,,36,79,,,,,,0,0,0,0,0,,87,AHRF_natality_24,0,0,0,0,TRUE,"Nonmetro, remote (RUCC 7-9)",80,FALSE,,,,,,,,,0,,Neither
54087,Roane,WV,13921,202,2711,8,1,"Roane, WV",0,0,0,106,111,0,1,1,0,0,16,,,,49,107,,,,,,3,1,1,0,0,,106,AHRF_natality_24,0,0,0,0,FALSE,"Nonmetro, remote (RUCC 7-9)",111,TRUE,14.41,,,,44.14,,,1,0,,Neither
54089,Summers,WV,11833,44,2387,8,1,"Summers, WV",0,0,0,81,90,0,1,1,0,0,13,10,,,39,86,,,,10,,2,1,1,0,0,,81,AHRF_natality_24,0,0,0,0,FALSE,"Nonmetro, remote (RUCC 7-9)",90,FALSE,,,,,,,,,0,,Neither
54091,Taylor,WV,16543,182,3290,6,0.6851242143,"Taylor, WV",0,0,0,145,151,0,1,1,0,1,20,16,,,73,148,,,,16,,2,1,1,0,0,,145,AHRF_natality_24,0,0,0,0,FALSE,"Nonmetro, adjacent (RUCC 4-6)",151,TRUE,13.25,10.6,,,48.34,10.81,,0.9931,0,,Neither
54093,Tucker,WV,6698,24,1190,9,1,"Tucker, WV",0,0,0,60,55,0,0,0,0,0,,,,,21,54,,,,,,1,1,0,0,0,,60,AHRF_natality_24,0,0,0,0,FALSE,"Nonmetro, remote (RUCC 7-9)",55,FALSE,,,,,,,,,0,,Neither
54095,Tyler,WV,8181,104,1455,9,1,"Tyler, WV",0,0,0,71,72,0,1,1,0,0,10,,,,31,70,,,,,,2,1,1,0,0,,71,AHRF_natality_24,0,0,0,0,FALSE,"Nonmetro, remote (RUCC 7-9)",72,FALSE,,,,,,,,,0,,Neither
54097,Upshur,WV,23758,181,4891,7,0.6411236144,"Upshur, WV",6,6,6,213,233,1,1,1,2,351,26,20,,,106,227,,,,19,,3,2,1,7,0,7,213,AHRF_natality_24,32.86,28.17,29.46,4.69,FALSE,"Nonmetro, remote (RUCC 7-9)",233,TRUE,11.16,8.58,,,45.49,8.37,,,9.39,0.778,Both
54099,Wayne,WV,38498,487,7741,2,0.5981991688,"Wayne, WV",0,0,0,380,374,0,1,0,1,0,59,39,,,157,368,,,,39,,0,0,0,0,0,,380,AHRF_natality_24,0,0,0,0,TRUE,Metro (RUCC 1-3),374,TRUE,15.78,10.43,,,41.98,10.6,,1,2.63,0,OB/GYN only
54101,Webster,WV,8253,144,1413,9,1,"Webster, WV",0,0,0,59,65,0,1,1,0,0,11,,,,33,65,,,,,,2,1,1,1,0,9,59,AHRF_natality_24,16.95,0,12.12,0,FALSE,"Nonmetro, remote (RUCC 7-9)",65,FALSE,,,,,,,,,0,1,Midwife only
54103,Wetzel,WV,14233,204,2654,7,0.624082537,"Wetzel, WV",0,0,0,147,159,0,1,0,0,0,20,13,,,83,156,,,,12,,1,1,0,0,0,,147,AHRF_natality_24,0,0,0,0,FALSE,"Nonmetro, remote (RUCC 7-9)",159,TRUE,12.58,8.18,,,52.2,7.69,,1,0,,Neither
54105,Wirt,WV,5131,39,995,3,1,"Wirt, WV",0,0,0,50,49,0,0,0,0,0,,,,,24,48,,,,,,0,0,0,0,0,,50,AHRF_natality_24,0,0,0,0,TRUE,Metro (RUCC 1-3),49,FALSE,,,,,,,,,0,,Neither
54107,Wood,WV,83829,1257,16844,3,0.2962774034,"Wood, WV",0,1,0,759,788,0,2,0,4,944,110,77,,16,373,752,,16,28,74,,3,2,0,1,0,3,759,AHRF_natality_24,1.32,0,1.19,0,FALSE,Metro (RUCC 1-3),788,TRUE,13.96,9.77,,2.03,47.34,9.84,,,5.27,0.2,Both
54109,Wyoming,WV,20948,191,4262,8,1,"Wyoming, WV",0,0,0,207,206,0,0,0,0,0,29,21,,,89,203,,,,21,,2,2,0,0,0,,207,AHRF_natality_24,0,0,0,0,FALSE,"Nonmetro, remote (RUCC 7-9)",206,TRUE,14.08,10.19,,,43.2,10.34,,1,0,,Neither
55001,Adams,WI,20928,105,2733,8,1,"Adams, WI",0,0,0,107,119,0,1,1,0,0,16,,,,57,115,,,,,,2,1,1,0,0,,107,AHRF_natality_24,0,0,0,0,FALSE,"Nonmetro, remote (RUCC 7-9)",119,TRUE,13.45,,,,47.9,,,1,0,,Neither
55003,Ashland,WI,16050,291,3122,7,0.549198228,"Ashland, WI",1,1,1,171,159,1,1,1,1,203,16,12,,,58,132,,,27,,,2,1,1,0,0,,171,AHRF_natality_24,0,5.85,0,5.85,FALSE,"Nonmetro, remote (RUCC 7-9)",159,TRUE,10.06,7.55,,,36.48,,,,5.85,0,OB/GYN only
55005,Barron,WI,46741,590,8628,6,0.7825779795,"Barron, WI",1,0,1,435,446,1,3,2,6,348,42,27,,,149,409,17,20,20,25,,5,3,2,1,0,6,435,AHRF_natality_24,2.3,2.3,2.14,2.3,FALSE,"Nonmetro, adjacent (RUCC 4-6)",446,TRUE,9.42,6.05,,,33.41,6.11,,0.2,13.79,0.143,Both
55007,Bayfield,WI,16410,95,2501,8,1,"Bayfield, WI",1,1,1,120,112,0,0,0,1,0,10,,,,35,92,,,20,,,1,1,0,1,0,8,120,AHRF_natality_24,8.33,8.33,6.09,0,FALSE,"Nonmetro, remote (RUCC 7-9)",112,TRUE,8.93,,,,31.25,,,1,8.33,0.5,Both
55009,Brown,WI,269425,2654,60353,2,0.1659001265,"Brown, WI",13,12,13,3002,3002,4,7,0,38,4433,323,217,31,26,1134,2491,151,500,360,170,23,10,4,0,12,12,2,3002,AHRF_natality_24,4,4.33,4.45,1.33,FALSE,Metro (RUCC 1-3),3002,TRUE,10.76,7.23,1.03,0.87,37.77,6.82,15.23,,12.66,0.24,Both
55011,Buffalo,WI,13341,122,2464,8,1,"Buffalo, WI",0,0,0,129,122,0,0,0,1,0,14,11,,,37,118,,,,11,,1,1,0,0,0,,129,AHRF_natality_24,0,0,0,0,FALSE,"Nonmetro, remote (RUCC 7-9)",122,TRUE,11.48,9.02,,,30.33,9.32,,1,7.75,0,OB/GYN only
55013,Burnett,WI,16741,76,2488,8,1,"Burnett, WI",1,1,1,98,101,0,1,1,0,0,14,,,,44,89,,,12,,,2,1,1,0,0,,98,AHRF_natality_24,0,10.2,0,0,FALSE,"Nonmetro, remote (RUCC 7-9)",101,TRUE,13.86,,,,43.56,,,,0,,Neither
55015,Calumet,WI,52626,563,11025,3,0.5262957172,"Calumet, WI",0,0,0,461,456,0,1,1,0,0,50,29,,,103,433,,46,19,26,,2,1,1,0,0,,461,AHRF_natality_24,0,0,0,0,FALSE,Metro (RUCC 1-3),456,TRUE,10.96,6.36,,,22.59,6,,1,0,,Neither
55017,Chippewa,WI,66558,835,12738,3,0.62521682730000006,"Chippewa, WI",0,0,0,647,655,1,3,2,6,0,62,42,,,194,630,,16,22,40,,5,3,2,0,0,,647,AHRF_natality_24,0,0,0,1.55,FALSE,Metro (RUCC 1-3),655,TRUE,9.47,6.41,,,29.62,6.35,,1,9.27,0,OB/GYN only
55019,Clark,WI,34736,592,6591,8,1,"Clark, WI",0,0,0,537,603,0,1,1,0,0,53,32,,,131,594,,71,,31,,3,1,1,0,0,,537,AHRF_natality_24,0,0,0,0,FALSE,"Nonmetro, remote (RUCC 7-9)",603,TRUE,8.79,5.31,,,21.72,5.22,,1,0,,Neither
55021,Columbia,WI,58322,724,11536,2,0.6624209267,"Columbia, WI",0,0,0,564,573,2,2,1,1,247,48,30,,,159,553,,35,14,29,,3,2,1,0,0,,564,AHRF_natality_24,0,0,0,3.55,FALSE,Metro (RUCC 1-3),573,TRUE,8.38,5.24,,,27.75,5.24,,0.5621,1.77,0,OB/GYN only
55023,Crawford,WI,16064,147,2797,6,0.63005027,"Crawford, WI",1,1,1,156,163,1,1,1,1,135,15,11,,,54,160,,,,10,,2,1,1,1,0,6,156,AHRF_natality_24,6.41,6.41,6.23,6.41,FALSE,"Nonmetro, adjacent (RUCC 4-6)",163,TRUE,9.2,6.75,,,33.13,6.25,,0.1346,6.41,0.5,Both
55025,Dane,WI,564777,5654,143322,2,0.135769291,"Dane, WI",36,30,36,5570,5609,2,8,1,115,6486,544,408,70,31,1513,4484,528,633,597,292,77,17,6,1,37,34,2,5570,AHRF_natality_24,6.64,6.46,6.55,0.36,FALSE,Metro (RUCC 1-3),5609,TRUE,9.7,7.27,1.25,0.55,26.97,6.51,14.58,,20.65,0.243,Both
55027,Dodge,WI,88818,975,16785,4,0.5488612466,"Dodge, WI",1,1,1,730,763,3,3,1,2,471,79,52,,,251,732,,86,21,48,,5,3,1,2,2,4,730,AHRF_natality_24,2.74,1.37,2.25,4.11,FALSE,"Nonmetro, adjacent (RUCC 4-6)",763,TRUE,10.35,6.82,,,32.9,6.56,,0.3548,2.74,0.5,Both
55029,Door,WI,30279,401,4861,6,0.6863899421,"Door, WI",0,0,0,192,207,1,1,1,3,126,24,16,,,59,199,,15,,15,,2,1,1,0,0,,192,AHRF_natality_24,0,0,0,5.21,FALSE,"Nonmetro, adjacent (RUCC 4-6)",207,TRUE,11.59,7.73,,,28.5,7.54,,0.3438,15.62,0,OB/GYN only
55031,Douglas,WI,44197,440,9433,2,0.3861383903,"Douglas, WI",0,0,0,510,386,0,1,1,0,0,43,29,,,160,352,,10,28,27,,2,1,1,0,0,,510,AHRF_natality_24,0,0,0,0,FALSE,Metro (RUCC 1-3),386,TRUE,11.14,7.51,,,41.45,7.67,,1,0,,Neither
55033,Dunn,WI,45349,472,10944,6,0.6253961268,"Dunn, WI",0,0,0,421,429,1,2,2,3,117,42,29,,,143,396,,14,31,26,,3,1,1,0,0,,421,AHRF_natality_24,0,0,0,2.38,FALSE,"Nonmetro, adjacent (RUCC 4-6)",429,TRUE,9.79,6.76,,,33.33,6.57,,0.7221,7.13,0,OB/GYN only
55035,Eau Claire,WI,106328,1206,26463,3,0.2372717813,"Eau Claire, WI",17,14,17,1077,1049,3,4,0,16,2370,97,66,10,,305,932,16,49,101,55,,5,4,0,24,0,3,1077,AHRF_natality_24,22.28,15.78,22.57,2.79,FALSE,Metro (RUCC 1-3),1049,TRUE,9.25,6.29,0.95,,29.08,5.9,,,14.86,0.6,Both
55037,Florence,WI,4617,40,683,9,1,"Florence, WI",0,0,0,33,27,0,0,0,0,0,,,,,10,25,,,,,,0,0,0,0,0,,33,AHRF_natality_24,,,0,,TRUE,"Nonmetro, remote (RUCC 7-9)",27,FALSE,,,,,,,,,,,Neither
55039,Fond du Lac,WI,104053,1198,21672,3,0.3625688884,"Fond du Lac, WI",1,1,1,989,1017,1,3,1,10,823,125,76,12,,381,931,45,143,41,67,,5,3,1,1,0,3,989,AHRF_natality_24,1.01,1.01,0.96,1.01,FALSE,Metro (RUCC 1-3),1017,TRUE,12.29,7.47,1.18,,37.46,7.2,,0.1678,10.11,0.091,Both
55041,Forest,WI,9261,92,1561,9,1,"Forest, WI",0,0,0,87,92,0,0,0,0,0,10,,,,48,65,,,26,,,0,0,0,0,0,,87,AHRF_natality_24,0,0,0,0,TRUE,"Nonmetro, remote (RUCC 7-9)",92,FALSE,,,,,,,,,0,,Neither
55043,Grant,WI,51678,678,10788,6,0.7720743964,"Grant, WI",1,1,1,573,589,2,3,3,1,392,67,39,,,172,565,,22,17,37,,7,3,3,0,0,,573,AHRF_natality_24,0,1.75,0,3.49,FALSE,"Nonmetro, adjacent (RUCC 4-6)",589,TRUE,11.38,6.62,,,29.2,6.55,,0.3159,1.75,0,OB/GYN only
55045,Green,WI,37036,450,7389,2,0.7108618877,"Green, WI",1,1,1,349,359,1,1,0,5,461,35,23,,,110,347,,26,12,22,,1,1,0,1,0,2,349,AHRF_natality_24,2.87,2.87,2.7,2.87,FALSE,Metro (RUCC 1-3),359,TRUE,9.75,6.41,,,30.64,6.34,,,14.33,0.167,Both
55047,Green Lake,WI,19165,171,3440,6,0.7264696603,"Green Lake, WI",0,0,0,207,201,1,1,1,0,108,19,14,,,57,194,,17,,13,,2,1,1,0,0,,207,AHRF_natality_24,0,0,0,4.83,FALSE,"Nonmetro, adjacent (RUCC 4-6)",201,TRUE,9.45,6.97,,,28.36,6.7,,0.4783,0,,Neither
55049,Iowa,WI,23832,261,4581,2,0.7934117846,"Iowa, WI",0,0,0,250,260,1,1,1,4,234,28,14,,,75,253,,,,13,,2,1,1,0,0,,250,AHRF_natality_24,0,0,0,4,FALSE,Metro (RUCC 1-3),260,TRUE,10.77,5.38,,,28.85,5.14,,0.064,16,0,OB/GYN only
55051,Iron,WI,6164,65,954,9,0.6715007333,"Iron, WI",0,0,0,55,41,0,0,0,1,0,,,,,19,37,,,,,,0,0,0,0,0,,55,AHRF_natality_24,0,0,0,0,TRUE,"Nonmetro, remote (RUCC 7-9)",41,FALSE,,,,,,,,,18.18,0,OB/GYN only
55053,Jackson,WI,20971,285,3695,8,0.7912035942,"Jackson, WI",1,1,1,192,221,1,1,1,0,104,23,15,,,78,199,,,21,13,,2,1,1,1,0,8,192,AHRF_natality_24,5.21,5.21,4.77,5.21,FALSE,"Nonmetro, remote (RUCC 7-9)",221,TRUE,10.41,6.79,,,35.29,6.53,,0.4583,0,1,Midwife only
55055,Jefferson,WI,85867,840,18735,4,0.4450058893,"Jefferson, WI",0,0,0,780,805,1,1,0,3,335,83,56,,,262,774,10,113,21,53,,1,1,0,0,0,,780,AHRF_natality_24,0,0,0,1.28,FALSE,"Nonmetro, adjacent (RUCC 4-6)",805,TRUE,10.31,6.96,,,32.55,6.85,,0.5705,3.85,0,OB/GYN only
55057,Juneau,WI,26695,322,4532,8,1,"Juneau, WI",2,1,2,218,220,1,1,0,1,168,23,17,,,100,212,,,,15,,1,1,0,2,0,8,218,AHRF_natality_24,9.17,9.17,7.49,4.59,FALSE,"Nonmetro, remote (RUCC 7-9)",220,TRUE,10.45,7.73,,,45.45,7.08,,0.2294,4.59,0.667,Both
55059,Kenosha,WI,168413,2537,38331,3,0.1308298503,"Kenosha, WI",0,0,0,1695,1700,2,2,0,10,1754,187,131,22,17,788,1389,197,337,114,94,27,7,5,0,0,0,,1695,AHRF_natality_24,0,0,0,1.18,FALSE,Metro (RUCC 1-3),1700,TRUE,11,7.71,1.29,1,46.35,6.77,13.71,,5.9,0,OB/GYN only
55061,Kewaunee,WI,20621,245,3910,2,1,"Kewaunee, WI",0,0,0,192,198,0,0,0,0,0,16,10,,,60,191,,15,,,,2,2,0,0,0,,192,AHRF_natality_24,0,0,0,0,FALSE,Metro (RUCC 1-3),198,TRUE,8.08,5.05,,,30.3,,,1,0,,Neither
55063,La Crosse,WI,120262,1064,29219,3,0.1810918665,"La Crosse, WI",24,23,24,1083,1113,2,2,0,21,2269,102,80,11,,339,962,24,44,127,63,,3,3,0,19,12,3,1083,AHRF_natality_24,17.54,22.16,15.8,1.85,FALSE,Metro (RUCC 1-3),1113,TRUE,9.16,7.19,0.99,,30.46,6.55,,,19.39,0.475,Both
55065,Lafayette,WI,16788,244,3223,8,1,"Lafayette, WI",0,0,0,257,260,0,1,1,0,0,25,16,,,70,255,,34,,16,,2,1,1,0,0,,257,AHRF_natality_24,0,0,0,0,FALSE,"Nonmetro, remote (RUCC 7-9)",260,TRUE,9.62,6.15,,,26.92,6.27,,1,0,,Neither
55067,Langlade,WI,19473,396,3408,6,0.5859114463,"Langlade, WI",0,0,0,161,174,1,1,1,0,156,25,17,,,84,163,,,10,16,,2,1,1,0,0,,161,AHRF_natality_24,0,0,0,6.21,FALSE,"Nonmetro, adjacent (RUCC 4-6)",174,TRUE,14.37,9.77,,,48.28,9.82,,0.0311,0,,Neither
55069,Lincoln,WI,28403,492,4961,6,0.6650008798,"Lincoln, WI",0,0,0,248,261,1,2,2,0,0,33,21,,,98,253,,,,21,,4,2,2,1,0,6,248,AHRF_natality_24,4.03,0,3.52,4.03,FALSE,"Nonmetro, adjacent (RUCC 4-6)",261,TRUE,12.64,8.05,,,37.55,8.3,,1,0,1,Midwife only
55071,Manitowoc,WI,81314,801,15198,4,0.4277461621,"Manitowoc, WI",0,0,0,690,735,1,2,0,5,504,84,60,,,281,653,21,86,60,49,,5,3,0,0,0,,690,AHRF_natality_24,0,0,0,1.45,FALSE,"Nonmetro, adjacent (RUCC 4-6)",735,TRUE,11.43,8.16,,,38.23,7.5,,0.2696,7.25,0,OB/GYN only
55073,Marathon,WI,138067,1531,28180,3,0.4338866629,"Marathon, WI",2,2,2,1457,1432,2,3,0,6,1750,159,103,17,10,453,1222,21,81,189,79,,4,2,0,1,1,3,1457,AHRF_natality_24,0.69,1.37,0.72,1.37,FALSE,Metro (RUCC 1-3),1432,TRUE,11.1,7.19,1.19,0.7,31.63,6.46,,,4.12,0.143,Both
55075,Marinette,WI,41907,382,7389,6,0.6076136798,"Marinette, WI",0,0,0,382,354,1,1,0,1,196,35,23,,,148,337,,23,12,21,,1,1,0,0,0,,382,AHRF_natality_24,0,0,0,2.62,FALSE,"Nonmetro, adjacent (RUCC 4-6)",354,TRUE,9.89,6.5,,,41.81,6.23,,0.4869,2.62,0,OB/GYN only
55077,Marquette,WI,15706,139,2583,8,1,"Marquette, WI",0,0,0,121,131,0,0,0,0,0,11,,,,48,126,,,,,,0,0,0,0,0,,121,AHRF_natality_24,0,0,0,0,TRUE,"Nonmetro, remote (RUCC 7-9)",131,TRUE,8.4,,,,36.64,,,1,0,,Neither
55078,Menominee,WI,4256,96,837,9,1,"Menominee, WI",0,0,0,61,68,0,0,0,0,0,15,,,,52,,,,60,,,0,0,0,0,0,,61,AHRF_natality_24,0,0,0,0,TRUE,"Nonmetro, remote (RUCC 7-9)",68,FALSE,,,,,,,,,0,,Neither
55079,Milwaukee,WI,927656,10895,228443,1,0.0027695907,"Milwaukee, WI",71,71,70,11133,11705,5,16,0,150,10933,1530,1283,204,179,6553,6267,4075,2437,1363,455,707,52,29,0,77,69,1,11133,AHRF_natality_24,6.92,6.38,8.3,0.45,FALSE,Metro (RUCC 1-3),11705,TRUE,13.07,10.96,1.74,1.53,55.98,7.26,17.35,0.018,13.47,0.339,Both
55081,Monroe,WI,46169,564,9048,4,0.5677270173,"Monroe, WI",3,3,3,559,580,1,3,2,1,239,62,39,,,172,558,,49,15,35,,5,2,2,5,0,4,559,AHRF_natality_24,8.94,5.37,10.83,1.79,FALSE,"Nonmetro, adjacent (RUCC 4-6)",580,TRUE,10.69,6.72,,,29.66,6.27,,0.5725,1.79,0.833,Both
55083,Oconto,WI,39329,353,7054,2,1,"Oconto, WI",0,0,0,343,342,0,2,2,0,0,42,22,,,109,321,,15,18,20,,6,3,3,0,0,,343,AHRF_natality_24,0,0,0,0,FALSE,Metro (RUCC 1-3),342,TRUE,12.28,6.43,,,31.87,6.23,,1,0,,Neither
55085,Oneida,WI,38007,333,6127,7,0.7426872771,"Oneida, WI",0,0,0,244,268,2,3,0,4,450,32,21,,,102,252,,12,14,20,,3,3,0,0,0,,244,AHRF_natality_24,0,0,0,8.2,FALSE,"Nonmetro, remote (RUCC 7-9)",268,TRUE,11.94,7.84,,,38.06,7.94,,,16.39,0,OB/GYN only
55087,Outagamie,WI,191537,2455,41838,3,0.2539314648,"Outagamie, WI",4,3,4,2068,2089,2,2,0,13,1949,213,139,21,10,614,1813,83,151,193,114,,6,4,1,5,0,3,2068,AHRF_natality_24,2.42,1.93,2.61,0.97,FALSE,Metro (RUCC 1-3),2089,TRUE,10.2,6.65,1.01,0.48,29.39,6.29,,0.0575,6.29,0.278,Both
55089,Ozaukee,WI,92345,976,18297,1,0.243117712,"Ozaukee, WI",1,0,1,821,810,1,2,0,19,1023,76,47,,,113,757,13,39,41,43,,4,3,0,0,0,,821,AHRF_natality_24,0,1.22,0,1.22,FALSE,Metro (RUCC 1-3),810,TRUE,9.38,5.8,,,13.95,5.68,,,23.14,0,OB/GYN only
55091,Pepin,WI,7372,112,1288,8,1,"Pepin, WI",0,0,0,84,77,0,1,1,0,0,,,,,21,76,,,,,,2,1,1,0,0,,84,AHRF_natality_24,0,0,0,0,FALSE,"Nonmetro, remote (RUCC 7-9)",77,FALSE,,,,,,,,,0,,Neither
55093,Pierce,WI,42351,452,10153,1,0.699540415,"Pierce, WI",1,1,1,421,393,0,1,1,0,0,36,25,,,109,379,,17,,23,,4,1,1,0,0,,421,AHRF_natality_24,0,2.38,0,0,FALSE,Metro (RUCC 1-3),393,TRUE,9.16,6.36,,,27.74,6.07,,1,0,,Neither
55095,Polk,WI,45327,329,8419,8,1,"Polk, WI",1,1,1,414,414,3,3,3,2,390,47,27,,,142,391,,13,20,24,,7,4,3,1,0,8,414,AHRF_natality_24,2.42,2.42,2.21,7.25,FALSE,"Nonmetro, remote (RUCC 7-9)",414,TRUE,11.35,6.52,,,34.3,6.14,,0.058,4.83,0.333,Both
55097,Portage,WI,70375,721,16062,4,0.3660570925,"Portage, WI",0,0,0,539,587,1,2,0,3,299,68,40,,,190,533,14,42,40,35,,2,2,0,0,0,,539,AHRF_natality_24,0,0,0,1.86,FALSE,"Nonmetro, adjacent (RUCC 4-6)",587,TRUE,11.58,6.81,,,32.37,6.57,,0.4453,5.57,0,OB/GYN only
55099,Price,WI,14077,117,2130,9,1,"Price, WI",0,0,0,95,98,0,1,1,0,0,12,,,,35,89,,,,,,2,1,1,0,0,,95,AHRF_natality_24,0,0,0,0,FALSE,"Nonmetro, remote (RUCC 7-9)",98,FALSE,,,,,,,,,0,,Neither
55101,Racine,WI,196888,2114,41089,3,0.1434705427,"Racine, WI",1,1,1,2100,2126,1,3,0,18,1211,263,209,36,26,1064,1606,378,438,142,125,68,6,4,0,2,0,3,2100,AHRF_natality_24,0.95,0.48,1.02,0.48,FALSE,Metro (RUCC 1-3),2126,TRUE,12.37,9.83,1.69,1.22,50.05,7.78,17.99,0.4233,8.57,0.1,Both
55103,Richland,WI,17229,134,3168,8,0.7154415164,"Richland, WI",1,1,1,165,169,1,1,1,0,132,13,10,,,59,163,,14,,,,2,1,1,1,0,8,165,AHRF_natality_24,6.06,6.06,5.8,6.06,FALSE,"Nonmetro, remote (RUCC 7-9)",169,TRUE,7.69,5.92,,,34.91,,,0.2,0,1,Midwife only
55105,Rock,WI,163944,2092,35365,3,0.2003885464,"Rock, WI",1,1,1,1811,1773,3,4,1,8,1448,210,137,29,22,830,1557,111,280,105,111,16,7,5,1,0,0,,1811,AHRF_natality_24,0,0.55,0,1.66,FALSE,Metro (RUCC 1-3),1773,TRUE,11.84,7.73,1.64,1.24,46.81,7.13,14.41,0.2004,4.42,0,OB/GYN only
55107,Rusk,WI,14146,129,2389,8,1,"Rusk, WI",0,0,0,127,121,0,1,1,0,0,14,,,,53,117,,,,,,2,1,1,0,0,,127,AHRF_natality_24,0,0,0,0,FALSE,"Nonmetro, remote (RUCC 7-9)",121,TRUE,11.57,,,,43.8,,,1,0,,Neither
55109,St. Croix,WI,94819,1159,20337,1,0.6398819706,"St. Croix, WI",5,6,5,1099,994,3,3,3,4,910,95,59,10,,222,951,,37,39,56,,6,3,3,6,0,1,1099,AHRF_natality_24,5.46,4.55,6.33,2.73,FALSE,Metro (RUCC 1-3),994,TRUE,9.56,5.94,1.01,,22.33,5.89,,0.172,3.64,0.6,Both
55111,Sauk,WI,65759,856,13333,4,0.4470446908,"Sauk, WI",3,3,3,729,717,3,3,1,4,829,62,49,,,239,675,14,80,29,46,,5,3,1,7,3,4,729,AHRF_natality_24,9.6,4.12,10.64,4.12,FALSE,"Nonmetro, adjacent (RUCC 4-6)",717,TRUE,8.65,6.83,,,33.33,6.81,,,5.49,0.636,Both
55113,Sawyer,WI,18243,130,2850,9,1,"Sawyer, WI",0,0,0,142,140,1,1,1,0,116,14,,,,70,92,,,48,,,2,1,1,0,0,,142,AHRF_natality_24,0,0,0,7.04,FALSE,"Nonmetro, remote (RUCC 7-9)",140,TRUE,10,,,,50,,,0.1831,0,,Neither
55115,Shawano,WI,40927,422,7603,6,0.7008634818,"Shawano, WI",0,0,0,419,445,1,1,1,1,206,54,32,,,175,371,,28,71,28,,2,1,1,0,0,,419,AHRF_natality_24,0,0,0,2.39,FALSE,"Nonmetro, adjacent (RUCC 4-6)",445,TRUE,12.13,7.19,,,39.33,7.55,,0.5084,2.39,0,OB/GYN only
55117,Sheboygan,WI,117783,1427,23717,3,0.2935933714,"Sheboygan, WI",1,2,1,1136,1120,2,2,0,9,1078,123,92,12,,409,929,40,141,151,66,,3,3,0,1,0,3,1136,AHRF_natality_24,0.88,0.88,0.85,1.76,FALSE,Metro (RUCC 1-3),1120,TRUE,10.98,8.21,1.07,,36.52,7.1,,0.0511,7.92,0.1,Both
55119,Taylor,WI,19972,214,3662,8,0.7934012956,"Taylor, WI",1,0,1,226,208,1,1,1,0,145,22,14,,,54,204,,11,,13,,2,1,1,0,0,,226,AHRF_natality_24,0,4.42,0,4.42,FALSE,"Nonmetro, remote (RUCC 7-9)",208,TRUE,10.58,6.73,,,25.96,6.37,,0.3584,0,,Neither
55121,Trempealeau,WI,30786,366,5792,8,1,"Trempealeau, WI",2,1,2,356,386,0,2,2,0,0,35,27,,,137,370,,91,13,25,,6,3,3,3,0,8,356,AHRF_natality_24,8.43,5.62,9.74,0,FALSE,"Nonmetro, remote (RUCC 7-9)",386,TRUE,9.07,6.99,,,35.49,6.76,,1,0,1,Midwife only
55123,Vernon,WI,30915,433,5587,3,0.8683336589,"Vernon, WI",5,5,5,392,429,0,1,1,0,0,23,17,,,70,423,,,,17,,3,1,2,4,0,3,392,AHRF_natality_24,10.2,12.76,12.94,0,FALSE,Metro (RUCC 1-3),429,TRUE,5.36,3.96,,,16.32,4.02,,1,0,1,Midwife only
55125,Vilas,WI,23410,162,3284,9,1,"Vilas, WI",0,0,0,169,151,1,1,1,1,0,17,13,,,63,111,,,39,,,3,2,1,0,0,,169,AHRF_natality_24,0,0,0,5.92,FALSE,"Nonmetro, remote (RUCC 7-9)",151,TRUE,11.26,8.61,,,41.72,,,1,5.92,0,OB/GYN only
55127,Walworth,WI,105447,835,22437,4,0.3690527621,"Walworth, WI",2,1,2,919,909,2,2,1,6,798,95,64,11,,319,871,,162,30,59,,5,2,1,2,0,4,919,AHRF_natality_24,2.18,2.18,1.9,2.18,FALSE,"Nonmetro, adjacent (RUCC 4-6)",909,TRUE,10.45,7.04,1.21,,35.09,6.77,,0.1317,6.53,0.25,Both
55129,Washburn,WI,16749,133,2718,8,1,"Washburn, WI",0,0,0,114,126,0,2,2,0,0,12,10,,,45,118,,,,,,4,2,2,0,0,,114,AHRF_natality_24,0,0,0,0,FALSE,"Nonmetro, remote (RUCC 7-9)",126,TRUE,9.52,7.94,,,35.71,,,1,0,,Neither
55131,Washington,WI,137320,1393,27032,1,0.3835888886,"Washington, WI",1,1,1,1253,1285,1,2,0,8,740,126,90,14,,292,1190,27,65,67,76,,3,2,0,2,0,1,1253,AHRF_natality_24,1.6,0.8,1.46,0.8,FALSE,Metro (RUCC 1-3),1285,TRUE,9.81,7,1.09,,22.72,6.39,,0.4094,6.38,0.2,Both
55133,Waukesha,WI,409040,3979,82665,1,0.1520770164,"Waukesha, WI",1,2,1,3653,3775,5,10,0,70,3569,372,259,36,12,643,3431,84,269,261,219,,14,9,0,2,2,1,3653,AHRF_natality_24,0.55,0.27,0.49,1.37,FALSE,Metro (RUCC 1-3),3775,TRUE,9.85,6.86,0.95,0.32,17.03,6.38,,0.023,19.16,0.028,Both
55135,Waupaca,WI,51714,405,9730,6,0.6364162742,"Waupaca, WI",1,1,1,445,482,1,2,2,0,124,45,28,,,167,463,,26,14,26,,5,4,1,1,0,6,445,AHRF_natality_24,2.25,2.25,1.93,2.25,FALSE,"Nonmetro, adjacent (RUCC 4-6)",482,TRUE,9.34,5.81,,,34.65,5.62,,0.7213,0,1,Midwife only
55137,Waushara,WI,24752,216,3870,8,0.996451876,"Waushara, WI",0,0,0,187,180,0,1,1,0,0,15,11,,,66,175,,25,,11,,2,1,1,0,0,,187,AHRF_natality_24,0,0,0,0,FALSE,"Nonmetro, remote (RUCC 7-9)",180,TRUE,8.33,6.11,,,36.67,6.29,,1,0,,Neither
55139,Winnebago,WI,171357,1829,38158,3,0.1741396378,"Winnebago, WI",8,7,8,1592,1692,3,5,0,22,2644,186,127,22,,588,1450,91,117,151,103,11,7,4,0,9,2,3,1592,AHRF_natality_24,5.65,5.03,5.25,1.88,FALSE,Metro (RUCC 1-3),1692,TRUE,10.99,7.51,1.3,,34.75,7.1,,,13.82,0.29,Both
55141,Wood,WI,74039,845,14245,4,0.3547778511,"Wood, WI",1,1,1,683,724,2,3,0,8,1470,92,57,10,,286,670,,47,46,52,,3,2,0,3,3,4,683,AHRF_natality_24,4.39,1.46,4.05,2.93,FALSE,"Nonmetro, adjacent (RUCC 4-6)",724,TRUE,12.71,7.87,1.38,,39.5,7.76,,,11.71,0.273,Both
56001,Albany,WY,37713,374,10589,4,0.1296336265,"Albany, WY",2,2,2,333,313,1,1,0,2,398,38,40,,,73,281,,32,29,34,,1,1,0,2,0,4,333,AHRF_natality_24,6.01,6.01,5.3,3,FALSE,"Nonmetro, adjacent (RUCC 4-6)",313,TRUE,12.14,12.78,,,23.32,12.1,,,6.01,0.5,Both
56003,Big Horn,WY,11737,129,2166,9,1,"Big Horn, WY",0,0,0,149,127,0,2,2,0,0,12,,,,31,125,,17,,,,4,2,2,0,0,,149,AHRF_natality_24,0,0,0,0,FALSE,"Nonmetro, remote (RUCC 7-9)",127,TRUE,9.45,,,,24.41,,,1,0,,Neither
56005,Campbell,WY,47018,1005,10467,5,0.2680219453,"Campbell, WY",0,0,0,559,593,0,1,0,5,368,95,53,,,224,555,,73,33,50,,1,1,0,0,0,,559,AHRF_natality_24,0,0,0,0,FALSE,"Nonmetro, adjacent (RUCC 4-6)",593,TRUE,16.02,8.94,,,37.77,9.01,,0.3417,8.94,0,OB/GYN only
56007,Carbon,WY,14549,211,2763,7,0.4703171218,"Carbon, WY",1,1,1,158,150,0,1,1,2,33,20,17,,,46,139,,31,10,15,,4,2,2,0,0,,158,AHRF_natality_24,0,6.33,0,0,FALSE,"Nonmetro, remote (RUCC 7-9)",150,TRUE,13.33,11.33,,,30.67,10.79,,0.7911,12.66,0,OB/GYN only
56009,Converse,WY,13759,270,2911,6,0.5274525489,"Converse, WY",0,0,0,153,144,0,1,1,3,0,18,15,,,50,138,,12,,15,,2,1,1,0,0,,153,AHRF_natality_24,0,0,0,0,FALSE,"Nonmetro, adjacent (RUCC 4-6)",144,TRUE,12.5,10.42,,,34.72,10.87,,1,19.61,0,OB/GYN only
56011,Crook,WY,7339,151,1151,9,1,"Crook, WY",0,0,0,86,88,0,1,1,0,0,10,,,,11,87,,,,,,2,1,1,0,0,,86,AHRF_natality_24,0,0,0,0,FALSE,"Nonmetro, remote (RUCC 7-9)",88,FALSE,,,,,,,,,0,,Neither
56013,Fremont,WY,39472,320,7917,7,0.5358362645,"Fremont, WY",2,2,2,424,442,0,1,0,4,316,57,43,,10,234,265,,34,176,25,,3,2,0,3,2,7,424,AHRF_natality_24,7.08,4.72,7.6,0,FALSE,"Nonmetro, remote (RUCC 7-9)",442,TRUE,12.9,9.73,,2.26,52.94,9.43,,0.2547,9.43,0.429,Both
56015,Goshen,WY,12587,165,2323,7,0.485037606,"Goshen, WY",0,0,0,119,115,1,1,1,0,64,10,,,,39,110,,16,,,,2,1,1,0,0,,119,AHRF_natality_24,0,0,0,8.4,FALSE,"Nonmetro, remote (RUCC 7-9)",115,TRUE,8.7,,,,33.91,,,0.4622,0,,Neither
56017,Hot Springs,WY,4618,83,837,9,1,"Hot Springs, WY",0,0,0,39,39,0,1,1,0,122,,,,,13,37,,,,,,2,1,1,0,0,,39,AHRF_natality_24,,,0,,FALSE,"Nonmetro, remote (RUCC 7-9)",39,FALSE,,,,,,,,,,,Neither
56019,Johnson,WY,8602,36,1576,9,0.4653723215,"Johnson, WY",1,1,1,70,85,0,1,1,0,79,10,,,,23,82,,,,,,2,1,1,1,0,9,70,AHRF_natality_24,14.29,14.29,11.63,0,FALSE,"Nonmetro, remote (RUCC 7-9)",85,FALSE,,,,,,,,,0,1,Midwife only
56021,Laramie,WY,100661,1436,22016,3,0.2115369309,"Laramie, WY",3,2,3,1192,1139,1,2,0,14,1041,136,113,15,12,326,1022,36,223,81,101,,5,2,0,2,0,3,1192,AHRF_natality_24,1.68,2.52,1.99,0.84,FALSE,Metro (RUCC 1-3),1139,TRUE,11.94,9.92,1.32,1.05,28.62,9.88,,0.1267,11.74,0.125,Both
56023,Lincoln,WY,20158,223,3964,9,1,"Lincoln, WY",0,0,0,214,222,0,2,2,1,108,18,20,,,49,212,,19,,18,,4,2,2,0,0,,214,AHRF_natality_24,0,0,0,0,FALSE,"Nonmetro, remote (RUCC 7-9)",222,TRUE,8.11,9.01,,,22.07,8.49,,0.4953,4.67,0,OB/GYN only
56025,Natrona,WY,79735,1136,17502,3,0.1526358577,"Natrona, WY",0,1,0,844,838,1,4,0,5,812,114,85,10,,341,786,,100,46,80,,6,3,0,1,0,3,844,AHRF_natality_24,1.18,0,1.25,1.18,FALSE,Metro (RUCC 1-3),838,TRUE,13.6,10.14,1.19,,40.69,10.18,,0.0379,5.92,0.167,Both
56027,Niobrara,WY,2415,124,546,9,1,"Niobrara, WY",0,0,0,23,25,0,1,1,0,0,,,,,,24,,,,,,3,1,2,0,0,,23,AHRF_natality_24,,,0,,FALSE,"Nonmetro, remote (RUCC 7-9)",25,FALSE,,,,,,,,,,,Neither
56029,Park,WY,30109,751,5772,7,0.4435592763,"Park, WY",2,3,2,261,285,2,2,2,4,358,33,18,,,74,275,,24,,18,,4,2,2,2,0,7,261,AHRF_natality_24,7.66,7.66,6.64,7.66,FALSE,"Nonmetro, remote (RUCC 7-9)",285,TRUE,11.58,6.32,,,25.96,6.55,,,15.33,0.333,Both
56031,Platte,WY,8606,65,1502,8,1,"Platte, WY",0,0,0,73,83,1,1,1,1,33,10,,,,23,79,,,,,,2,1,1,0,0,,73,AHRF_natality_24,0,0,0,13.7,FALSE,"Nonmetro, remote (RUCC 7-9)",83,FALSE,,,,,,,,,13.7,0,OB/GYN only
56033,Sheridan,WY,31585,314,6371,7,0.3716244623,"Sheridan, WY",1,1,1,307,317,0,2,0,5,239,33,24,,,78,302,,22,14,23,,3,2,0,1,0,7,307,AHRF_natality_24,3.26,3.26,3.17,0,FALSE,"Nonmetro, remote (RUCC 7-9)",317,TRUE,10.41,7.57,,,24.61,7.62,,0.2215,16.29,0.167,Both
56035,Sublette,WY,8806,103,1452,9,1,"Sublette, WY",0,0,0,79,83,0,0,0,0,0,12,11,,,17,79,,,,10,,1,1,0,0,0,,79,AHRF_natality_24,0,0,0,0,FALSE,"Nonmetro, remote (RUCC 7-9)",83,FALSE,,,,,,,,,0,,Neither
56037,Sweetwater,WY,41786,545,9584,5,0.1075416351,"Sweetwater, WY",2,2,2,426,447,1,2,0,3,397,46,40,,,169,424,,88,22,38,,3,2,1,2,0,5,426,AHRF_natality_24,4.69,4.69,4.79,2.35,FALSE,"Nonmetro, adjacent (RUCC 4-6)",447,TRUE,10.29,8.95,,,37.81,8.96,,0.0681,7.04,0.4,Both
56039,Teton,WY,23358,215,5374,7,0.538811024,"Teton, WY",2,2,2,179,204,1,1,0,6,367,17,16,,,54,194,,53,,15,,1,1,0,1,0,7,179,AHRF_natality_24,5.59,11.17,4.28,5.59,FALSE,"Nonmetro, remote (RUCC 7-9)",204,TRUE,8.33,7.84,,,26.47,7.73,,,33.52,0.143,Both
56041,Uinta,WY,20605,190,4456,7,0.4417603912,"Uinta, WY",0,0,0,228,228,0,2,0,1,165,26,26,,,75,220,,28,,25,,5,2,1,0,0,,228,AHRF_natality_24,0,0,0,0,FALSE,"Nonmetro, remote (RUCC 7-9)",228,TRUE,11.4,11.4,,,32.89,11.36,,0.2763,4.39,0,OB/GYN only
56043,Washakie,WY,7708,79,1500,9,0.3638256344,"Washakie, WY",0,0,0,79,71,1,1,1,0,23,,,,,25,67,,15,,,,2,1,1,0,0,,79,AHRF_natality_24,0,0,0,12.66,FALSE,"Nonmetro, remote (RUCC 7-9)",71,FALSE,,,,,,,,,0,,Neither
56045,Weston,WY,6835,67,1183,9,1,"Weston, WY",0,0,0,42,54,0,1,1,0,0,,,,,17,52,,,,,,2,1,1,0,0,,42,AHRF_natality_24,,,0,,FALSE,"Nonmetro, remote (RUCC 7-9)",54,FALSE,,,,,,,,,,,Neither
60010,Eastern,AS,,,,7,,,,,,,,,,,,,,,,,,,,,,,,0,0,0,0,0,,,,,,,,TRUE,"Nonmetro, remote (RUCC 7-9)",,FALSE,,,,,,,,,,,
60020,Manu'a,AS,,,,9,,,,,,,,,,,,,,,,,,,,,,,,0,0,0,0,0,,,,,,,,TRUE,"Nonmetro, remote (RUCC 7-9)",,FALSE,,,,,,,,,,,
60030,Rose Island,AS,,,,,,,,,,,,,,,,,,,,,,,,,,,,0,0,0,0,0,,,,,,,,TRUE,,,FALSE,,,,,,,,,,,
60040,Swains Island,AS,,,,,,,,,,,,,,,,,,,,,,,,,,,,0,0,0,0,0,,,,,,,,TRUE,,,FALSE,,,,,,,,,,,
60050,Western,AS,,,,5,,,,,,,,,,,,,,,,,,,,,,,,0,0,0,0,0,,,,,,,,TRUE,"Nonmetro, adjacent (RUCC 4-6)",,FALSE,,,,,,,,,,,
66010,Guam,GU,,,,5,,"Guam, GU",5,7,4,,2498,0,3,0,8,1394,418,257,32,44,1558,168,29,27,2301,10,,3,2,0,2,0,5,2498,AHRF_natality_3yr,0.8,2,,0,FALSE,"Nonmetro, adjacent (RUCC 4-6)",2498,TRUE,16.73,10.29,1.28,1.76,62.37,5.95,,,3.2,0.2,Both
69085,Northern Islands,MP,,,,9,,,,,,,,,,,,,,,,,,,,,,,,0,0,0,0,0,,,,,,,,TRUE,"Nonmetro, remote (RUCC 7-9)",,FALSE,,,,,,,,,,,
69100,Rota,MP,,,,9,,,,,,,,,,,,,,,,,,,,,,,,0,0,0,0,0,,,,,,,,TRUE,"Nonmetro, remote (RUCC 7-9)",,FALSE,,,,,,,,,,,
69110,Saipan,MP,,,,5,,,,,,,,,,,,,,,,,,,,,,,,0,0,0,0,0,,,,,,,,TRUE,"Nonmetro, adjacent (RUCC 4-6)",,FALSE,,,,,,,,,,,
69120,Tinian,MP,,,,9,,,,,,,,,,,,,,,,,,,,,,,,0,0,0,0,0,,,,,,,,TRUE,"Nonmetro, remote (RUCC 7-9)",,FALSE,,,,,,,,,,,
72001,Adjuntas,PR,17975,87,3872,6,,"Adjuntas, PR",0,0,0,,101,0,0,0,0,0,10,11,,,62,98,,99,,10,,0,0,0,0,0,,101,AHRF_natality_3yr,0,0,0,0,TRUE,"Nonmetro, adjacent (RUCC 4-6)",101,TRUE,9.9,10.89,,,61.39,,,,0,,Neither
72003,Aguada,PR,37904,144,7998,2,,"Aguada, PR",0,0,0,,207,0,0,0,2,0,24,23,,,130,196,10,204,,22,,0,0,0,0,0,,207,AHRF_natality_3yr,0,0,0,0,TRUE,Metro (RUCC 1-3),207,TRUE,11.59,11.11,,,62.8,11.22,,,9.66,0,OB/GYN only
72005,Aguadilla,PR,54486,339,11756,2,,"Aguadilla, PR",0,0,0,,303,0,1,0,4,0,41,30,,,193,287,15,296,,28,,2,1,0,0,0,,303,AHRF_natality_3yr,0,0,0,0,FALSE,Metro (RUCC 1-3),303,TRUE,13.53,9.9,,,63.7,9.76,,,13.2,0,OB/GYN only
72007,Aguas Buenas,PR,23888,138,5332,1,,"Aguas Buenas, PR",1,1,1,,141,0,0,0,0,0,18,11,,,108,128,11,139,,11,,0,0,0,0,0,,141,AHRF_natality_3yr,0,7.09,0,0,TRUE,Metro (RUCC 1-3),141,TRUE,12.77,7.8,,,76.6,8.59,,,0,,Neither
72009,Aibonito,PR,24610,218,5056,1,,"Aibonito, PR",0,0,0,,127,1,2,0,4,126,13,12,,,98,121,,125,,12,,3,1,0,0,0,,127,AHRF_natality_3yr,0,0,0,7.87,FALSE,Metro (RUCC 1-3),127,TRUE,10.24,9.45,,,77.17,9.92,,,31.5,0,OB/GYN only
72011,Añasco,PR,25316,9,5444,2,,"Anasco, PR",0,0,0,,121,0,0,0,1,0,18,15,,,86,112,,120,,15,,0,0,0,0,0,,121,AHRF_natality_3yr,0,0,0,0,TRUE,Metro (RUCC 1-3),121,TRUE,14.88,12.4,,,71.07,13.39,,,8.26,0,OB/GYN only
72013,Arecibo,PR,86875,598,18957,3,,"Arecibo, PR",0,0,0,,453,0,2,0,11,476,80,56,11,,302,442,10,447,,54,,3,2,0,0,0,,453,AHRF_natality_3yr,0,0,0,0,FALSE,Metro (RUCC 1-3),453,TRUE,17.66,12.36,2.43,,66.67,12.22,,,24.28,0,OB/GYN only
72015,Arroyo,PR,15573,0,3766,3,,"Arroyo, PR",0,0,0,,106,0,0,0,0,0,12,10,,,83,81,25,105,,,,2,1,0,0,0,,106,AHRF_natality_3yr,0,0,0,0,FALSE,Metro (RUCC 1-3),106,TRUE,11.32,9.43,,,78.3,,,,0,,Neither
72017,Barceloneta,PR,22565,128,5620,1,,"Barceloneta, PR",0,0,0,,143,0,0,0,0,0,20,12,,,95,137,,140,,12,,0,0,0,0,0,,143,AHRF_natality_3yr,0,0,0,0,TRUE,Metro (RUCC 1-3),143,TRUE,13.99,8.39,,,66.43,8.76,,,0,,Neither
72019,Barranquitas,PR,28984,289,6494,1,,"Barranquitas, PR",0,0,0,,200,0,0,0,1,0,23,20,,,160,192,,196,,18,,0,0,0,0,0,,200,AHRF_natality_3yr,0,0,0,0,TRUE,Metro (RUCC 1-3),200,TRUE,11.5,10,,,80,9.38,,,5,0,OB/GYN only
72021,Bayamón,PR,183456,1230,40544,1,,"Bayamon, PR",1,1,1,,1126,0,4,0,25,1763,153,103,16,12,779,998,124,1092,,89,14,7,5,0,0,0,,1126,AHRF_natality_3yr,0,0.89,0,0,FALSE,Metro (RUCC 1-3),1126,TRUE,13.59,9.15,1.42,1.07,69.18,8.92,11.29,,22.2,0,OB/GYN only
72023,Cabo Rojo,PR,46955,228,10526,3,,"Cabo Rojo, PR",0,0,0,,209,0,1,0,4,0,32,25,,,144,199,,207,,24,,1,0,0,0,0,,209,AHRF_natality_3yr,0,0,0,0,FALSE,Metro (RUCC 1-3),209,TRUE,15.31,11.96,,,68.9,12.06,,,19.14,0,OB/GYN only
72025,Caguas,PR,126239,526,29520,1,,"Caguas, PR",1,1,1,,749,0,2,0,25,1549,107,77,11,,542,678,69,724,,68,,3,2,0,0,0,,749,AHRF_natality_3yr,0,1.34,0,0,FALSE,Metro (RUCC 1-3),749,TRUE,14.29,10.28,1.47,,72.36,10.03,,,33.38,0,OB/GYN only
72027,Camuy,PR,32753,163,7256,3,,"Camuy, PR",0,0,0,,173,0,0,0,0,0,23,13,,,98,172,,172,,13,,0,0,0,0,0,,173,AHRF_natality_3yr,0,0,0,0,TRUE,Metro (RUCC 1-3),173,TRUE,13.29,7.51,,,56.65,7.56,,,0,,Neither
72029,Canóvanas,PR,42037,345,9941,1,,"Canovanas, PR",0,0,0,,295,0,0,0,1,0,46,29,,,201,191,98,286,,20,,0,0,0,0,0,,295,AHRF_natality_3yr,0,0,0,0,TRUE,Metro (RUCC 1-3),295,TRUE,15.59,9.83,,,68.14,10.47,,,3.39,0,OB/GYN only
72031,Carolina,PR,153226,992,35023,1,,"Carolina, PR",0,0,0,,911,0,1,0,9,655,133,94,14,11,646,599,305,884,,57,36,1,1,0,0,0,,911,AHRF_natality_3yr,0,0,0,0,FALSE,Metro (RUCC 1-3),911,TRUE,14.6,10.32,1.54,1.21,70.91,9.52,11.8,,9.88,0,OB/GYN only
72033,Cataño,PR,22768,146,5128,1,,"Catano, PR",0,0,0,,142,0,0,0,0,0,25,19,,,123,128,13,141,,18,,0,0,0,0,0,,142,AHRF_natality_3yr,0,0,0,0,TRUE,Metro (RUCC 1-3),142,TRUE,17.61,13.38,,,86.62,14.06,,,0,,Neither
72035,Cayey,PR,41231,402,9214,1,,"Cayey, PR",0,0,0,,228,0,1,0,5,712,28,21,,,182,212,14,224,,19,,1,1,0,0,0,,228,AHRF_natality_3yr,0,0,0,0,FALSE,Metro (RUCC 1-3),228,TRUE,12.28,9.21,,,79.82,8.96,,,21.93,0,OB/GYN only
72037,Ceiba,PR,11128,109,2494,1,,"Ceiba, PR",0,0,0,,65,0,0,0,0,0,13,10,,,45,53,12,60,,,,0,0,0,0,0,,65,AHRF_natality_3yr,0,0,0,0,TRUE,Metro (RUCC 1-3),65,FALSE,,,,,,,,,0,,Neither
72039,Ciales,PR,16874,196,3532,1,,"Ciales, PR",0,0,0,,94,0,0,0,1,0,17,11,,,73,92,,93,,11,,0,0,0,0,0,,94,AHRF_natality_3yr,0,0,0,0,TRUE,Metro (RUCC 1-3),94,FALSE,,,,,,,,,10.64,0,OB/GYN only
72041,Cidra,PR,39765,183,9078,1,,"Cidra, PR",0,0,0,,226,0,1,0,2,0,30,20,,,169,210,14,226,,19,,1,0,0,0,0,,226,AHRF_natality_3yr,0,0,0,0,FALSE,Metro (RUCC 1-3),226,TRUE,13.27,8.85,,,74.78,9.05,,,8.85,0,OB/GYN only
72043,Coamo,PR,34294,190,7667,4,,"Coamo, PR",0,0,0,,191,0,0,0,1,0,24,18,,,149,184,,184,,18,,0,0,0,0,0,,191,AHRF_natality_3yr,0,0,0,0,TRUE,"Nonmetro, adjacent (RUCC 4-6)",191,TRUE,12.57,9.42,,,78.01,9.78,,,5.24,0,OB/GYN only
72045,Comerío,PR,18775,25,4123,1,,"Comerio, PR",0,0,0,,103,0,0,0,0,0,12,13,,,85,100,,103,,12,,0,0,0,0,0,,103,AHRF_natality_3yr,0,0,0,0,TRUE,Metro (RUCC 1-3),103,TRUE,11.65,12.62,,,82.52,12,,,0,,Neither
72047,Corozal,PR,34474,594,7744,1,,"Corozal, PR",0,0,0,,222,0,0,0,2,0,27,23,,,175,210,10,220,,22,,0,0,0,0,0,,222,AHRF_natality_3yr,0,0,0,0,TRUE,Metro (RUCC 1-3),222,TRUE,12.16,10.36,,,78.83,10.48,,,9.01,0,OB/GYN only
72049,Culebra,PR,1281,18,397,9,,"Culebra, PR",0,0,0,,11,0,0,0,0,0,,,,,10,,,10,,,,0,0,0,0,0,,11,AHRF_natality_3yr,,,0,,TRUE,"Nonmetro, remote (RUCC 7-9)",11,FALSE,,,,,,,,,,,Neither
72051,Dorado,PR,35816,491,8192,1,,"Dorado, PR",0,0,0,,227,0,0,0,5,0,28,23,,,141,197,27,203,,20,,1,1,0,0,0,,227,AHRF_natality_3yr,0,0,0,0,FALSE,Metro (RUCC 1-3),227,TRUE,12.33,10.13,,,62.11,10.15,,,22.03,0,OB/GYN only
72053,Fajardo,PR,31756,175,7152,1,,"Fajardo, PR",0,0,0,,205,0,2,0,6,389,29,25,,,148,163,41,194,,19,,6,6,0,0,0,,205,AHRF_natality_3yr,0,0,0,0,FALSE,Metro (RUCC 1-3),205,TRUE,14.15,12.2,,,72.2,11.66,,,29.27,0,OB/GYN only
72054,Florida,PR,11624,87,2749,1,,"Florida, PR",0,0,0,,74,0,0,0,0,0,10,,,,49,72,,73,,,,0,0,0,0,0,,74,AHRF_natality_3yr,0,0,0,0,TRUE,Metro (RUCC 1-3),74,FALSE,,,,,,,,,0,,Neither
72055,Guánica,PR,13266,64,2681,6,,"Guanica, PR",0,0,0,,80,0,0,0,1,0,11,,,,61,75,,80,,,,1,0,0,0,0,,80,AHRF_natality_3yr,0,0,0,0,FALSE,"Nonmetro, adjacent (RUCC 4-6)",80,FALSE,,,,,,,,,12.5,0,OB/GYN only
72057,Guayama,PR,35845,263,7999,3,,"Guayama, PR",0,0,0,,238,1,1,0,5,419,29,25,,,178,205,32,237,,20,,0,0,0,0,0,,238,AHRF_natality_3yr,0,0,0,4.2,TRUE,Metro (RUCC 1-3),238,TRUE,12.18,10.5,,,74.79,9.76,,,21.01,0,OB/GYN only
72059,Guayanilla,PR,17418,79,3874,2,,"Guayanilla, PR",0,0,0,,98,0,0,0,0,0,14,,,,74,91,,97,,,,2,2,0,0,0,,98,AHRF_natality_3yr,0,0,0,0,FALSE,Metro (RUCC 1-3),98,FALSE,,,,,,,,,0,,Neither
72061,Guaynabo,PR,89503,361,18892,1,,"Guaynabo, PR",0,0,0,,501,0,1,0,34,0,64,45,,,268,440,56,485,,40,,1,1,0,0,0,,501,AHRF_natality_3yr,0,0,0,0,FALSE,Metro (RUCC 1-3),501,TRUE,12.77,8.98,,,53.49,9.09,,,67.86,0,OB/GYN only
72063,Gurabo,PR,40383,306,10467,1,,"Gurabo, PR",0,0,0,,250,0,0,0,4,0,36,30,,,149,222,27,239,,26,,0,0,0,0,0,,250,AHRF_natality_3yr,0,0,0,0,TRUE,Metro (RUCC 1-3),250,TRUE,14.4,12,,,59.6,11.71,,,16,0,OB/GYN only
72065,Hatillo,PR,38266,415,8586,3,,"Hatillo, PR",0,0,0,,175,0,0,0,1,0,30,20,,,112,173,,174,,20,,0,0,0,0,0,,175,AHRF_natality_3yr,0,0,0,0,TRUE,Metro (RUCC 1-3),175,TRUE,17.14,11.43,,,64,11.56,,,5.71,0,OB/GYN only
72067,Hormigueros,PR,15520,152,3171,3,,"Hormigueros, PR",0,0,0,,67,0,0,0,1,0,,,,,48,64,,66,,,,0,0,0,0,0,,67,AHRF_natality_3yr,0,0,0,0,TRUE,Metro (RUCC 1-3),67,FALSE,,,,,,,,,14.93,0,OB/GYN only
72069,Humacao,PR,50441,237,10925,1,,"Humacao, PR",0,0,0,,331,0,3,0,2,537,55,41,,,237,246,77,320,,29,10,4,4,0,0,0,,331,AHRF_natality_3yr,0,0,0,0,FALSE,Metro (RUCC 1-3),331,TRUE,16.62,12.39,,,71.6,11.79,,,6.04,0,OB/GYN only
72071,Isabela,PR,42878,374,9465,2,,"Isabela, PR",0,0,0,,234,0,0,0,0,0,35,27,,,140,226,,230,,26,,0,0,0,0,0,,234,AHRF_natality_3yr,0,0,0,0,TRUE,Metro (RUCC 1-3),234,TRUE,14.96,11.54,,,59.83,11.5,,,0,,Neither
72073,Jayuya,PR,14653,159,3293,6,,"Jayuya, PR",0,0,0,,94,0,0,0,0,0,10,13,,,74,91,,92,,12,,0,0,0,0,0,,94,AHRF_natality_3yr,0,0,0,0,TRUE,"Nonmetro, adjacent (RUCC 4-6)",94,FALSE,,,,,,,,,0,,Neither
72075,Juana Díaz,PR,46276,625,10911,2,,"Juana Diaz, PR",0,0,0,,266,0,0,0,2,0,36,31,,,183,233,29,261,,26,,0,0,0,0,0,,266,AHRF_natality_3yr,0,0,0,0,TRUE,Metro (RUCC 1-3),266,TRUE,13.53,11.65,,,68.8,11.16,,,7.52,0,OB/GYN only
72077,Juncos,PR,36895,289,9517,1,,"Juncos, PR",0,0,0,,247,0,0,0,0,0,39,28,,,184,207,35,239,,24,,1,0,0,0,0,,247,AHRF_natality_3yr,0,0,0,0,FALSE,Metro (RUCC 1-3),247,TRUE,15.79,11.34,,,74.49,11.59,,,0,,Neither
72079,Lajas,PR,23133,154,4617,3,,"Lajas, PR",0,0,0,,122,0,0,0,0,0,15,,,,91,119,,121,,,,0,0,0,0,0,,122,AHRF_natality_3yr,0,0,0,0,TRUE,Metro (RUCC 1-3),122,TRUE,12.3,,,,74.59,,,,0,,Neither
72081,Lares,PR,27944,191,5924,4,,"Lares, PR",0,0,0,,141,0,1,0,0,84,18,11,,,87,140,,139,,11,,2,1,0,0,0,,141,AHRF_natality_3yr,0,0,0,0,FALSE,"Nonmetro, adjacent (RUCC 4-6)",141,TRUE,12.77,7.8,,,61.7,7.86,,,0,,Neither
72083,Las Marías,PR,8790,15,1819,8,,"Las Marias, PR",1,1,1,,44,0,0,0,0,0,,,,,30,41,,43,,,,0,0,0,0,0,,44,AHRF_natality_3yr,,,0,,TRUE,"Nonmetro, remote (RUCC 7-9)",44,FALSE,,,,,,,,,,,Neither
72085,Las Piedras,PR,35034,251,8496,1,,"Las Piedras, PR",0,0,0,,226,0,0,0,1,0,38,32,,,154,184,38,223,,24,,0,0,0,0,0,,226,AHRF_natality_3yr,0,0,0,0,TRUE,Metro (RUCC 1-3),226,TRUE,16.81,14.16,,,68.14,13.04,,,4.42,0,OB/GYN only
72087,Loíza,PR,23176,180,5489,1,,"Loiza, PR",0,0,0,,122,0,0,0,0,0,20,16,,,99,25,97,119,,,13,0,0,0,0,0,,122,AHRF_natality_3yr,0,0,0,0,TRUE,Metro (RUCC 1-3),122,TRUE,16.39,13.11,,,81.15,,,,0,,Neither
72089,Luquillo,PR,17631,60,4160,1,,"Luquillo, PR",0,0,0,,101,0,0,0,1,0,14,12,,,76,75,25,95,,10,,1,0,0,0,0,,101,AHRF_natality_3yr,0,0,0,0,FALSE,Metro (RUCC 1-3),101,TRUE,13.86,11.88,,,75.25,,,,9.9,0,OB/GYN only
72091,Manatí,PR,39152,476,8669,1,,"Manati, PR",0,0,0,,239,0,3,0,14,1396,42,22,,,174,227,11,237,,21,,4,2,0,0,0,,239,AHRF_natality_3yr,0,0,0,0,FALSE,Metro (RUCC 1-3),239,TRUE,17.57,9.21,,,72.8,9.25,,,58.58,0,OB/GYN only
72093,Maricao,PR,5176,14,931,8,,"Maricao, PR",0,0,0,,29,0,0,0,0,0,,,,,22,28,,29,,,,0,0,0,0,0,,29,AHRF_natality_3yr,,,0,,TRUE,"Nonmetro, remote (RUCC 7-9)",29,FALSE,,,,,,,,,,,Neither
72095,Maunabo,PR,10482,73,2089,1,,"Maunabo, PR",0,0,0,,58,0,0,0,0,0,,,,,50,40,18,58,,,,1,0,0,0,0,,58,AHRF_natality_3yr,0,0,0,0,FALSE,Metro (RUCC 1-3),58,FALSE,,,,,,,,,0,,Neither
72097,Mayagüez,PR,71824,508,15626,3,,"Mayaguez, PR",0,0,0,,403,0,4,0,21,875,49,47,,,284,375,23,398,,45,,6,5,0,0,0,,403,AHRF_natality_3yr,0,0,0,0,FALSE,Metro (RUCC 1-3),403,TRUE,12.16,11.66,,,70.47,12,,,52.11,0,OB/GYN only
72099,Moca,PR,37402,152,8662,2,,"Moca, PR",1,1,1,,239,0,2,0,4,379,35,26,,,138,233,,238,,24,,2,1,0,0,0,,239,AHRF_natality_3yr,0,4.18,0,0,FALSE,Metro (RUCC 1-3),239,TRUE,14.64,10.88,,,57.74,10.3,,,16.74,0,OB/GYN only
72101,Morovis,PR,28534,159,6690,1,,"Morovis, PR",0,0,0,,199,0,0,0,2,0,26,21,,,147,191,,196,,20,,0,0,0,0,0,,199,AHRF_natality_3yr,0,0,0,0,TRUE,Metro (RUCC 1-3),199,TRUE,13.07,10.55,,,73.87,10.47,,,10.05,0,OB/GYN only
72103,Naguabo,PR,23205,92,6030,1,,"Naguabo, PR",0,0,0,,160,0,0,0,0,0,31,17,,,97,121,35,157,,13,,1,0,0,0,0,,160,AHRF_natality_3yr,0,0,0,0,FALSE,Metro (RUCC 1-3),160,TRUE,19.38,10.62,,,60.62,10.74,,,0,,Neither
72105,Naranjito,PR,29246,102,6186,1,,"Naranjito, PR",0,0,0,,165,0,0,0,0,0,22,16,,,133,163,,165,,16,,0,0,0,0,0,,165,AHRF_natality_3yr,0,0,0,0,TRUE,Metro (RUCC 1-3),165,TRUE,13.33,9.7,,,80.61,9.82,,,0,,Neither
72107,Orocovis,PR,21351,167,4626,1,,"Orocovis, PR",0,0,0,,137,0,0,0,1,0,22,17,,,112,127,,134,,16,,0,0,0,0,0,,137,AHRF_natality_3yr,0,0,0,0,TRUE,Metro (RUCC 1-3),137,TRUE,16.06,12.41,,,81.75,12.6,,,7.3,0,OB/GYN only
72109,Patillas,PR,15753,97,3225,3,,"Patillas, PR",0,0,0,,85,0,0,0,0,0,11,,,,71,72,13,85,,,,0,0,0,0,0,,85,AHRF_natality_3yr,0,0,0,0,TRUE,Metro (RUCC 1-3),85,FALSE,,,,,,,,,0,,Neither
72111,Peñuelas,PR,20082,63,4593,2,,"Penuelas, PR",0,0,0,,128,0,0,0,0,0,21,15,,,101,121,,127,,14,,0,0,0,0,0,,128,AHRF_natality_3yr,0,0,0,0,TRUE,Metro (RUCC 1-3),128,TRUE,16.41,11.72,,,78.91,11.57,,,0,,Neither
72113,Ponce,PR,134676,927,28310,2,,"Ponce, PR",0,0,0,,816,2,5,0,41,1647,119,92,12,12,599,736,61,800,19,84,,8,6,0,0,0,,816,AHRF_natality_3yr,0,0,0,2.45,FALSE,Metro (RUCC 1-3),816,TRUE,14.58,11.27,1.47,1.47,73.41,11.41,,,50.25,0,OB/GYN only
72115,Quebradillas,PR,23486,112,5027,3,,"Quebradillas, PR",0,0,0,,139,0,0,0,1,0,22,17,,,87,136,,135,,17,,0,0,0,0,0,,139,AHRF_natality_3yr,0,0,0,0,TRUE,Metro (RUCC 1-3),139,TRUE,15.83,12.23,,,62.59,12.5,,,7.19,0,OB/GYN only
72117,Rincón,PR,15276,13,3194,2,,"Rincon, PR",0,0,0,,66,0,0,0,1,0,,,,,46,58,,60,,,,0,0,0,0,0,,66,AHRF_natality_3yr,0,0,0,0,TRUE,Metro (RUCC 1-3),66,FALSE,,,,,,,,,15.15,0,OB/GYN only
72119,Río Grande,PR,46478,337,10494,1,,"Rio Grande, PR",0,0,0,,296,0,0,0,0,0,38,30,,,210,200,93,285,,19,11,0,0,0,0,0,,296,AHRF_natality_3yr,0,0,0,0,TRUE,Metro (RUCC 1-3),296,TRUE,12.84,10.14,,,70.95,9.5,,,0,,Neither
72121,Sabana Grande,PR,22541,62,4899,3,,"Sabana Grande, PR",0,0,0,,124,0,0,0,1,0,26,19,,,85,120,,123,,19,,1,0,0,0,0,,124,AHRF_natality_3yr,0,0,0,0,FALSE,Metro (RUCC 1-3),124,TRUE,20.97,15.32,,,68.55,15.83,,,8.06,0,OB/GYN only
72123,Salinas,PR,25397,80,5691,4,,"Salinas, PR",0,0,0,,158,0,0,0,0,0,19,17,,,123,136,20,157,,13,,1,0,0,0,0,,158,AHRF_natality_3yr,0,0,0,0,FALSE,"Nonmetro, adjacent (RUCC 4-6)",158,TRUE,12.03,10.76,,,77.85,9.56,,,0,,Neither
72125,San Germán,PR,31514,67,6298,3,,"San German, PR",0,0,0,,161,1,2,0,5,212,17,12,,,113,154,,159,,12,,2,2,0,0,0,,161,AHRF_natality_3yr,0,0,0,6.21,FALSE,Metro (RUCC 1-3),161,TRUE,10.56,7.45,,,70.19,7.79,,,31.06,0,OB/GYN only
72127,San Juan,PR,338661,2121,76712,1,,"San Juan, PR",1,1,1,,2006,1,23,0,152,4233,310,204,31,33,1379,1437,545,1947,25,139,63,41,28,0,0,0,,2006,AHRF_natality_3yr,0,0.5,0,0.5,FALSE,Metro (RUCC 1-3),2006,TRUE,15.45,10.17,1.55,1.65,68.74,9.67,11.56,,75.77,0,OB/GYN only
72129,San Lorenzo,PR,37515,100,8397,1,,"San Lorenzo, PR",0,0,0,,192,0,0,0,1,0,34,23,,,147,174,16,185,,22,,0,0,0,0,0,,192,AHRF_natality_3yr,0,0,0,0,TRUE,Metro (RUCC 1-3),192,TRUE,17.71,11.98,,,76.56,12.64,,,5.21,0,OB/GYN only
72131,San Sebastián,PR,39168,383,8012,2,,"San Sebastian, PR",0,0,0,,227,0,0,0,2,0,29,22,,,140,223,,226,,22,,0,0,0,0,0,,227,AHRF_natality_3yr,0,0,0,0,TRUE,Metro (RUCC 1-3),227,TRUE,12.78,9.69,,,61.67,9.87,,,8.81,0,OB/GYN only
72133,Santa Isabel,PR,20064,113,5155,6,,"Santa Isabel, PR",0,0,0,,135,0,0,0,0,0,20,13,,,101,121,12,131,,11,,1,0,0,0,0,,135,AHRF_natality_3yr,0,0,0,0,FALSE,"Nonmetro, adjacent (RUCC 4-6)",135,TRUE,14.81,9.63,,,74.81,9.09,,,0,,Neither
72135,Toa Alta,PR,66536,284,16616,1,,"Toa Alta, PR",0,0,0,,371,0,0,0,2,0,46,28,,,243,335,34,364,,24,,0,0,0,0,0,,371,AHRF_natality_3yr,0,0,0,0,TRUE,Metro (RUCC 1-3),371,TRUE,12.4,7.55,,,65.5,7.16,,,5.39,0,OB/GYN only
72137,Toa Baja,PR,73987,768,17527,1,,"Toa Baja, PR",0,0,0,,409,0,0,0,6,0,54,38,,,296,360,49,400,,35,,0,0,0,0,0,,409,AHRF_natality_3yr,0,0,0,0,TRUE,Metro (RUCC 1-3),409,TRUE,13.2,9.29,,,72.37,9.72,,,14.67,0,OB/GYN only
72139,Trujillo Alto,PR,67329,365,15821,1,,"Trujillo Alto, PR",0,0,0,,333,0,0,0,11,0,41,30,,,216,262,66,327,,22,,0,0,0,0,0,,333,AHRF_natality_3yr,0,0,0,0,TRUE,Metro (RUCC 1-3),333,TRUE,12.31,9.01,,,64.86,8.4,,,33.03,0,OB/GYN only
72141,Utuado,PR,27896,108,5871,6,,"Utuado, PR",0,0,0,,143,0,1,0,1,0,20,13,,,97,142,,140,,13,,1,1,0,0,0,,143,AHRF_natality_3yr,0,0,0,0,FALSE,"Nonmetro, adjacent (RUCC 4-6)",143,TRUE,13.99,9.09,,,67.83,9.15,,,6.99,0,OB/GYN only
72143,Vega Alta,PR,35114,371,8185,1,,"Vega Alta, PR",0,0,0,,206,0,0,0,0,0,30,20,,,146,181,23,200,,18,,0,0,0,0,0,,206,AHRF_natality_3yr,0,0,0,0,TRUE,Metro (RUCC 1-3),206,TRUE,14.56,9.71,,,70.87,9.94,,,0,,Neither
72145,Vega Baja,PR,54058,314,12034,1,,"Vega Baja, PR",0,0,0,,336,0,1,0,1,238,37,28,,,245,313,22,333,,25,,2,1,0,0,0,,336,AHRF_natality_3yr,0,0,0,0,FALSE,Metro (RUCC 1-3),336,TRUE,11.01,8.33,,,72.92,7.99,,,2.98,0,OB/GYN only
72147,Vieques,PR,8147,0,1554,6,,"Vieques, PR",0,0,0,,50,0,0,0,1,0,12,,,,45,35,14,48,,,,0,0,0,0,0,,50,AHRF_natality_3yr,0,0,0,0,TRUE,"Nonmetro, adjacent (RUCC 4-6)",50,FALSE,,,,,,,,,20,0,OB/GYN only
72149,Villalba,PR,21778,241,4747,2,,"Villalba, PR",0,0,0,,162,0,0,0,1,0,17,18,,,131,151,11,156,,17,,0,0,0,0,0,,162,AHRF_natality_3yr,0,0,0,0,TRUE,Metro (RUCC 1-3),162,TRUE,10.49,11.11,,,80.86,11.26,,,6.17,0,OB/GYN only
72151,Yabucoa,PR,29868,176,6382,1,,"Yabucoa, PR",0,0,0,,162,0,0,0,0,0,25,18,,,127,128,29,158,,16,,0,0,0,0,0,,162,AHRF_natality_3yr,0,0,0,0,TRUE,Metro (RUCC 1-3),162,TRUE,15.43,11.11,,,78.4,12.5,,,0,,Neither
72153,Yauco,PR,33509,205,6948,2,,"Yauco, PR",0,0,0,,179,0,1,0,1,322,30,22,,,125,170,,177,,21,,1,1,0,0,0,,179,AHRF_natality_3yr,0,0,0,0,FALSE,Metro (RUCC 1-3),179,TRUE,16.76,12.29,,,69.83,12.35,,,5.59,0,OB/GYN only
78010,St. Croix,VI,,,,5,,"St. Croix, VI",6,6,6,,393,0,1,0,8,1058,60,35,,,233,37,346,107,10,,32,1,1,0,0,0,,393,AHRF_natality_3yr,0,15.27,,0,FALSE,"Nonmetro, adjacent (RUCC 4-6)",393,TRUE,15.27,8.91,,,59.29,,9.25,,20.36,0,OB/GYN only
78020,St. John,VI,,,,9,,"St. John, VI",1,1,1,,21,0,0,0,0,0,,,,,13,,14,,,,,1,1,0,0,0,,21,AHRF_natality_3yr,,,,,FALSE,"Nonmetro, remote (RUCC 7-9)",21,FALSE,,,,,,,,,,,Neither
78030,St. Thomas,VI,,,,5,,"St. Thomas, VI",2,2,2,,451,0,1,0,8,486,56,41,,,277,57,387,73,,,37,0,0,0,0,0,,451,AHRF_natality_3yr,0,4.43,,0,TRUE,"Nonmetro, adjacent (RUCC 4-6)",451,TRUE,12.42,9.09,,,61.42,,9.56,,17.74,0,OB/GYN only
