certification_number,npi,first_name,last_name,nppes_state,facility_type,cms_ccn,hospital_name,hospital_address,hospital_city,hospital_state,hospital_zip,hospital_county_fips,hospital_latitude,hospital_longitude,is_matched_ob_hospital
CNM0294,1003110321,Andrea,Hedrick,,Hospital,501332,,,,,,,,,No
CNM0233,1003199951,Jennifer,Klump,,Hospital,230117,BEACON KALAMAZOO,1521 GULL ROAD,KALAMAZOO,MI,49048,26077,42.305610472863,-85.5597988419,Yes
CNM2363,1003206939,Catherine,Woodland,,Home health agency,137019,,,,,,,,,No
CNM2363,1003206939,Catherine,Woodland,,Hospital,130049,KOOTENAI HEALTH,2003 KOOTENAI HEALTH WAY,COEUR D'ALENE,ID,83814,16055,47.695641875125,-116.794242503491,Yes
CNM2363,1003206939,Catherine,Woodland,,Hospital,130066,,,,,,,,,No
CNM1408,1003251935,Jessica,Costa,,Hospital,360180,CLEVELAND CLINIC,9500 EUCLID AVENUE,CLEVELAND,OH,44195,39035,41.503346094361,-81.622884159903,Yes
CNM2714,1003299421,Emily,Martyn,,Hospital,470011,BRATTLEBORO MEMORIAL HOSPITAL,17 BELMONT AVE,BRATTLEBORO,VT,05301,50025,42.842344777533,-72.56576016389,Yes
CNM05072,1003381047,Joy,McElyea,,Hospital,061320,GUNNISON VALLEY HOSPITAL,711 N TAYLOR ST,GUNNISON,CO,81230,08051,38.551141276058,-106.924391850685,Yes
CNM05072,1003381047,Joy,McElyea,,Hospital,060006,MONTROSE REGIONAL HEALTH,800 S 3RD ST,MONTROSE,CO,81401,08085,38.480083179946,-107.869822559424,Yes
CNM06716,1003425281,Jessica,Shattuck,,Hospital,360137,UH CLEVELAND MEDICAL CENTER,11100 EUCLID AVENUE,CLEVELAND,OH,44106,39035,41.506590328946,-81.608004588239,Yes
CNM06304,1003434374,Jane,Woodward,,Hospital,230017,BRONSON METHODIST HOSPITAL,601 JOHN STREET,KALAMAZOO,MI,49007,26077,42.286154661725,-85.581267522405,Yes
CNM08549,1003500190,Alexandra,Saunders,,Hospital,231337,OSF SAINT FRANCIS HOSPITAL,3401 LUDINGTON ST,ESCANABA,MI,49829,26041,45.745692190285,-87.100897078747,Yes
CNM08016,1003525932,Alexis,Kurdziel,,Hospital,360068,TOLEDO HOSPITAL THE,2142 NORTH COVE BOULEVARD,TOLEDO,OH,43606,39095,41.671472522382,-83.594058795479,Yes
CNM08078,1003526096,Charlotte,Maxwell,,Hospital,300019,CHESHIRE MEDICAL CENTER,580 COURT STREET,KEENE,NH,03431,33005,42.949226806759,-72.289966036326,Yes
CNM07661,1003556853,Christy,Estoll,,Hospital,060024,UNIVERSITY OF COLORADO HOSPITAL AUTHORITY,12605 E 16TH AVE,AURORA,CO,80045,08001,39.741422007578,-104.842052672788,Yes
CNM06887,1003567231,Emily,Ward,,Hospital,330073,UNITED MEMORIAL MEDICAL CENTER,127 NORTH STREET,BATAVIA,NY,14020,36037,43.003978608118,-78.177071258485,Yes
11577,1003849662,Wendy,Kimmelman,,Hospital,320021,PRESBYTERIAN HOSPITAL,1100 CENTRAL AVENUE SE,ALBUQUERQUE,NM,87106,35001,35.082314106333,-106.634945215281,Yes
11099,1003851098,Donna Kay,Gray,,Hospital,330226,UNITY HOSPITAL OF ROCHESTER,1555 LONG POND ROAD,ROCHESTER,NY,14626,36055,43.193164550373,-77.701528944652,Yes
11099,1003851098,Donna Kay,Gray,,Hospital,330125,ROCHESTER GENERAL HOSPITAL,1425 PORTLAND AVENUE,ROCHESTER,NY,14621,36055,43.191055490179,-77.584403244091,Yes
11099,1003851098,Donna Kay,Gray,,Hospital,330073,UNITED MEMORIAL MEDICAL CENTER,127 NORTH STREET,BATAVIA,NY,14020,36037,43.003978608118,-78.177071258485,Yes
11099,1003851098,Donna Kay,Gray,,Hospital,331323,,,,,,,,,No
9308,1003896069,Julie Marie,McDonald,,Hospital,220074,"SOUTHCOAST HOSPITAL GROUP, INC",363 HIGHLAND AVENUE,FALL RIVER,MA,02720,25005,41.710495654624,-71.146278931404,Yes
7226,1003897166,Joanne Timpson,Yarrish,,Hospital,460021,INTERMOUNTAIN HEALTH ST GEORGE REGIONAL HOSPITAL,1380 EAST MEDICAL CENTER DRIVE,ST GEORGE,UT,84790,49053,37.098113562492,-113.553649705627,Yes
CNM05504,1003948530,Lindsay,Canning,,Hospital,500088,VALLEY MEDICAL CENTER,400 S 43RD ST,RENTON,WA,98055,53033,47.441200573028,-122.215410953132,Yes
9299,1013031491,Joann Rita Chapman,Donnel,,Hospital,070007,LAWRENCE & MEMORIAL HOSPITAL,365 MONTAUK AVE,NEW LONDON,CT,06320,09011,41.337022118487,-72.103677171241,Yes
12292,1013125632,Candice,DiSanti,,Hospital,310044,CAPITAL HEALTH MEDICAL CENTER - HOPEWELL,ONE CAPITAL WAY,PENNINGTON,NJ,08534,34021,40.291989990646,-74.802920005658,Yes
CNM2198,1013146109,Julie,Knutson,,Hospital,410010,WOMEN & INFANTS HOSPITAL OF RHODE ISLAND,101 DUDLEY STREET,PROVIDENCE,RI,02905,44007,41.810276961686,-71.411298380038,Yes
CNM0117,1013216878,Aristotle,Griego-Marsh,,Hospital,320021,PRESBYTERIAN HOSPITAL,1100 CENTRAL AVENUE SE,ALBUQUERQUE,NM,87106,35001,35.082314106333,-106.634945215281,Yes
CNM2563,1013308295,Kristen,Selland,,Hospital,171341,AMBERWELL HIAWATHA,300 UTAH STREET,HIAWATHA,KS,66434,20013,39.851895220068,-95.530510915493,Yes
CNM2407,1013315118,Olivia,Eisner,,Hospital,070033,DANBURY HOSPITAL,24 HOSPITAL AVE,DANBURY,CT,06810,09001,41.406170840493,-73.44600973779,Yes
CNM2407,1013315118,Olivia,Eisner,,Hospital,070034,NORWALK HOSPITAL,24 STEVENS STREET,NORWALK,CT,06856,09001,41.110686663624,-73.420483924479,Yes
CNM2150,1013323161,Jessica,Ipock,,Hospital,340131,CAROLINA EAST MEDICAL CENTER,2000 NEUSE BLVD,NEW BERN,NC,28560,37049,35.111970551622,-77.066233806875,Yes
CNM1825,1013324656,Morgan,Zentner,,Hospital,500019,PROVIDENCE CENTRALIA HOSPITAL,914 S SCHEUBER ROAD,CENTRALIA,WA,98531,53041,46.712712865162,-122.986898179763,Yes
CNM1340,1013341080,Ann,Emmonette,,Hospital,100039,BROWARD HEALTH MEDICAL CENTER,1600 S ANDREWS AVE,FORT LAUDERDALE,FL,33316,12011,26.101897504626,-80.142296477601,Yes
CNM1405,1013359934,Kimberly,Booker,,Hospital,340091,CONE HEALTH,1200 N ELM ST,GREENSBORO,NC,27401,37081,36.091027589023,-79.788737928703,Yes
CNM2768,1013390830,Jesse,Ridgway,,Hospital,300019,CHESHIRE MEDICAL CENTER,580 COURT STREET,KEENE,NH,03431,33005,42.949226806759,-72.289966036326,Yes
CNM04573,1013420868,Sara,Minahan,,Hospital,050320,HIGHLAND HOSPITAL,1411 EAST 31ST STREET,OAKLAND,CA,94602,06001,37.799540339877,-122.233171735208,Yes
CNM3283,1013426808,Kathleen,Sugrue,,Hospital,330285,STRONG MEMORIAL HOSPITAL,601 ELMWOOD AVE,ROCHESTER,NY,14642,36055,43.124314838433,-77.624774427005,Yes
CNM05129,1013473305,Laurie,Buckman,,Hospital,520019,ASPIRUS RHINELANDER HOSPITAL,2251 NORTH SHORE DR,RHINELANDER,WI,54501,55085,45.639335930179,-89.374671592086,Yes
CNM05129,1013473305,Laurie,Buckman,,Hospital,140043,CGH MEDICAL CENTER,100 EAST LEFEVRE ROAD,STERLING,IL,61081,17195,41.80162057266,-89.697053295349,Yes
CNM05515,1013544196,Sandra,Collins,,Hospital,250069,OCHSNER RUSH HOSPITAL,1314 19TH AVE,MERIDIAN,MS,39301,28075,32.370036891833,-88.69774915334,Yes
CNM05515,1013544196,Sandra,Collins,,Hospital,251322,,,,,,,,,No
CNM05625,1013562776,Catharine,Scully,,Hospital,410010,WOMEN & INFANTS HOSPITAL OF RHODE ISLAND,101 DUDLEY STREET,PROVIDENCE,RI,02905,44007,41.810276961686,-71.411298380038,Yes
CNM05625,1013562776,Catharine,Scully,,Hospital,410009,KENT COUNTY MEMORIAL HOSPITAL,455 TOLL GATE RD,WARWICK,RI,02886,44003,41.704628145854,-71.478101034213,Yes
CNM07077,1013580679,Emrie,Beach,,Hospital,170040,UNIVERSITY OF KANSAS HOSPITAL,4000 CAMBRIDGE STREET,KANSAS CITY,KS,66160,20209,39.057291439097,-94.608405984798,Yes
CNM07432,1013650795,Katelyn,Richer,,Hospital,220084,EMERSON HOSPITAL -,133 OLD ROAD TO 9 ACRE CORNER,W CONCORD,MA,01742,25017,42.452548860682,-71.377201169912,Yes
CNM07820,1013654789,Hannah,Bartee,,Hospital,080001,CHRISTIANACARE,4755 OGLETOWN-STANTON ROAD,NEWARK,DE,19718,10003,39.690996683779,-75.671382921671,Yes
CNM08934,1013765304,Cassandra,Caedo,,Hospital,260009,BOTHWELL REGIONAL HEALTH CENTER,601 E 14TH ST,SEDALIA,MO,65302,29159,38.699120201246,-93.222662782998,Yes
8521,1023016805,Barbara Rose,Van Kainen,,Hospital,230046,UNIVERSITY OF MICHIGAN HEALTH,"1500 E MEDICAL CENTER DRIVE, SPC 5474",ANN ARBOR,MI,48109,26161,42.281400027614,-83.726782161004,Yes
9622,1023060142,Cristy Janese,Walsh,,Hospital,320022,PLAINS REGIONAL MEDICAL CENTER,"2100 N MARTIN LUTHER KING, JR, BLVD",CLOVIS,NM,88101,35009,34.419319107024,-103.231828103175,Yes
9622,1023060142,Cristy Janese,Walsh,,Hospital,320084,,,,,,,,,No
9622,1023060142,Cristy Janese,Walsh,,Hospital,453306,,,,,,,,,No
10441,1023104924,Beth Ann,Killam,,Hospital,140148,MEMORIAL MEDICAL CENTER,701 N FIRST ST,SPRINGFIELD,IL,62702,17167,39.808626060166,-89.654723423885,Yes
10441,1023104924,Beth Ann,Killam,,Hospital,140053,ST JOHNS HOSPITAL,800 E CARPENTER ST,SPRINGFIELD,IL,62769,17167,39.807214322163,-89.644792779866,Yes
CNM2133,1023414869,Anna,Habermeyer,,Hospital,520098,,,,,,,,,No
9824,1023456183,Sheila Lynne,Whitener,,Hospital,110051,UNION GENERAL HOSPITAL,35 HOSPITAL ROAD,BLAIRSVILLE,GA,30512,13291,34.885573419806,-83.961593809776,Yes
CNM04621,1023520046,Estefany,Flores-Godaire,,Hospital,410006,NEWPORT HOSPITAL,11 FRIENDSHIP STREET,NEWPORT,RI,02840,44005,41.497621987067,-71.305999997157,Yes
CNM04621,1023520046,Estefany,Flores-Godaire,,Hospital,410012,,,,,,,,,No
CNM04429,1023525284,Danielle,Roberts,,Hospital,180088,NORTON HOSPITAL / NORTON HEALTHCARE PAVILION / NOR,200 EAST CHESTNUT STREET,LOUISVILLE,KY,40202,21111,38.248211772883,-85.751762091104,Yes
CNM04292,1023531225,Melissa,Furlette-Koski,,Hospital,230092,HENRY FORD HEALTH JACKSON HOSPITAL,205 N EAST AVE,JACKSON,MI,49201,26075,42.250649614245,-84.393660357777,Yes
CNM05394,1023572021,Jessica,Bridge,,Hospital,070027,MANCHESTER MEMORIAL HOSPITAL,71 HAYNES ST,MANCHESTER,CT,06040,09003,41.78121231257,-72.524776528286,Yes
CNM07894,1023743531,Kelly,Kline,,Hospital,390073,UPMC ALTOONA,620 HOWARD AVENUE,ALTOONA,PA,16601,42013,40.521436956959,-78.397987516844,Yes
CNM07366,1023764925,Asia,Joyner,,Hospital,230053,HENRY FORD HEALTH HOSPITAL,2799 W GRAND BLVD,DETROIT,MI,48202,26163,42.366931017945,-83.082686737197,Yes
CNM07333,1023787975,Torrey,Derocher,,Hospital,230041,MCLAREN BAY REGION,1900 COLUMBUS AVE,BAY CITY,MI,48708,26017,43.589371881134,-83.870396194654,Yes
12247,1033123781,Karen,Brock,,Hospital,450222,HCA HOUSTON HEALTHCARE CONROE,504 MEDICAL CENTER BLVD,CONROE,TX,77304,48339,30.284521464193,-95.466241790866,Yes
7344,1033134978,Kathy Sharon,Shields,,Hospital,340113,CAROLINAS MEDICAL CENTER/BEHAV HEALTH,1000 BLYTHE BLVD,CHARLOTTE,NC,28203,37119,35.205166768082,-80.840773622418,Yes
10453,1033183272,Jill Ann,Linton,,Hospital,390117,,,,,,,,,No
10590,1033195003,Maria,Crespo de Cromar,,Hospital,310044,CAPITAL HEALTH MEDICAL CENTER - HOPEWELL,ONE CAPITAL WAY,PENNINGTON,NJ,08534,34021,40.291989990646,-74.802920005658,Yes
5817,1033260252,Agnes Geralyn,Densmore,,Hospital,220060,BETH ISRAEL DEACONESS HOSPITAL - PLYMOUTH,275 SANDWICH STREET,PLYMOUTH,MA,02360,25023,41.944770437087,-70.645603174458,Yes
12208,1033267174,Julia,Chachere,,Hospital,330393,STONY BROOK UNIVERSITY HOSPITAL,HEALTH SCIENCES CENTER SUNY,STONY BROOK,NY,11794,36103,40.904749487525,-73.111841286886,Yes
10452,1033308523,Margot,Ellard,,Hospital,050110,LOMPOC VALLEY MEDICAL CENTER,1515 E OCEAN AVENUE,LOMPOC,CA,93436,06083,34.639265969205,-120.439690774328,Yes
13003,1033340443,Sarah,Updegraft,,Hospital,330079,ADIRONDACK MEDICAL CENTER - SARANAC LAKE,"2233 STATE ROUTE 86, PO BOX 471",SARANAC LAKE,NY,12983,36033,44.344294650797,-74.144471841341,Yes
CNM0082,1033401328,Megan,Shepard,,Hospital,260142,FITZGIBBON HOSPITAL,2305 S 65 HIGHWAY,MARSHALL,MO,65340,29195,39.093788205223,-93.212717563404,Yes
CNM1313,1033552054,Eve,Hadley,,Hospital,200063,MAINEHEALTH PEN BAY HOSPITAL,6 GLEN COVE DRIVE,ROCKPORT,ME,04856,23013,44.144569385195,-69.083540073913,Yes
CNM2880,1033582010,Yuliya,Labko,,Hospital,390231,JEFFERSON ABINGTON HOSPITAL,1200 OLD YORK ROAD,ABINGTON,PA,19001,42091,40.117450870254,-75.120312584426,Yes
CNM04955,1033605431,Whitney,Clark,,Hospital,360032,GRAND LAKE HEALTH SYSTEM,200 SAINT CLAIR STREET,SAINT MARYS,OH,45885,39011,40.543473696729,-84.37018479286,Yes
CNM05204,1033684659,Theresa,Small,,Hospital,300011,ST JOSEPH HOSPITAL,172 KINSLEY ST,NASHUA,NH,03060,33011,42.750019388344,-71.480927681238,Yes
CNM06287,1033730114,Deborah,Eversole,,Hospital,360095,BLANCHARD VALLEY HOSPITAL,1900 SOUTH MAIN STREET,FINDLAY,OH,45840,39063,41.018487944388,-83.650414153137,Yes
CNM05705,1033760624,Jaclyn,DuBois,,Hospital,220033,BEVERLY HOSPITAL CORPORATION,85 HERRICK STREET,BEVERLY,MA,01915,25009,42.565088407552,-70.877182990522,Yes
CNM05685,1033760814,Monique,Morales,,Hospital,410010,WOMEN & INFANTS HOSPITAL OF RHODE ISLAND,101 DUDLEY STREET,PROVIDENCE,RI,02905,44007,41.810276961686,-71.411298380038,Yes
CNM05469,1033776893,Jennifer,Shanley,,Hospital,230017,BRONSON METHODIST HOSPITAL,601 JOHN STREET,KALAMAZOO,MI,49007,26077,42.286154661725,-85.581267522405,Yes
CNM07789,1033840731,Krista,Miller,,Hospital,160067,MERCYONE WATERLOO MEDICAL CENTER,3421 WEST NINTH STREET,WATERLOO,IA,50702,19013,42.464327311448,-92.345038755728,Yes
CNM09624,1033849252,Cinneamon,Geppelt,,Hospital,131326,INTERMOUNTAIN HEALTH CASSIA REGIONAL HOSPITAL,1501 HILAND AVENUE,BURLEY,ID,83318,16031,42.535430488035,-113.783305573557,Yes
CNM07821,1033849765,Shalyn,Calaway,,Hospital,040016,UAMS MEDICAL CENTER,4301 WEST MARKHAM STREET MAIL SLOT 612,LITTLE ROCK,AR,72205,05119,34.751480553129,-92.319954476248,Yes
CNM09404,1033948062,Emily,Windl,,Hospital,410006,NEWPORT HOSPITAL,11 FRIENDSHIP STREET,NEWPORT,RI,02840,44005,41.497621987067,-71.305999997157,Yes
CNM10354,1043103013,Erin,Janes,,Hospital,180103,BAPTIST HEALTH LEXINGTON,1740 NICHOLASVILLE ROAD,LEXINGTON,KY,40503,21067,38.019099370202,-84.51375591061,Yes
CNM10092,1043184872,Mary-Jo,Urbano,,Hospital,450571,SHANNON MEDICAL CENTER,120 E HARRIS AVE.,SAN ANGELO,TX,76903,48451,31.464520226486002,-100.435161187022,Yes
7103,1043205644,Dana Humes,Goff,,Hospital,140242,NORTHWESTERN MEDICINE CENTRAL DUPAGE HOSPITAL,25 NORTH WINFIELD ROAD,WINFIELD,IL,60190,17043,41.873814208374,-88.155649671404,Yes
10270,1043240971,Cynthia Susan,Friedman,,Hospital,330094,,,,,,,,,No
10270,1043240971,Cynthia Susan,Friedman,,Hospital,330013,ALBANY MEDICAL CENTER HOSPITAL,"43 NEW SCOTLAND AVENUE, MAIL CODE 34",ALBANY,NY,12208,36001,42.652795789867,-73.780932037131,Yes
10096,1043256209,Archana,Sharma,,Hospital,210008,MERCY MEDICAL CENTER INC,301 SAINT PAUL PLACE,BALTIMORE,MD,21202,24510,39.292414116438,-76.613471443651,Yes
6104,1043310717,Audrey Grant,Psaltis,,Hospital,220077,BAYSTATE MEDICAL CENTER,759 CHESTNUT STREET,SPRINGFIELD,MA,01199,25013,42.119023347188,-72.604094352769,Yes
12302,1043330475,April,Reagan,,Hospital,100088,BAPTIST MEDICAL CENTER JACKSONVILLE,800 PRUDENTIAL DR,JACKSONVILLE,FL,32207,12031,30.316221753217,-81.664349952477,Yes
12302,1043330475,April,Reagan,,Hospital,100117,BAPTIST MEDICAL CENTER - BEACHES,1350 13TH AVE S,JACKSONVILLE BEACH,FL,32250,12031,30.274399331605,-81.400066315265,Yes
12302,1043330475,April,Reagan,,Hospital,100140,BAPTIST MEDICAL CENTER - NASSAU,1250 S 18TH ST,FERNANDINA BEACH,FL,32034,12089,30.653650531024,-81.449289772094,Yes
9304,1043370950,Susan E.,Krasner,,Hospital,300003,MARY HITCHCOCK MEMORIAL HOSPITAL,1 MEDICAL CENTER DRIVE,LEBANON,NH,03756,33009,43.677249456344,-72.273984009411,Yes
CNM2435,1043454739,Donna,Warder,,Hospital,140010,ENDEAVOR HEALTH CLINICAL OPERATIONS,2650 RIDGE AVE,EVANSTON,IL,60201,17031,42.06600934932,-87.683197273735,Yes
13147,1043545213,Damara,Van Irvin,,Hospital,390065,GETTYSBURG HOSPITAL,147 GETTYS STREET,GETTYSBURG,PA,17325,42001,39.823337350267,-77.2337766232,Yes
13186,1043545437,Niessa,Meier,,Hospital,450007,PETERSON REGIONAL MEDICAL CENTER,551 HILL COUNTRY DRIVE,KERRVILLE,TX,78028,48265,30.04341393243,-99.150825269039,Yes
CNM1010,1043569346,Brittany,Walp,,Hospital,390100,LANCASTER GENERAL HOSPITAL,555 NORTH DUKE STREET,LANCASTER,PA,17602,42071,40.04712170929,-76.305298062033,Yes
CNM2378,1043600703,Iris,Evans,,Hospital,110079,,,,,,,,,No
CNM1522,1043631468,Jessica,Dowd,,Hospital,310012,VALLEY HOSPITAL,4 VALLEY HEALTH PLAZA,PARAMUS,NJ,07652,34003,40.965985488596,-74.072058281895,Yes
CNM2720,1043687064,Summer,Oakes,,Hospital,200001,,,,,,,,,No
9019,1043711369,Sharon Michelle,Harkey,,Hospital,050324,SCRIPPS MEMORIAL HOSPITAL LA JOLLA,9888 GENESEE AVENUE,LA JOLLA,CA,92037,06073,32.885059356536,-117.222681586776,Yes
CNM04110,1043743966,Rebecca,Prosser,,Hospital,390174,THOMAS JEFFERSON UNIVERSITY HOSPITAL,111 SOUTH 11TH STREET,PHILADELPHIA,PA,19107,42101,39.949674609229,-75.158673630059,Yes
CNM3612,1043765019,Brandi,Craig,,Hospital,430016,AVERA MCKENNAN HOSPITAL & UNIVERSITY HEALTH CENTER,1325 S CLIFF AVE,SIOUX FALLS,SD,57117,46099,43.534554993939,-96.711397780188,Yes
CNM10373,1043775554,Jamie,Jenkins,,Hospital,490018,AUGUSTA HEALTH,78 MEDICAL CENTER DRIVE,FISHERSVILLE,VA,22939,51015,38.094125290589,-78.984242281055,Yes
CNM05128,1043794175,Holly,Walton,,Hospital,080009,"BAYHEALTH HOSPITAL, SUSSEX CAMPUS",100 WELLNESS WAY,MILFORD,DE,19963,10005,38.886403459537,-75.391859512493,Yes
CNM06363,1043842982,Erin,Bane,,Hospital,070021,WINDHAM COMM MEM HOSP & HATCH HOSP,112 MANSFIELD AVENUE,WILLIMANTIC,CT,06226,09015,41.717158645824,-72.223938303774,Yes
CNM06363,1043842982,Erin,Bane,,Hospital,070025,HARTFORD HOSPITAL,80 SEYMOUR STREET,HARTFORD,CT,06102,09003,41.753898285654,-72.680679557458,Yes
CNM08738,1043999378,Ashley,Kristofzski,,Hospital,501312,PROSSER MEMORIAL HOSPITAL,723 MEMORIAL STREET,PROSSER,WA,99350,53005,46.208965590699,-119.763646050646,Yes
CNM08092,1053036673,Kelsey,Walts,,Hospital,450571,SHANNON MEDICAL CENTER,120 E HARRIS AVE.,SAN ANGELO,TX,76903,48451,31.464520226486002,-100.435161187022,Yes
CNM07350,1053048918,Melanie,Barber,,Hospital,150056,INDIANA UNIVERSITY HEALTH,1701 N SENATE BLVD,INDIANAPOLIS,IN,46202,18097,39.788417435639,-86.165638430352,Yes
CNM07322,1053081224,Catherine,Creswell,,Hospital,170040,UNIVERSITY OF KANSAS HOSPITAL,4000 CAMBRIDGE STREET,KANSAS CITY,KS,66160,20209,39.057291439097,-94.608405984798,Yes
CNM09170,1053174177,Sarah,Lankford,,Hospital,490143,,,,,,,,,No
CNM09170,1053174177,Sarah,Lankford,,Hospital,490052,RIVERSIDE REGIONAL MEDICAL CENTER,500 J CLYDE MORRIS BLVD,NEWPORT NEWS,VA,23601,51700,37.06490578832,-76.484637075243,Yes
CNM08721,1053181495,Yacoba,Zwennes,,Hospital,390231,JEFFERSON ABINGTON HOSPITAL,1200 OLD YORK ROAD,ABINGTON,PA,19001,42091,40.117450870254,-75.120312584426,Yes
5591,1053334326,Mary T.,Hamilton,,Hospital,200018,NORTHERN LIGHT A R GOULD HOSPITAL,PO BOX 151,PRESQUE ISLE,ME,04769,23003,46.6860581,-68.0073583,Yes
10068,1053379875,Tracy Marie,Cowart,,Hospital,430098,PINE RIDGE IHS HOSPITAL,EAST HIGHWAY 18,PINE RIDGE,SD,57770,46102,43.122209045786,-102.653449955855,Yes
8340,1053468629,Gina Marie,Quinlivan,,Hospital,220077,BAYSTATE MEDICAL CENTER,759 CHESTNUT STREET,SPRINGFIELD,MA,01199,25013,42.119023347188,-72.604094352769,Yes
8632,1053483644,Donna J.,McDonald,,Hospital,440176,INDIAN PATH COMMUNITY HOSPITAL,2000 BROOKSIDE DR,KINGSPORT,TN,37660,47163,36.551004273476,-82.517886638687,Yes
8632,1053483644,Donna J.,McDonald,,Hospital,440017,,,,,,,,,No
8632,1053483644,Donna J.,McDonald,,Hospital,440012,BRISTOL REGIONAL MEDICAL CENTER,ONE MEDICAL PARK BLVD,BRISTOL,TN,37620,47163,36.585428796981,-82.256950690531,Yes
8632,1053483644,Donna J.,McDonald,,Hospital,440184,,,,,,,,,No
8632,1053483644,Donna J.,McDonald,,Hospital,490053,JOHNSTON MEMORIAL HOSPITAL,16000 JOHNSTON MEMORIAL DRIVE,ABINGDON,VA,24211,51191,36.723040955478,-81.911961697932,Yes
CNM2211,1053713495,Barbara,Slocum,,Hospital,060125,ADVENTHEALTH CASTLE ROCK,2350 MEADOWS BLVD,CASTLE ROCK,CO,80109,08035,39.402075663169,-104.884681319981,Yes
CNM1788,1053749697,Candice,Politi,,Hospital,100044,CLEVELAND CLINIC MARTIN NORTH HOSPITAL,200 SE HOSPITAL AVE,STUART,FL,34994,12085,27.19900795794,-80.243088883421,Yes
CNM05142,1053874388,Julia,Koval,,Hospital,020026,ALASKA NATIVE MEDICAL CENTER,4315 DIPLOMACY DR,ANCHORAGE,AK,99508,02020,61.181937924928,-149.802878332413,Yes
CNM06593,1053927012,Abigail,Nichols,,Hospital,040016,UAMS MEDICAL CENTER,4301 WEST MARKHAM STREET MAIL SLOT 612,LITTLE ROCK,AR,72205,05119,34.751480553129,-92.319954476248,Yes
CNM06881,1053980565,Tracie,Leveridge,,Hospital,450007,PETERSON REGIONAL MEDICAL CENTER,551 HILL COUNTRY DRIVE,KERRVILLE,TX,78028,48265,30.04341393243,-99.150825269039,Yes
CNM05852,1063043263,Brooke,Kindall,,Hospital,260216,SAINT LUKE'S EAST HOSPITAL,100 N E SAINT LUKE'S BOULEVARD,LEES SUMMIT,MO,64086,29095,38.941757212832,-94.381949722013,Yes
CNM05852,1063043263,Brooke,Kindall,,Hospital,260190,,,,,,,,,No
CNM05611,1063069417,Jessica,Frankfurt,,Hospital,370180,CHICKASAW NATION MEDICAL CENTER,1921 STONECIPHER BLVD,ADA,OK,74820,40123,34.736876895132,-96.6473176158,Yes
CNM08220,1063123826,Shannon,Bernard,,Hospital,330074,F F THOMPSON HOSPITAL,350 PARRISH STREET,CANANDAIGUA,NY,14424,36069,42.87493223763,-77.290065937658,Yes
CNM07615,1063170215,Leslie,McKinney,,Hospital,510030,DAVIS MEDICAL CENTER,812 GORMAN AVENUE,ELKINS,WV,26241,54083,38.928191574049,-79.853215075817,Yes
CNM07059,1063188605,Lauren,Rosales,,Hospital,210037,UNIVERSITY OF MD SHORE MEDICAL CENTER AT EASTON,219 SOUTH  WASHINGTON STREET,EASTON,MD,21601,24041,38.77007407558,-76.075924054205,Yes
CNM09001,1063293272,Rashea,Banks,,Hospital,220077,BAYSTATE MEDICAL CENTER,759 CHESTNUT STREET,SPRINGFIELD,MA,01199,25013,42.119023347188,-72.604094352769,Yes
9968,1063421048,Jill Lynn,Feurt,,Hospital,260141,UNIVERSITY OF MISSOURI HEALTH CARE,ONE HOSPITAL DRIVE,COLUMBIA,MO,65212,29019,38.938277004724,-92.328396016885,Yes
8188,1063454437,Margaret LeAnne,Widener,,Hospital,130007,SAINT ALPHONSUS REGIONAL MEDICAL CENTER,1055 NORTH CURTIS ROAD,BOISE,ID,83706,16001,43.613801223692,-116.253709614771,Yes
8212,1063474286,Kimberly A. Bergman,Boehmler,,Hospital,080003,ST FRANCIS HOSPITAL,7TH AND CLAYTON STS,WILMINGTON,DE,19805,10003,39.749508989691,-75.566630613993,Yes
11121,1063508265,Michelle Frances,Rappold,,Hospital,220077,BAYSTATE MEDICAL CENTER,759 CHESTNUT STREET,SPRINGFIELD,MA,01199,25013,42.119023347188,-72.604094352769,Yes
12541,1063605301,Christina,Graham,,Hospital,150113,COMMUNITY HOSPITAL OF ANDERSON AND MADISON COUNTY,1515 N MADISON AVE,ANDERSON,IN,46011,18095,40.129149832288,-85.691659082808,Yes
7135,1063630648,Ruth Evan,Richardson,,Hospital,340002,MEMORIAL MISSION HOSPITAL AND ASHEVILLE SURGERY CE,509 BILTMORE AVE,ASHEVILLE,NC,28801,37021,35.578622649007,-82.549454476106,Yes
7673,1063637031,Kathy Marie,Fair,,Hospital,100168,,,,,,,,,No
7673,1063637031,Kathy Marie,Fair,,Hospital,100276,BROWARD HEALTH CORAL SPRINGS,3000 CORAL HILLS DR,CORAL SPRINGS,FL,33065,12011,26.268224573833,-80.254208954818,Yes
12912,1063652188,Gena,Rhoden,,Hospital,100113,UF HEALTH SHANDS HOSPITAL,1600 SW ARCHER RD,GAINESVILLE,FL,32610,12001,29.639538118411,-82.342643671529,Yes
CNM0865,1063764223,Brenda,Baffour-Addo,,Hospital,090011,MEDSTAR WASHINGTON HOSPITAL CENTER,110 IRVING STREET NW,WASHINGTON,DC,20010,11001,38.931118708734,-77.012565000222,Yes
CNM2095,1063811719,Amy,Richane,,Hospital,220015,"COOLEY DICKINSON HOSPITAL INC,THE",30 LOCUST STREET,NORTHAMPTON,MA,01060,25015,42.33297142863,-72.657998986865,Yes
CNM04248,1063822062,Amanda,Swanson,,Hospital,350070,ESSENTIA HEALTH FARGO,3000 32ND AVE SOUTH,FARGO,ND,58104,38017,46.832455617747,-96.826431940857,Yes
CNM05813,1063852283,Jessica,Acosta,,Hospital,450213,UNIVERSITY HEALTH SYSTEM,4502 MEDICAL DR,SAN ANTONIO,TX,78229,48029,29.509013402094,-98.574037241628,Yes
CNM3116,1063863314,Brandi,Lehning,,Hospital,450209,NORTHWEST TEXAS HOSPITAL,1501 S  COULTER ST,AMARILLO,TX,79106,48375,35.199364690834,-101.921797308059,Yes
CNM2498,1063879088,Alyse,Nikolao,,Hospital,500108,ST JOSEPH MEDICAL CENTER,1717 SOUTH J STREET,TACOMA,WA,98405,53053,47.245774538846,-122.448751865126,Yes
CNM3048,1063884799,Shannon,Waller Davis,,Hospital,141349,SPARTA COMMUNITY HOSPITAL,818 E BROADWAY,SPARTA,IL,62286,17157,38.124547430641,-89.691233156451,Yes
CNM04791,1063986644,Nicole,Mapes,,Hospital,220074,"SOUTHCOAST HOSPITAL GROUP, INC",363 HIGHLAND AVENUE,FALL RIVER,MA,02720,25005,41.710495654624,-71.146278931404,Yes
CNM05687,1073019071,Avery,Allen,,Hospital,220077,BAYSTATE MEDICAL CENTER,759 CHESTNUT STREET,SPRINGFIELD,MA,01199,25013,42.119023347188,-72.604094352769,Yes
CNM04807,1073034732,Michelle,Shifflett,,Hospital,110007,PHOEBE PUTNEY MEMORIAL HOSPITAL,417 THIRD AVENUE,ALBANY,GA,31703,13095,31.59028532575,-84.156564208956,Yes
CNM06919,1073108932,Stephanie,Riley,,Hospital,161328,REGIONAL HEALTH SERVICES OF HOWARD COUNTY,235 8TH AVENUE WEST,CRESCO,IA,52136,19089,43.381860838156,-92.118074270289,Yes
CNM07956,1073188611,Tiara,Carr,,Hospital,500129,TACOMA GENERAL ALLENMORE HOSPITAL,315 S MLK JR WAY,TACOMA,WA,98405,53053,47.26005107199,-122.453465117279,Yes
CNM08887,1073227781,Valeria,Acuna,,Hospital,360068,TOLEDO HOSPITAL THE,2142 NORTH COVE BOULEVARD,TOLEDO,OH,43606,39095,41.671472522382,-83.594058795479,Yes
CNM07797,1073241618,Nathalie,Choi,,Hospital,050025,UC SAN DIEGO HEALTH HILLCREST - HILLCREST MED CTR,200 WEST ARBOR DRIVE,SAN DIEGO,CA,92103,06073,32.753806885101,-117.16555134175,Yes
4839,1073578100,Joyce,Kepto,,Hospital,100213,HCA FLORIDA BLAKE HOSPITAL,2020 59TH ST W,BRADENTON,FL,34209,12081,27.48194413619,-82.620533193736,Yes
8981,1073594255,Darla Jo,Berry,,Hospital,151333,PUTNAM COUNTY HOSPITAL,1542 S BLOOMINGTON ST,GREENCASTLE,IN,46135,18133,39.621935734586,-86.845968915975,Yes
6663,1073624532,Linda Mandl,Stocker,,Hospital,330273,PUTNAM HOSPITAL CENTER,670 STONELEIGH AVENUE,CARMEL,NY,10512,36079,41.384742612191,-73.66441394875,Yes
11669,1073627592,Tanya,Serota-Winston,,Hospital,470003,UNIVERSITY OF VERMONT MEDICAL CENTER,111 COLCHESTER AVE,BURLINGTON,VT,05401,50007,44.481924097893,-73.193268090723,Yes
10698,1073706313,Cecily,Floyd,,Hospital,370180,CHICKASAW NATION MEDICAL CENTER,1921 STONECIPHER BLVD,ADA,OK,74820,40123,34.736876895132,-96.6473176158,Yes
8419,1073739215,Nora Gertrude,Molloy,,Hospital,210009,"JOHNS HOPKINS HOSPITAL, THE",600 NORTH  WOLFE STREET,BALTIMORE,MD,21287,24510,39.296923066038,-76.590856781226,Yes
12710,1073764775,Jeri,Kitchen,,Hospital,360054,HOLZER MEDICAL CENTER,100 JACKSON PIKE,GALLIPOLIS,OH,45631,39053,38.844445731338,-82.236670883556,Yes
12744,1073764981,La-Urshalar,Brock,,Hospital,110010,,,,,,,,,No
12744,1073764981,La-Urshalar,Brock,,Hospital,110078,,,,,,,,,No
12744,1073764981,La-Urshalar,Brock,,Hospital,110230,EMORY JOHNS CREEK HOSPITAL,6325 HOSPITAL PARKWAY,JOHNS CREEK,GA,30097,13121,34.067963200209,-84.175562992227,Yes
12744,1073764981,La-Urshalar,Brock,,Hospital,110082,,,,,,,,,No
12744,1073764981,La-Urshalar,Brock,,Hospital,110076,EMORY DECATUR HOSPITAL,2701 N DECATUR ROAD,DECATUR,GA,30033,13089,33.791960801199,-84.283636050396,Yes
CNM0274,1073812053,Natalie,Daniels,,Hospital,131326,INTERMOUNTAIN HEALTH CASSIA REGIONAL HOSPITAL,1501 HILAND AVENUE,BURLEY,ID,83318,16031,42.535430488035,-113.783305573557,Yes
CNM0864,1073878427,Panayiota,Smeathers,,Hospital,180040,,,,,,,,,No
CNM0864,1073878427,Panayiota,Smeathers,,Hospital,180012,BAPTIST HEALTH HARDIN,913 NORTH DIXIE AVENUE,ELIZABETHTOWN,KY,42701,21093,37.710687354072,-85.876828630397,Yes
CNM0864,1073878427,Panayiota,Smeathers,,Hospital,180038,OWENSBORO HEALTH REGIONAL HOSPITAL,1201 PLEASANT VALLEY ROAD,OWENSBORO,KY,42303,21059,37.773052469055,-87.065989050335,Yes
CNM0864,1073878427,Panayiota,Smeathers,,Hospital,180093,BAPTIST HEALTH DEACONESS MADISONVILLE,900 HOSPITAL DRIVE,MADISONVILLE,KY,42431,21107,37.33951393270901,-87.492034876354,Yes
CNM0864,1073878427,Panayiota,Smeathers,,Hospital,180016,,,,,,,,,No
CNM1776,1073927471,Sherry,Benner,,Hospital,180127,FRANKFORT REGIONAL MEDICAL CENTER,299 KINGS DAUGHTERS DRIVE,FRANKFORT,KY,40601,21073,38.159569710463,-84.906196635295,Yes
CNM07107,1083012033,Anna,Chang,,Hospital,010033,UNIVERSITY OF ALABAMA HOSPITAL,619 SOUTH 19TH STREET,BIRMINGHAM,AL,35233,01073,33.506123544499,-86.801832411474,Yes
CNM2243,1083017636,Beth,Toly-Hughes,,Hospital,330226,UNITY HOSPITAL OF ROCHESTER,1555 LONG POND ROAD,ROCHESTER,NY,14626,36055,43.193164550373,-77.701528944652,Yes
CNM2243,1083017636,Beth,Toly-Hughes,,Hospital,330125,ROCHESTER GENERAL HOSPITAL,1425 PORTLAND AVENUE,ROCHESTER,NY,14621,36055,43.191055490179,-77.584403244091,Yes
CNM1629,1083048680,Jenney,Stringer,,Hospital,330125,ROCHESTER GENERAL HOSPITAL,1425 PORTLAND AVENUE,ROCHESTER,NY,14621,36055,43.191055490179,-77.584403244091,Yes
CNM1629,1083048680,Jenney,Stringer,,Hospital,330285,STRONG MEMORIAL HOSPITAL,601 ELMWOOD AVE,ROCHESTER,NY,14642,36055,43.124314838433,-77.624774427005,Yes
CNM04789,1083113757,Lily,Hershberger,,Hospital,230017,BRONSON METHODIST HOSPITAL,601 JOHN STREET,KALAMAZOO,MI,49007,26077,42.286154661725,-85.581267522405,Yes
CNM04212,1083121180,Shannyn,Dewey,,Hospital,270057,BOZEMAN HEALTH DEACONESS REGIONAL MEDICAL CENTER,915 HIGHLAND BLVD SUITE 3310,BOZEMAN,MT,59715,30031,45.669435293907,-111.01750039561,Yes
CNM03816,1083159354,Melissa,Irmen,,Hospital,140280,TRINITY ROCK ISLAND,2701 17TH ST,ROCK ISLAND,IL,61201,17161,41.483400945616,-90.572715341543,Yes
CNM05122,1083189823,Courtney,Duffy,,Hospital,140043,CGH MEDICAL CENTER,100 EAST LEFEVRE ROAD,STERLING,IL,61081,17195,41.80162057266,-89.697053295349,Yes
CNM06574,1083202444,Erin,Kendall,,Hospital,420065,BON SECOURS-ST FRANCIS XAVIER HOSPITAL,2095 HENRY TECKLENBURG DRIVE,CHARLESTON,SC,29414,45019,32.803245792561,-80.039334281069,Yes
CNM06574,1083202444,Erin,Kendall,,Hospital,420087,,,,,,,,,No
CNM06574,1083202444,Erin,Kendall,,Hospital,420104,,,,,,,,,No
CNM06833,1083208664,Chasiti,Falls,,Hospital,340032,CAROMONT REGIONAL MEDICAL CENTER,2525 COURT DR,GASTONIA,NC,28052,37071,35.274768846255,-81.13807853002,Yes
CNM05271,1083221824,Kelly,Hosner,,Hospital,030007,VERDE VALLEY MEDICAL CENTER,269 SOUTH CANDY LANE,COTTONWOOD,AZ,86326,04025,34.735323525426,-112.031513918018,Yes
CNM08298,1083320303,Shannon,Hren,,Hospital,030073,TUBA CITY REGIONAL HEALTH CARE CORPORATION,PO BOX 600,TUBA CITY,AZ,86045,04005,36.1223578,-111.2204921,Yes
CNM07985,1083340202,Raquel,Reyes,,Hospital,310119,UNIVERSITY HOSPITAL,150 BERGEN ST,NEWARK,NJ,07103,34013,40.741373621963,-74.191819343253,Yes
CNM07630,1083364558,Rebecca,Ukeagu,,Hospital,100007,ADVENTHEALTH ORLANDO,601 E ROLLINS ST,ORLANDO,FL,32803,12095,28.574160423062,-81.371166110449,Yes
CNM07370,1083367296,Kylie,O'Connor,,Hospital,070033,DANBURY HOSPITAL,24 HOSPITAL AVE,DANBURY,CT,06810,09001,41.406170840493,-73.44600973779,Yes
CNM07370,1083367296,Kylie,O'Connor,,Hospital,330214,NYU LANGONE HOSPITALS,550 FIRST AVENUE,NEW YORK,NY,10016,36061,40.742346194975,-73.974474127012,Yes
CNM06926,1083376735,Molly,ORourke,,Hospital,390111,,,,,,,,,No
CNM07838,1083394944,Julie,Edinger,,Hospital,240036,CENTRACARE - ST. CLOUD HOSPITAL,1406 6TH AVE NORTH,SAINT CLOUD,MN,56303,27145,45.575201726701,-94.170270749422,Yes
CNM09549,1083443204,Brittaney,Corso,,Hospital,191324,OCHSNER ST ANNE GENERAL HOSPITAL,4608 HIGHWAY 1,RACELAND,LA,70394,22057,29.703224347647,-90.563948610252,Yes
CNM09489,1083458368,Kaede,Johnson,,Hospital,200050,NORTHERN LIGHT MAINE COAST HOSPITAL,50 UNION STREET,ELLSWORTH,ME,04605,23009,44.547147040439,-68.415358901468,Yes
CNM08552,1083487011,Yaneli,Arizmendi Estrada,,Hospital,140150,UNIVERSITY OF ILLINOIS HOSPITAL AND CLINICS,1740 WEST TAYLOR ST SUITE 1400,CHICAGO,IL,60612,17031,41.869260590015,-87.670709386776,Yes
6955,1083624290,Jenifer F.,Tabin,,Hospital,361307,,,,,,,,,No
6955,1083624290,Jenifer F.,Tabin,,Hospital,360098,LAKE HEALTH,7590 AUBURN ROAD,CONCORD,OH,44077,39085,41.664819887768,-81.245412866935,Yes
6955,1083624290,Jenifer F.,Tabin,,Hospital,361308,UNIVERSITY HOSPITALS CONNEAUT MEDICAL CENTER,158 WEST MAIN ROAD,CONNEAUT,OH,44030,39007,41.936978039304,-80.586553046306,Yes
7415,1083659395,D'Anne Stott,Moon,,Hospital,460015,INTERMOUNTAIN HEALTH LOGAN REGIONAL HOSPITAL,1400 NORTH 500 EAST,LOGAN,UT,84341,49005,41.756951971946,-111.821185944488,Yes
10445,1083659833,Holly Tanya,Kralj,,Hospital,050039,ENLOE HEALTH,1531 ESPLANADE,CHICO,CA,95926,06007,39.742372897516,-121.849011694114,Yes
12425,1083811236,Christa L.,Howell,,Hospital,350070,ESSENTIA HEALTH FARGO,3000 32ND AVE SOUTH,FARGO,ND,58104,38017,46.832455617747,-96.826431940857,Yes
12740,1083870620,Heather,Beveridge,,Hospital,200024,CENTRAL MAINE MEDICAL CENTER,300 MAIN STREET,LEWISTON,ME,04240,23001,44.102837099808,-70.212964664793,Yes
12740,1083870620,Heather,Beveridge,,Hospital,201310,BRIDGTON HOSPITAL,10 HOSPITAL DRIVE,BRIDGTON,ME,04009,23005,44.046737666612,-70.713830573473,Yes
13326,1083932701,Katharine,Cassidy-DeVito,,Hospital,220046,BERKSHIRE MEDICAL CENTER INC - 1,725 NORTH STREET,PITTSFIELD,MA,01201,25003,42.459209502755,-73.248548775577,Yes
CNM0435,1093009094,Lindsay,Dauphinee,,Hospital,390226,PENNSYLVANIA HOSPITAL,800 SPRUCE STREET,PHILADELPHIA,PA,19107,42101,39.945680181785,-75.154845554289,Yes
8545,1093019341,Christina I.,Erinakes,,Hospital,410009,KENT COUNTY MEMORIAL HOSPITAL,455 TOLL GATE RD,WARWICK,RI,02886,44003,41.704628145854,-71.478101034213,Yes
8545,1093019341,Christina I.,Erinakes,,Hospital,410010,WOMEN & INFANTS HOSPITAL OF RHODE ISLAND,101 DUDLEY STREET,PROVIDENCE,RI,02905,44007,41.810276961686,-71.411298380038,Yes
CNM0842,1093072621,Alexandra,Woolley,,Hospital,300003,MARY HITCHCOCK MEMORIAL HOSPITAL,1 MEDICAL CENTER DRIVE,LEBANON,NH,03756,33009,43.677249456344,-72.273984009411,Yes
CNM0842,1093072621,Alexandra,Woolley,,Hospital,471302,,,,,,,,,No
CNM04114,1093241580,Kayla,McMaster,,Hospital,021314,SOUTHEAST ALASKA REGIONAL HEALTH CONSORTIUM,222 TONGASS DR,SITKA,AK,99835,02220,57.051524505524,-135.356418359511,Yes
CNM3309,1093268583,Julie,Brasel,,Hospital,141346,,,,,,,,,No
CNM06201,1093329740,Keri,Kordie,,Hospital,230075,BRONSON BATTLE CREEK HOSPITAL,300 NORTH AVENUE,BATTLE CREEK,MI,49017,26025,42.330262230912,-85.180300434404,Yes
CNM06336,1093337875,Allie,Branham,,Hospital,360006,RIVERSIDE METHODIST HOSPITAL,3535 OLENTANGY RIVER RD,COLUMBUS,OH,43214,39049,40.031813579084,-83.031224568678,Yes
CNM06336,1093337875,Allie,Branham,,Hospital,360011,MARION GENERAL HOSPITAL,1000 MCKINLEY PARK DRIVE,MARION,OH,43302,39101,40.572096852146,-83.129788283207,Yes
CNM05628,1093369027,Crystal,Sigmund,,Hospital,390146,,,,,,,,,No
CNM07019,1093484214,Linda,Ebright,,Hospital,150051,IU HEALTH BLOOMINGTON HOSPITAL,2651 EAST DISCOVERY PARKWAY,BLOOMINGTON,IN,47408,18105,39.177625686479,-86.502762756545,Yes
CNM07434,1093491623,Madison,Jackson,,Hospital,470011,BRATTLEBORO MEMORIAL HOSPITAL,17 BELMONT AVE,BRATTLEBORO,VT,05301,50025,42.842344777533,-72.56576016389,Yes
CNM09948,1093520637,Ashley,Palko,,Hospital,390145,INDEPENDENCE HEALTH SYSTEM WESTMORELAND HOSPITAL,532 WEST PITTSBURGH STREET,GREENSBURG,PA,15601,42129,40.301120878657,-79.55510891771,Yes
CNM09948,1093520637,Ashley,Palko,,Hospital,390219,,,,,,,,,No
8064,1093707077,Edie Jay,Morgan,,Hospital,030012,YAVAPAI REGIONAL MEDICAL CENTER,1003 WILLOW CREEK ROAD,PRESCOTT,AZ,86301,04025,34.558351052266,-112.482004743201,Yes
9127,1093713992,Cori Lynne,Jacobson,,Hospital,360068,TOLEDO HOSPITAL THE,2142 NORTH COVE BOULEVARD,TOLEDO,OH,43606,39095,41.671472522382,-83.594058795479,Yes
11460,1093728131,Paige,Hardy,,Hospital,241363,STEVENS COMMUNITY MEDICAL CENTER INC,400 EAST FIRST STREET,MORRIS,MN,56267,27149,45.585156364287,-95.905493343766,Yes
7868,1093749160,Joan Morgan,Messner,,Hospital,070022,YALE-NEW HAVEN HOSPITAL,20 YORK ST,NEW HAVEN,CT,06504,09009,41.30334916715,-72.93614177983,Yes
11108,1093797086,Courtney Walsh,Marsh,,Hospital,490050,VIRGINIA HOSPITAL CENTER,1701 NORTH GEORGE MASON DRIVE,ARLINGTON,VA,22205,51013,38.890021160686,-77.12887517888,Yes
7854,1093798266,Cynthia Cran,Odom,,Hospital,250077,WAYNE GENERAL HOSPITAL,950 MATTHEW DR,WAYNESBORO,MS,39367,28153,31.675146036289,-88.63577257395,Yes
7854,1093798266,Cynthia Cran,Odom,,Hospital,250058,SOUTH CENTRAL REG MED CTR,1220 JEFFERSON ST BOX 607,LAUREL,MS,39440,28067,31.685828824869,-89.140777458958,Yes
9342,1093811556,Ami Lena,Goldstein,,Hospital,340061,UNC HOSPITALS,101 MANNING DRIVE,CHAPEL HILL,NC,27514,37135,35.903079173959,-79.0503093171,Yes
7530,1093858516,Andrea Sidonie,McLaren,,Hospital,390201,LEHIGH VALLEY HOSPITAL - POCONO,206 EAST BROWN STREET,EAST STROUDSBURG,PA,18301,42089,40.992265174614,-75.174743171329,Yes
7473,1093870206,Patricia Ann,Scane,,Hospital,230053,HENRY FORD HEALTH HOSPITAL,2799 W GRAND BLVD,DETROIT,MI,48202,26163,42.366931017945,-83.082686737197,Yes
7473,1093870206,Patricia Ann,Scane,,Hospital,230302,HENRY FORD HEALTH WEST BLOOMFIELD HOSPITAL,6777 WEST MAPLE ROAD,WEST BLOOMFIELD,MI,48322,26125,42.541514166496,-83.40814643303,Yes
13112,1093887606,Michele,Gibson-O'Grady,,Hospital,440039,VANDERBILT UNIVERSITY MEDICAL CENTER,1211 MEDICAL CENTER DRIVE,NASHVILLE,TN,37232,47037,36.142654447096,-86.801327373077,Yes
13112,1093887606,Michele,Gibson-O'Grady,,Hospital,440073,MAURY REGIONAL HOSPITAL,1224 TROTWOOD AVE,COLUMBIA,TN,38401,47119,35.607304272186,-87.064266263086,Yes
CNM06603,1104081546,Julie,Kircher,,Hospital,241351,CENTRACARE - REDWOOD,101 CARING WAY,REDWOOD FALLS,MN,56283,27127,44.530200047665,-95.089461894282,Yes
CNM06603,1104081546,Julie,Kircher,,Hospital,241325,CCM HEALTH,824 NORTH 11TH STREET,MONTEVIDEO,MN,56265,27023,44.953122524783,-95.713509470237,Yes
CNM0694,1104108166,Anne,Gilbertson,,Hospital,241376,GLACIAL RIDGE HOSPITAL,10 4TH AVENUE SOUTHEAST,GLENWOOD,MN,56334,27121,45.646643346077,-95.389820528631,Yes
CNM0405,1104122399,Kristin,Ricci,,Hospital,200009,MAINEHEALTH MAINE MEDICAL CENTER,22 BRAMHALL ST,PORTLAND,ME,04102,23005,43.652656846963,-70.27463605441,Yes
CNM0059,1104138437,JoAnn,Hill,,Hospital,330157,SAMARITAN MEDICAL CENTER,830 WASHINGTON STREET,WATERTOWN,NY,13601,36045,43.964735854471,-75.912846284078,Yes
CNM1921,1104236256,Christiann,Rosemurgy,,Hospital,230108,UP HEALTH SYSTEM PORTAGE,500 CAMPUS DRIVE,HANCOCK,MI,49930,26061,47.141319712113,-88.585152439165,Yes
CNM1793,1104240076,Angela,Westfall,,Hospital,453306,,,,,,,,,No
CNM1793,1104240076,Angela,Westfall,,Hospital,450040,,,,,,,,,No
CNM2568,1104288018,Nicole,Apel,,Hospital,140150,UNIVERSITY OF ILLINOIS HOSPITAL AND CLINICS,1740 WEST TAYLOR ST SUITE 1400,CHICAGO,IL,60612,17031,41.869260590015,-87.670709386776,Yes
CNM04920,1104312214,Melanie,Kittrell,,Hospital,420004,MUSC MEDICAL CENTER,169 ASHLEY AVE,CHARLESTON,SC,29425,45019,32.784956585415,-79.946428192164,Yes
CNM05606,1104470970,Allison,Carnes,,Hospital,010033,UNIVERSITY OF ALABAMA HOSPITAL,619 SOUTH 19TH STREET,BIRMINGHAM,AL,35233,01073,33.506123544499,-86.801832411474,Yes
CNM08662,1104502863,Grace,Buchloh,,Hospital,070022,YALE-NEW HAVEN HOSPITAL,20 YORK ST,NEW HAVEN,CT,06504,09009,41.30334916715,-72.93614177983,Yes
CNM09039,1104693324,Laura,Van Fossen,,Hospital,310086,JEFFERSON STRATFORD HOSPITAL,18 EAST LAUREL ROAD,STRATFORD,NJ,08084,34007,39.827680842996,-75.00946187667,Yes
7022,1104818988,Helen George,Cominos,,Hospital,050232,,,,,,,,,No
8140,1104821446,Sharie Maria,Harden,,Hospital,141318,,,,,,,,,No
8140,1104821446,Sharie Maria,Harden,,Hospital,140064,ST MARY MEDICAL CENTER,3333 NORTH SEMINARY,GALESBURG,IL,61401,17095,40.988808208674,-90.363680784998,Yes
8140,1104821446,Sharie Maria,Harden,,Hospital,140067,SAINT FRANCIS MEDICAL CENTER,530 NE GLEN OAK AVE,PEORIA,IL,61637,17143,40.702117371729,-89.59116554187,Yes
10227,1104896570,Molly Ann,Sheron,,Hospital,330188,,,,,,,,,No
8445,1104903731,Molly Jane,Strattan,,Hospital,021314,SOUTHEAST ALASKA REGIONAL HEALTH CONSORTIUM,222 TONGASS DR,SITKA,AK,99835,02220,57.051524505524,-135.356418359511,Yes
8445,1104903731,Molly Jane,Strattan,,Hospital,380089,LEGACY MERIDIAN PARK MEDICAL CENTER,19300 SW 65TH AVENUE,TUALATIN,OR,97062,41067,45.378716492736,-122.740735599185,Yes
8627,1114037231,Amy Susan,Kranick,,Hospital,470012,SOUTHWESTERN VERMONT MEDICAL CENTER,100 HOSPITAL DRIVE,BENNINGTON,VT,05201,50003,42.873340934465,-73.206880598608,Yes
10665,1114086220,Merrilynn Jo,Artman,,Hospital,060023,INTERMOUNTAIN HEALTH ST. MARY'S REGIONAL HOSPITAL,2635 N 7TH ST,GRAND JUNCTION,CO,81501,08077,39.090593330976,-108.561544816944,Yes
8575,1114263506,Lori Elizabeth,Link,,Hospital,051326,PLUMAS DISTRICT HOSPITAL,1065 BUCKS LAKE ROAD,QUINCY,CA,95971,06063,39.939031111567,-120.961110735835,Yes
CNM1671,1114341807,Laura,Mills,,Hospital,230020,COREWELL HEALTH DEARBORN HOSPITAL,18101 OAKWOOD BLVD,DEARBORN,MI,48124,26163,42.29190356177,-83.212052545756,Yes
CNM1671,1114341807,Laura,Mills,,Hospital,230130,COREWELL HEALTH WILLIAM BEAUMONT UNIVERSITY HOSPIT,3601 W THIRTEEN MILE RD,ROYAL OAK,MI,48073,26125,42.517697725881,-83.191115133945,Yes
CNM09719,1114514122,Alexandra,Low,,Hospital,050047,CALIFORNIA PACIFIC MEDICAL CENTER- VAN NESS CAMPUS,1101 VAN NESS AVENUE,SAN FRANCISCO,CA,94109,06075,37.785722521397,-122.421553777424,Yes
CNM06673,1114527140,Leah,Choate,,Hospital,490059,BON SECOURS ST MARYS HOSPITAL,5801 BREMO RD,RICHMOND,VA,23226,51087,37.584632137389,-77.512885061179,Yes
CNM09349,1114609773,Paige,Olson,,Hospital,240019,ESSENTIA HEALTH DULUTH,502 EAST SECOND STREET,DULUTH,MN,55805,27137,46.792989880071,-92.094161657004,Yes
CNM08149,1114623733,Cindy,Fulton,,Hospital,230141,MCLAREN FLINT,401 S BALLENGER HIGHWAY,FLINT,MI,48532,26049,43.014585534579,-83.733437144768,Yes
CNM07481,1114660248,Emily,Evans,,Hospital,360137,UH CLEVELAND MEDICAL CENTER,11100 EUCLID AVENUE,CLEVELAND,OH,44106,39035,41.506590328946,-81.608004588239,Yes
CNM06845,1114690773,Katrina,Lipinsky de Orlov,,Hospital,390044,READING HOSPITAL,420 S 5TH AVENUE,WEST READING,PA,19611,42011,40.330455953383,-75.948256628402,Yes
CNM09869,1114732328,Delaney,Hartmann,,Hospital,290001,RENOWN REGIONAL MEDICAL CENTER,1155 MILL STREET,RENO,NV,89502,32031,39.523945515649,-119.794732375318,Yes
11904,1114978822,Tina Marie,Mingo,,Hospital,140200,ELMHURST MEMORIAL HOSPITAL,155 EAST BRUSH HILL ROAD,ELMHURST,IL,60126,17043,41.861676378924,-87.935022708854,Yes
11511,1124086301,Nadia,Podojil,,Hospital,360020,SUMMA HEALTH SYSTEM,525 EAST MARKET STREET,AKRON,OH,44309,39153,41.078902895357,-81.501259153272,Yes
6337,1124130224,Christene,VanCott,,Hospital,320018,MEMORIAL MEDICAL CENTER,2450 SOUTH TELSHOR BLVD,LAS CRUCES,NM,88011,35013,32.292407145332,-106.735173047803,Yes
CNM09989,1124410402,Kylie,Saari,,Hospital,240166,MAYO CLINIC HEALTH SYSTEM - FAIRMONT,800 MEDICAL CENTER DRIVE,FAIRMONT,MN,56031,27091,43.63879998384,-94.45044001306,Yes
CNM09989,1124410402,Kylie,Saari,,Hospital,240093,MAYO CLINIC HEALTH SYSTEM - MANKATO,1025 MARSH STREET,MANKATO,MN,56001,27013,44.164548462838,-93.986395140605,Yes
CNM2272,1124429378,Erin,Horr,,Hospital,200033,NORTHERN LIGHT EASTERN MAINE MEDICAL CENTER,489 STATE STREET,BANGOR,ME,04401,23019,44.809980083212,-68.749456400244,Yes
CNM2168,1124434204,Gayla,Sholey,,Hospital,360156,MEMORIAL HOSPITAL,715 SOUTH TAFT AVENUE,FREMONT,OH,43420,39143,41.339520844752,-83.135160013967,Yes
CNM2168,1124434204,Gayla,Sholey,,Hospital,360068,TOLEDO HOSPITAL THE,2142 NORTH COVE BOULEVARD,TOLEDO,OH,43606,39095,41.671472522382,-83.594058795479,Yes
CNM2943,1124491964,Katie,Van Heck,,Hospital,231338,COREWELL HEALTH GERBER HOSPITAL,212 S SULLIVAN ST,FREMONT,MI,49412,26123,43.465155211859,-85.950652887316,Yes
CNM05110,1124501580,Tiffani,Hughson,,Hospital,260065,MERCY HOSPITAL SPRINGFIELD,1235 E CHEROKEE,SPRINGFIELD,MO,65804,29077,37.178043487163,-93.275301356624,Yes
CNM05192,1124537568,Caitlin,Campbell,,Hospital,060024,UNIVERSITY OF COLORADO HOSPITAL AUTHORITY,12605 E 16TH AVE,AURORA,CO,80045,08001,39.741422007578,-104.842052672788,Yes
CNM06501,1124638382,Kiersten,Rooney,,Hospital,070022,YALE-NEW HAVEN HOSPITAL,20 YORK ST,NEW HAVEN,CT,06504,09009,41.30334916715,-72.93614177983,Yes
CNM07384,1124784640,Marisa,Whitelaw,,Hospital,330057,ST PETER'S HOSPITAL,315 SOUTH MANNING BOULEVARD,ALBANY,NY,12208,36001,42.670997621075,-73.786483135365,Yes
CNM10241,1124900485,Grace,Farrell,,Hospital,330214,NYU LANGONE HOSPITALS,550 FIRST AVENUE,NEW YORK,NY,10016,36061,40.742346194975,-73.974474127012,Yes
11824,1134114101,Justina DeBella,Mammeri,,Hospital,310075,MONMOUTH MEDICAL CENTER,300 SECOND AVENUE,LONG BRANCH,NJ,07740,34025,40.295390144141,-73.983696008196,Yes
11824,1134114101,Justina DeBella,Mammeri,,Hospital,310034,RIVERVIEW MEDICAL CENTER,ONE RIVERVIEW PLAZA,RED BANK,NJ,07701,34025,40.353137402518,-74.064797647511,Yes
5413,1134129752,Nancy Lynn,Baron,,Hospital,360134,GOOD SAMARITAN HOSPITAL,375 DIXMYTH AVENUE,CINCINNATI,OH,45220,39061,39.141015067459,-84.520481349613,Yes
9122,1134151848,Marianne Lasowski,Stalteri,,Hospital,330115,ONEIDA HEALTH,321 GENESEE STREET,ONEIDA,NY,13421,36053,43.078767471995,-75.655172135372,Yes
9870,1134239023,Laurie Dianne,Morgan,,Hospital,420004,MUSC MEDICAL CENTER,169 ASHLEY AVE,CHARLESTON,SC,29425,45019,32.784956585415,-79.946428192164,Yes
11238,1134299332,Kara Lynn,Hickey,,Hospital,210009,"JOHNS HOPKINS HOSPITAL, THE",600 NORTH  WOLFE STREET,BALTIMORE,MD,21287,24510,39.296923066038,-76.590856781226,Yes
CNM0609,1134400443,Jennifer,Bey,,Hospital,300019,CHESHIRE MEDICAL CENTER,580 COURT STREET,KEENE,NH,03431,33005,42.949226806759,-72.289966036326,Yes
CNM0199,1134421837,Treesa,Hennessey,,Hospital,160079,MERCY MEDICAL CENTER - CEDAR RAPIDS,701 10TH STREET SE,CEDAR RAPIDS,IA,52403,19113,41.979129546217,-91.655119874193,Yes
13289,1134449077,Colleen,Kennedy,,Hospital,210009,"JOHNS HOPKINS HOSPITAL, THE",600 NORTH  WOLFE STREET,BALTIMORE,MD,21287,24510,39.296923066038,-76.590856781226,Yes
CNM0981,1134476492,Jennifer,Kittell,,Hospital,330222,SARATOGA HOSPITAL,211 CHURCH STREET,SARATOGA SPRINGS,NY,12866,36091,43.08484472551,-73.796214643615,Yes
CNM2334,1134525124,Lindsay,Eckman,,Hospital,360006,RIVERSIDE METHODIST HOSPITAL,3535 OLENTANGY RIVER RD,COLUMBUS,OH,43214,39049,40.031813579084,-83.031224568678,Yes
CNM2071,1134529456,Lisa,Weinstein,,Hospital,300018,WENTWORTH-DOUGLASS HOSPITAL,789 CENTRAL AVE,DOVER,NH,03820,33017,43.21214909112,-70.874760680242,Yes
CNM04538,1134632516,Melissa,House,,Hospital,140150,UNIVERSITY OF ILLINOIS HOSPITAL AND CLINICS,1740 WEST TAYLOR ST SUITE 1400,CHICAGO,IL,60612,17031,41.869260590015,-87.670709386776,Yes
CNM04379,1134643984,Rebecca,Saroyan,,Hospital,360234,,,,,,,,,No
CNM06604,1134736242,Emily,Leonard,,Hospital,360159,ADENA REGIONAL MEDICAL CENTER,272 HOSPITAL ROAD,CHILLICOTHE,OH,45601,39141,39.395241125992,-82.97038222295,Yes
CNM07839,1134850027,Hadlea,Eubanks,,Hospital,440104,ERLANGER HEALTH SYSTEM,975 E 3RD ST,CHATTANOOGA,TN,37403,47065,35.047833037685,-85.290551228929,Yes
CNM09960,1134881048,Kassandra,Cordeiro,,Hospital,220074,"SOUTHCOAST HOSPITAL GROUP, INC",363 HIGHLAND AVENUE,FALL RIVER,MA,02720,25005,41.710495654624,-71.146278931404,Yes
CNM07251,1134898729,Katherine,Suhling,,Hospital,140117,RESURRECTION MEDICAL CENTER,7435 W TALCOTT AVENUE,CHICAGO,IL,60631,17031,41.988607053797,-87.812922211787,Yes
CNM09013,1144000514,Lilian,Clayton,,Hospital,140135,DECATUR MEMORIAL HOSPITAL,2300 NORTH EDWARD STREET,DECATUR,IL,62526,17115,39.865873866418,-88.96081540627,Yes
CNM09440,1144053612,Elizabeth,Hartman,,Hospital,420049,CONWAY MEDICAL CENTER,300 SINGLETON RIDGE ROAD,CONWAY,SC,29526,45051,33.786527810629,-79.002612581919,Yes
CNM09070,1144073974,Lindsey,Varga,,Hospital,360180,CLEVELAND CLINIC,9500 EUCLID AVENUE,CLEVELAND,OH,44195,39035,41.503346094361,-81.622884159903,Yes
CNM09878,1144113861,Hannah,Dean,,Hospital,360180,CLEVELAND CLINIC,9500 EUCLID AVENUE,CLEVELAND,OH,44195,39035,41.503346094361,-81.622884159903,Yes
11271,1144227117,Sarah,Meyer,,Hospital,060024,UNIVERSITY OF COLORADO HOSPITAL AUTHORITY,12605 E 16TH AVE,AURORA,CO,80045,08001,39.741422007578,-104.842052672788,Yes
10141,1144245622,Donna Lynn,Bostick,,Hospital,360046,MCCULLOUGH-HYDE MEMORIAL HOSPITAL,110 NORTH POPLAR STREET,OXFORD,OH,45056,39017,39.508805187374,-84.740925486168,Yes
9173,1144307190,Margaret Therese,Re,,Hospital,330128,ELMHURST HOSPITAL CENTER,79-01 BROADWAY,ELMHURST,NY,11373,36081,40.744594112385,-73.886174407735,Yes
9832,1144372434,Eliza Springfield,Holland,,Hospital,070022,YALE-NEW HAVEN HOSPITAL,20 YORK ST,NEW HAVEN,CT,06504,09009,41.30334916715,-72.93614177983,Yes
13295,1144534322,Bethany,Wayt,,Hospital,360086,MERCY HEALTH - SPRINGFIELD REGIONAL MEDICAL CENTER,100 MEDICAL CENTER DRIVE,SPRINGFIELD,OH,45504,39023,39.928740016152,-83.81640997893,Yes
13295,1144534322,Bethany,Wayt,,Hospital,360234,,,,,,,,,No
CNM1308,1144560996,Lisa,Downton,,Hospital,180035,ST ELIZABETH MEDICAL CENTER NORTH,1 MEDICAL VILLAGE DRIVE,EDGEWOOD,KY,41017,21117,39.007980153759,-84.564775478456,Yes
CNM1055,1144577032,Joanna,Sheets,,Hospital,530015,ST JOHNS MEDICAL CENTER,625 EAST BROADWAY,JACKSON,WY,83001,56039,43.47974627978,-110.750194233325,Yes
CNM2406,1144627704,Monifa,Dukes,,Hospital,340109,SENTARA ALBEMARLE MEDICAL CENTER,3050 HALSTEAD BLVD EXT,ELIZABETH CITY,NC,27909,37139,36.298235938427,-76.255817676155,Yes
CNM2406,1144627704,Monifa,Dukes,,Hospital,490120,"CHESAPEAKE GENERAL HOSPITAL, CHESAPEAKE REG MC","736 BATTLEFIELD BLVD, NORTH",CHESAPEAKE,VA,23320,51550,36.746792048851,-76.245051630096,Yes
CNM2292,1144628298,Amy,Calhoun-Vasko,,Hospital,371336,,,,,,,,,No
CNM1632,1144653247,Katy,Warzecha,,Hospital,130049,KOOTENAI HEALTH,2003 KOOTENAI HEALTH WAY,COEUR D'ALENE,ID,83814,16055,47.695641875125,-116.794242503491,Yes
CNM3140,1144684622,Melissa,Klausman,,Hospital,140046,GOOD SAMARITAN REGIONAL HLTH CENTER,1 GOOD SAMARITAN WAY,MOUNT VERNON,IL,62864,17081,38.2974998111,-88.937139153182,Yes
CNM2945,1144691957,Jennifer,Waytashek,,Hospital,210028,MEDSTAR SAINT MARY'S HOSPITAL,25500 POINT LOOKOUT ROAD,LEONARDTOWN,MD,20650,24037,38.297562901603,-76.636313687925,Yes
CNM04244,1144744921,Ashleigh,Shiffler,,Hospital,410010,WOMEN & INFANTS HOSPITAL OF RHODE ISLAND,101 DUDLEY STREET,PROVIDENCE,RI,02905,44007,41.810276961686,-71.411298380038,Yes
CNM03899,1144771957,Kayla,Murphy,,Hospital,070033,DANBURY HOSPITAL,24 HOSPITAL AVE,DANBURY,CT,06810,09001,41.406170840493,-73.44600973779,Yes
CNM03899,1144771957,Kayla,Murphy,,Hospital,070034,NORWALK HOSPITAL,24 STEVENS STREET,NORWALK,CT,06856,09001,41.110686663624,-73.420483924479,Yes
CNM08190,1144907155,Autumn,Burkman,,Hospital,150112,COLUMBUS REGIONAL HOSPITAL,2400 E 17TH ST,COLUMBUS,IN,47201,18005,39.215914548504,-85.896761731291,Yes
CNM07918,1144937319,Tiffany,Trovato,,Hospital,330222,SARATOGA HOSPITAL,211 CHURCH STREET,SARATOGA SPRINGS,NY,12866,36091,43.08484472551,-73.796214643615,Yes
CNM07831,1144959412,Chenyi,Zheng,,Hospital,140150,UNIVERSITY OF ILLINOIS HOSPITAL AND CLINICS,1740 WEST TAYLOR ST SUITE 1400,CHICAGO,IL,60612,17031,41.869260590015,-87.670709386776,Yes
CNM07186,1144999335,Samantha,Keenan,,Hospital,310052,OCEAN UNIVERSITY MEDICAL CENTER,425 JACK MARTIN BLVD,BRICK,NJ,08724,34029,40.077894216238,-74.129047950712,Yes
CNM08290,1154036911,Amy,Borove,,Hospital,390125,WAYNE MEMORIAL HOSPITAL,601 PARK STREET,HONESDALE,PA,18431,42127,41.576595230806,-75.259433650766,Yes
CNM07882,1154052819,Kabirat,Tepede,,Hospital,140088,THE UNIVERSITY OF CHICAGO MEDICAL CENTER,5841 SOUTH MARYLAND,CHICAGO,IL,60637,17031,41.78877397345,-87.604857148474,Yes
CNM07483,1154056232,Michaela,Rahimi,,Hospital,330125,ROCHESTER GENERAL HOSPITAL,1425 PORTLAND AVENUE,ROCHESTER,NY,14621,36055,43.191055490179,-77.584403244091,Yes
CNM07065,1154094381,Elizabeth,Franks,,Hospital,390073,UPMC ALTOONA,620 HOWARD AVENUE,ALTOONA,PA,16601,42013,40.521436956959,-78.397987516844,Yes
CNM07065,1154094381,Elizabeth,Franks,,Hospital,390117,,,,,,,,,No
CNM09919,1154118610,Nora,Frankeny,,Hospital,360172,MERCY HEALTH-LORAIN HOSPITAL,3700 KOLBE ROAD,LORAIN,OH,44053,39093,41.437439470624,-82.235348462283,Yes
10937,1154370310,Jasmine Zabala,Ortega,,Hospital,050025,UC SAN DIEGO HEALTH HILLCREST - HILLCREST MED CTR,200 WEST ARBOR DRIVE,SAN DIEGO,CA,92103,06073,32.753806885101,-117.16555134175,Yes
10943,1154384139,Carrington Doolittle,Pertalion,,Hospital,340051,WATAUGA MEDICAL CENTER,336 DEERFIELD ROAD,BOONE,NC,28607,37189,36.196815610279,-81.652487091572,Yes
10174,1154421261,Kathleen Louise,Hausman,,Hospital,330125,ROCHESTER GENERAL HOSPITAL,1425 PORTLAND AVENUE,ROCHESTER,NY,14621,36055,43.191055490179,-77.584403244091,Yes
10174,1154421261,Kathleen Louise,Hausman,,Hospital,330030,NEWARK-WAYNE COMMUNITY HOSPITAL,1200 DRIVING PARK AVENUE,NEWARK,NY,14513,36117,43.059584124933,-77.100796432781,Yes
12137,1154547875,Kimberly,Brandl,,Hospital,140010,ENDEAVOR HEALTH CLINICAL OPERATIONS,2650 RIDGE AVE,EVANSTON,IL,60201,17031,42.06600934932,-87.683197273735,Yes
12778,1154578722,Heidi,Goodwin,,Hospital,360137,UH CLEVELAND MEDICAL CENTER,11100 EUCLID AVENUE,CLEVELAND,OH,44106,39035,41.506590328946,-81.608004588239,Yes
12778,1154578722,Heidi,Goodwin,,Hospital,360098,LAKE HEALTH,7590 AUBURN ROAD,CONCORD,OH,44077,39085,41.664819887768,-81.245412866935,Yes
CNM0090,1154636579,Kelly,Donze,,Hospital,261330,STE GENEVIEVE COUNTY MEMORIAL HOSPITAL,"800 STE GENEVIEVE DRIVE, PO BOX 468",SAINTE GENEVIEVE,MO,63670,29186,37.9736,-90.0485,Yes
CNM0843,1154685485,Katie,Wright,,Hospital,240093,MAYO CLINIC HEALTH SYSTEM - MANKATO,1025 MARSH STREET,MANKATO,MN,56001,27013,44.164548462838,-93.986395140605,Yes
9679,1154715647,Maribeth,Pomerantz,,Hospital,220046,BERKSHIRE MEDICAL CENTER INC - 1,725 NORTH STREET,PITTSFIELD,MA,01201,25003,42.459209502755,-73.248548775577,Yes
CNM05010,1154755692,Jennifer,Travis,,Hospital,310014,COOPER UNIVERSITY HOSPITAL,1 COOPER PLAZA,CAMDEN,NJ,08103,34007,39.940853839241,-75.11577395674,Yes
CNM06609,1154937571,Laurel,O'Neal,,Hospital,040016,UAMS MEDICAL CENTER,4301 WEST MARKHAM STREET MAIL SLOT 612,LITTLE ROCK,AR,72205,05119,34.751480553129,-92.319954476248,Yes
CNM05500,1154980910,Darlis,Sunderland,,Hospital,390048,GEISINGER-LEWISTOWN HOSPITAL,400 HIGHLAND AVENUE,LEWISTOWN,PA,17044,42087,40.597668374623,-77.574607470813,Yes
8168,1164422762,Cynthia Marie,Stallings,,Hospital,390110,CONEMAUGH MEMORIAL MEDICAL CENTER,1086 FRANKLIN STREET,JOHNSTOWN,PA,15905,42021,40.305886647864,-78.917391138438,Yes
11042,1164473062,Beth Lauren,Gosbee,,Hospital,220029,ANNA JAQUES HOSPITAL,25 HIGHLAND AVENUE,NEWBURYPORT,MA,01950,25009,42.814651127726,-70.890393308951,Yes
10036,1164483962,Karen C,O'Day,,Hospital,320002,CHRISTUS ST VINCENT REGIONAL MEDICAL CENTER,455 ST MICHAEL'S DRIVE,SANTA FE,NM,87505,35049,35.658987097283,-105.945664162722,Yes
7332,1164484671,Michelle Lynn,Grove,,Hospital,360137,UH CLEVELAND MEDICAL CENTER,11100 EUCLID AVENUE,CLEVELAND,OH,44106,39035,41.506590328946,-81.608004588239,Yes
7332,1164484671,Michelle Lynn,Grove,,Hospital,360145,UNIVERSITY HOSPITALS - ELYRIA MEDICAL CENTER,630 EAST RIVER STREET,ELYRIA,OH,44035,39093,41.366692164663,-82.097912206504,Yes
CM0029,1164499760,Ivonne,Dabovich,,Hospital,330014,JAMAICA HOSPITAL MEDICAL CENTER,89TH AVENUE AND VAN WYCK EXPRESSWAY,JAMAICA,NY,11418,36081,40.701402739208,-73.816311112936,Yes
12511,1164609400,Bjarni,Thomas,,Hospital,200050,NORTHERN LIGHT MAINE COAST HOSPITAL,50 UNION STREET,ELLSWORTH,ME,04605,23009,44.547147040439,-68.415358901468,Yes
12511,1164609400,Bjarni,Thomas,,Hospital,201311,DOWN EAST COMMUNITY HOSPITAL,11 HOSPITAL DRIVE,MACHIAS,ME,04654,23029,44.713977004734,-67.475851516927,Yes
12366,1164610564,Kristen,Bunch,,Hospital,150051,IU HEALTH BLOOMINGTON HOSPITAL,2651 EAST DISCOVERY PARKWAY,BLOOMINGTON,IN,47408,18105,39.177625686479,-86.502762756545,Yes
11901,1164663902,Michelle,Longa Karpin,,Hospital,050232,,,,,,,,,No
11901,1164663902,Michelle,Longa Karpin,,Hospital,050107,MARIAN REGIONAL MEDICAL CENTER,1400 E CHURCH ST,SANTA MARIA,CA,93454,06083,34.952035881956,-120.41459704214,Yes
CNM0105,1164735056,Melissa,Weise,,Hospital,521315,MAYO CLINIC HEALTH SYSTEM-NORTHLAND,1222 E WOODLAND AVE,BARRON,WI,54812,55005,45.398186487501,-91.840200789901,Yes
CNM0105,1164735056,Melissa,Weise,,Hospital,520070,MAYO CLINIC HEALTH SYSTEM IN EAU CLAIRE,1221 WHIPPLE ST,EAU CLAIRE,WI,54703,55035,44.812800020358,-91.5123100353,Yes
CNM0926,1164777389,Nicole,Killman,,Hospital,340115,FIRSTHEALTH MOORE REGIONAL HOSPITAL,155 MEMORIAL DRIVE,PINEHURST,NC,28374,37125,35.205920248513,-79.458771027643,Yes
CNM1245,1164869806,Maggie,Kuch,,Hospital,410010,WOMEN & INFANTS HOSPITAL OF RHODE ISLAND,101 DUDLEY STREET,PROVIDENCE,RI,02905,44007,41.810276961686,-71.411298380038,Yes
CNM05086,1164905659,Samantha,Aabel,,Hospital,240030,ALOMERE HEALTH,111 17TH AVENUE EAST,ALEXANDRIA,MN,56308,27041,45.872698327961,-95.37632588686,Yes
CNM05282,1164994976,Emily,Thrower,,Hospital,231338,COREWELL HEALTH GERBER HOSPITAL,212 S SULLIVAN ST,FREMONT,MI,49412,26123,43.465155211859,-85.950652887316,Yes
CNM07080,1164997235,Danielle,Bremer,,Hospital,230041,MCLAREN BAY REGION,1900 COLUMBUS AVE,BAY CITY,MI,48708,26017,43.589371881134,-83.870396194654,Yes
CNM04457,1174033401,Kristi,Allison,,Hospital,160067,MERCYONE WATERLOO MEDICAL CENTER,3421 WEST NINTH STREET,WATERLOO,IA,50702,19013,42.464327311448,-92.345038755728,Yes
CNM04172,1174046536,Jessica,Hurwitz,,Hospital,500060,CASCADE VALLEY HOSPITAL,330 S STILLAGUAMISH AVE,ARLINGTON,WA,98223,53061,48.191156591199,-122.117627774674,Yes
CNM03944,1174067870,Martina,Chwascinska-Szarek,,Hospital,050008,,,,,,,,,No
CM00212,1174081848,Elisa,Weatherbee,,Hospital,310005,HUNTERDON MEDICAL CENTER,2100 WESCOTT DRIVE,FLEMINGTON,NJ,08822,34019,40.531155292896,-74.858511142951,Yes
CNM09406,1174094346,Alayna,Spratley,,Hospital,360180,CLEVELAND CLINIC,9500 EUCLID AVENUE,CLEVELAND,OH,44195,39035,41.503346094361,-81.622884159903,Yes
CNM05634,1174170948,Jessica,Kepple,,Hospital,160067,MERCYONE WATERLOO MEDICAL CENTER,3421 WEST NINTH STREET,WATERLOO,IA,50702,19013,42.464327311448,-92.345038755728,Yes
CNM08567,1174212864,Griffin,Bennett,,Hospital,450610,MEMORIAL HERMANN MEMORIAL CITY MEDICAL CENTER,921 GESSNER,HOUSTON,TX,77024,48201,29.780118017494,-95.54455202819,Yes
CNM08567,1174212864,Griffin,Bennett,,Hospital,450054,BAYLOR SCOTT & WHITE MEDICAL  CENTER - TEMPLE,2401 S  31ST ST,TEMPLE,TX,76508,48027,31.0786865406,-97.365900190373,Yes
CNM07354,1174281000,Stephanie,Braden,,Hospital,360259,BAY PARK COMMUNITY HOSPITAL,2801 BAY PARK DRIVE,OREGON,OH,43616,39095,41.619580235857,-83.479991596092,Yes
CNM07450,1174288245,Maria Fernanda,Escamilla Encinas,,Hospital,140242,NORTHWESTERN MEDICINE CENTRAL DUPAGE HOSPITAL,25 NORTH WINFIELD ROAD,WINFIELD,IL,60190,17043,41.873814208374,-88.155649671404,Yes
CNM07450,1174288245,Maria Fernanda,Escamilla Encinas,,Hospital,140231,EDWARD HOSPITAL,801 SOUTH WASHINGTON,NAPERVILLE,IL,60540,17043,41.761372599913,-88.149215431062,Yes
CNM09722,1174341564,Bailey,Stephens,,Hospital,260183,SAINT FRANCIS MEDICAL CENTER,211 ST FRANCIS DR,CAPE GIRARDEAU,MO,63703,29031,37.302258307108,-89.571852521098,Yes
11567,1174503577,Jennifer,Janke,,Hospital,350070,ESSENTIA HEALTH FARGO,3000 32ND AVE SOUTH,FARGO,ND,58104,38017,46.832455617747,-96.826431940857,Yes
9062,1174547053,Renee M.,Bates,,Hospital,230038,COREWELL HEALTH GRAND RAPIDS HOSPITALS BUTTERWORTH,100 MICHIGAN ST NE,GRAND RAPIDS,MI,49503,26081,42.970453602185,-85.666460017654,Yes
11229,1174617310,Sara Jane,Hake,,Hospital,460009,UNIVERSITY OF UTAH HOSPITAL AND CLINICS,50 NORTH MEDICAL DRIVE,SALT LAKE CITY,UT,84132,49035,40.768884612099,-111.837491944828,Yes
12864,1174774301,Veronica,Blair,,Hospital,460060,LONE PEAK HOSPITAL,11925 SOUTH STATE STREET,DRAPER,UT,84020,49035,40.534299980876,-111.89138849676,Yes
10372,1174799118,Michele Rose,Carlson,,Hospital,360051,MIAMI VALLEY HOSPITAL,ONE WYOMING STREET,DAYTON,OH,45409,39113,39.743779712848,-84.187419991756,Yes
CNM0623,1174803910,Melissa,Burkhardt,,Hospital,360051,MIAMI VALLEY HOSPITAL,ONE WYOMING STREET,DAYTON,OH,45409,39113,39.743779712848,-84.187419991756,Yes
CNM07164,1174807614,Muna,Abdi,,Hospital,240053,PARK NICOLLET METHODIST HOSPITAL,6500 EXCELSIOR BLVD,SAINT LOUIS PARK,MN,55426,27053,44.927104316424,-93.361393505045,Yes
CNM0262,1174824874,Brandi,Boone,,Hospital,230017,BRONSON METHODIST HOSPITAL,601 JOHN STREET,KALAMAZOO,MI,49007,26077,42.286154661725,-85.581267522405,Yes
CNM0633,1174891238,Keeley,McNamara,,Hospital,330267,HUDSON VALLEY HOSPITAL CENTER,1980 CROMPOND ROAD,CORTLANDT MANOR,NY,10567,36119,41.291447199115,-73.892001247379,Yes
CNM1554,1174956460,Jodie,Baker,,Hospital,450007,PETERSON REGIONAL MEDICAL CENTER,551 HILL COUNTRY DRIVE,KERRVILLE,TX,78028,48265,30.04341393243,-99.150825269039,Yes
CNM1018,1174966923,Patricia,Swagart,,Hospital,030084,CHINLE COMPREHENSIVE HEALTH CARE FACILITY,"US HWY 191, HOSPITAL ROAD",CHINLE,AZ,86503,04001,36.176658397139,-109.589024529706,Yes
10760,1174970925,Shel,Swanson,,Hospital,070022,YALE-NEW HAVEN HOSPITAL,20 YORK ST,NEW HAVEN,CT,06504,09009,41.30334916715,-72.93614177983,Yes
CNM03668,1174976856,Lydia,Dominic,,Hospital,340091,CONE HEALTH,1200 N ELM ST,GREENSBORO,NC,27401,37081,36.091027589023,-79.788737928703,Yes
CNM2751,1174992127,Stephanie,Gordon,,Hospital,140032,ST ANTHONYS MEMORIAL HOSPITAL,503 N MAPLE STREET,EFFINGHAM,IL,62401,17049,39.125802870166,-88.549314918456,Yes
CNM04187,1184145641,Nicole,Olshanski,,Hospital,360064,MH ST ELIZABETH YOUNGSTOWN HOSPITAL,1044 BELMONT AVENUE,YOUNGSTOWN,OH,44501,39099,41.11521687158,-80.656139674057,Yes
CNM03718,1184161440,Leah,Rashidyan,,Hospital,060024,UNIVERSITY OF COLORADO HOSPITAL AUTHORITY,12605 E 16TH AVE,AURORA,CO,80045,08001,39.741422007578,-104.842052672788,Yes
CNM03692,1184177370,Darrah,Steingraber,,Hospital,240080,FAIRVIEW HOSPITAL UNIVERSITY,2450 RIVERSIDE AVENUE,MINNEAPOLIS,MN,55454,27053,44.96587793412,-93.236887767098,Yes
CNM06060,1184257701,Nathalie,McConnell,,Hospital,070002,SAINT FRANCIS HOSPITAL & MEDICAL CENTER,114 WOODLAND STREET & 500 BLUE HILLS AVENUE,HARTFORD,CT,06105,09003,41.774882341683,-72.699461816494,Yes
CNM07168,1184393951,Kristin,Cohen,,Hospital,310027,TRINITAS REGIONAL MEDICAL CENTER,225 WILLIAMSON STREET,ELIZABETH,NJ,07207,34039,40.659767268841,-74.214457047876,Yes
CNM09460,1184457137,Melissa,Zahorsky,,Hospital,360137,UH CLEVELAND MEDICAL CENTER,11100 EUCLID AVENUE,CLEVELAND,OH,44106,39035,41.506590328946,-81.608004588239,Yes
CNM09473,1184461030,Alexis,Otteson,,Hospital,241329,LAKEWOOD HEALTH SYSTEM,49725 COUNTY ROAD 83,STAPLES,MN,56479,27153,46.351511438597,-94.74854845946,Yes
CNM09364,1184472557,Abigail,Storto,,Hospital,160089,OTTUMWA REGIONAL HEALTH CENTER,1001 E PENNSYLVANIA,OTTUMWA,IA,52501,19179,41.027540958583,-92.390426506041,Yes
CNM09231,1184486177,Christine,Meche,,Hospital,070033,DANBURY HOSPITAL,24 HOSPITAL AVE,DANBURY,CT,06810,09001,41.406170840493,-73.44600973779,Yes
CNM09231,1184486177,Christine,Meche,,Hospital,070034,NORWALK HOSPITAL,24 STEVENS STREET,NORWALK,CT,06856,09001,41.110686663624,-73.420483924479,Yes
9210,1184644106,Amy Benner,Willetts,,Hospital,140281,NORTHWESTERN MEMORIAL HOSPITAL,251 E HURON ST,CHICAGO,IL,60611,17031,41.894944133154,-87.6215156415,Yes
10369,1184673816,Laura,Lyons,,Hospital,330074,F F THOMPSON HOSPITAL,350 PARRISH STREET,CANANDAIGUA,NY,14424,36069,42.87493223763,-77.290065937658,Yes
10409,1184701518,Sheila Anne,Geen,,Hospital,330285,STRONG MEMORIAL HOSPITAL,601 ELMWOOD AVE,ROCHESTER,NY,14642,36055,43.124314838433,-77.624774427005,Yes
10409,1184701518,Sheila Anne,Geen,,Hospital,330164,HIGHLAND HOSPITAL,1000 SOUTH AVENUE,ROCHESTER,NY,14617,36055,43.135220069877,-77.607644430179,Yes
8054,1184729147,Sherilyn Donnice,Gibbs,,Hospital,390030,LEHIGH VALLEY HOSPITAL-SCHUYLKILL,420 SOUTH JACKSON STREET,POTTSVILLE,PA,17901,42107,40.683710194053,-76.188706240113,Yes
CNM0952,1184967630,Natasha,McCoy,,Hospital,360159,ADENA REGIONAL MEDICAL CENTER,272 HOSPITAL ROAD,CHILLICOTHE,OH,45601,39141,39.395241125992,-82.97038222295,Yes
CNM0952,1184967630,Natasha,McCoy,,Hospital,361334,,,,,,,,,No
CNM0976,1184978025,Jennifer,Hirchert,,Hospital,420004,MUSC MEDICAL CENTER,169 ASHLEY AVE,CHARLESTON,SC,29425,45019,32.784956585415,-79.946428192164,Yes
CNM0092,1194039669,Michelle,Jackowski,,Hospital,140200,ELMHURST MEMORIAL HOSPITAL,155 EAST BRUSH HILL ROAD,ELMHURST,IL,60126,17043,41.861676378924,-87.935022708854,Yes
CNM0995,1194078329,Mary,Carpenter,,Hospital,200063,MAINEHEALTH PEN BAY HOSPITAL,6 GLEN COVE DRIVE,ROCKPORT,ME,04856,23013,44.144569385195,-69.083540073913,Yes
CNM2592,1194198077,Emily,duBois Hollander,,Hospital,460009,UNIVERSITY OF UTAH HOSPITAL AND CLINICS,50 NORTH MEDICAL DRIVE,SALT LAKE CITY,UT,84132,49035,40.768884612099,-111.837491944828,Yes
CNM04907,1194217547,Susan,Hensley,,Hospital,440073,MAURY REGIONAL HOSPITAL,1224 TROTWOOD AVE,COLUMBIA,TN,38401,47119,35.607304272186,-87.064266263086,Yes
CNM3602,1194272088,Natalie,Kukucka,,Hospital,390110,CONEMAUGH MEMORIAL MEDICAL CENTER,1086 FRANKLIN STREET,JOHNSTOWN,PA,15905,42021,40.305886647864,-78.917391138438,Yes
CNM05298,1194280321,Cynthia,Jefferson,,Hospital,360054,HOLZER MEDICAL CENTER,100 JACKSON PIKE,GALLIPOLIS,OH,45631,39053,38.844445731338,-82.236670883556,Yes
CNM06446,1194337378,Sureyya,Stone,,Hospital,320021,PRESBYTERIAN HOSPITAL,1100 CENTRAL AVENUE SE,ALBUQUERQUE,NM,87106,35001,35.082314106333,-106.634945215281,Yes
CNM05743,1194372060,Lisa,Cirigliano,,Hospital,330101,NEW YORK-PRESBYTERIAN HOSPITAL,525 EAST 68TH STREET,NEW YORK,NY,10065,36061,40.764254134268,-73.955379234616,Yes
CNM08651,1194404988,Trinity,Mugo,,Hospital,500058,KADLEC REGIONAL MEDICAL CENTER,888 SWIFT BLVD,RICHLAND,WA,99352,53005,46.280490434476,-119.282774894174,Yes
CNM09305,1194572966,Tess,Garland,,Hospital,340040,ECU HEALTH MEDICAL CENTER,2100 STANTONSBURG RD,GREENVILLE,NC,27834,37147,35.605893896058,-77.400915976211,Yes
9687,1194718171,Darla Rae,Baker,,Hospital,360079,KETTERING HEALTH MAIN CAMPUS,3535 SOUTHERN BOULEVARD,KETTERING,OH,45429,39113,39.698578940865,-84.190529886387,Yes
9687,1194718171,Darla Rae,Baker,,Hospital,360239,,,,,,,,,No
9687,1194718171,Darla Rae,Baker,,Hospital,360133,,,,,,,,,No
9687,1194718171,Darla Rae,Baker,,Hospital,360360,SOIN MEDICAL CENTER,3535 PENTAGON PARK BLVD,BEAVER CREEK,OH,45431,39057,39.772399470103,-84.065202770421,Yes
CNM07278,1194766915,Amy Miller,Lowell,,Hospital,360059,METROHEALTH SYSTEM,2500 METROHEALTH DRIVE,CLEVELAND,OH,44109,39035,41.462337444205,-81.699030046175,Yes
8781,1194773630,Kellann,Gaines-El Hunter,,Hospital,360180,CLEVELAND CLINIC,9500 EUCLID AVENUE,CLEVELAND,OH,44195,39035,41.503346094361,-81.622884159903,Yes
9148,1194835009,Caroline Laprise,Lasewicz,,Hospital,300023,EXETER HOSPITAL INC,5 ALUMNI DRIVE,EXETER,NH,03833,33015,42.983607106263,-70.934717659584,Yes
10633,1194908830,Johanna Kate,Rizzardini,,Hospital,220024,HOLYOKE MEDICAL CENTER,575 BEECH STREET,HOLYOKE,MA,01040,25013,42.199379857645,-72.628560357418,Yes
5129,1194911586,Cathie Fuller,Miller,,Hospital,070031,GRIFFIN HOSPITAL,130 DIVISION ST,DERBY,CT,06418,09009,41.335054347913,-73.089168655262,Yes
10966,1205005873,Melissa Lynn,Santillana,,Hospital,050121,ADVENTIST HEALTH HANFORD,115 MALL DRIVE,HANFORD,CA,93230,06031,36.323854912223,-119.667384484628,Yes
8629,1205034683,Nancy,Leport,,Hospital,221300,MARTHA'S VINEYARD HOSPITAL INC,"ONE HOSPITAL ROAD, FIRST FL, WING 5,  PO BOX 1477",OAK BLUFFS,MA,02557,25007,41.460381194679,-70.580848620397,Yes
11472,1205058377,Deena,Parsons,,Hospital,360179,BETHESDA NORTH,10500 MONTGOMERY ROAD,CINCINNATI,OH,45242,39061,39.252002502031,-84.343902665543,Yes
CNM05097,1205140761,Allison,Harr,,Hospital,231333,ASPIRUS IRONWOOD HOSPITAL,N10561 GRAND VIEW LANE,IRONWOOD,MI,49938,26053,46.481900879095,-90.105661521572,Yes
CNM05097,1205140761,Allison,Harr,,Hospital,231318,,,,,,,,,No
CNM0482,1205182722,Erin,Smith,,Hospital,110079,,,,,,,,,No
CNM2952,1205200516,Beth,Davison,,Hospital,140034,SSM HEALTH ST MARY'S HOSPITAL -CENTRALIA,400 NORTH PLEASANT AVENUE,CENTRALIA,IL,62801,17121,38.529004039508,-89.116093216708,Yes
CNM2329,1205212776,Anna,Cherry,,Hospital,110079,,,,,,,,,No
CNM04935,1205243144,Kristina,Smouse,,Hospital,390145,INDEPENDENCE HEALTH SYSTEM WESTMORELAND HOSPITAL,532 WEST PITTSBURGH STREET,GREENSBURG,PA,15601,42129,40.301120878657,-79.55510891771,Yes
CNM1553,1205264835,Amelia,Baisden,,Hospital,500108,ST JOSEPH MEDICAL CENTER,1717 SOUTH J STREET,TACOMA,WA,98405,53053,47.245774538846,-122.448751865126,Yes
CNM1224,1205272481,Nicole,Dishong,,Hospital,240080,FAIRVIEW HOSPITAL UNIVERSITY,2450 RIVERSIDE AVENUE,MINNEAPOLIS,MN,55454,27053,44.96587793412,-93.236887767098,Yes
CNM3365,1205289717,Ciara,Thomson-Barnett,,Hospital,380047,ST CHARLES BEND CAMPUS,2500 NE NEFF ROAD,BEND,OR,97701,41017,44.065788782196,-121.273794786855,Yes
CNM05037,1205303203,Heather,O'Meara,,Hospital,060024,UNIVERSITY OF COLORADO HOSPITAL AUTHORITY,12605 E 16TH AVE,AURORA,CO,80045,08001,39.741422007578,-104.842052672788,Yes
CNM05778,1205467487,Danette,Foster,,Hospital,460030,ASHLEY REGIONAL MEDICAL CENTER,150 WEST 100 NORTH,VERNAL,UT,84078,49047,40.457174819894,-109.531368638349,Yes
CNM05670,1205472313,Stephanie,Cox,,Hospital,110079,,,,,,,,,No
CNM08173,1205552965,Reba,Harward,,Hospital,511321,"ST JOSEPH'S HOSPITAL OF BUCKHANNON, INC",1 AMALIA DRIVE,BUCKHANNON,WV,26201,54097,38.991283330069,-80.23676715843,Yes
CNM09802,1205583812,Krista,Burckhardt,,Hospital,501339,WHIDBEYHEALTH MEDICAL CENTER,101 NORTH MAIN STREET,COUPEVILLE,WA,98239,53029,48.214184187079,-122.686028601288,Yes
8509,1205839313,Donna Jean,Augustine,,Hospital,360270,,,,,,,,,No
11613,1205868809,Willow,Moryan,,Hospital,300003,MARY HITCHCOCK MEMORIAL HOSPITAL,1 MEDICAL CENTER DRIVE,LEBANON,NH,03756,33009,43.677249456344,-72.273984009411,Yes
11613,1205868809,Willow,Moryan,,Hospital,301308,VALLEY REGIONAL HOSPITAL,243 ELM STREET,CLAREMONT,NH,03743,33019,43.390047685028,-72.340697529406,Yes
10934,1205915790,Alison,North,,Hospital,500008,UNIVERSITY OF WASHINGTON MEDICAL CTR,1959 NE PACIFIC ST  BOX 356151,SEATTLE,WA,98195,53033,47.6506691806,-122.308013571265,Yes
12010,1205988516,Lucy,Wilson,,Hospital,300005,CONCORD HOSPITAL- LACONIA,80 HIGHLAND ST,LACONIA,NH,03246,33001,43.527887445235,-71.460904781489,Yes
11893,1215037163,Chance Rene,Galindo,,Hospital,060024,UNIVERSITY OF COLORADO HOSPITAL AUTHORITY,12605 E 16TH AVE,AURORA,CO,80045,08001,39.741422007578,-104.842052672788,Yes
9216,1215080510,Mary Egan,Byars,,Hospital,190036,OCHSNER MEDICAL CENTER,1516 JEFFERSON HWY,NEW ORLEANS,LA,70121,22051,29.962584716651,-90.144513534961,Yes
12483,1215136817,Rachel,Johanson,,Hospital,410010,WOMEN & INFANTS HOSPITAL OF RHODE ISLAND,101 DUDLEY STREET,PROVIDENCE,RI,02905,44007,41.810276961686,-71.411298380038,Yes
12483,1215136817,Rachel,Johanson,,Hospital,410009,KENT COUNTY MEMORIAL HOSPITAL,455 TOLL GATE RD,WARWICK,RI,02886,44003,41.704628145854,-71.478101034213,Yes
12483,1215136817,Rachel,Johanson,,Hospital,410012,,,,,,,,,No
12483,1215136817,Rachel,Johanson,,Hospital,410007,,,,,,,,,No
11920,1215153168,Lisa,Blake,,Hospital,430098,PINE RIDGE IHS HOSPITAL,EAST HIGHWAY 18,PINE RIDGE,SD,57770,46102,43.122209045786,-102.653449955855,Yes
CNM1082,1215285614,Carlie,Yearsley,,Hospital,460047,ST MARK'S HOSPITAL,1200 EAST 3900 SOUTH,SALT LAKE CITY,UT,84124,49035,40.686992672703,-111.85705840439,Yes
CNM2701,1215310099,Nina,Harris,,Hospital,470001,CENTRAL VERMONT MEDICAL CENTER,130 FISHER ROAD,BERLIN,VT,05641,50023,44.219201519017,-72.560661620144,Yes
CNM1982,1215345806,Delilah,Jaeger,,Hospital,460015,INTERMOUNTAIN HEALTH LOGAN REGIONAL HOSPITAL,1400 NORTH 500 EAST,LOGAN,UT,84341,49005,41.756951971946,-111.821185944488,Yes
CNM1548,1215369434,Courtney,Witulski,,Hospital,230036,MYMICHIGAN MEDICAL CENTER ALPENA,1501 W CHISHOLM ST,ALPENA,MI,49707,26007,45.075617857474,-83.449214835417,Yes
CNM3025,1215392246,Sarah,Monson,,Hospital,240006,OLMSTED MEDICAL CENTER,1650 FOURTH STREET SOUTHEAST,ROCHESTER,MN,55904,27109,44.020237115323,-92.441451000309,Yes
CNM2874,1215392576,Lisa,Grossman,,Hospital,140223,ADVOCATE LUTHERAN GENERAL HOSPITAL,1775 DEMPSTER ST,PARK RIDGE,IL,60068,17031,42.038478833641,-87.847579106618,Yes
CNM04493,1215445572,Sunny,Granger,,Hospital,210037,UNIVERSITY OF MD SHORE MEDICAL CENTER AT EASTON,219 SOUTH  WASHINGTON STREET,EASTON,MD,21601,24041,38.77007407558,-76.075924054205,Yes
CNM04336,1215454475,Karen,Gould,,Hospital,220033,BEVERLY HOSPITAL CORPORATION,85 HERRICK STREET,BEVERLY,MA,01915,25009,42.565088407552,-70.877182990522,Yes
CNM06530,1215551023,Miriam,Alvarez,,Hospital,030013,YUMA REGIONAL MEDICAL CENTER,2400 SOUTH AVENUE A,YUMA,AZ,85364,04027,32.683895925582,-114.633325546527,Yes
CNM06207,1215561105,Bailey,Padilla,,Hospital,501312,PROSSER MEMORIAL HOSPITAL,723 MEMORIAL STREET,PROSSER,WA,99350,53005,46.208965590699,-119.763646050646,Yes
CNM06229,1215562509,Nicole,Weiss,,Hospital,021308,NORTON SOUND REGIONAL HOSPITAL,1000 GREG KRUSCHEK AVENUE (P O BOX 966),NOME,AK,99762,02180,64.499500018777,-165.378399978102,Yes
CNM05717,1215596820,Deanna,Hart,,Hospital,230053,HENRY FORD HEALTH HOSPITAL,2799 W GRAND BLVD,DETROIT,MI,48202,26163,42.366931017945,-83.082686737197,Yes
CNM09507,1215606066,Justine,Johnson,,Hospital,240093,MAYO CLINIC HEALTH SYSTEM - MANKATO,1025 MARSH STREET,MANKATO,MN,56001,27013,44.164548462838,-93.986395140605,Yes
CNM07855,1215656616,Wendy,Schwochow,,Hospital,360137,UH CLEVELAND MEDICAL CENTER,11100 EUCLID AVENUE,CLEVELAND,OH,44106,39035,41.506590328946,-81.608004588239,Yes
CNM09227,1215786645,Jennifer,DuFour,,Hospital,060024,UNIVERSITY OF COLORADO HOSPITAL AUTHORITY,12605 E 16TH AVE,AURORA,CO,80045,08001,39.741422007578,-104.842052672788,Yes
CNM10177,1215820741,Amber,Reidt,,Hospital,240044,WINONA HEALTH SERVICES,855 MANKATO AVENUE,WINONA,MN,55987,27169,44.031909121771,-91.622452351997,Yes
10215,1215918289,Brandie Lynn,Porter,,Hospital,300019,CHESHIRE MEDICAL CENTER,580 COURT STREET,KEENE,NH,03431,33005,42.949226806759,-72.289966036326,Yes
5963,1215950191,Victoria Lynn,Stetson,,Hospital,320001,UNM HOSPITAL,2211 LOMAS BOULEVARD NE,ALBUQUERQUE,NM,87106,35001,35.087533717784,-106.616416872478,Yes
11746,1225007404,Ronda Lynn,Williamson,,Hospital,130049,KOOTENAI HEALTH,2003 KOOTENAI HEALTH WAY,COEUR D'ALENE,ID,83814,16055,47.695641875125,-116.794242503491,Yes
11157,1225038078,Deanna Christine,Pilkenton,,Hospital,220029,ANNA JAQUES HOSPITAL,25 HIGHLAND AVENUE,NEWBURYPORT,MA,01950,25009,42.814651127726,-70.890393308951,Yes
9645,1225039944,Cindy Lynn,Stokes,,Hospital,450571,SHANNON MEDICAL CENTER,120 E HARRIS AVE.,SAN ANGELO,TX,76903,48451,31.464520226486002,-100.435161187022,Yes
CNM1029,1225260920,Lynnette,Davis,,Hospital,140067,SAINT FRANCIS MEDICAL CENTER,530 NE GLEN OAK AVE,PEORIA,IL,61637,17143,40.702117371729,-89.59116554187,Yes
CNM0696,1225310097,Kristina,Neal,,Hospital,210009,"JOHNS HOPKINS HOSPITAL, THE",600 NORTH  WOLFE STREET,BALTIMORE,MD,21287,24510,39.296923066038,-76.590856781226,Yes
CNM1203,1225474364,Jessica,Schock,,Hospital,330074,F F THOMPSON HOSPITAL,350 PARRISH STREET,CANANDAIGUA,NY,14424,36069,42.87493223763,-77.290065937658,Yes
CNM05140,1225512239,Qin,Huang,,Hospital,360006,RIVERSIDE METHODIST HOSPITAL,3535 OLENTANGY RIVER RD,COLUMBUS,OH,43214,39049,40.031813579084,-83.031224568678,Yes
CNM05140,1225512239,Qin,Huang,,Hospital,360011,MARION GENERAL HOSPITAL,1000 MCKINLEY PARK DRIVE,MARION,OH,43302,39101,40.572096852146,-83.129788283207,Yes
CNM3447,1225587462,Catherine,Ruell,,Hospital,220077,BAYSTATE MEDICAL CENTER,759 CHESTNUT STREET,SPRINGFIELD,MA,01199,25013,42.119023347188,-72.604094352769,Yes
CNM05576,1225682495,Michelle,Mills,,Hospital,220015,"COOLEY DICKINSON HOSPITAL INC,THE",30 LOCUST STREET,NORTHAMPTON,MA,01060,25015,42.33297142863,-72.657998986865,Yes
CNM08358,1225735095,Brooke,Houck,,Hospital,370020,MERCY HOSPITAL ADA,430 NORTH MONTE VISTA,ADA,OK,74820,40123,34.776979589124,-96.634686630365,Yes
CNM07893,1225759921,Erika,Kelley,,Hospital,520095,SAUK PRAIRIE HOSPITAL,260 26TH STREET,PRAIRIE DU SAC,WI,53578,55111,43.286905686039,-89.753528251198,Yes
CNM07658,1225783129,Kelley,Richardson,,Hospital,090011,MEDSTAR WASHINGTON HOSPITAL CENTER,110 IRVING STREET NW,WASHINGTON,DC,20010,11001,38.931118708734,-77.012565000222,Yes
CNM07508,1225785504,Paulathena,Stone,,Hospital,330399,ST BARNABAS HOSPITAL,4422 THIRD AVENUE,BRONX,NY,10457,36005,40.853567241769,-73.891327356672,Yes
CNM07631,1225786486,Naomi,Yoder,,Hospital,390256,MILTON S HERSHEY MEDICAL CENTER,500 UNIVERSITY DRIVE,HERSHEY,PA,17033,42043,40.263750017743,-76.674839964451,Yes
CNM07443,1225796774,Vicky,Barlow,,Hospital,010033,UNIVERSITY OF ALABAMA HOSPITAL,619 SOUTH 19TH STREET,BIRMINGHAM,AL,35233,01073,33.506123544499,-86.801832411474,Yes
11156,1235114406,Erin Leigh,Monberg,,Hospital,200063,MAINEHEALTH PEN BAY HOSPITAL,6 GLEN COVE DRIVE,ROCKPORT,ME,04856,23013,44.144569385195,-69.083540073913,Yes
5698,1235193293,Margaret Ann,Reither,,Hospital,340040,ECU HEALTH MEDICAL CENTER,2100 STANTONSBURG RD,GREENVILLE,NC,27834,37147,35.605893896058,-77.400915976211,Yes
5148,1235238023,Sarah G.,Najamy,,Hospital,070010,BRIDGEPORT HOSPITAL,267 GRANT STREET,BRIDGEPORT,CT,06610,09001,41.188841391218,-73.16569150231,Yes
8611,1235239955,Julie,Feinland,,Hospital,220015,"COOLEY DICKINSON HOSPITAL INC,THE",30 LOCUST STREET,NORTHAMPTON,MA,01060,25015,42.33297142863,-72.657998986865,Yes
8611,1235239955,Julie,Feinland,,Hospital,220066,MERCY MEDICAL CTR,271 CAREW STREET,SPRINGFIELD,MA,01104,25013,42.11665547048,-72.595142058207,Yes
13056,1235360322,Deann,Barnard,,Hospital,280020,CHI HEALTH ST ELIZABETH,555 SOUTH 70TH ST,LINCOLN,NE,68510,31109,40.808011842232,-96.625271330016,Yes
CNM0671,1235422551,Erica,Krause,,Hospital,360068,TOLEDO HOSPITAL THE,2142 NORTH COVE BOULEVARD,TOLEDO,OH,43606,39095,41.671472522382,-83.594058795479,Yes
CNM0791,1235482043,Courtney,Steer-Massaro,,Hospital,360137,UH CLEVELAND MEDICAL CENTER,11100 EUCLID AVENUE,CLEVELAND,OH,44106,39035,41.506590328946,-81.608004588239,Yes
CNM0924,1235491028,Judi,Halbach,,Hospital,161347,FLOYD COUNTY MEDICAL CENTER,800 11TH ST,CHARLES CITY,IA,50616,19067,43.052595962082,-92.682570571822,Yes
CNM2711,1235515719,Stephanie,Levy,,Hospital,320002,CHRISTUS ST VINCENT REGIONAL MEDICAL CENTER,455 ST MICHAEL'S DRIVE,SANTA FE,NM,87505,35049,35.658987097283,-105.945664162722,Yes
CNM05169,1235610924,Jamie,Karek,,Hospital,230230,UNIVERSITY OF MICHIGAN HEALTH-SPARROW LANSING,1215 E MICHIGAN AVENUE,LANSING,MI,48912,26065,42.733646012574,-84.53543878916,Yes
CNM04719,1235637414,Elizabeth,Bonadies,,Hospital,500033,SAMARITAN HOSPITAL,801 EAST WHEELER ROAD,MOSES LAKE,WA,98837,53025,47.131036651048,-119.265424760663,Yes
CNM03986,1235697806,Hannah,Murphy,,Hospital,460009,UNIVERSITY OF UTAH HOSPITAL AND CLINICS,50 NORTH MEDICAL DRIVE,SALT LAKE CITY,UT,84132,49035,40.768884612099,-111.837491944828,Yes
CNM07861,1235871641,Shari,Tartaglia,,Hospital,310086,JEFFERSON STRATFORD HOSPITAL,18 EAST LAUREL ROAD,STRATFORD,NJ,08084,34007,39.827680842996,-75.00946187667,Yes
CNM09579,1235968538,Inga,Runstrom,,Hospital,020026,ALASKA NATIVE MEDICAL CENTER,4315 DIPLOMACY DR,ANCHORAGE,AK,99508,02020,61.181937924928,-149.802878332413,Yes
12122,1245248871,Shawn,Dague,,Hospital,100177,CAPE CANAVERAL HOSPITAL,701 W COCOA BEACH CAUSEWAY,COCOA BEACH,FL,32932,12009,28.357814431632,-80.635330377433,Yes
12122,1245248871,Shawn,Dague,,Hospital,100291,,,,,,,,,No
12122,1245248871,Shawn,Dague,,Hospital,100028,PARRISH MEDICAL CENTER,951 N WASHINGTON AVE,TITUSVILLE,FL,32796,12009,28.628167855032,-80.824308755057,Yes
11327,1245259134,Karen Ann,Sullivan,,Hospital,200009,MAINEHEALTH MAINE MEDICAL CENTER,22 BRAMHALL ST,PORTLAND,ME,04102,23005,43.652656846963,-70.27463605441,Yes
CM0125,1245524230,Marsha,Fils-Aime,,Hospital,330014,JAMAICA HOSPITAL MEDICAL CENTER,89TH AVENUE AND VAN WYCK EXPRESSWAY,JAMAICA,NY,11418,36081,40.701402739208,-73.816311112936,Yes
CNM1912,1245657774,Stephanie,Ehland,,Hospital,390265,JEFFERSON HOSPITAL,565 COAL VALLEY ROAD,JEFFERSON HILLS,PA,15025,42003,40.31965630446,-79.933747275276,Yes
5431,1245676881,Margianna S.,Toms,,Home health agency,217101,,,,,,,,,No
5431,1245676881,Margianna S.,Toms,,Hospice,211526,,,,,,,,,No
CNM04435,1245741628,Hope,Mitchell,,Hospital,230081,MUNSON HEALTHCARE CADILLAC HOSPITAL,400 HOBART ST,CADILLAC,MI,49601,26165,44.246139903783,-85.390431823352,Yes
CNM04456,1245744432,Michelle,Olson Hutchins,,Hospital,391319,WARREN GENERAL HOSPITAL,2 CRESCENT PARK WEST,WARREN,PA,16365,42123,41.842845926682,-79.156708234494,Yes
CNM04456,1245744432,Michelle,Olson Hutchins,,Hospital,390146,,,,,,,,,No
CNM07131,1245803519,Christina,Dykas,,Hospital,070002,SAINT FRANCIS HOSPITAL & MEDICAL CENTER,114 WOODLAND STREET & 500 BLUE HILLS AVENUE,HARTFORD,CT,06105,09003,41.774882341683,-72.699461816494,Yes
CNM06801,1245822352,Caroline,Regelous,,Hospital,220002,MOUNT AUBURN HOSPITAL,330 MOUNT AUBURN STREET,CAMBRIDGE,MA,02138,25017,42.374801064511,-71.133140203692,Yes
CM00230,1245825157,Rudgie,Fadael-Correa,,Hospital,330233,BROOKDALE HOSPITAL MEDICAL CENTER,1 BROOKDALE PLAZA,BROOKLYN,NY,11212,36047,40.655241724883,-73.912205473149,Yes
CNM06393,1245859966,Holly,Thomason French,,Hospital,500129,TACOMA GENERAL ALLENMORE HOSPITAL,315 S MLK JR WAY,TACOMA,WA,98405,53053,47.26005107199,-122.453465117279,Yes
CNM08619,1255021002,Elisabeth,Walker Frederick,,Hospital,200063,MAINEHEALTH PEN BAY HOSPITAL,6 GLEN COVE DRIVE,ROCKPORT,ME,04856,23013,44.144569385195,-69.083540073913,Yes
CNM08400,1255027355,Anne,Riggs,,Hospital,210009,"JOHNS HOPKINS HOSPITAL, THE",600 NORTH  WOLFE STREET,BALTIMORE,MD,21287,24510,39.296923066038,-76.590856781226,Yes
CNM08299,1255047221,Laura,Myers,,Hospital,171380,NEOSHO MEMORIAL REGIONAL MEDICAL CENTER,629 SOUTH PLUMMER AVE,CHANUTE,KS,66720,20133,37.675641494493,-95.470972171713,Yes
CNM08957,1255112686,Katrina,Dowdy,,Hospital,320006,EASTERN NEW MEXICO MEDICAL CENTER,405 W COUNTRY CLUB ROAD,ROSWELL,NM,88201,35005,33.423349512279,-104.5275257115,Yes
CNM08957,1255112686,Katrina,Dowdy,,Hospital,320086,LOVELACE REGIONAL HOSPITAL - ROSWELL,117 EAST 19TH STREET,ROSWELL,NM,88201,35005,33.416016801185,-104.520907828582,Yes
CNM09518,1255173126,Krysta,Junkins,,Hospital,360068,TOLEDO HOSPITAL THE,2142 NORTH COVE BOULEVARD,TOLEDO,OH,43606,39095,41.671472522382,-83.594058795479,Yes
CNM09327,1255196572,Madison,Kilby,,Hospital,180048,EPHRAIM MCDOWELL REGIONAL MEDICAL CENTER,217 SOUTH THIRD STREET,DANVILLE,KY,40422,21021,37.644092643425,-84.772687234617,Yes
CNM10184,1255227153,Caitlin,Murphy,,Hospital,330013,ALBANY MEDICAL CENTER HOSPITAL,"43 NEW SCOTLAND AVENUE, MAIL CODE 34",ALBANY,NY,12208,36001,42.652795789867,-73.780932037131,Yes
12808,1255345278,Melissa,Courtney,,Hospital,150069,NORTON-KING'S DAUGHTERS' HEALTH,1373 EAST SR 62,MADISON,IN,47250,18077,38.789243408084,-85.365104247816,Yes
8518,1255357794,Theresa Kay,Starr,,Hospital,230059,TRINITY HEALTH GRAND RAPIDS HOSPITAL,200 JEFFERSON AVENUE SE,GRAND RAPIDS,MI,49503,26081,42.959437300483,-85.664034935767,Yes
12773,1255369468,Stephanie,Olscamp,,Hospital,130049,KOOTENAI HEALTH,2003 KOOTENAI HEALTH WAY,COEUR D'ALENE,ID,83814,16055,47.695641875125,-116.794242503491,Yes
11505,1255379020,Erica,Fullerton,,Hospital,220163,,,,,,,,,No
12072,1255489571,Andrea,Corry,,Hospital,050025,UC SAN DIEGO HEALTH HILLCREST - HILLCREST MED CTR,200 WEST ARBOR DRIVE,SAN DIEGO,CA,92103,06073,32.753806885101,-117.16555134175,Yes
9357,1255532081,Lisa Rae,Sisk,,Hospital,340021,ATRIUM HEALTH CLEVELAND,201 E GROVER ST,SHELBY,NC,28150,37045,35.301570211585,-81.536521775728,Yes
12761,1255589305,Chiemi,Ura,,Hospital,110079,,,,,,,,,No
CNM0107,1255634614,Melinda,Murphy,,Hospital,190011,OCHSNER LSU HEALTH MONROE,4864 JACKSON STREET,MONROE,LA,71202,22073,32.45188238574,-92.105728557157,Yes
CNM0078,1255645552,Melissa,Conard,,Hospital,171330,HOSPITAL DISTRICT #1 OF RICE COUNTY,619 SOUTH CLARK AVENUE,LYONS,KS,67554,20159,38.341777458389,-98.216211952728,Yes
CNM1112,1255681110,Julie,Bache,,Hospital,210023,"LUMINIS HEALTH ANNE ARUNDEL MEDICAL CENTER, INC",2001 MEDICAL PARKWAY,ANNAPOLIS,MD,21401,24003,38.990332219561,-76.534787210116,Yes
CNM2011,1255730438,Dorothea,HumannZacharias,,Hospital,050047,CALIFORNIA PACIFIC MEDICAL CENTER- VAN NESS CAMPUS,1101 VAN NESS AVENUE,SAN FRANCISCO,CA,94109,06075,37.785722521397,-122.421553777424,Yes
CNM1673,1255767653,Lisa,Pontious,,Hospital,040016,UAMS MEDICAL CENTER,4301 WEST MARKHAM STREET MAIL SLOT 612,LITTLE ROCK,AR,72205,05119,34.751480553129,-92.319954476248,Yes
CNM03960,1255875472,Stacy,Hendershott,,Hospital,100007,ADVENTHEALTH ORLANDO,601 E ROLLINS ST,ORLANDO,FL,32803,12095,28.574160423062,-81.371166110449,Yes
CNM09595,1255942017,Mary,Kendt,,Hospital,330203,CROUSE HOSPITAL,736 IRVING AVENUE,SYRACUSE,NY,13210,36067,43.041878519486,-76.137929238503,Yes
CNM09595,1255942017,Mary,Kendt,,Hospital,330241,UNIVERSITY HOSPITAL S U N Y HEALTH SCIENCE CENTER,750 EAST ADAMS STREET,SYRACUSE,NY,13210,36067,43.042623087691,-76.139812052316,Yes
CNM05824,1255983904,Ireli,Hernandez,,Hospital,380018,ASANTE ROGUE REGIONAL MEDICAL CENTER,2825 E BARNETT ROAD,MEDFORD,OR,97504,41029,42.316537518203,-122.830049005947,Yes
CNM06217,1265042824,MaDora,Mogensen,,Hospital,330140,ST JOSEPH'S HOSPITAL HEALTH CENTER,301 PROSPECT AVENUE,SYRACUSE,NY,13203,36067,43.055148533131,-76.148914180421,Yes
CNM06387,1265057277,Emily,Butcher,,Hospital,320021,PRESBYTERIAN HOSPITAL,1100 CENTRAL AVENUE SE,ALBUQUERQUE,NM,87106,35001,35.082314106333,-106.634945215281,Yes
CNM08563,1265128342,Summer,Seastrand,,Hospital,210028,MEDSTAR SAINT MARY'S HOSPITAL,25500 POINT LOOKOUT ROAD,LEONARDTOWN,MD,20650,24037,38.297562901603,-76.636313687925,Yes
CNM07747,1265177604,Darian,Curren,,Hospital,360011,MARION GENERAL HOSPITAL,1000 MCKINLEY PARK DRIVE,MARION,OH,43302,39101,40.572096852146,-83.129788283207,Yes
CNM07660,1265189807,Emily,Turvy,,Hospital,360086,MERCY HEALTH - SPRINGFIELD REGIONAL MEDICAL CENTER,100 MEDICAL CENTER DRIVE,SPRINGFIELD,OH,45504,39023,39.928740016152,-83.81640997893,Yes
CNM06681,1265199384,Kelsee,Tharp,,Hospital,230035,COREWELL HEALTH UNITED HOSPITAL,615 S BOWER STREET,GREENVILLE,MI,48838,26117,43.175118751407,-85.26880143899,Yes
CNM08812,1265216568,Thy,Tran,,Hospital,500108,ST JOSEPH MEDICAL CENTER,1717 SOUTH J STREET,TACOMA,WA,98405,53053,47.245774538846,-122.448751865126,Yes
11169,1265435671,Anita,Baker-Ross,,Hospital,440130,BAPTIST MEMORIAL HOSPITAL UNION CITY,"1201 BISHOP ST, PO BOX 310",UNION CITY,TN,38261,47131,36.414791076082,-89.044758768231,Yes
9141,1265506000,Helene Florence,Reusser,,Hospital,130006,ST LUKE'S REGIONAL MEDICAL CENTER,190 EAST BANNOCK STREET,BOISE,ID,83712,16001,43.612499975583,-116.192697355045,Yes
10221,1265533491,Elham,Salehimanesh,,Hospital,330009,BRONXCARE HOSPITAL CENTER,1276 FULTON AVENUE,BRONX,NY,10456,36005,40.831750948172,-73.903663249774,Yes
11389,1265538920,Terrah Ann,Stroda,,Hospital,170074,"STORMONT VAIL HEALTH FLINT HILLS, LLC",1102 ST MARY'S ROAD,JUNCTION CITY,KS,66441,20061,39.013713191657,-96.850046382662,Yes
8793,1265585467,Amy Priez,Linn,,Hospital,190015,"NORTH OAKS MEDICAL CENTER, L L C",15790 PAUL VEGA MD DRIVE,HAMMOND,LA,70403,22105,30.465109991126,-90.461109993263,Yes
11995,1265590426,Kathryn Anne,Calvillo,,Hospital,340069,WAKEMED,3000 NEW BERN AVE,RALEIGH,NC,27610,37183,35.785823354335,-78.589299660504,Yes
13318,1265756696,Lisa,Gowan,,Hospital,010049,MEDICAL CENTER ENTERPRISE,400 N EDWARDS STREET,ENTERPRISE,AL,36330,01031,31.31814838853,-85.855189811095,Yes
CNM0984,1265797674,Laura,Motyl,,Hospital,220077,BAYSTATE MEDICAL CENTER,759 CHESTNUT STREET,SPRINGFIELD,MA,01199,25013,42.119023347188,-72.604094352769,Yes
CNM2049,1265840086,Anna,Keshishyan,,Hospital,220036,BOSTON MEDICAL CENTER-BRIGHTON,"736 CAMBRIDGE STREET, NEVINS BUILDING",BRIGHTON,MA,02135,25025,42.349966444065,-71.14746096573,Yes
CNM04176,1265942940,Aynsley,Briggs,,Hospital,500016,CONFLUENCE HEALTH HOSPITAL,1201 S MILLER STREET,WENATCHEE,WA,98807,53007,47.438681583073,-120.324787477061,Yes
CNM04119,1265966634,Tayler,Johnston,,Hospital,440002,JACKSON-MADISON COUNTY GENERAL HOSPITAL,620 SKYLINE DRIVE,JACKSON,TN,38301,47113,35.639501229758,-88.832893322739,Yes
CNM04318,1275044539,Charlotte,Cusano,,Hospital,070022,YALE-NEW HAVEN HOSPITAL,20 YORK ST,NEW HAVEN,CT,06504,09009,41.30334916715,-72.93614177983,Yes
CNM07000,1275117228,Jennifer,Hermiller,,Hospital,360009,,,,,,,,,No
CNM06391,1275143463,Jasmine,Johnson,,Hospital,210009,"JOHNS HOPKINS HOSPITAL, THE",600 NORTH  WOLFE STREET,BALTIMORE,MD,21287,24510,39.296923066038,-76.590856781226,Yes
CNM06391,1275143463,Jasmine,Johnson,,Hospital,210029,JOHNS HOPKINS BAYVIEW MEDICAL CENTER,4940 EASTERN AVENUE,BALTIMORE,MD,21224,24510,39.287196939833,-76.554695204625,Yes
CNM07172,1275284721,Lisa,Vagi,,Hospital,360145,UNIVERSITY HOSPITALS - ELYRIA MEDICAL CENTER,630 EAST RIVER STREET,ELYRIA,OH,44035,39093,41.366692164663,-82.097912206504,Yes
8005,1275508632,Trisha Lynn,Farrell,,Hospital,230085,BRONSON SOUTH HAVEN HOSPITAL,955 S BAILEY AVE,SOUTH HAVEN,MI,49090,26159,42.390079270602,-86.264011441392,Yes
8756,1275532947,Kelly Ann,Goldenberg,,Hospital,330222,SARATOGA HOSPITAL,211 CHURCH STREET,SARATOGA SPRINGS,NY,12866,36091,43.08484472551,-73.796214643615,Yes
9165,1275693061,Julie Wells,Denney,,Hospital,330023,VASSAR BROTHERS MEDICAL CENTER,45 READE PLACE,POUGHKEEPSIE,NY,12601,36027,41.694453108145,-73.935305515207,Yes
9165,1275693061,Julie Wells,Denney,,Hospital,330224,HEALTHALLIANCE HOSPITAL MARYS AVENUE CAMPUS,105 MARY'S AVENUE,KINGSTON,NY,12401,36111,41.92255323499,-73.999563339331,Yes
9165,1275693061,Julie Wells,Denney,,Hospital,330049,NORTHERN DUTCHESS HOSPITAL,6511 SPRINGBROOK AVENUE,RHINEBECK,NY,12572,36027,41.937600763058,-73.909132036328,Yes
10509,1275705576,Amy,Rosenthal,,Hospital,330056,BROOKLYN HOSPITAL CENTER - DOWNTOWN CAMPUS,121 DEKALB AVENUE,BROOKLYN,NY,11201,36047,40.689645721451,-73.972208920166,Yes
10869,1275748584,Karen Parrish,Huey,,Hospital,341318,VIDANT CHOWAN HOSPITAL,211 VIRGINIA RD,EDENTON,NC,27932,37041,36.071144161179,-76.609663259927,Yes
10869,1275748584,Karen Parrish,Huey,,Hospital,340109,SENTARA ALBEMARLE MEDICAL CENTER,3050 HALSTEAD BLVD EXT,ELIZABETH CITY,NC,27909,37139,36.298235938427,-76.255817676155,Yes
10869,1275748584,Karen Parrish,Huey,,Hospital,341304,,,,,,,,,No
9609,1275834095,Cosima Sophie-Martine,Lux,,Hospital,060024,UNIVERSITY OF COLORADO HOSPITAL AUTHORITY,12605 E 16TH AVE,AURORA,CO,80045,08001,39.741422007578,-104.842052672788,Yes
13138,1275860728,Adi,Lazary-Dagan,,Hospital,210037,UNIVERSITY OF MD SHORE MEDICAL CENTER AT EASTON,219 SOUTH  WASHINGTON STREET,EASTON,MD,21601,24041,38.77007407558,-76.075924054205,Yes
CNM0977,1275881385,Dana,Hoffman,,Hospital,140012,OSF SAINT KATHARINE MEDICAL CENTER,403 E 1ST ST,DIXON,IL,61021,17103,41.844346842655,-89.479864477655,Yes
CNM1807,1285056895,Ashli,Randolph,,Hospital,440059,COOKEVILLE REGIONAL MEDICAL CENTER,1 MEDICAL CENTER BOULEVARD,COOKEVILLE,TN,38501,47141,36.170117030562,-85.509457256364,Yes
CNM04549,1285133454,Emily,Martinie,,Hospital,500108,ST JOSEPH MEDICAL CENTER,1717 SOUTH J STREET,TACOMA,WA,98405,53053,47.245774538846,-122.448751865126,Yes
CNM04562,1285135459,Ciara,Shank,,Hospital,390067,UPMC PINNACLE HOSPITALS,409 SOUTH SECOND STREET,HARRISBURG,PA,17104,42043,40.256594233372,-76.875844981098,Yes
CNM3271,1285146076,Connie,Van Baah,,Hospital,490005,WINCHESTER MEDICAL CENTER,1840 AMHERST ST,WINCHESTER,VA,22601,51840,39.191742780336,-78.191190220146,Yes
CNM07242,1285209114,Marlena Ashley,Springstubb,,Hospital,220016,BAYSTATE FRANKLIN MEDICAL CENTER,164 HIGH STREET,GREENFIELD,MA,01301,25011,42.596200672938,-72.590706470831,Yes
CNM06454,1285250654,Taneisha,Blair,,Hospital,180029,HAZARD ARH REGIONAL MEDICAL CENTER,100 MEDICAL CENTER DRIVE,HAZARD,KY,41701,21193,37.277756547882,-83.227525691344,Yes
CNM08077,1285358853,Summer,Hepler,,Hospital,510002,"CAMC GREENBRIER VALLEY MEDICAL CENTER, INC",1320 MAPLEWOOD AVENUE,RONCEVERTE,WV,24970,54025,37.772141597128,-80.469135693662,Yes
CNM08915,1285416594,Sarah,Flick,,Hospital,390073,UPMC ALTOONA,620 HOWARD AVENUE,ALTOONA,PA,16601,42013,40.521436956959,-78.397987516844,Yes
CNM08915,1285416594,Sarah,Flick,,Hospital,390117,,,,,,,,,No
CNM09861,1285425272,Taylor,Fry,,Hospital,520057,SSM HEALTH ST CLARE HOSPITAL - BARABOO,707 14TH ST,BARABOO,WI,53913,55111,43.48065024085,-89.731339565635,Yes
CNM09692,1285454280,Paige,Williams,,Hospital,360180,CLEVELAND CLINIC,9500 EUCLID AVENUE,CLEVELAND,OH,44195,39035,41.503346094361,-81.622884159903,Yes
7869,1285626556,Tammy Marie Morar,Daugherty,,Hospital,360276,,,,,,,,,No
7869,1285626556,Tammy Marie Morar,Daugherty,,Hospital,360064,MH ST ELIZABETH YOUNGSTOWN HOSPITAL,1044 BELMONT AVENUE,YOUNGSTOWN,OH,44501,39099,41.11521687158,-80.656139674057,Yes
11962,1285628834,Sherrie,Doss,,Hospital,490110,,,,,,,,,No
9126,1285690560,Lisa Michelle,Hobbs,,Hospital,320030,,,,,,,,,No
9126,1285690560,Lisa Michelle,Hobbs,,Hospital,320063,CARLSBAD MEDICAL CENTER,2430 WEST PIERCE STREET,CARLSBAD,NM,88220,35015,32.441935990838,-104.258674886435,Yes
10017,1285690933,Linda L,Johnston,,Hospital,330250,THE UNIVERSITY OF VERMONT HEALTH NETWORK  - CHAMPL,75 BEEKMAN STREET,PLATTSBURGH,NY,12901,36019,44.700063137793,-73.466718402565,Yes
10017,1285690933,Linda L,Johnston,,Hospital,331321,,,,,,,,,No
11660,1285698555,Jacqualine,Terrill Cooke,,Hospital,380071,WILLAMETTE VALLEY MEDICAL CENTER,2700 SE STRATUS AVE.,MCMINNVILLE,OR,97128,41071,45.199460985698,-123.164665858804,Yes
11660,1285698555,Jacqualine,Terrill Cooke,,Hospital,380037,PROVIDENCE NEWBERG MEDICAL CENTER,1001 PROVIDENCE DRIVE,NEWBERG,OR,97132,41071,45.307231526157,-122.934031545388,Yes
5742,1285853549,Gladys E.,Christophe,,Hospital,330350,SUNY HEALTH SCIENCE CENTER AT BROOKLYN UNIVERSITY,445 LENOX ROAD,BROOKLYN,NY,11203,36047,40.654457883967,-73.946244670269,Yes
5421,1285864868,Elizabeth,Uzzle,,Hospital,340109,SENTARA ALBEMARLE MEDICAL CENTER,3050 HALSTEAD BLVD EXT,ELIZABETH CITY,NC,27909,37139,36.298235938427,-76.255817676155,Yes
9182,1285950147,Cecelia Anne,Rondou,,Hospital,050174,PROVIDENCE SANTA ROSA MEMORIAL HOSPITAL,1165 MONTGOMERY DR,SANTA ROSA,CA,95405,06097,38.442882682139,-122.702107604969,Yes
13175,1285961805,Jacqueline,Cleland,,Hospital,360218,LICKING MEMORIAL HOSPITAL,1320 WEST MAIN STREET,NEWARK,OH,43055,39089,40.046661083663,-82.451707644988,Yes
CNM2571,1295117166,Kathryn,Duerr,,Hospital,240044,WINONA HEALTH SERVICES,855 MANKATO AVENUE,WINONA,MN,55987,27169,44.031909121771,-91.622452351997,Yes
CNM1894,1295157618,Katherine,Raker,,Hospital,390006,GEISINGER MEDICAL CENTER,100 NORTH ACADEMY AVENUE,DANVILLE,PA,17822,42093,40.968387146288,-76.6014114709,Yes
CNM1688,1295177756,Brenda,Bartkowiak,,Hospital,100044,CLEVELAND CLINIC MARTIN NORTH HOSPITAL,200 SE HOSPITAL AVE,STUART,FL,34994,12085,27.19900795794,-80.243088883421,Yes
CNM06444,1295321040,Danielle,Salazar,,Hospital,030078,PHOENIX INDIAN MEDICAL CENTER,4212 NORTH 16TH STREET,PHOENIX,AZ,85016,04013,33.496722617782,-112.047671091174,Yes
CNM06055,1295364362,Whitney,Hudak,,Hospital,410010,WOMEN & INFANTS HOSPITAL OF RHODE ISLAND,101 DUDLEY STREET,PROVIDENCE,RI,02905,44007,41.810276961686,-71.411298380038,Yes
CNM08688,1295411296,Najma,Ibrahim,,Hospital,360180,CLEVELAND CLINIC,9500 EUCLID AVENUE,CLEVELAND,OH,44195,39035,41.503346094361,-81.622884159903,Yes
CNM08282,1295433274,Anya,Krause,,Hospital,410010,WOMEN & INFANTS HOSPITAL OF RHODE ISLAND,101 DUDLEY STREET,PROVIDENCE,RI,02905,44007,41.810276961686,-71.411298380038,Yes
CNM07775,1295466738,Casey,Calloway,,Hospital,490059,BON SECOURS ST MARYS HOSPITAL,5801 BREMO RD,RICHMOND,VA,23226,51087,37.584632137389,-77.512885061179,Yes
CNM07117,1295488724,Nioly,Wilkinson,,Hospital,340030,DUKE UNIVERSITY HOSPITAL,2301  ERWIN RD,DURHAM,NC,27705,37063,36.008132137992,-78.937378879789,Yes
CNM09241,1295521037,Robyn,Lee,,Hospital,051324,NORTHERN INYO HOSPITAL,150 PIONEER LANE,BISHOP,CA,93514,06027,37.362246916534,-118.407261021381,Yes
CNM09808,1295544732,Christine,Reever,,Hospital,490059,BON SECOURS ST MARYS HOSPITAL,5801 BREMO RD,RICHMOND,VA,23226,51087,37.584632137389,-77.512885061179,Yes
CNM09368,1295571420,Amanda,Napper,,Hospital,030064,BANNER - UNIVERSITY MEDICAL CENTER TUCSON CAMPUS,1625 NORTH CAMPBELL AVENUE,TUCSON,AZ,85719,04019,32.241945290065,-110.944065029893,Yes
CNM09949,1295593226,Lacie,Driscol,,Hospital,140233,SAINT ANTHONY MEDICAL CENTER,5666 EAST STATE STREET,ROCKFORD,IL,61108,17201,42.266092932024,-89.005889795672,Yes
CNM09949,1295593226,Lacie,Driscol,,Hospital,140067,SAINT FRANCIS MEDICAL CENTER,530 NE GLEN OAK AVE,PEORIA,IL,61637,17143,40.702117371729,-89.59116554187,Yes
CNM10107,1295615938,Allison,Giniel,,Hospital,230053,HENRY FORD HEALTH HOSPITAL,2799 W GRAND BLVD,DETROIT,MI,48202,26163,42.366931017945,-83.082686737197,Yes
6734,1295708774,Susan Elizabeth,Dougherty,,Hospital,330005,KALEIDA HEALTH,100 HIGH STREET,BUFFALO,NY,14210,36029,42.900396853485,-78.866755694431,Yes
6734,1295708774,Susan Elizabeth,Dougherty,,Hospital,330103,OLEAN GENERAL HOSPITAL,515 MAIN STREET,OLEAN,NY,14760,36009,42.089824048968,-78.426889170272,Yes
6075,1295728566,Kathleen A VanTassel,Lavery,,Hospital,230092,HENRY FORD HEALTH JACKSON HOSPITAL,205 N EAST AVE,JACKSON,MI,49201,26075,42.250649614245,-84.393660357777,Yes
9013,1295775823,Robin G.,Knapp,,Hospital,330013,ALBANY MEDICAL CENTER HOSPITAL,"43 NEW SCOTLAND AVENUE, MAIL CODE 34",ALBANY,NY,12208,36001,42.652795789867,-73.780932037131,Yes
5426,1295776003,Amy Louise,Zechella,,Hospital,100040,ASCENSION ST VINCENT'S RIVERSIDE,1 SHIRCLIFF WAY,JACKSONVILLE,FL,32204,12031,30.307897338787,-81.689954503295,Yes
5426,1295776003,Amy Louise,Zechella,,Hospital,100088,BAPTIST MEDICAL CENTER JACKSONVILLE,800 PRUDENTIAL DR,JACKSONVILLE,FL,32207,12031,30.316221753217,-81.664349952477,Yes
6592,1295788446,Laura Ann,O'Shea,,Hospital,330136,MARY IMOGENE BASSETT HOSPITAL,ONE ATWELL ROAD,COOPERSTOWN,NY,13326,36077,42.69610879283,-74.924046528492,Yes
CM0004,1295790020,Jenna,Smith Stout,,Hospital,330049,NORTHERN DUTCHESS HOSPITAL,6511 SPRINGBROOK AVENUE,RHINEBECK,NY,12572,36027,41.937600763058,-73.909132036328,Yes
5775,1295833598,Nicole Anne,Rouhana,,Hospital,330394,"UNITED HEALTH SERVICES HOSPITALS, INC",10-42 MITCHELL AVENUE,BINGHAMTON,NY,13903,36007,42.084492079068,-75.914056811649,Yes
5775,1295833598,Nicole Anne,Rouhana,,Hospital,330011,"OUR LADY OF LOURDES MEMORIAL HOSPITAL, INC",169 RIVERSIDE DRIVE,BINGHAMTON,NY,13905,36007,42.093006371704,-75.937133107173,Yes
11462,1295838399,Melanie,Daugherty,,Hospital,070021,WINDHAM COMM MEM HOSP & HATCH HOSP,112 MANSFIELD AVENUE,WILLIMANTIC,CT,06226,09015,41.717158645824,-72.223938303774,Yes
11462,1295838399,Melanie,Daugherty,,Hospital,070025,HARTFORD HOSPITAL,80 SEYMOUR STREET,HARTFORD,CT,06102,09003,41.753898285654,-72.680679557458,Yes
11462,1295838399,Melanie,Daugherty,,Hospital,070035,"HOSPITAL OF CENTRAL CONNECTICUT, THE",100 GRAND STREET,NEW BRITAIN,CT,06050,09003,41.662056596451,-72.785389397826,Yes
13080,1295966398,Beth,Redden,,Hospital,510022,CHARLESTON AREA MEDICAL CENTER,501 MORRIS STREET,CHARLESTON,WV,25301,54039,38.347296200145,-81.626034159788,Yes
12695,1295985828,Gretchen,Jenkins,,Home health agency,157423,,,,,,,,,No
12695,1295985828,Gretchen,Jenkins,,Hospital,150045,,,,,,,,,No
12695,1295985828,Gretchen,Jenkins,,Hospital,150021,PARKVIEW REGIONAL MEDICAL CENTER,11109 PARKVIEW PLAZA DRIVE,FORT WAYNE,IN,46845,18003,41.186305982201,-85.099239074255,Yes
12695,1295985828,Gretchen,Jenkins,,Hospital,150146,PARKVIEW NOBLE HOSPITAL,401 SAWYER RD,KENDALLVILLE,IN,46755,18113,41.448506397324,-85.295102198093,Yes
12394,1306043906,Bethanie,Delaney,,Hospital,190128,WOMANS HOSPITAL,100 WOMAN'S WAY,BATON ROUGE,LA,70817,22033,30.38488653771,-91.037767616453,Yes
CNM09757,1306124011,Jessica,Lewis-Caporal,,Hospital,330023,VASSAR BROTHERS MEDICAL CENTER,45 READE PLACE,POUGHKEEPSIE,NY,12601,36027,41.694453108145,-73.935305515207,Yes
8010,1306154976,Christine M.,Kulle,,Hospital,050380,GOOD SAMARITAN HOSPITAL,2425 SAMARITAN DRIVE,SAN JOSE,CA,95124,06085,37.251167415836,-121.945463600708,Yes
CNM3303,1306299243,Amanda,Poorman,,Hospital,360040,KNOX COMMUNITY HOSPITAL,1330 COSHOCTON ROAD,MOUNT VERNON,OH,43050,39083,40.401747931696,-82.449366181243,Yes
CNM06669,1306305396,Julia,Goldin,,Hospital,050008,,,,,,,,,No
CNM06669,1306305396,Julia,Goldin,,Hospital,050488,EDEN MEDICAL CENTER,20103 LAKE CHABOT ROAD,CASTRO VALLEY,CA,94546,06001,37.697909972881,-122.08730923439,Yes
CNM05153,1306309125,Lisa,Smith,,Hospital,190011,OCHSNER LSU HEALTH MONROE,4864 JACKSON STREET,MONROE,LA,71202,22073,32.45188238574,-92.105728557157,Yes
CNM05465,1306310313,Carey,Groendal,,Hospital,231339,COREWELL HEALTH PENNOCK HOSPITAL,1009 W GREEN ST,HASTINGS,MI,49058,26015,42.644326590591,-85.301971990834,Yes
CNM04221,1306368394,Mirianellys,Roque,,Hospital,100281,MEMORIAL HOSPITAL WEST,703 N FLAMINGO RD,PEMBROKE PINES,FL,33028,12011,26.013020000427,-80.310800010483,Yes
CNM04221,1306368394,Mirianellys,Roque,,Hospital,100230,MEMORIAL HOSPITAL PEMBROKE,7800 SHERIDAN ST,PEMBROKE PINES,FL,33024,12011,26.029686283334,-80.245641525949,Yes
CNM3338,1306384813,Hannah,Reinker,,Hospital,230053,HENRY FORD HEALTH HOSPITAL,2799 W GRAND BLVD,DETROIT,MI,48202,26163,42.366931017945,-83.082686737197,Yes
CNM07318,1306462908,Julie,Fuller,,Hospital,230092,HENRY FORD HEALTH JACKSON HOSPITAL,205 N EAST AVE,JACKSON,MI,49201,26075,42.250649614245,-84.393660357777,Yes
CNM03875,1306489950,Stephanie,Conn,,Hospital,140242,NORTHWESTERN MEDICINE CENTRAL DUPAGE HOSPITAL,25 NORTH WINFIELD ROAD,WINFIELD,IL,60190,17043,41.873814208374,-88.155649671404,Yes
CNM03875,1306489950,Stephanie,Conn,,Hospital,140223,ADVOCATE LUTHERAN GENERAL HOSPITAL,1775 DEMPSTER ST,PARK RIDGE,IL,60068,17031,42.038478833641,-87.847579106618,Yes
CNM07742,1306579883,Rebecca,Taylor,,Hospital,140067,SAINT FRANCIS MEDICAL CENTER,530 NE GLEN OAK AVE,PEORIA,IL,61637,17143,40.702117371729,-89.59116554187,Yes
CNM09438,1306684121,Suzanna,Teague,,Hospital,370180,CHICKASAW NATION MEDICAL CENTER,1921 STONECIPHER BLVD,ADA,OK,74820,40123,34.736876895132,-96.6473176158,Yes
10862,1306801253,Corrie,Henry,,Hospital,100168,,,,,,,,,No
11754,1306826524,Jami Lavada Lee,Maddox,,Hospital,440130,BAPTIST MEMORIAL HOSPITAL UNION CITY,"1201 BISHOP ST, PO BOX 310",UNION CITY,TN,38261,47131,36.414791076082,-89.044758768231,Yes
8885,1306919030,Lisa Ann,Bishop,,Hospital,320001,UNM HOSPITAL,2211 LOMAS BOULEVARD NE,ALBUQUERQUE,NM,87106,35001,35.087533717784,-106.616416872478,Yes
7087,1306962121,Danielle,Kraessig,,Hospital,140150,UNIVERSITY OF ILLINOIS HOSPITAL AND CLINICS,1740 WEST TAYLOR ST SUITE 1400,CHICAGO,IL,60612,17031,41.869260590015,-87.670709386776,Yes
11062,1316066343,Amy Beth,Newman,,Hospital,330106,NORTH SHORE UNIVERSITY HOSPITAL,300 COMMUNITY DRIVE,MANHASSET,NY,11030,36059,40.776195413916,-73.702965680507,Yes
10197,1316072572,Olga Alexandra,Libova,,Hospital,050197,SEQUOIA HOSPITAL,170 ALAMEDA DE LAS PULGAS,REDWOOD CITY,CA,94062,06081,37.480004219096,-122.254405339367,Yes
10197,1316072572,Olga Alexandra,Libova,,Hospital,050308,EL CAMINO HEALTH,2500 GRANT ROAD,MOUNTAIN VIEW,CA,94040,06085,37.369210761628,-122.07797789954,Yes
12877,1316186570,Christine,Morales,,Hospital,380051,SALEM HOSPITAL,"890 OAK STREET, SE",SALEM,OR,97301,41047,44.932973282519,-123.033641062249,Yes
CNM0596,1316228265,Larissa,Juberg,,Hospital,321305,,,,,,,,,No
CNM0246,1316242423,Allison,Manko,,Hospital,140010,ENDEAVOR HEALTH CLINICAL OPERATIONS,2650 RIDGE AVE,EVANSTON,IL,60201,17031,42.06600934932,-87.683197273735,Yes
CNM0266,1316248875,Valerie,Martin,,Hospital,161302,IOWA SPECIALTY HOSPITAL - CLARION,1316 SOUTH MAIN STREET,CLARION,IA,50525,19197,42.721346912824004,-93.73271239721,Yes
CNM1943,1316322829,Melindia,Mann,,Hospital,210029,JOHNS HOPKINS BAYVIEW MEDICAL CENTER,4940 EASTERN AVENUE,BALTIMORE,MD,21224,24510,39.287196939833,-76.554695204625,Yes
CNM2790,1316323512,Katherine,Gleason,,Hospital,330103,OLEAN GENERAL HOSPITAL,515 MAIN STREET,OLEAN,NY,14760,36009,42.089824048968,-78.426889170272,Yes
CNM2516,1316330863,Corinna,Gilkey,,Hospital,470001,CENTRAL VERMONT MEDICAL CENTER,130 FISHER ROAD,BERLIN,VT,05641,50023,44.219201519017,-72.560661620144,Yes
CNM2157,1316342215,Julie,Leung,,Hospital,140150,UNIVERSITY OF ILLINOIS HOSPITAL AND CLINICS,1740 WEST TAYLOR ST SUITE 1400,CHICAGO,IL,60612,17031,41.869260590015,-87.670709386776,Yes
CNM1763,1316347594,Megan,Furnish,,Hospital,170068,SOUTHWEST MEDICAL CENTER,315 WEST 15TH STREET,LIBERAL,KS,67905,20175,37.054257018708,-100.925698838624,Yes
11758,1316373665,Kimberly,Drakes,,Hospital,070002,SAINT FRANCIS HOSPITAL & MEDICAL CENTER,114 WOODLAND STREET & 500 BLUE HILLS AVENUE,HARTFORD,CT,06105,09003,41.774882341683,-72.699461816494,Yes
CNM1432,1316377880,Christine,Pereira,,Hospital,220074,"SOUTHCOAST HOSPITAL GROUP, INC",363 HIGHLAND AVENUE,FALL RIVER,MA,02720,25005,41.710495654624,-71.146278931404,Yes
CNM04728,1316452352,Stacy,Purcell,,Hospital,500033,SAMARITAN HOSPITAL,801 EAST WHEELER ROAD,MOSES LAKE,WA,98837,53025,47.131036651048,-119.265424760663,Yes
CNM07116,1316669781,Paige,Alvarado,,Hospital,260017,PHELPS HEALTH,1000 W 10TH ST,ROLLA,MO,65401,29161,37.951484359409,-91.786210587859,Yes
CNM09924,1316738677,Chelsey,Roberts,,Hospital,260137,FREEMAN HEALTH SYSTEM - FREEMAN WEST,1102 WEST 32ND STREET,JOPLIN,MO,64804,29097,37.055145325856,-94.524079491753,Yes
CNM09501,1316762537,Brooke,Young,,Hospital,370180,CHICKASAW NATION MEDICAL CENTER,1921 STONECIPHER BLVD,ADA,OK,74820,40123,34.736876895132,-96.6473176158,Yes
CNM09394,1316789977,Lauren,Carriker,,Hospital,340115,FIRSTHEALTH MOORE REGIONAL HOSPITAL,155 MEMORIAL DRIVE,PINEHURST,NC,28374,37125,35.205920248513,-79.458771027643,Yes
8567,1316901390,Sharon Leann Beatrice,Hendricks,,Hospital,501332,,,,,,,,,No
8567,1316901390,Sharon Leann Beatrice,Hendricks,,Hospital,061300,,,,,,,,,No
8567,1316901390,Sharon Leann Beatrice,Hendricks,,Hospital,061321,,,,,,,,,No
8567,1316901390,Sharon Leann Beatrice,Hendricks,,Hospital,450399,,,,,,,,,No
8648,1316989379,Lisa Marie,Aubin,,Hospital,220001,HEALTH ALLIANCE - CLINTON HOSPITAL,60 HOSPITAL ROAD,LEOMINSTER,MA,01453,25027,42.541517982243,-71.762910756508,Yes
8648,1316989379,Lisa Marie,Aubin,,Hospital,220163,,,,,,,,,No
9729,1326011875,Tamara Lynne,Jessiman,,Hospital,220002,MOUNT AUBURN HOSPITAL,330 MOUNT AUBURN STREET,CAMBRIDGE,MA,02138,25017,42.374801064511,-71.133140203692,Yes
11151,1326034133,Leigh Keeton,Lindsey,,Hospital,180013,THE MEDICAL CENTER AT BOWLING GREEN,250 PARK STREET,BOWLING GREEN,KY,42101,21227,36.996373887935,-86.430025596165,Yes
11151,1326034133,Leigh Keeton,Lindsey,,Hospital,181318,,,,,,,,,No
10670,1326036229,Jennifer Randall,Baxter,,Hospital,060011,DENVER HEALTH MEDICAL CENTER,777 BANNOCK ST,DENVER,CO,80204,08031,39.728123021932,-104.990289327464,Yes
9807,1326054362,Mary J.,Rooks,,Hospital,330079,ADIRONDACK MEDICAL CENTER - SARANAC LAKE,"2233 STATE ROUTE 86, PO BOX 471",SARANAC LAKE,NY,12983,36033,44.344294650797,-74.144471841341,Yes
6636,1326109687,Sharon Ann,Hinz,,Hospital,500024,PROVIDENCE ST PETER HOSPITAL,413 LILLY ROAD NE,OLYMPIA,WA,98506,53067,47.052707664462,-122.84451070478,Yes
5445,1326118712,Regina,McCartan,,Hospital,210009,"JOHNS HOPKINS HOSPITAL, THE",600 NORTH  WOLFE STREET,BALTIMORE,MD,21287,24510,39.296923066038,-76.590856781226,Yes
8704,1326137431,Yelena,Beregovskaya,,Hospital,360180,CLEVELAND CLINIC,9500 EUCLID AVENUE,CLEVELAND,OH,44195,39035,41.503346094361,-81.622884159903,Yes
12442,1326243445,Kathy,Errthum,,Hospital,520004,MAYO CLINIC HEALTH SYSTEM IN LA CROSSE,700 WEST AVENUE SOUTH,LA CROSSE,WI,54601,55063,43.804575416265,-91.23956490035,Yes
13189,1326373127,Denise,Powell,,Hospital,350070,ESSENTIA HEALTH FARGO,3000 32ND AVE SOUTH,FARGO,ND,58104,38017,46.832455617747,-96.826431940857,Yes
CNM1304,1326380668,Misty,Lucero,,Hospital,031312,,,,,,,,,No
CNM2392,1326598020,Chardina,Murray-Mangino,,Hospital,360064,MH ST ELIZABETH YOUNGSTOWN HOSPITAL,1044 BELMONT AVENUE,YOUNGSTOWN,OH,44501,39099,41.11521687158,-80.656139674057,Yes
CNM2392,1326598020,Chardina,Murray-Mangino,,Hospital,360276,,,,,,,,,No
CNM2392,1326598020,Chardina,Murray-Mangino,,Hospital,360352,,,,,,,,,No
CNM06489,1326652256,Amy,Hurst,,Hospital,240057,ABBOTT NORTHWESTERN HOSPITAL,800 EAST 28TH STREET,MINNEAPOLIS,MN,55407,27053,44.951998305917,-93.262528292723,Yes
CNM06330,1326670266,Tawnya,Munson,,Hospital,500036,YAKIMA VALLEY MEMORIAL,2811 TIETON DRIVE,YAKIMA,WA,98902,53077,46.592758084928,-120.546272652403,Yes
CNM06277,1326678780,Savanna,West,,Hospital,330191,GLENS FALLS HOSPITAL,100 PARK STREET,GLENS FALLS,NY,12801,36113,43.307265317705,-73.646098827477,Yes
CNM07101,1326703281,Megan,Beemer,,Hospital,260096,NKC HEALTH,2800 CLAY EDWARDS DRIVE,NORTH KANSAS CITY,MO,64116,29047,39.150120145675,-94.550044059618,Yes
CNM07971,1326768334,Marinda,Ramey,,Hospital,230110,COREWELL HEALTH LUDINGTON HOSPITAL,ONE N ATKINSON DRIVE,LUDINGTON,MI,49431,26105,43.958441053498,-86.429790913327,Yes
CNM07429,1326791187,Bridget,LaGro,,Hospital,330074,F F THOMPSON HOSPITAL,350 PARRISH STREET,CANANDAIGUA,NY,14424,36069,42.87493223763,-77.290065937658,Yes
CNM09848,1326857814,Xaimara,Rolon Acevedo,,Hospital,210023,"LUMINIS HEALTH ANNE ARUNDEL MEDICAL CENTER, INC",2001 MEDICAL PARKWAY,ANNAPOLIS,MD,21401,24003,38.990332219561,-76.534787210116,Yes
CNM09475,1326877515,Heidi,Wallace,,Hospital,500003,SKAGIT VALLEY HOSPITAL,1415 E KINCAID ST,MOUNT VERNON,WA,98274,53057,48.417516164505,-122.323933036312,Yes
11148,1336109586,Helen,Dale,,Hospital,360085,OHIO STATE UNIVERSITY HOSPITALS,410 WEST 10TH AVENUE,COLUMBUS,OH,43210,39049,39.994459567035,-83.015989156105,Yes
8097,1336227321,Ana,Williams,,Hospital,060024,UNIVERSITY OF COLORADO HOSPITAL AUTHORITY,12605 E 16TH AVE,AURORA,CO,80045,08001,39.741422007578,-104.842052672788,Yes
11331,1336310580,Sarah Elizabeth,Sutton,,Hospital,230046,UNIVERSITY OF MICHIGAN HEALTH,"1500 E MEDICAL CENTER DRIVE, SPC 5474",ANN ARBOR,MI,48109,26161,42.281400027614,-83.726782161004,Yes
11889,1336360676,Nicole Kristina,Devine,,Hospital,360179,BETHESDA NORTH,10500 MONTGOMERY ROAD,CINCINNATI,OH,45242,39061,39.252002502031,-84.343902665543,Yes
12735,1336395805,Marybeth,Waldorf,,Hospital,140200,ELMHURST MEMORIAL HOSPITAL,155 EAST BRUSH HILL ROAD,ELMHURST,IL,60126,17043,41.861676378924,-87.935022708854,Yes
CNM03979,1336528249,Nicole,Sata,,Hospital,050008,,,,,,,,,No
CNM03979,1336528249,Nicole,Sata,,Hospital,050043,,,,,,,,,No
CNM03979,1336528249,Nicole,Sata,,Hospital,050305,ALTA BATES SUMMIT MEDICAL CENTER - ALTA BATES CAMP,2450 ASHBY AVENUE,BERKELEY,CA,94705,06001,37.855159985232,-122.267099752129,Yes
CNM1615,1336556422,Lynn,Griffin,,Hospital,500108,ST JOSEPH MEDICAL CENTER,1717 SOUTH J STREET,TACOMA,WA,98405,53053,47.245774538846,-122.448751865126,Yes
CNM1877,1336564996,Lauren,Ervin,,Hospital,210028,MEDSTAR SAINT MARY'S HOSPITAL,25500 POINT LOOKOUT ROAD,LEONARDTOWN,MD,20650,24037,38.297562901603,-76.636313687925,Yes
CNM2998,1336595677,Julianne,Jacober,,Hospital,050174,PROVIDENCE SANTA ROSA MEMORIAL HOSPITAL,1165 MONTGOMERY DR,SANTA ROSA,CA,95405,06097,38.442882682139,-122.702107604969,Yes
CNM04618,1336654334,Camra,Bearnson,,Hospital,460015,INTERMOUNTAIN HEALTH LOGAN REGIONAL HOSPITAL,1400 NORTH 500 EAST,LOGAN,UT,84341,49005,41.756951971946,-111.821185944488,Yes
CNM04154,1336660760,Margaret,Von Mauw,,Hospital,100127,MORTON PLANT HOSPITAL,300 PINELLAS ST,CLEARWATER,FL,33756,12103,27.951864564753,-82.803927000749,Yes
CNM04154,1336660760,Margaret,Von Mauw,,Hospital,100150,LOWER KEYS MEDICAL CENTER,5900 COLLEGE ROAD,KEY WEST,FL,33040,12087,24.581834015283,-81.743077668175,Yes
CNM09202,1336729003,Laurel,Essien,,Hospital,330285,STRONG MEMORIAL HOSPITAL,601 ELMWOOD AVE,ROCHESTER,NY,14642,36055,43.124314838433,-77.624774427005,Yes
CNM07135,1336816644,Meghan,Kilmer,,Hospital,140088,THE UNIVERSITY OF CHICAGO MEDICAL CENTER,5841 SOUTH MARYLAND,CHICAGO,IL,60637,17031,41.78877397345,-87.604857148474,Yes
CNM08729,1336828649,Megan,Hetzner,,Hospital,520075,ST VINCENT HOSPITAL,835 S VAN BUREN ST,GREEN BAY,WI,54301,55009,44.501480201239,-88.012776903295,Yes
CNM08729,1336828649,Megan,Hetzner,,Hospital,520044,ST NICHOLAS HOSPITAL,3100 SUPERIOR AVE,SHEBOYGAN,WI,53081,55117,43.761181134578,-87.747220347372,Yes
CNM10337,1336839125,Cortney,Steinmann Parkinson,,Hospital,460015,INTERMOUNTAIN HEALTH LOGAN REGIONAL HOSPITAL,1400 NORTH 500 EAST,LOGAN,UT,84341,49005,41.756951971946,-111.821185944488,Yes
CNM07880,1336840107,Savanna,Smirnow,,Hospital,230104,HARPER UNIVERSITY HOSPITAL,3990 JOHN R STREET,DETROIT,MI,48201,26163,42.350797798882,-83.05748730066,Yes
CNM06098,1336871516,Carrie,Smith,,Hospital,420010,CAROLINA PINES REGIONAL MEDICAL CENTER,1304 W BOBO NEWSOM HWY,HARTSVILLE,SC,29550,45031,34.348076374221,-80.104462356246,Yes
CNM07424,1336892660,Megan,Drey,,Hospital,160058,UNIVERSITY OF IOWA HEALTH CARE MEDICAL CENTER,200 HAWKINS DRIVE,IOWA CITY,IA,52242,19103,41.659477032734,-91.549845697162,Yes
CNM09429,1336957588,Rachel,Baylor,,Hospital,060006,MONTROSE REGIONAL HEALTH,800 S 3RD ST,MONTROSE,CO,81401,08085,38.480083179946,-107.869822559424,Yes
CNM09581,1346068558,Madison,Shumake,,Hospital,440002,JACKSON-MADISON COUNTY GENERAL HOSPITAL,620 SKYLINE DRIVE,JACKSON,TN,38301,47113,35.639501229758,-88.832893322739,Yes
CNM09581,1346068558,Madison,Shumake,,Hospital,440061,WEST TENNESSEE HEALTHCARE VOLUNTEER HOSPITAL,161 MOUNT PELIA RD,MARTIN,TN,38237,47183,36.334265519059,-88.866861986289,Yes
CNM08810,1346135845,Adrianna,Sherman,,Hospital,050603,,,,,,,,,No
7080,1346349438,Betty Jean,Guisinger,,Hospital,330115,ONEIDA HEALTH,321 GENESEE STREET,ONEIDA,NY,13421,36053,43.078767471995,-75.655172135372,Yes
10651,1346384328,Karen Anne,MacKinnon,,Hospital,210009,"JOHNS HOPKINS HOSPITAL, THE",600 NORTH  WOLFE STREET,BALTIMORE,MD,21287,24510,39.296923066038,-76.590856781226,Yes
CNM0628,1346506797,Selene,Henry-Lake,,Hospital,330267,HUDSON VALLEY HOSPITAL CENTER,1980 CROMPOND ROAD,CORTLANDT MANOR,NY,10567,36119,41.291447199115,-73.892001247379,Yes
CNM0681,1346525714,Megan,Sloat,,Hospital,161372,BOONE COUNTY HOSPITAL,1015 UNION STREET,BOONE,IA,50036,19015,42.05562077484,-93.878398033378,Yes
CNM1741,1346576352,Maria Vanessa,Menanteau,,Hospital,320018,MEMORIAL MEDICAL CENTER,2450 SOUTH TELSHOR BLVD,LAS CRUCES,NM,88011,35013,32.292407145332,-106.735173047803,Yes
CNM3029,1346607785,Amanda,Corcoran,,Hospital,070022,YALE-NEW HAVEN HOSPITAL,20 YORK ST,NEW HAVEN,CT,06504,09009,41.30334916715,-72.93614177983,Yes
CNM2650,1346624921,Karissa,Hawley,,Hospital,230075,BRONSON BATTLE CREEK HOSPITAL,300 NORTH AVENUE,BATTLE CREEK,MI,49017,26025,42.330262230912,-85.180300434404,Yes
CNM2366,1346644267,Tammy,Underwood,,Hospital,310112,,,,,,,,,No
CNM2366,1346644267,Tammy,Underwood,,Hospital,310111,CENTRASTATE MEDICAL CENTER,901 WEST MAIN STREET,FREEHOLD,NJ,07728,34025,40.237685053609,-74.308933371367,Yes
CNM1823,1346667391,Alison,Engel,,Hospital,200063,MAINEHEALTH PEN BAY HOSPITAL,6 GLEN COVE DRIVE,ROCKPORT,ME,04856,23013,44.144569385195,-69.083540073913,Yes
CNM05107,1346711108,Brittany,Froeming,,Hospital,521338,PRAIRIE RIDGE HEALTH,1515 PARK AVE,COLUMBUS,WI,53925,55021,43.323751035438,-89.036076037186,Yes
CNM04657,1346754207,Caroline,Hutto,,Hospital,020012,FAIRBANKS MEMORIAL HOSPITAL,1650 COWLES STREET,FAIRBANKS,AK,99701,02090,64.834608898559,-147.739136169575,Yes
CNM03926,1346767894,Marcia,Monterroso,,Hospital,240004,HENNEPIN COUNTY MEDICAL CENTER,701 PARK AVENUE,MINNEAPOLIS,MN,55415,27053,44.972787374471,-93.262653606228,Yes
CNM03991,1346788338,Elizabeth,Kamprath,,Hospital,170016,UNIVERSITY OF KANSAS HLTH SYSTEM ST FRANCIS CAMPUS,1700 SW 7TH STREET,TOPEKA,KS,66606,20177,39.05605697088,-95.696207575683,Yes
CNM03771,1346795226,Dawn,Rohrer,,Hospital,160057,SOUTHEAST IOWA REGIONAL MEDICAL CENTER,1221 SOUTH GEAR AVENUE,WEST BURLINGTON,IA,52655,19057,40.810360993106,-91.170289313705,Yes
CNM06941,1346813599,Justeen,Barth,,Hospital,360089,MERCY HEALTH - TIFFIN HOSPITAL,45 ST LAWRENCE DRIVE,TIFFIN,OH,44883,39147,41.105069834426,-83.217170437543,Yes
CNM06941,1346813599,Justeen,Barth,,Hospital,361310,,,,,,,,,No
CNM08193,1346888161,Krista,Frank,,Hospital,530006,SHERIDAN MEMORIAL HOSPITAL,1401 W 5TH ST,SHERIDAN,WY,82801,56033,44.807491136261,-106.976375189577,Yes
CNM07274,1346910601,Amber,DePra,,Hospital,390267,FORBES HOSPITAL,2570 HAYMAKER ROAD,MONROEVILLE,PA,15146,42003,40.42661876585,-79.750816493093,Yes
CNM08745,1346921939,Shirah,Suero,,Hospital,310075,MONMOUTH MEDICAL CENTER,300 SECOND AVENUE,LONG BRANCH,NJ,07740,34025,40.295390144141,-73.983696008196,Yes
CNM07331,1346951076,Julia,Wambolt,,Hospital,370013,"MERCY HOSPITAL OKLAHOMA CITY, INC",4300 WEST MEMORIAL ROAD,OKLAHOMA CITY,OK,73120,40109,35.608966821525,-97.601637221445,Yes
CNM07570,1346997582,Sara,Willis,,Hospital,131325,BINGHAM MEMORIAL HOSPITAL,98 POPLAR STREET,BLACKFOOT,ID,83221,16011,43.193352458066,-112.34738315558,Yes
CNM07570,1346997582,Sara,Willis,,Hospital,130028,PORTNEUF MEDICAL CENTER,777 HOSPITAL WAY,POCATELLO,ID,83201,16005,42.871323204486,-112.418021706114,Yes
CNM08181,1356030316,Chantal,LaDuke,,Hospital,340113,CAROLINAS MEDICAL CENTER/BEHAV HEALTH,1000 BLYTHE BLVD,CHARLOTTE,NC,28203,37119,35.205166768082,-80.840773622418,Yes
CNM09857,1356165831,Elizabeth,Barker,,Hospital,340016,HARRIS REGIONAL HOSPITAL,68 HOSPITAL RD,SYLVA,NC,28779,37099,35.384388440467,-83.20302839701,Yes
9637,1356344311,Janice Ellen,Beaman,,Hospital,330241,UNIVERSITY HOSPITAL S U N Y HEALTH SCIENCE CENTER,750 EAST ADAMS STREET,SYRACUSE,NY,13210,36067,43.042623087691,-76.139812052316,Yes
9673,1356349997,Amanda Susanne,Lendler,,Hospital,070022,YALE-NEW HAVEN HOSPITAL,20 YORK ST,NEW HAVEN,CT,06504,09009,41.30334916715,-72.93614177983,Yes
12474,1356535645,Karen,Collins,,Hospital,140067,SAINT FRANCIS MEDICAL CENTER,530 NE GLEN OAK AVE,PEORIA,IL,61637,17143,40.702117371729,-89.59116554187,Yes
12474,1356535645,Karen,Collins,,Hospital,140013,,,,,,,,,No
12474,1356535645,Karen,Collins,,Hospital,140120,CARLE HEALTH PEKIN HOSPITAL,600 SOUTH 13TH STREET,PEKIN,IL,61554,17179,40.562266364395,-89.633095789407,Yes
12474,1356535645,Karen,Collins,,Hospital,140209,CARLE HEALTH METHODIST HOSPITAL,221 N E GLEN OAK AVE,PEORIA,IL,61636,17143,40.69986407507,-89.595254220648,Yes
12891,1356587042,Denise,Castellanos,,Hospital,050603,,,,,,,,,No
CNM0499,1356635288,Jasmine,McLay,,Hospital,330285,STRONG MEMORIAL HOSPITAL,601 ELMWOOD AVE,ROCHESTER,NY,14642,36055,43.124314838433,-77.624774427005,Yes
CNM2271,1356743199,Allison,Forbes,,Hospital,180035,ST ELIZABETH MEDICAL CENTER NORTH,1 MEDICAL VILLAGE DRIVE,EDGEWOOD,KY,41017,21117,39.007980153759,-84.564775478456,Yes
CNM2065,1356750210,Erin,Stopani,,Hospital,320021,PRESBYTERIAN HOSPITAL,1100 CENTRAL AVENUE SE,ALBUQUERQUE,NM,87106,35001,35.082314106333,-106.634945215281,Yes
CNM2055,1356758924,Joanna,McGrath,,Hospital,420067,BEAUFORT COUNTY MEMORIAL HOSPITAL,955 RIBAUT RD,BEAUFORT,SC,29902,45013,32.417774435258,-80.68847507016,Yes
CNM2055,1356758924,Joanna,McGrath,,Hospital,420080,HILTON HEAD REGIONAL MEDICAL CENTER,25 HOSPITAL CENTER BLVD,HILTON HEAD ISLAND,SC,29926,45013,32.2242922327,-80.713873366087,Yes
CNM1820,1356765846,Cynthia,Voytas,,Hospital,410010,WOMEN & INFANTS HOSPITAL OF RHODE ISLAND,101 DUDLEY STREET,PROVIDENCE,RI,02905,44007,41.810276961686,-71.411298380038,Yes
CNM04910,1356816227,Ashley,Brandt,,Hospital,230070,COVENANT MEDICAL CENTER,1447 N HARRISON,SAGINAW,MI,48602,26145,43.428101989293,-83.955624074647,Yes
CNM06870,1356934236,Taylor,Leininger,,Hospital,220060,BETH ISRAEL DEACONESS HOSPITAL - PLYMOUTH,275 SANDWICH STREET,PLYMOUTH,MA,02360,25023,41.944770437087,-70.645603174458,Yes
CNM06611,1356957682,Karlin,Silvers,,Hospital,260137,FREEMAN HEALTH SYSTEM - FREEMAN WEST,1102 WEST 32ND STREET,JOPLIN,MO,64804,29097,37.055145325856,-94.524079491753,Yes
CNM06152,1356981229,Nicole,VanDeCasteele,,Hospital,230058,MUNSON HEALTHCARE GRAYLING HOSPITAL,1100 E MICHIGAN AVE,GRAYLING,MI,49738,26039,44.668839272676,-84.707810025692,Yes
CNM06095,1356992382,Stephanie,Panagiotu,,Hospital,500129,TACOMA GENERAL ALLENMORE HOSPITAL,315 S MLK JR WAY,TACOMA,WA,98405,53053,47.26005107199,-122.453465117279,Yes
CNM05542,1366001752,Tiffany,Fowler,,Hospital,340068,COLUMBUS REGIONAL HEALTHCARE SYSTEM,500 JEFFERSON ST,WHITEVILLE,NC,28472,37047,34.338448640837,-78.69525482731,Yes
CNM05146,1366008435,Jenny,Koho,,Hospital,330233,BROOKDALE HOSPITAL MEDICAL CENTER,1 BROOKDALE PLAZA,BROOKLYN,NY,11212,36047,40.655241724883,-73.912205473149,Yes
CNM06834,1366023798,Sarah,Brissey,,Hospital,210023,"LUMINIS HEALTH ANNE ARUNDEL MEDICAL CENTER, INC",2001 MEDICAL PARKWAY,ANNAPOLIS,MD,21401,24003,38.990332219561,-76.534787210116,Yes
CNM06366,1366056145,Isabel,Brewster,,Hospital,300034,CATHOLIC MEDICAL CENTER,100 MCGREGOR STREET,MANCHESTER,NH,03102,33011,42.990833616886,-71.473977179043,Yes
CNM06110,1366081028,Courtney,Plotts,,Hospital,360180,CLEVELAND CLINIC,9500 EUCLID AVENUE,CLEVELAND,OH,44195,39035,41.503346094361,-81.622884159903,Yes
CNM07044,1366107898,Angela,Faber,,Hospital,230110,COREWELL HEALTH LUDINGTON HOSPITAL,ONE N ATKINSON DRIVE,LUDINGTON,MI,49431,26105,43.958441053498,-86.429790913327,Yes
CNM08711,1366124075,Stephanie,Metzler,,Hospital,350011,SANFORD,801 BROADWAY NORTH,FARGO,ND,58122,38017,46.884668069131,-96.787717271622,Yes
CNM07869,1366151755,Kathryn,Berscheit,,Hospital,240053,PARK NICOLLET METHODIST HOSPITAL,6500 EXCELSIOR BLVD,SAINT LOUIS PARK,MN,55426,27053,44.927104316424,-93.361393505045,Yes
CNM07816,1366162349,Melissa,Swanson,,Hospital,340091,CONE HEALTH,1200 N ELM ST,GREENSBORO,NC,27401,37081,36.091027589023,-79.788737928703,Yes
11793,1366437469,Julie Marie,Huston,,Hospital,390039,,,,,,,,,No
12169,1366538894,Jessica,Howard,,Hospital,060024,UNIVERSITY OF COLORADO HOSPITAL AUTHORITY,12605 E 16TH AVE,AURORA,CO,80045,08001,39.741422007578,-104.842052672788,Yes
11929,1366542474,Tracy,Hunter,,Hospital,180009,KING'S DAUGHTERS' MEDICAL CENTER,2201 LEXINGTON AVENUE,ASHLAND,KY,41101,21019,38.470392882591,-82.635887930224,Yes
12965,1366686347,Ann,King,,Hospital,020024,CENTRAL PENINSULA GENERAL HOSPITAL,250 HOSPITAL PLACE,SOLDOTNA,AK,99669,02120,60.494559048287,-151.077852555636,Yes
12813,1366690489,Cheryl,Kohrs,,Hospital,060032,HCA HEALTHONE ROSE,4567 E 9TH AVE,DENVER,CO,80220,08031,39.731113357184,-104.934392667284,Yes
CNM04453,1366832677,Dawna,Rose,,Hospital,510058,CAMDEN CLARK MEDICAL CENTER,800 GARFIELD AVE,PARKERSBURG,WV,26101,54107,39.270325143475,-81.560214569838,Yes
CNM2538,1366835670,Alexa,Smith-Ellison,,Hospital,380047,ST CHARLES BEND CAMPUS,2500 NE NEFF ROAD,BEND,OR,97701,41017,44.065788782196,-121.273794786855,Yes
CNM2225,1366851313,Nora,Elizalde,,Hospital,170068,SOUTHWEST MEDICAL CENTER,315 WEST 15TH STREET,LIBERAL,KS,67905,20175,37.054257018708,-100.925698838624,Yes
CNM05102,1366924193,Kelli,MacAdam,,Hospital,490052,RIVERSIDE REGIONAL MEDICAL CENTER,500 J CLYDE MORRIS BLVD,NEWPORT NEWS,VA,23601,51700,37.06490578832,-76.484637075243,Yes
CNM04891,1366933780,Brianna,Shipp,,Hospital,230117,BEACON KALAMAZOO,1521 GULL ROAD,KALAMAZOO,MI,49048,26077,42.305610472863,-85.5597988419,Yes
CNM04010,1366955163,Sharon,Weintraub,,Hospital,220077,BAYSTATE MEDICAL CENTER,759 CHESTNUT STREET,SPRINGFIELD,MA,01199,25013,42.119023347188,-72.604094352769,Yes
CNM04020,1366988990,Rebecca,Ulery Tanner,,Hospital,360159,ADENA REGIONAL MEDICAL CENTER,272 HOSPITAL ROAD,CHILLICOTHE,OH,45601,39141,39.395241125992,-82.97038222295,Yes
CNM04512,1376053702,Megan,Galloway,,Hospital,050254,MARSHALL MEDICAL CENTER,1100 MARSHALL WAY,PLACERVILLE,CA,95667,06017,38.724906835313,-120.790724834868,Yes
CNM04489,1376054692,Crystal,Bolton,,Hospital,360179,BETHESDA NORTH,10500 MONTGOMERY ROAD,CINCINNATI,OH,45242,39061,39.252002502031,-84.343902665543,Yes
CNM04213,1376072587,Deanna,DiUlio,,Hospital,271341,TRINITY HOSPITAL,315 KNAPP ST,WOLF POINT,MT,59201,30085,48.100971714711,-105.641178201597,Yes
CNM06866,1376119545,Amanda,Elam,,Hospital,330164,HIGHLAND HOSPITAL,1000 SOUTH AVENUE,ROCHESTER,NY,14617,36055,43.135220069877,-77.607644430179,Yes
CNM06622,1376158717,Lindsay,Roose,,Hospital,360121,COMMUNITY HOSPITALS AND WELLNESS CENTERS,433 WEST HIGH STREET,BRYAN,OH,43506,39171,41.474544757921,-84.557029837331,Yes
CNM06265,1376178400,Christina,Hatley,,Hospital,130066,,,,,,,,,No
CNM06265,1376178400,Christina,Hatley,,Hospital,130049,KOOTENAI HEALTH,2003 KOOTENAI HEALTH WAY,COEUR D'ALENE,ID,83814,16055,47.695641875125,-116.794242503491,Yes
CNM06124,1376182253,Kara,Klinglesmith,,Hospital,360035,MOUNT CARMEL EAST,6001 EAST BROAD STREET,COLUMBUS,OH,43213,39049,39.979250975303,-82.843482539864,Yes
CNM05674,1376194118,Natalie,Gepford,,Hospital,170137,LMH,325 MAINE STREET,LAWRENCE,KS,66044,20045,38.979415033937,-95.247675465623,Yes
CNM08891,1376257915,Jillian,Harrington,,Hospital,360180,CLEVELAND CLINIC,9500 EUCLID AVENUE,CLEVELAND,OH,44195,39035,41.503346094361,-81.622884159903,Yes
CNM09700,1376309765,Hannah,Bubnar,,Hospital,360039,GENESIS HOSPITAL,2951 MAPLE AVENUE,ZANESVILLE,OH,43701,39119,39.97666352279,-82.015322450219,Yes
CNM09000,1376325241,Rebecca,Sucy,,Hospital,200039,MAINEGENERAL MEDICAL CENTER,35 MEDICAL CENTER PARKWAY,AUGUSTA,ME,04330,23011,44.36213920096,-69.781409152682,Yes
CNM09821,1376341529,Taryn,Kosier,,Hospital,160030,MARY GREELEY MEDICAL CENTER,1111 DUFF AVENUE,AMES,IA,50010,19169,42.032199313394,-93.61067608691,Yes
7311,1376520569,Gaye Claire,Haas,,Hospital,390049,ST LUKE'S HOSPITAL BETHLEHEM,801 OSTRUM STREET,BETHLEHEM,PA,18015,42095,40.609212407067,-75.392132952146,Yes
7311,1376520569,Gaye Claire,Haas,,Hospital,390183,,,,,,,,,No
7311,1376520569,Gaye Claire,Haas,,Hospital,390133,LEHIGH VALLEY HOSPITAL,1200 SOUTH CEDAR CREST BOULEVARD,ALLENTOWN,PA,18103,42077,40.567147550681,-75.518737274381,Yes
7311,1376520569,Gaye Claire,Haas,,Hospital,390332,,,,,,,,,No
7311,1376520569,Gaye Claire,Haas,,Hospital,390330,,,,,,,,,No
2094,1376522201,Linda P.,Vieira,,Hospital,061324,ASPEN VALLEY HOSPITAL DISTRICT,401 CASTLE CREEK RD,ASPEN,CO,81611,08097,39.190924914463,-106.838261256088,Yes
7459,1376524041,Gina-Marie,Pearce,,Hospital,100231,HCA FLORIDA WEST HOSPITAL,8383 N DAVIS HWY,PENSACOLA,FL,32514,12033,30.516390776374,-87.216090722327,Yes
5675,1376528992,Dianne,Quadros,,Hospital,220052,SIGNATURE HEALTHCARE BROCKTON HOSPITAL,680 CENTER STREET,BROCKTON,MA,02302,25023,42.086225471229,-70.991390707808,Yes
12289,1376614883,Meghan,Arthur,,Hospital,470011,BRATTLEBORO MEMORIAL HOSPITAL,17 BELMONT AVE,BRATTLEBORO,VT,05301,50025,42.842344777533,-72.56576016389,Yes
10812,1376618934,Kiersten Ann,Crawford,,Hospital,410011,LANDMARK MEDICAL CENTER,115 CASS AVENUE,WOONSOCKET,RI,02895,44007,42.005241866766,-71.496283145402,Yes
12585,1376724393,Melody,Mast,,Hospital,490004,SENTARA RMH MEDICAL CENTER,2010 HEALTH CAMPUS DRIVE,HARRISONBURG,VA,22801,51660,38.407498087075,-78.854841555756,Yes
12585,1376724393,Melody,Mast,,Hospital,490018,AUGUSTA HEALTH,78 MEDICAL CENTER DRIVE,FISHERSVILLE,VA,22939,51015,38.094125290589,-78.984242281055,Yes
CNM2769,1376913970,Katherine,Robinson,,Hospital,340030,DUKE UNIVERSITY HOSPITAL,2301  ERWIN RD,DURHAM,NC,27705,37063,36.008132137992,-78.937378879789,Yes
CNM1727,1376970103,Laura,Callaway,,Hospital,010149,BAPTIST MEDICAL CENTER EAST,400 TAYLOR ROAD,MONTGOMERY,AL,36117,01101,32.387897235417,-86.176089627309,Yes
CNM1627,1376978726,Danielle,Schell,,Hospital,230017,BRONSON METHODIST HOSPITAL,601 JOHN STREET,KALAMAZOO,MI,49007,26077,42.286154661725,-85.581267522405,Yes
CNM1627,1376978726,Danielle,Schell,,Hospital,231332,,,,,,,,,No
CNM2891,1386017721,Melodee,Babcock,,Hospital,230053,HENRY FORD HEALTH HOSPITAL,2799 W GRAND BLVD,DETROIT,MI,48202,26163,42.366931017945,-83.082686737197,Yes
CNM04758,1386112738,Nicole,Chaney,,Hospital,390044,READING HOSPITAL,420 S 5TH AVENUE,WEST READING,PA,19611,42011,40.330455953383,-75.948256628402,Yes
CNM04246,1386162188,Jaylon,Von Mertens,,Hospital,300003,MARY HITCHCOCK MEMORIAL HOSPITAL,1 MEDICAL CENTER DRIVE,LEBANON,NH,03756,33009,43.677249456344,-72.273984009411,Yes
CNM06327,1386229037,Shelley,Renee,,Hospital,330023,VASSAR BROTHERS MEDICAL CENTER,45 READE PLACE,POUGHKEEPSIE,NY,12601,36027,41.694453108145,-73.935305515207,Yes
CNM06535,1386256204,Allyson,Mayo,,Hospital,330238,NICHOLAS H NOYES MEMORIAL HOSPITAL,111  CLARA BARTON STREET,DANSVILLE,NY,14437,36051,42.552430846209,-77.700412411492,Yes
CNM06535,1386256204,Allyson,Mayo,,Hospital,330285,STRONG MEMORIAL HOSPITAL,601 ELMWOOD AVE,ROCHESTER,NY,14642,36055,43.124314838433,-77.624774427005,Yes
CNM08170,1386353415,Rachel,Davis,,Hospital,130049,KOOTENAI HEALTH,2003 KOOTENAI HEALTH WAY,COEUR D'ALENE,ID,83814,16055,47.695641875125,-116.794242503491,Yes
CNM09205,1386408359,Jamie,Dapper,,Hospital,210019,"TIDALHEALTH PENINSULA REGIONAL, INC",100 EAST CARROLL AVENUE,SALISBURY,MD,21801,24045,38.363195843404,-75.597823392281,Yes
CNM10335,1386522118,Channing,Hardin Taylor,,Hospital,010033,UNIVERSITY OF ALABAMA HOSPITAL,619 SOUTH 19TH STREET,BIRMINGHAM,AL,35233,01073,33.506123544499,-86.801832411474,Yes
9576,1386612133,Barbara Ellen,Tieman,,Hospital,140043,CGH MEDICAL CENTER,100 EAST LEFEVRE ROAD,STERLING,IL,61081,17195,41.80162057266,-89.697053295349,Yes
9619,1386621019,Judith Ann,Siron,,Hospital,100028,PARRISH MEDICAL CENTER,951 N WASHINGTON AVE,TITUSVILLE,FL,32796,12009,28.628167855032,-80.824308755057,Yes
10209,1386625150,Laura,Prosperi,,Hospital,520004,MAYO CLINIC HEALTH SYSTEM IN LA CROSSE,700 WEST AVENUE SOUTH,LA CROSSE,WI,54601,55063,43.804575416265,-91.23956490035,Yes
11624,1386626851,Nicole,Forbes-Powe,,Hospital,250069,OCHSNER RUSH HOSPITAL,1314 19TH AVE,MERIDIAN,MS,39301,28075,32.370036891833,-88.69774915334,Yes
10983,1386734911,Trece Binford,Swanson,,Hospital,460009,UNIVERSITY OF UTAH HOSPITAL AND CLINICS,50 NORTH MEDICAL DRIVE,SALT LAKE CITY,UT,84132,49035,40.768884612099,-111.837491944828,Yes
CNM0822,1386916781,Emily,Hoger,,Hospital,390151,WELLSPAN CHAMBERSBURG HOSPITAL,112 NORTH SEVENTH STREET,CHAMBERSBURG,PA,17201,42055,39.934695286428,-77.647471569046,Yes
CNM0402,1386941193,Jennifer,MacBlane,,Hospital,330235,AUBURN  COMMUNITY  HOSPITAL,17 LANSING STREET,AUBURN,NY,13021,36011,42.940894126037,-76.562179898714,Yes
CNM2170,1386970127,Amanda,Strauss,,Hospital,060011,DENVER HEALTH MEDICAL CENTER,777 BANNOCK ST,DENVER,CO,80204,08031,39.728123021932,-104.990289327464,Yes
CNM0983,1396002861,Laura,Dube,,Hospital,220016,BAYSTATE FRANKLIN MEDICAL CENTER,164 HIGH STREET,GREENFIELD,MA,01301,25011,42.596200672938,-72.590706470831,Yes
CNM0983,1396002861,Laura,Dube,,Hospital,220077,BAYSTATE MEDICAL CENTER,759 CHESTNUT STREET,SPRINGFIELD,MA,01199,25013,42.119023347188,-72.604094352769,Yes
CNM0751,1396015970,Rachel,Marino,,Hospital,220015,"COOLEY DICKINSON HOSPITAL INC,THE",30 LOCUST STREET,NORTHAMPTON,MA,01060,25015,42.33297142863,-72.657998986865,Yes
CNM0219,1396052932,Rebecca,Johnson,,Hospital,440002,JACKSON-MADISON COUNTY GENERAL HOSPITAL,620 SKYLINE DRIVE,JACKSON,TN,38301,47113,35.639501229758,-88.832893322739,Yes
CNM0219,1396052932,Rebecca,Johnson,,Hospital,440061,WEST TENNESSEE HEALTHCARE VOLUNTEER HOSPITAL,161 MOUNT PELIA RD,MARTIN,TN,38237,47183,36.334265519059,-88.866861986289,Yes
CNM1994,1396163036,Kerena,Saltzgiver,,Hospital,350006,TRINITY HOSPITALS,407 3RD ST SE,MINOT,ND,58701,38101,48.232537327304,-101.288360478813,Yes
CNM1434,1396172862,Christina,Shutters,,Hospital,160058,UNIVERSITY OF IOWA HEALTH CARE MEDICAL CENTER,200 HAWKINS DRIVE,IOWA CITY,IA,52242,19103,41.659477032734,-91.549845697162,Yes
CNM04105,1396268207,Amy,Wan,,Hospital,360180,CLEVELAND CLINIC,9500 EUCLID AVENUE,CLEVELAND,OH,44195,39035,41.503346094361,-81.622884159903,Yes
CNM04105,1396268207,Amy,Wan,,Hospital,360077,FAIRVIEW HOSPITAL,18101 LORAIN AVENUE,CLEVELAND,OH,44111,39035,41.450938437436,-81.823448160584,Yes
CNM06179,1396359733,Rachel,Picher,,Hospital,340016,HARRIS REGIONAL HOSPITAL,68 HOSPITAL RD,SYLVA,NC,28779,37099,35.384388440467,-83.20302839701,Yes
CNM06090,1396379863,Erin,Picolet,,Hospital,500129,TACOMA GENERAL ALLENMORE HOSPITAL,315 S MLK JR WAY,TACOMA,WA,98405,53053,47.26005107199,-122.453465117279,Yes
CNM08592,1396436143,Tera,Givens,,Hospital,250097,SOUTHWEST MS REGIONAL MEDICAL CENTER,215 MARION AV BOX 1307,MCCOMB,MS,39649,28113,31.252209803199,-90.472447515518,Yes
CNM07720,1396472007,Lori,Reed,,Hospital,260137,FREEMAN HEALTH SYSTEM - FREEMAN WEST,1102 WEST 32ND STREET,JOPLIN,MO,64804,29097,37.055145325856,-94.524079491753,Yes
CNM09419,1396512786,Vanessa,Landegger,,Hospital,070034,NORWALK HOSPITAL,24 STEVENS STREET,NORWALK,CT,06856,09001,41.110686663624,-73.420483924479,Yes
CNM09419,1396512786,Vanessa,Landegger,,Hospital,070033,DANBURY HOSPITAL,24 HOSPITAL AVE,DANBURY,CT,06810,09001,41.406170840493,-73.44600973779,Yes
6054,1396777132,Janine,Quinlan,,Hospital,330125,ROCHESTER GENERAL HOSPITAL,1425 PORTLAND AVENUE,ROCHESTER,NY,14621,36055,43.191055490179,-77.584403244091,Yes
6054,1396777132,Janine,Quinlan,,Hospital,330074,F F THOMPSON HOSPITAL,350 PARRISH STREET,CANANDAIGUA,NY,14424,36069,42.87493223763,-77.290065937658,Yes
6054,1396777132,Janine,Quinlan,,Hospital,330285,STRONG MEMORIAL HOSPITAL,601 ELMWOOD AVE,ROCHESTER,NY,14642,36055,43.124314838433,-77.624774427005,Yes
9176,1396777553,Lucy Katherine,White,,Hospital,300018,WENTWORTH-DOUGLASS HOSPITAL,789 CENTRAL AVE,DOVER,NH,03820,33017,43.21214909112,-70.874760680242,Yes
CNM05507,1396797304,Jayme,Applebee,,Hospital,170023,ST. CATHERINE HOSPITAL - GARDEN CITY,401 EAST SPRUCE,GARDEN CITY,KS,67846,20055,37.969012305715,-100.869078531789,Yes
CNM05507,1396797304,Jayme,Applebee,,Hospital,170068,SOUTHWEST MEDICAL CENTER,315 WEST 15TH STREET,LIBERAL,KS,67905,20175,37.054257018708,-100.925698838624,Yes
11427,1396819355,Debra Ann,Equihua,,Hospital,150002,METHODIST HOSPITALS INC,600 RICHARD GORDON HATCHER BOULEVARD,GARY,IN,46402,18089,41.599744540453,-87.357890972569,Yes
6332,1396837175,Patricia Ann,Konzman,,Hospital,390125,WAYNE MEMORIAL HOSPITAL,601 PARK STREET,HONESDALE,PA,18431,42127,41.576595230806,-75.259433650766,Yes
12156,1396853479,Tara Sri,Starling,,Hospital,220015,"COOLEY DICKINSON HOSPITAL INC,THE",30 LOCUST STREET,NORTHAMPTON,MA,01060,25015,42.33297142863,-72.657998986865,Yes
12477,1396927463,Suzanne,Endriga,,Hospital,310115,,,,,,,,,No
12477,1396927463,Suzanne,Endriga,,Hospital,310028,NEWTON MEDICAL CENTER,175 HIGH ST,NEWTON,NJ,07860,34037,41.057032395513,-74.760308265084,Yes
12477,1396927463,Suzanne,Endriga,,Hospital,310015,MORRISTOWN MEDICAL CENTER,100 MADISON AVE,MORRISTOWN,NJ,07960,34027,40.789045440401,-74.46513601321,Yes
12576,1396928412,Suzanne,Zimmerman,,Hospital,221300,MARTHA'S VINEYARD HOSPITAL INC,"ONE HOSPITAL ROAD, FIRST FL, WING 5,  PO BOX 1477",OAK BLUFFS,MA,02557,25007,41.460381194679,-70.580848620397,Yes
12804,1407005051,Blue,Bradley,,Hospital,501328,MID VALLEY HOSPITAL,810 JASMINE STREET,OMAK,WA,98841,53047,48.397039106483,-119.545084654646,Yes
12804,1407005051,Blue,Bradley,,Hospital,501324,,,,,,,,,No
12804,1407005051,Blue,Bradley,,Hospital,501334,LAKE CHELAN COMMUNITY HOSPITAL,110 S APPLE BLOSSOM DR,CHELAN,WA,98816,53007,47.836100582792,-119.993111621126,Yes
12593,1407011364,Emalee,Danforth,,Hospital,500008,UNIVERSITY OF WASHINGTON MEDICAL CTR,1959 NE PACIFIC ST  BOX 356151,SEATTLE,WA,98195,53033,47.6506691806,-122.308013571265,Yes
CNM2532,1407249691,Alexcia,Pennell,,Hospital,100122,NORTH OKALOOSA MEDICAL CENTER,151 REDSTONE AVE SE,CRESTVIEW,FL,32539,12091,30.736887957218,-86.562963745772,Yes
CNM05476,1407410566,Rachel,Horne,,Hospital,050008,,,,,,,,,No
CNM05476,1407410566,Rachel,Horne,,Hospital,050043,,,,,,,,,No
CNM07534,1407517931,Kolby,Wade,,Hospital,380027,MERCY MEDICAL CENTER,2700 NW STEWART PARKWAY,ROSEBURG,OR,97471,41019,43.240014502435,-123.366626011263,Yes
CNM09282,1407606833,Rachel,Proch,,Hospital,140088,THE UNIVERSITY OF CHICAGO MEDICAL CENTER,5841 SOUTH MARYLAND,CHICAGO,IL,60637,17031,41.78877397345,-87.604857148474,Yes
9514,1407820608,Susan Marie,Armitage,,Hospital,310064,ATLANTICARE REGIONAL MEDICAL CENTER - CITY CAMPUS,1925 PACIFIC AVENUE,ATLANTIC CITY,NJ,08401,34001,39.35795913271,-74.433683226706,Yes
9959,1407825003,Nancy,Decker-Miller,,Hospital,240036,CENTRACARE - ST. CLOUD HOSPITAL,1406 6TH AVE NORTH,SAINT CLOUD,MN,56303,27145,45.575201726701,-94.170270749422,Yes
9573,1407827751,Christy,Enright,,Hospital,140223,ADVOCATE LUTHERAN GENERAL HOSPITAL,1775 DEMPSTER ST,PARK RIDGE,IL,60068,17031,42.038478833641,-87.847579106618,Yes
11486,1407929516,Clare Jean,Thompson-Clough,,Hospital,021313,SOUTH PENINSULA HOSPITAL,4300 BARTLETT ST,HOMER,AK,99603,02120,59.651652529192,-151.550026606076,Yes
8255,1417008541,Teresa Carter,Willie,,Hospital,320062,CROWNPOINT HEALTHCARE FACILITY,JUNCTION OF HWY 371,CROWNPOINT,NM,87313,35031,35.78255242068,-108.151411468155,Yes
8255,1417008541,Teresa Carter,Willie,,Hospital,321308,CIBOLA GENERAL HOSPITAL,1016 E ROOSEVELT AVENUE,GRANTS,NM,87020,35006,35.16124270558,-107.82744813277,Yes
12460,1417147265,Cari,Erickson,,Hospital,240053,PARK NICOLLET METHODIST HOSPITAL,6500 EXCELSIOR BLVD,SAINT LOUIS PARK,MN,55426,27053,44.927104316424,-93.361393505045,Yes
CM0133,1417209651,Maryam,Mirzaagha,,Hospital,330214,NYU LANGONE HOSPITALS,550 FIRST AVENUE,NEW YORK,NY,10016,36061,40.742346194975,-73.974474127012,Yes
CNM0155,1417266354,Jun,Ma,,Hospital,380061,PROVIDENCE PORTLAND MEDICAL CENTER,4805 NE GLISAN STREET,PORTLAND,OR,97213,41051,45.526569823987,-122.613846221517,Yes
CNM0155,1417266354,Jun,Ma,,Hospital,380004,PROVIDENCE ST VINCENT MEDICAL CENTER,9205 SW BARNES ROAD,PORTLAND,OR,97225,41067,45.508992520755,-122.771633778891,Yes
CNM0155,1417266354,Jun,Ma,,Hospital,381303,PROVIDENCE SEASIDE HOSPITAL,725 S WAHANNA ROAD,SEASIDE,OR,97138,41007,45.990565751172,-123.913275456588,Yes
13287,1417270968,Elisabeth,Erdman,,Hospital,360179,BETHESDA NORTH,10500 MONTGOMERY ROAD,CINCINNATI,OH,45242,39061,39.252002502031,-84.343902665543,Yes
CNM03810,1417405648,Krista,Runyan,,Hospital,230017,BRONSON METHODIST HOSPITAL,601 JOHN STREET,KALAMAZOO,MI,49007,26077,42.286154661725,-85.581267522405,Yes
CNM05565,1417519018,Tara,Gartling,,Hospital,370202,HILLCREST HOSPITAL SOUTH,8801 SOUTH 101ST EAST AVENUE,TULSA,OK,74133,40143,36.03535837501,-95.864769000812,Yes
CNM05565,1417519018,Tara,Gartling,,Hospital,370001,HILLCREST MEDICAL CENTER,1120 SOUTH UTICA AVENUE,TULSA,OK,74104,40143,36.060371705915,-95.96613815436,Yes
CNM06771,1417531500,Amy,Riley,,Hospital,420049,CONWAY MEDICAL CENTER,300 SINGLETON RIDGE ROAD,CONWAY,SC,29526,45051,33.786527810629,-79.002612581919,Yes
CNM06734,1417553975,Liane,Guarnieri,,Hospital,490050,VIRGINIA HOSPITAL CENTER,1701 NORTH GEORGE MASON DRIVE,ARLINGTON,VA,22205,51013,38.890021160686,-77.12887517888,Yes
CNM08620,1417649047,Madison,Barrett,,Hospital,330191,GLENS FALLS HOSPITAL,100 PARK STREET,GLENS FALLS,NY,12801,36113,43.307265317705,-73.646098827477,Yes
CNM07257,1417659319,Ann,Hogan,,Hospital,330191,GLENS FALLS HOSPITAL,100 PARK STREET,GLENS FALLS,NY,12801,36113,43.307265317705,-73.646098827477,Yes
CNM08221,1417664863,Courtney,Ellis,,Hospital,180130,BAPTIST HEALTH LOUISVILLE,4000 KRESGE WAY,LOUISVILLE,KY,40207,21111,38.239693653437,-85.637788775712,Yes
CNM08221,1417664863,Courtney,Ellis,,Hospital,180138,,,,,,,,,No
CNM08221,1417664863,Courtney,Ellis,,Hospital,180088,NORTON HOSPITAL / NORTON HEALTHCARE PAVILION / NOR,200 EAST CHESTNUT STREET,LOUISVILLE,KY,40202,21111,38.248211772883,-85.751762091104,Yes
CNM09739,1417778242,Seni,King,,Hospital,390066,WELLSPAN GOOD SAMARITAN HOSPITAL,252 SOUTH 4TH STREET,LEBANON,PA,17042,42075,40.335905683386,-76.417265400307,Yes
5088,1417945551,Suzanne,Carrington,,Hospital,060024,UNIVERSITY OF COLORADO HOSPITAL AUTHORITY,12605 E 16TH AVE,AURORA,CO,80045,08001,39.741422007578,-104.842052672788,Yes
7191,1427051549,Sandra Lynn,Cottle,,Hospital,510002,"CAMC GREENBRIER VALLEY MEDICAL CENTER, INC",1320 MAPLEWOOD AVENUE,RONCEVERTE,WV,24970,54025,37.772141597128,-80.469135693662,Yes
7191,1427051549,Sandra Lynn,Cottle,,Hospital,510022,CHARLESTON AREA MEDICAL CENTER,501 MORRIS STREET,CHARLESTON,WV,25301,54039,38.347296200145,-81.626034159788,Yes
10903,1427114628,Gretchen Ann,Landwehr,,Hospital,220116,TUFTS MEDICAL CENTER,800 WASHINGTON STREET,BOSTON,MA,02111,25025,42.350242609935,-71.063325127963,Yes
13087,1427142454,Katherine,Willey,,Hospital,140088,THE UNIVERSITY OF CHICAGO MEDICAL CENTER,5841 SOUTH MARYLAND,CHICAGO,IL,60637,17031,41.78877397345,-87.604857148474,Yes
12846,1427203181,Sara,Church,,Hospital,070033,DANBURY HOSPITAL,24 HOSPITAL AVE,DANBURY,CT,06810,09001,41.406170840493,-73.44600973779,Yes
CNM0101,1427361914,Savannah,Scoggins,,Hospital,110054,ATRIUM HEALTH FLOYD MEDICAL CENTER,304 TURNER MCCALL BOULEVARD,ROME,GA,30162,13115,34.260352831474,-85.178957927406,Yes
CNM2116,1427460567,Johnna,Reggi,,Hospital,140150,UNIVERSITY OF ILLINOIS HOSPITAL AND CLINICS,1740 WEST TAYLOR ST SUITE 1400,CHICAGO,IL,60612,17031,41.869260590015,-87.670709386776,Yes
CNM1252,1427484591,Alicia,Sattler,,Hospital,501333,KITTITAS VALLEY COMMUNITY HOSPITAL,603 SOUTH CHESTNUT,ELLENSBURG,WA,98926,53037,46.987447796561,-120.536819991371,Yes
CNM1252,1427484591,Alicia,Sattler,,Hospital,500036,YAKIMA VALLEY MEMORIAL,2811 TIETON DRIVE,YAKIMA,WA,98902,53077,46.592758084928,-120.546272652403,Yes
CNM04979,1427538875,Kate,Johnson,,Hospital,240080,FAIRVIEW HOSPITAL UNIVERSITY,2450 RIVERSIDE AVENUE,MINNEAPOLIS,MN,55454,27053,44.96587793412,-93.236887767098,Yes
CNM04783,1427553270,Chandra,Case,,Hospital,260102,UNIVERSITY HEALTH LAKEWOOD MEDICAL CENTER,7900 LEE'S SUMMIT RD,KANSAS CITY,MO,64139,29095,38.968657134804,-94.378811418365,Yes
CNM03757,1427590405,Katelyn,Lucy,,Hospital,470011,BRATTLEBORO MEMORIAL HOSPITAL,17 BELMONT AVE,BRATTLEBORO,VT,05301,50025,42.842344777533,-72.56576016389,Yes
CNM06086,1427727403,Genevie,Dill,,Hospital,410010,WOMEN & INFANTS HOSPITAL OF RHODE ISLAND,101 DUDLEY STREET,PROVIDENCE,RI,02905,44007,41.810276961686,-71.411298380038,Yes
CNM07707,1427793215,Stacy,Lonero,,Hospital,390073,UPMC ALTOONA,620 HOWARD AVENUE,ALTOONA,PA,16601,42013,40.521436956959,-78.397987516844,Yes
CNM09517,1427890649,Jessica,Duhaime,,Hospital,330079,ADIRONDACK MEDICAL CENTER - SARANAC LAKE,"2233 STATE ROUTE 86, PO BOX 471",SARANAC LAKE,NY,12983,36033,44.344294650797,-74.144471841341,Yes
CNM09517,1427890649,Jessica,Duhaime,,Hospital,330250,THE UNIVERSITY OF VERMONT HEALTH NETWORK  - CHAMPL,75 BEEKMAN STREET,PLATTSBURGH,NY,12901,36019,44.700063137793,-73.466718402565,Yes
CNM09517,1427890649,Jessica,Duhaime,,Hospital,331322,,,,,,,,,No
7451,1437120409,Annette Marie,Casey,,Hospital,030013,YUMA REGIONAL MEDICAL CENTER,2400 SOUTH AVENUE A,YUMA,AZ,85364,04027,32.683895925582,-114.633325546527,Yes
9374,1437130101,Neko Devel,Upson,,Hospital,060028,INTERMOUNTAIN HEALTH SAINT JOSEPH HOSPITAL,1375 E 19TH AVE,DENVER,CO,80218,08031,39.745879997381,-104.969899991979,Yes
9043,1437138120,Cindy Jo,Ramsay,,Hospital,140275,MERCYONE GENESIS SILVIS MEDICAL CENTER,801 ILLINI DR,SILVIS,IL,61282,17161,41.494172877397,-90.418427330637,Yes
9043,1437138120,Cindy Jo,Ramsay,,Hospital,160033,MERCYONE GENESIS,1227 EAST RUSHOLME STREET,DAVENPORT,IA,52803,19163,41.542785661629,-90.557549370295,Yes
9097,1437172079,Susan E.,Massey,,Hospital,140046,GOOD SAMARITAN REGIONAL HLTH CENTER,1 GOOD SAMARITAN WAY,MOUNT VERNON,IL,62864,17081,38.2974998111,-88.937139153182,Yes
10975,1437213295,Karla Jean,Snyder,,Hospital,380014,GOOD SAMARITAN REGIONAL MEDICAL CENTER,3600 NW SAMARITAN DRIVE,CORVALLIS,OR,97330,41003,44.604621213426,-123.251326068986,Yes
11764,1437353539,Amanda,Carritte,,Hospital,220033,BEVERLY HOSPITAL CORPORATION,85 HERRICK STREET,BEVERLY,MA,01915,25009,42.565088407552,-70.877182990522,Yes
CNM0927,1437419009,Brende,Lott,,Hospital,180087,TAYLOR REGIONAL HOSPITAL,1700 OLD LEBANON ROAD,CAMPBELLSVILLE,KY,42718,21217,37.365703988626,-85.339127237722,Yes
CNM08881,1437492204,Karen,Faulk,,Hospital,510001,"WEST VIRGINIA UNIVERSITY HOSPITALS, INC",1 MEDICAL CENTER DRIVE,MORGANTOWN,WV,26506,54061,39.652235753648,-79.959761392189,Yes
CNM3326,1437504149,Sara,Lebovic,,Hospital,230302,HENRY FORD HEALTH WEST BLOOMFIELD HOSPITAL,6777 WEST MAPLE ROAD,WEST BLOOMFIELD,MI,48322,26125,42.541514166496,-83.40814643303,Yes
CNM2514,1437542305,Sarah,Drexler,,Hospital,060024,UNIVERSITY OF COLORADO HOSPITAL AUTHORITY,12605 E 16TH AVE,AURORA,CO,80045,08001,39.741422007578,-104.842052672788,Yes
CNM1262,1437582699,Lily,Zimmermann,,Hospital,360085,OHIO STATE UNIVERSITY HOSPITALS,410 WEST 10TH AVENUE,COLUMBUS,OH,43210,39049,39.994459567035,-83.015989156105,Yes
CNM1240,1437594314,Mara,Arakelian,,Hospital,140179,OSF LITTLE COMPANY OF MARY MEDICAL CENTER,2800 W 95TH ST,EVERGREEN PARK,IL,60805,17031,41.720899472534,-87.692043510582,Yes
CNM03744,1437601705,Christa,Rick,,Hospital,330157,SAMARITAN MEDICAL CENTER,830 WASHINGTON STREET,WATERTOWN,NY,13601,36045,43.964735854471,-75.912846284078,Yes
CNM03671,1437606670,Amanda,Ezekiel,,Hospital,230017,BRONSON METHODIST HOSPITAL,601 JOHN STREET,KALAMAZOO,MI,49007,26077,42.286154661725,-85.581267522405,Yes
CNM05322,1437617164,Farahnaz,Babaei,,Hospital,050689,SAN RAMON REGIONAL MEDICAL CENTER,6001 NORRIS CANYON ROAD,SAN RAMON,CA,94583,06013,37.776066576026,-121.958302791211,Yes
CNM05028,1437636156,Valerie,Keville,,Hospital,330203,CROUSE HOSPITAL,736 IRVING AVENUE,SYRACUSE,NY,13210,36067,43.041878519486,-76.137929238503,Yes
CNM07710,1437720497,Nicholle,Aiello,,Hospital,330103,OLEAN GENERAL HOSPITAL,515 MAIN STREET,OLEAN,NY,14760,36009,42.089824048968,-78.426889170272,Yes
CNM07289,1437817103,Sarah,Tyler-Peterson,,Hospital,521347,WESTERN WISCONSIN HEALTH,1100 BERGSLIEN ST,BALDWIN,WI,54002,55109,44.941183110514,-92.376048546264,Yes
CNM07865,1437919396,Mary,Gunnells,,Hospital,010033,UNIVERSITY OF ALABAMA HOSPITAL,619 SOUTH 19TH STREET,BIRMINGHAM,AL,35233,01073,33.506123544499,-86.801832411474,Yes
CNM08967,1437931870,Denetra,Barthell,,Hospital,220060,BETH ISRAEL DEACONESS HOSPITAL - PLYMOUTH,275 SANDWICH STREET,PLYMOUTH,MA,02360,25023,41.944770437087,-70.645603174458,Yes
CNM09800,1437971710,Jamie,Johar,,Hospital,060119,MEDICAL CENTER OF THE ROCKIES,2500 ROCKY MOUNTAIN AVE,LOVELAND,CO,80538,08069,40.418118983702,-104.99744837405,Yes
CNM09959,1447051487,Leah,Griffin,,Hospital,050121,ADVENTIST HEALTH HANFORD,115 MALL DRIVE,HANFORD,CA,93230,06031,36.323854912223,-119.667384484628,Yes
CNM09449,1447079546,Amanda,Acosta,,Hospital,140228,UW HEALTH,1401 EAST STATE STREET,ROCKFORD,IL,61104,17201,42.266877867123,-89.073633711787,Yes
12063,1447214085,Anna,Kent,,Hospital,510008,BERKELEY MEDICAL CENTER,2500 HOSPITAL DRIVE,MARTINSBURG,WV,25401,54003,39.477474082008,-77.98045645915,Yes
11407,1447258439,Stefanie Lyn,Young,,Hospital,390009,SAINT VINCENT HOSPITAL,232 WEST 25TH STREET,ERIE,PA,16544,42049,42.111178164272,-80.078735667269,Yes
10697,1447271168,Margarita,Flores,,Hospital,060024,UNIVERSITY OF COLORADO HOSPITAL AUTHORITY,12605 E 16TH AVE,AURORA,CO,80045,08001,39.741422007578,-104.842052672788,Yes
13173,1447586425,Erika,Sawyer,,Hospital,050055,CALIFORNIA PACIFIC MEDICAL CENTER - MISSION BERNAL,3555 CESAR CHAVEZ,SAN FRANCISCO,CA,94110,06075,37.74798821299,-122.420874893472,Yes
CNM1284,1447591821,Leslie,Cornwell,,Hospital,230080,MCLAREN CENTRAL MICHIGAN,1221 SOUTH DRIVE,MOUNT PLEASANT,MI,48858,26073,43.598622991523,-84.760589038586,Yes
CNM03939,1447793013,Homa,Wenah,,Hospital,230053,HENRY FORD HEALTH HOSPITAL,2799 W GRAND BLVD,DETROIT,MI,48202,26163,42.366931017945,-83.082686737197,Yes
CNM03892,1447794078,Sara,Linkey,,Hospital,360068,TOLEDO HOSPITAL THE,2142 NORTH COVE BOULEVARD,TOLEDO,OH,43606,39095,41.671472522382,-83.594058795479,Yes
CNM05618,1447800313,Michelle,Locke,,Hospital,230075,BRONSON BATTLE CREEK HOSPITAL,300 NORTH AVENUE,BATTLE CREEK,MI,49017,26025,42.330262230912,-85.180300434404,Yes
CNM06437,1447967419,Megan,Jaynes,,Hospital,340097,HUGH CHATHAM MEMORIAL HOSPITAL,180 PARKWOOD DR,ELKIN,NC,28621,37171,36.262510096521,-80.838204939053,Yes
CNM08357,1457050734,Christa,Horn,,Hospital,440059,COOKEVILLE REGIONAL MEDICAL CENTER,1 MEDICAL CENTER BOULEVARD,COOKEVILLE,TN,38501,47141,36.170117030562,-85.509457256364,Yes
8759,1457307258,Suzanne Elaine,Lowe,,Hospital,410005,OUR LADY OF FATIMA HOSPITAL,200 HIGH SERVICE AVENUE,NORTH PROVIDENCE,RI,02904,44007,41.856687901371,-71.460663233926,Yes
6499,1457331746,Sameerah Latifa,Shareef,,Hospital,230167,MCLAREN GREATER LANSING,2900 COLLINS RD,LANSING,MI,48910,26065,42.702023789539,-84.498886748441,Yes
11619,1457345308,Bernadette Nicole,Olivier,,Home health agency,678499,,,,,,,,,No
7124,1457358095,Diane Arlene,Nicholson,,Hospital,330195,LONG ISLAND JEWISH MEDICAL CENTER,270 - 05 76TH AVENUE,NEW HYDE PARK,NY,11040,36081,40.753333877156,-73.706882858069,Yes
12228,1457455917,Renee,Beninger,,Hospital,380004,PROVIDENCE ST VINCENT MEDICAL CENTER,9205 SW BARNES ROAD,PORTLAND,OR,97225,41067,45.508992520755,-122.771633778891,Yes
12228,1457455917,Renee,Beninger,,Hospital,380089,LEGACY MERIDIAN PARK MEDICAL CENTER,19300 SW 65TH AVENUE,TUALATIN,OR,97062,41067,45.378716492736,-122.740735599185,Yes
5294,1457464695,Catherine E.,Ruhl,,Hospital,320021,PRESBYTERIAN HOSPITAL,1100 CENTRAL AVENUE SE,ALBUQUERQUE,NM,87106,35001,35.082314106333,-106.634945215281,Yes
12786,1457501645,Jacqueline,Sahrphillips,,Hospital,110146,SOUTHEAST GEORGIA HEALTH SYSTEM- CAMDEN CAMPUS,2000 DAN PROCTOR DRIVE,SAINT MARYS,GA,31558,13039,30.781220237961,-81.616222073913,Yes
13091,1457599821,Allison,Hansen,,Hospital,190013,WEST CALCASIEU CAMERON HOSPITAL,701 EAST CYPRESS STREET,SULPHUR,LA,70663,22019,30.231058922777,-93.368668723191007,Yes
CNM05448,1457810814,Corrine,Stokes,,Hospital,151310,,,,,,,,,No
CNM04695,1457851131,Devon,Root,,Hospital,070025,HARTFORD HOSPITAL,80 SEYMOUR STREET,HARTFORD,CT,06102,09003,41.753898285654,-72.680679557458,Yes
CNM04764,1457856924,Rebecca,Gloss,,Hospital,060049,UCHEALTH YAMPA VALLEY MEDICAL CENTER,1024 CENTRAL PARK DR,STEAMBOAT SPRINGS,CO,80487,08107,40.462197754948,-106.817974544555,Yes
CNM03785,1457866709,JennieLea,Hanna,,Hospital,201316,MAINEHEALTH FRANKLIN HOSPITAL,111 FRANKLIN HEALTH COMMONS,FARMINGTON,ME,04938,23007,44.626291430331,-70.161667868878,Yes
CNM06360,1457979288,Jenny,Xiao,,Hospital,330214,NYU LANGONE HOSPITALS,550 FIRST AVENUE,NEW YORK,NY,10016,36061,40.742346194975,-73.974474127012,Yes
CNM06272,1467061168,Claire,Moynihan,,Hospital,330226,UNITY HOSPITAL OF ROCHESTER,1555 LONG POND ROAD,ROCHESTER,NY,14626,36055,43.193164550373,-77.701528944652,Yes
CNM06272,1467061168,Claire,Moynihan,,Hospital,330125,ROCHESTER GENERAL HOSPITAL,1425 PORTLAND AVENUE,ROCHESTER,NY,14621,36055,43.191055490179,-77.584403244091,Yes
CNM07996,1467134056,Nikki,Jacobson,,Hospital,241359,AVERA MARSHALL REGIONAL MEDICAL CENTER,300 SOUTH BRUCE STREET,MARSHALL,MN,56258,27083,44.44807296498,-95.77624037679,Yes
CNM09291,1467218032,Britta,Clark,,Hospital,240019,ESSENTIA HEALTH DULUTH,502 EAST SECOND STREET,DULUTH,MN,55805,27137,46.792989880071,-92.094161657004,Yes
CNM09047,1467229187,Narissa,Browne,,Hospital,100007,ADVENTHEALTH ORLANDO,601 E ROLLINS ST,ORLANDO,FL,32803,12095,28.574160423062,-81.371166110449,Yes
CNM09764,1467264242,Nicole,Justice,,Hospital,360172,MERCY HEALTH-LORAIN HOSPITAL,3700 KOLBE ROAD,LORAIN,OH,44053,39093,41.437439470624,-82.235348462283,Yes
9082,1467437533,Diane Karen,Feller,,Hospital,240053,PARK NICOLLET METHODIST HOSPITAL,6500 EXCELSIOR BLVD,SAINT LOUIS PARK,MN,55426,27053,44.927104316424,-93.361393505045,Yes
7633,1467524306,Sharon,Squibb,,Hospital,161341,,,,,,,,,No
3962,1467526848,Deborah A.,Setterstrom,,Hospital,520028,SSM HEALTH MONROE HOSPITAL,515 22ND AVE,MONROE,WI,53566,55045,42.607643858469,-89.632680322244,Yes
11077,1467553347,Robin Cressida,Aftuck,,Hospital,330005,KALEIDA HEALTH,100 HIGH STREET,BUFFALO,NY,14210,36029,42.900396853485,-78.866755694431,Yes
12341,1467592634,Adrienne,Hines,,Hospital,220024,HOLYOKE MEDICAL CENTER,575 BEECH STREET,HOLYOKE,MA,01040,25013,42.199379857645,-72.628560357418,Yes
12341,1467592634,Adrienne,Hines,,Hospital,220066,MERCY MEDICAL CTR,271 CAREW STREET,SPRINGFIELD,MA,01104,25013,42.11665547048,-72.595142058207,Yes
12570,1467633321,KrisAnn,Jardin,,Hospital,220074,"SOUTHCOAST HOSPITAL GROUP, INC",363 HIGHLAND AVENUE,FALL RIVER,MA,02720,25005,41.710495654624,-71.146278931404,Yes
13008,1467694554,Tammechien,McDonald-Brouwer,,Hospital,490004,SENTARA RMH MEDICAL CENTER,2010 HEALTH CAMPUS DRIVE,HARRISONBURG,VA,22801,51660,38.407498087075,-78.854841555756,Yes
CNM0946,1467708487,Michelle,Grubb,,Hospital,460060,LONE PEAK HOSPITAL,11925 SOUTH STATE STREET,DRAPER,UT,84020,49035,40.534299980876,-111.89138849676,Yes
CNM0410,1467742924,Michelle,Connor,,Hospital,220066,MERCY MEDICAL CTR,271 CAREW STREET,SPRINGFIELD,MA,01104,25013,42.11665547048,-72.595142058207,Yes
CNM2537,1467830646,Nicole,Sichting,,Hospital,150112,COLUMBUS REGIONAL HOSPITAL,2400 E 17TH ST,COLUMBUS,IN,47201,18005,39.215914548504,-85.896761731291,Yes
CNM2730,1467838359,Lisa,Spencer,,Hospital,210002,UNIVERSITY OF MARYLAND MEDICAL CENTER,22 SOUTH  GREENE STREET,BALTIMORE,MD,21201,24510,39.288488999595,-76.623726256749,Yes
CNM2607,1467847988,Meaghan,Doyle-Malone,,Hospital,220077,BAYSTATE MEDICAL CENTER,759 CHESTNUT STREET,SPRINGFIELD,MA,01199,25013,42.119023347188,-72.604094352769,Yes
CNM05186,1467920512,Elizabeth,Rowe,,Hospital,530025,IVINSON MEMORIAL HOSPITAL,255 N 30TH,LARAMIE,WY,82072,56001,41.31214401007,-105.557439599135,Yes
CNM09148,1467943001,Sarena,Lesem,,Hospital,220002,MOUNT AUBURN HOSPITAL,330 MOUNT AUBURN STREET,CAMBRIDGE,MA,02138,25017,42.374801064511,-71.133140203692,Yes
CNM04990,1477032027,Beverly,Maldonado,,Hospital,050043,,,,,,,,,No
CNM06585,1477105716,Ruth,Kingston,,Hospital,460047,ST MARK'S HOSPITAL,1200 EAST 3900 SOUTH,SALT LAKE CITY,UT,84124,49035,40.686992672703,-111.85705840439,Yes
CNM06858,1477135002,Melissa,Landon,,Hospital,390195,LANKENAU MEDICAL CENTER,100 LANCASTER AVE,WYNNEWOOD,PA,19096,42091,39.990264210987,-75.258041545246,Yes
CNM06858,1477135002,Melissa,Landon,,Hospital,390222,RIDDLE MEMORIAL HOSPITAL,1068 WEST BALTIMORE PIKE,MEDIA,PA,19063,42045,39.914232042412,-75.43019173232,Yes
CNM05763,1477190411,Simone,Bonde,,Hospital,140010,ENDEAVOR HEALTH CLINICAL OPERATIONS,2650 RIDGE AVE,EVANSTON,IL,60201,17031,42.06600934932,-87.683197273735,Yes
CNM08363,1477269090,Natalie,Connaughton,,Hospital,360035,MOUNT CARMEL EAST,6001 EAST BROAD STREET,COLUMBUS,OH,43213,39049,39.979250975303,-82.843482539864,Yes
CNM08223,1477272078,Jeannette,Hasley,,Hospital,161362,CHEROKEE REGIONAL MEDICAL CENTER,300 SIOUX VALLEY DRIVE,CHEROKEE,IA,51012,19035,42.758657007379,-95.549449013329,Yes
CNM07934,1477287183,Larisa,Savage,,Hospital,140209,CARLE HEALTH METHODIST HOSPITAL,221 N E GLEN OAK AVE,PEORIA,IL,61636,17143,40.69986407507,-89.595254220648,Yes
CNM09431,1477320661,Alexandra,Pinschmidt,,Hospital,220046,BERKSHIRE MEDICAL CENTER INC - 1,725 NORTH STREET,PITTSFIELD,MA,01201,25003,42.459209502755,-73.248548775577,Yes
CNM10228,1477424026,Taylor,Driscoll,,Hospital,360027,AKRON GENERAL MEDICAL CENTER,1 AKRON GENERAL AVENUE,AKRON,OH,44307,39153,41.077578249889,-81.531399992076,Yes
9356,1477528941,Judy Lynn,Osborne,,Hospital,420004,MUSC MEDICAL CENTER,169 ASHLEY AVE,CHARLESTON,SC,29425,45019,32.784956585415,-79.946428192164,Yes
5311,1477547404,Carol,Brekus-Watson,,Hospital,070022,YALE-NEW HAVEN HOSPITAL,20 YORK ST,NEW HAVEN,CT,06504,09009,41.30334916715,-72.93614177983,Yes
10666,1477548600,Tanya Dalton,Bailey,,Hospital,490075,SOVAH HEALTH DANVILLE,142 SOUTH MAIN STREET,DANVILLE,VA,24541,51590,36.577330668477,-79.404742526396,Yes
11237,1477578706,Pamela,Hetrick,,Hospital,360098,LAKE HEALTH,7590 AUBURN ROAD,CONCORD,OH,44077,39085,41.664819887768,-81.245412866935,Yes
11551,1477579035,Cara Cameron,Grout,,Hospital,340069,WAKEMED,3000 NEW BERN AVE,RALEIGH,NC,27610,37183,35.785823354335,-78.589299660504,Yes
8639,1477592863,Tara Ann,Scaglione,,Hospital,330104,NYACK HOSPITAL,160 NORTH MIDLAND AVENUE,NYACK,NY,10960,36087,41.096697923076,-73.924787986734,Yes
8639,1477592863,Tara Ann,Scaglione,,Hospital,330158,GOOD SAMARITAN HOSPITAL OF SUFFERN,255 LAFAYETTE AVENUE,SUFFERN,NY,10901,36087,41.112159374584,-74.13392053312,Yes
10038,1477606069,Youngmee,Lee,,Hospital,330106,NORTH SHORE UNIVERSITY HOSPITAL,300 COMMUNITY DRIVE,MANHASSET,NY,11030,36059,40.776195413916,-73.702965680507,Yes
6255,1477656544,Polly Campbell,Moran,,Hospital,070002,SAINT FRANCIS HOSPITAL & MEDICAL CENTER,114 WOODLAND STREET & 500 BLUE HILLS AVENUE,HARTFORD,CT,06105,09003,41.774882341683,-72.699461816494,Yes
12782,1477709087,Cheryl,Muck,,Hospital,230046,UNIVERSITY OF MICHIGAN HEALTH,"1500 E MEDICAL CENTER DRIVE, SPC 5474",ANN ARBOR,MI,48109,26161,42.281400027614,-83.726782161004,Yes
12782,1477709087,Cheryl,Muck,,Hospital,230130,COREWELL HEALTH WILLIAM BEAUMONT UNIVERSITY HOSPIT,3601 W THIRTEEN MILE RD,ROYAL OAK,MI,48073,26125,42.517697725881,-83.191115133945,Yes
12617,1477724458,Stephanie,Ippolito,,Hospital,310044,CAPITAL HEALTH MEDICAL CENTER - HOPEWELL,ONE CAPITAL WAY,PENNINGTON,NJ,08534,34021,40.291989990646,-74.802920005658,Yes
12479,1477769115,Monica,Giardino,,Hospital,100038,MEMORIAL REGIONAL HOSPITAL,3501 JOHNSON ST,HOLLYWOOD,FL,33021,12011,26.018311357354,-80.179925936171,Yes
13190,1477842789,Heather,Schafer,,Hospital,100109,ADVENTHEALTH SEBRING,4200 SUN N LAKE BLVD,SEBRING,FL,33872,12055,27.535998977433,-81.510195262751,Yes
CNM0381,1477845931,Cassandra,Sampsell,,Hospital,360085,OHIO STATE UNIVERSITY HOSPITALS,410 WEST 10TH AVENUE,COLUMBUS,OH,43210,39049,39.994459567035,-83.015989156105,Yes
CNM0118,1477868156,Stephanie,Sedlak,,Hospital,360020,SUMMA HEALTH SYSTEM,525 EAST MARKET STREET,AKRON,OH,44309,39153,41.078902895357,-81.501259153272,Yes
CNM2364,1477950319,Christina,Sykes,,Hospital,080007,BEEBE MEDICAL CENTER,424 SAVANNAH RD,LEWES,DE,19958,10005,38.771345599544,-75.142429279166,Yes
CNM2087,1477961399,Elizabeth,DiCampli,,Hospital,390065,GETTYSBURG HOSPITAL,147 GETTYS STREET,GETTYSBURG,PA,17325,42001,39.823337350267,-77.2337766232,Yes
CNM1359,1477998110,Carli,Remy,,Hospital,360137,UH CLEVELAND MEDICAL CENTER,11100 EUCLID AVENUE,CLEVELAND,OH,44106,39035,41.506590328946,-81.608004588239,Yes
CNM2653,1487035531,Brittney,Bergeron,,Hospital,300011,ST JOSEPH HOSPITAL,172 KINSLEY ST,NASHUA,NH,03060,33011,42.750019388344,-71.480927681238,Yes
CNM2397,1487050431,Tisha,Seghers,,Hospital,190046,TOURO INFIRMARY,1401 FOUCHER STREET,NEW ORLEANS,LA,70115,22071,29.924923074967,-90.092607590185,Yes
CNM04339,1487179636,Amy,Maynard,,Hospital,180103,BAPTIST HEALTH LEXINGTON,1740 NICHOLASVILLE ROAD,LEXINGTON,KY,40503,21067,38.019099370202,-84.51375591061,Yes
CNM04028,1487187555,Jennyfer,Floyd,,Hospital,390329,JEFFERSON EINSTEIN MONTGOMERY HOSPITAL,559 WEST GERMANTOWN PIKE,EAST NORRITON,PA,19403,42091,40.150576451254,-75.34182392207,Yes
CNM05461,1487206983,Jessica,Haley Ortiz,,Hospital,240004,HENNEPIN COUNTY MEDICAL CENTER,701 PARK AVENUE,MINNEAPOLIS,MN,55415,27053,44.972787374471,-93.262653606228,Yes
CNM07225,1487224325,Tessa,Hand,,Hospital,350070,ESSENTIA HEALTH FARGO,3000 32ND AVE SOUTH,FARGO,ND,58104,38017,46.832455617747,-96.826431940857,Yes
CNM10099,1487399499,Cristina,Palermiti,,Hospital,100046,ADVENTHEALTH ZEPHYRHILLS,7050 GALL BLVD,ZEPHYRHILLS,FL,33541,12101,28.2598506,-82.1882634,Yes
CNM09077,1487428165,Danielle,Degarr,,Hospital,390174,THOMAS JEFFERSON UNIVERSITY HOSPITAL,111 SOUTH 11TH STREET,PHILADELPHIA,PA,19107,42101,39.949674609229,-75.158673630059,Yes
4049,1487714523,Karen,Katz,,Hospital,310038,ROBERT WOOD JOHNSON UNIVERSITY HOSPITAL,ONE ROBERT WOOD JOHNSON PLACE,NEW BRUNSWICK,NJ,08901,34023,40.495720906414,-74.450347067067,Yes
4049,1487714523,Karen,Katz,,Hospital,310070,SAINT PETER'S UNIVERSITY HOSPITAL,254 EASTON AVE,NEW BRUNSWICK,NJ,08901,34023,40.502083480438,-74.459981552264,Yes
8224,1487745345,Michelle L.,Liddy,,Hospital,310052,OCEAN UNIVERSITY MEDICAL CENTER,425 JACK MARTIN BLVD,BRICK,NJ,08724,34029,40.077894216238,-74.129047950712,Yes
3720,1487768305,Christine D.,Dombrowski,,Hospital,070034,NORWALK HOSPITAL,24 STEVENS STREET,NORWALK,CT,06856,09001,41.110686663624,-73.420483924479,Yes
12825,1487892287,Donna,Lo,,Hospital,340091,CONE HEALTH,1200 N ELM ST,GREENSBORO,NC,27401,37081,36.091027589023,-79.788737928703,Yes
CNM0569,1487936415,Anna,Mikos,,Hospital,140223,ADVOCATE LUTHERAN GENERAL HOSPITAL,1775 DEMPSTER ST,PARK RIDGE,IL,60068,17031,42.038478833641,-87.847579106618,Yes
CNM0167,1487974515,Traci,Labreck,,Hospital,200031,CARY MEDICAL CENTER,"163 VAN BUREN RD, SUITE 1",CARIBOU,ME,04736,23003,46.871165378162,-67.999535670984,Yes
CNM0942,1487998639,Christina,Chaney,,Hospital,320021,PRESBYTERIAN HOSPITAL,1100 CENTRAL AVENUE SE,ALBUQUERQUE,NM,87106,35001,35.082314106333,-106.634945215281,Yes
CNM04913,1497040356,Sadie,Dahlsrud,,Hospital,460026,INTERMOUNTAIN HEALTH SEVIER VALLEY HOSPITAL,1000 NORTH MAIN STREET,RICHFIELD,UT,84701,49041,38.782059363682,-112.084681974454,Yes
CNM0112,1497065312,Mary,Burke,,Hospital,140088,THE UNIVERSITY OF CHICAGO MEDICAL CENTER,5841 SOUTH MARYLAND,CHICAGO,IL,60637,17031,41.78877397345,-87.604857148474,Yes
CNM3216,1497100572,Kelly,Aten,,Hospital,140290,ST ALEXIUS MEDICAL CENTER,1555 N BARRINGTON RD,HOFFMAN ESTATES,IL,60169,17031,42.052036441292,-88.144359916431,Yes
CNM3216,1497100572,Kelly,Aten,,Hospital,140258,ALEXIAN BROTHERS MEDICAL CENTER 1,800 BIESTERFIELD RD,ELK GROVE VILLAGE,IL,60007,17031,42.003516077225,-88.017266456241,Yes
CNM2023,1497159578,Dawn,Dulin,,Hospital,360180,CLEVELAND CLINIC,9500 EUCLID AVENUE,CLEVELAND,OH,44195,39035,41.503346094361,-81.622884159903,Yes
CNM05612,1497301964,Suzanne,Hanna,,Hospital,150006,NORTHWEST HEALTH-LA PORTE,1331 STATE STREET,LA PORTE,IN,46350,18091,41.6093367035,-86.72719371469,Yes
CNM06891,1497328553,Megan,Fisher,,Hospital,330073,UNITED MEMORIAL MEDICAL CENTER,127 NORTH STREET,BATAVIA,NY,14020,36037,43.003978608118,-78.177071258485,Yes
CNM08976,1497537690,Nakia,Dumas,,Hospital,390067,UPMC PINNACLE HOSPITALS,409 SOUTH SECOND STREET,HARRISBURG,PA,17104,42043,40.256594233372,-76.875844981098,Yes
8049,1497730030,Amy Vickers,Knox,,Hospital,240053,PARK NICOLLET METHODIST HOSPITAL,6500 EXCELSIOR BLVD,SAINT LOUIS PARK,MN,55426,27053,44.927104316424,-93.361393505045,Yes
6567,1497754451,Debra Lynn,Cuthill,,Hospital,260138,ST LUKES HOSPITAL OF KANSAS CITY,4401 WORNALL ROAD,KANSAS CITY,MO,64111,29095,39.046468056459,-94.590065111907,Yes
8141,1497780233,Bridget Ellen,Heckler,,Hospital,360032,GRAND LAKE HEALTH SYSTEM,200 SAINT CLAIR STREET,SAINT MARYS,OH,45885,39011,40.543473696729,-84.37018479286,Yes
9848,1497830046,Sarah Lynn,Poplin,,Hospital,370025,SAINT FRANCIS HOSPITAL MUSKOGEE,300 ROCKEFELLER DRIVE,MUSKOGEE,OK,74401,40101,35.753579599462,-95.406069190514,Yes
CNM0876,1508116260,Tracie,Achrem,,Hospital,230130,COREWELL HEALTH WILLIAM BEAUMONT UNIVERSITY HOSPIT,3601 W THIRTEEN MILE RD,ROYAL OAK,MI,48073,26125,42.517697725881,-83.191115133945,Yes
13164,1508190174,Stephanie,Shilling,,Hospital,030007,VERDE VALLEY MEDICAL CENTER,269 SOUTH CANDY LANE,COTTONWOOD,AZ,86326,04025,34.735323525426,-112.031513918018,Yes
10703,1508190976,Bekah,Kittredge,,Hospital,300012,ELLIOT HOSPITAL,1 ELLIOT WAY,MANCHESTER,NH,03103,33011,42.982771371348,-71.434792806452,Yes
CNM2709,1508242678,Amber,Lavin,,Hospital,271340,BITTERROOT HEALTH - DALY HOSPITAL,1200 WESTWOOD DR,HAMILTON,MT,59840,30081,46.247193588547,-114.171846001655,Yes
CNM1590,1508279472,Jennifer,Hansen,,Hospital,240053,PARK NICOLLET METHODIST HOSPITAL,6500 EXCELSIOR BLVD,SAINT LOUIS PARK,MN,55426,27053,44.927104316424,-93.361393505045,Yes
CNM04112,1508307497,Sarah,Winslow,,Hospital,300018,WENTWORTH-DOUGLASS HOSPITAL,789 CENTRAL AVE,DOVER,NH,03820,33017,43.21214909112,-70.874760680242,Yes
CNM05455,1508329582,Ashley,Engesser,,Hospital,531310,POWELL VALLEY HOSPITAL,777 AVENUE H,POWELL,WY,82435,56029,44.756704681467,-108.770425610152,Yes
CNM05455,1508329582,Ashley,Engesser,,Hospital,270004,BILLINGS CLINIC HOSPITAL,2800 10TH AVE N,BILLINGS,MT,59101,30111,45.790427968222,-108.51404908957,Yes
CNM05005,1508341546,Ellen,McGinley,,Hospital,310086,JEFFERSON STRATFORD HOSPITAL,18 EAST LAUREL ROAD,STRATFORD,NJ,08084,34007,39.827680842996,-75.00946187667,Yes
CNM04872,1508350513,Hannah,Deutschman,,Hospital,410008,SOUTH COUNTY HOSPITAL INC,100 KENYON AVE,WAKEFIELD,RI,02879,44009,41.432221904179,-71.496753221839,Yes
CNM03775,1508398397,Michelle,Buscemi,,Hospital,140010,ENDEAVOR HEALTH CLINICAL OPERATIONS,2650 RIDGE AVE,EVANSTON,IL,60201,17031,42.06600934932,-87.683197273735,Yes
CNM03775,1508398397,Michelle,Buscemi,,Hospital,140252,NORTHWEST COMMUNITY HOSPITAL 1,800 W CENTRAL ROAD,ARLINGTON HEIGHTS,IL,60005,17031,42.066637371154,-87.992858461021,Yes
CNM03775,1508398397,Michelle,Buscemi,,Hospital,140114,SWEDISH HOSPITAL,5145 N CALIFORNIA AVE,CHICAGO,IL,60625,17031,41.975356564846,-87.698635117942,Yes
CNM03775,1508398397,Michelle,Buscemi,,Hospital,140130,NORTHWESTERN LAKE FOREST HOSPITAL,1000 N WESTMORELAND ROAD,LAKE FOREST,IL,60045,17097,42.257862115837,-87.864262632914,Yes
CNM07389,1508524232,Bethany,Grimes,,Hospital,330180,SAMARITAN HOSPITAL,2215 BURDETT AVENUE,TROY,NY,12180,36083,42.734097113137,-73.671327299122,Yes
CNM09166,1508570037,Maricela,Casas,,Hospital,390114,MAGEE WOMENS HOSPITAL OF UPMC HEALTH SYSTEM,300 HALKET STREET,PITTSBURGH,PA,15213,42003,40.437640816847,-79.960326268979,Yes
CNM08073,1508575655,Vanessa,Crespo,,Hospital,220084,EMERSON HOSPITAL -,133 OLD ROAD TO 9 ACRE CORNER,W CONCORD,MA,01742,25017,42.452548860682,-71.377201169912,Yes
7883,1508854647,Catharine Anne,Heffernan,,Hospital,201310,BRIDGTON HOSPITAL,10 HOSPITAL DRIVE,BRIDGTON,ME,04009,23005,44.046737666612,-70.713830573473,Yes
10292,1508885765,Katharyn Lois,Kraemer,,Hospital,390067,UPMC PINNACLE HOSPITALS,409 SOUTH SECOND STREET,HARRISBURG,PA,17104,42043,40.256594233372,-76.875844981098,Yes
10495,1508920109,Karen Ann,Pistilli,,Hospital,390256,MILTON S HERSHEY MEDICAL CENTER,500 UNIVERSITY DRIVE,HERSHEY,PA,17033,42043,40.263750017743,-76.674839964451,Yes
10687,1508976200,Amy Arlone,Bible,,Hospital,670335,,,,,,,,,No
12391,1518098540,Mary,Milkey,,Hospital,230046,UNIVERSITY OF MICHIGAN HEALTH,"1500 E MEDICAL CENTER DRIVE, SPC 5474",ANN ARBOR,MI,48109,26161,42.281400027614,-83.726782161004,Yes
CNM1192,1518205442,Catherine,Boshe,,Hospital,220015,"COOLEY DICKINSON HOSPITAL INC,THE",30 LOCUST STREET,NORTHAMPTON,MA,01060,25015,42.33297142863,-72.657998986865,Yes
CNM0884,1518225655,Courtney,Maxfield,,Hospital,180013,THE MEDICAL CENTER AT BOWLING GREEN,250 PARK STREET,BOWLING GREEN,KY,42101,21227,36.996373887935,-86.430025596165,Yes
CNM1155,1518368919,Anna,Heusner,,Hospital,321310,HOLY CROSS HOSPITAL A DIV OF TAOS HEALTH SYSTEMS,1397 WEIMER ROAD,TAOS,NM,87571,35055,36.368160562761,-105.577035940055,Yes
CNM2171,1518376292,Julie,Tesi,,Hospital,330276,NATHAN LITTAUER HOSPITAL,99 EAST STATE STREET,GLOVERSVILLE,NY,12078,36035,43.068087415638,-74.330753223377,Yes
CNM1792,1518382035,Myna,Smith,,Hospital,510006,"UNITED HOSPITAL CENTER, INC",327 MEDICAL PARK DRIVE,BRIDGEPORT,WV,26330,54033,39.326165565074,-80.239243074333,Yes
CNM1917,1518384825,Nichole,Loran,,Hospital,270014,,,,,,,,,No
CNM1917,1518384825,Nichole,Loran,,Hospital,270023,COMMUNITY MEDICAL CENTER,2827 FORT MISSOULA RD,MISSOULA,MT,59804,30063,46.842223159301,-114.056041440585,Yes
CNM1549,1518388271,Damara,Andreoli,,Hospital,060011,DENVER HEALTH MEDICAL CENTER,777 BANNOCK ST,DENVER,CO,80204,08031,39.728123021932,-104.990289327464,Yes
CNM05066,1518440791,Roberta,Patterson,,Hospital,150048,REID HEALTH,1100 REID PKWY,RICHMOND,IN,47374,18177,39.862874662594,-84.885812085987,Yes
CNM05723,1518509025,Candice,Boddy,,Hospital,360180,CLEVELAND CLINIC,9500 EUCLID AVENUE,CLEVELAND,OH,44195,39035,41.503346094361,-81.622884159903,Yes
CNM08824,1518740513,Maureen,Royé,,Hospital,390065,GETTYSBURG HOSPITAL,147 GETTYS STREET,GETTYSBURG,PA,17325,42001,39.823337350267,-77.2337766232,Yes
CNM08331,1518741958,Christen,Herrington,,Hospital,320061,GALLUP INDIAN MEDICAL CENTER,516 E NIZHONI BLVD,GALLUP,NM,87301,35031,35.508411116064,-108.730354393772,Yes
CNM09461,1518761022,Cristin,Cox,,Hospital,420049,CONWAY MEDICAL CENTER,300 SINGLETON RIDGE ROAD,CONWAY,SC,29526,45051,33.786527810629,-79.002612581919,Yes
CNM09941,1518778901,Keely,Hosick,,Hospital,500003,SKAGIT VALLEY HOSPITAL,1415 E KINCAID ST,MOUNT VERNON,WA,98274,53057,48.417516164505,-122.323933036312,Yes
10912,1518910181,Cristi Deonne,Lubera,,Hospital,320022,PLAINS REGIONAL MEDICAL CENTER,"2100 N MARTIN LUTHER KING, JR, BLVD",CLOVIS,NM,88101,35009,34.419319107024,-103.231828103175,Yes
10510,1518926377,Vanessa Katherine Phillips,Ross,,Hospital,220077,BAYSTATE MEDICAL CENTER,759 CHESTNUT STREET,SPRINGFIELD,MA,01199,25013,42.119023347188,-72.604094352769,Yes
11211,1518969625,Jeanette,Fierro,,Hospital,330014,JAMAICA HOSPITAL MEDICAL CENTER,89TH AVENUE AND VAN WYCK EXPRESSWAY,JAMAICA,NY,11418,36081,40.701402739208,-73.816311112936,Yes
8722,1528042116,Heather Renee,MacLean,,Hospital,380090,BAY AREA HOSPITAL,1775 THOMPSON ROAD,COOS BAY,OR,97420,41011,43.38578728976,-124.233327942894,Yes
8722,1528042116,Heather Renee,MacLean,,Hospital,381304,,,,,,,,,No
9711,1528056413,Rebecca M.,Felter-Wernsdorfer,,Hospital,210009,"JOHNS HOPKINS HOSPITAL, THE",600 NORTH  WOLFE STREET,BALTIMORE,MD,21287,24510,39.296923066038,-76.590856781226,Yes
9197,1528069283,Susan,Hotelling,,Hospital,361329,,,,,,,,,No
7856,1528097763,Janet Robin,Beardsley,,Hospital,200034,ST MARY'S REGIONAL MEDICAL CENTER,93 CAMPUS AVENUE - PO BOX 291,LEWISTON,ME,04243,23001,44.102041306855,-70.199607419396,Yes
7856,1528097763,Janet Robin,Beardsley,,Hospital,200039,MAINEGENERAL MEDICAL CENTER,35 MEDICAL CENTER PARKWAY,AUGUSTA,ME,04330,23011,44.36213920096,-69.781409152682,Yes
7856,1528097763,Janet Robin,Beardsley,,Hospital,201316,MAINEHEALTH FRANKLIN HOSPITAL,111 FRANKLIN HEALTH COMMONS,FARMINGTON,ME,04938,23007,44.626291430331,-70.161667868878,Yes
12254,1528106663,Esther,Hausman,,Hospital,220029,ANNA JAQUES HOSPITAL,25 HIGHLAND AVENUE,NEWBURYPORT,MA,01950,25009,42.814651127726,-70.890393308951,Yes
8042,1528167772,Lucille C.,Milne,,Hospital,330304,WHITE PLAINS HOSPITAL CENTER,DAVIS AVE AT E POST ROAD,WHITE PLAINS,NY,10601,36119,41.028071563779,-73.766991751704,Yes
12687,1528211224,Allison,Nissen,,Hospital,420004,MUSC MEDICAL CENTER,169 ASHLEY AVE,CHARLESTON,SC,29425,45019,32.784956585415,-79.946428192164,Yes
12418,1528238193,Julie,Ward,,Hospital,110064,PIEDMONT COLUMBUS REGIONAL MIDTOWN,710 CENTER STREET,COLUMBUS,GA,31901,13215,32.481333166278,-84.983088673957,Yes
CNM2213,1528469285,Tessa,Stone,,Hospital,060024,UNIVERSITY OF COLORADO HOSPITAL AUTHORITY,12605 E 16TH AVE,AURORA,CO,80045,08001,39.741422007578,-104.842052672788,Yes
CNM1884,1528488574,Francesca,Kotey,,Hospital,390195,LANKENAU MEDICAL CENTER,100 LANCASTER AVE,WYNNEWOOD,PA,19096,42091,39.990264210987,-75.258041545246,Yes
CM00221,1528611076,Ronica,Bennett,,Hospital,330235,AUBURN  COMMUNITY  HOSPITAL,17 LANSING STREET,AUBURN,NY,13021,36011,42.940894126037,-76.562179898714,Yes
11200,1538149190,Diane Hilary,Cummings,,Hospital,320059,NORTHERN NAVAJO MEDICAL CENTER,US HWY 491 NORTH,SHIPROCK,NM,87420,35045,36.653916018265,-108.706305101445,Yes
11200,1538149190,Diane Hilary,Cummings,,Hospital,320005,SAN JUAN REGIONAL MEDICAL CENTER INC,801 WEST MAPLE STREET,FARMINGTON,NM,87401,35045,36.724258033614,-108.215630345724,Yes
10818,1538196324,Pauline,Devendorf,,Hospital,330241,UNIVERSITY HOSPITAL S U N Y HEALTH SCIENCE CENTER,750 EAST ADAMS STREET,SYRACUSE,NY,13210,36067,43.042623087691,-76.139812052316,Yes
10818,1538196324,Pauline,Devendorf,,Hospital,330203,CROUSE HOSPITAL,736 IRVING AVENUE,SYRACUSE,NY,13210,36067,43.041878519486,-76.137929238503,Yes
9168,1538216890,Sheri Ann,Matteo,,Hospital,330224,HEALTHALLIANCE HOSPITAL MARYS AVENUE CAMPUS,105 MARY'S AVENUE,KINGSTON,NY,12401,36111,41.92255323499,-73.999563339331,Yes
8582,1538231808,Deborah Ruth,Flansburg,,Hospital,460015,INTERMOUNTAIN HEALTH LOGAN REGIONAL HOSPITAL,1400 NORTH 500 EAST,LOGAN,UT,84341,49005,41.756951971946,-111.821185944488,Yes
4551,1538242375,Carol K.,Freeman,,Hospital,021310,MANIILAQ HEALTH CENTER,PO BOX 43,KOTZEBUE,AK,99752,NANA,66.8955407,-162.5891948,Yes
9348,1538264544,Stephanie Ivy,Stone,,Hospital,050006,PROVIDENCE ST JOSEPH HOSPITAL,2700 DOLBEER ST,EUREKA,CA,95501,06023,40.784509236466,-124.141553543818,Yes
9348,1538264544,Stephanie Ivy,Stone,,Hospital,050174,PROVIDENCE SANTA ROSA MEMORIAL HOSPITAL,1165 MONTGOMERY DR,SANTA ROSA,CA,95405,06097,38.442882682139,-122.702107604969,Yes
CNM1104,1538411749,Dana,Laise,,Hospital,330180,SAMARITAN HOSPITAL,2215 BURDETT AVENUE,TROY,NY,12180,36083,42.734097113137,-73.671327299122,Yes
CNM0644,1538430558,Kimary,Schatten,,Hospital,490009,UVA HEALTH SCIENCES CENTER,1215 LEE STREET,CHARLOTTESVILLE,VA,22908,51540,38.031057104483,-78.498510084347,Yes
13192,1538448816,Martine,Tesone,,Hospital,060027,,,,,,,,,No
11081,1538475124,Michelle Motz,Barcus,,Hospital,390329,JEFFERSON EINSTEIN MONTGOMERY HOSPITAL,559 WEST GERMANTOWN PIKE,EAST NORRITON,PA,19403,42091,40.150576451254,-75.34182392207,Yes
CNM0142,1538484407,Teri,Gjerseth,,Hospital,520087,GUNDERSEN LUTHERAN MEDICAL CENTER,1910 SOUTH AVE,LA CROSSE,WI,54601,55063,43.795026885962,-91.246775264605,Yes
CNM0142,1538484407,Teri,Gjerseth,,Hospital,521320,TOMAH MEMORIAL HOSPITAL,501 GOPHER DR,TOMAH,WI,54660,55081,43.958990948256,-90.512327528797,Yes
CNM3299,1538492095,Grace,Mishkin,,Hospital,230156,TRINITY HEALTH ANN ARBOR HOSPITAL,5301 E HURON RIVER DR,YPSILANTI,MI,48197,26161,42.261759667025,-83.659727429394,Yes
12717,1538494802,Carly,Detterman,,Hospital,220077,BAYSTATE MEDICAL CENTER,759 CHESTNUT STREET,SPRINGFIELD,MA,01199,25013,42.119023347188,-72.604094352769,Yes
CNM2278,1538550827,Kristine,Oglesby,,Hospital,420078,,,,,,,,,No
CNM03807,1538619630,BreAnne,Huss,,Hospital,130049,KOOTENAI HEALTH,2003 KOOTENAI HEALTH WAY,COEUR D'ALENE,ID,83814,16055,47.695641875125,-116.794242503491,Yes
CNM07005,1538740139,Mariana,Heath,,Hospital,070025,HARTFORD HOSPITAL,80 SEYMOUR STREET,HARTFORD,CT,06102,09003,41.753898285654,-72.680679557458,Yes
CNM06773,1538744131,Amanda,Schroeder,,Hospital,160067,MERCYONE WATERLOO MEDICAL CENTER,3421 WEST NINTH STREET,WATERLOO,IA,50702,19013,42.464327311448,-92.345038755728,Yes
CNM07818,1538898838,Elizabeth,Tamplin,,Hospital,150048,REID HEALTH,1100 REID PKWY,RICHMOND,IN,47374,18177,39.862874662594,-84.885812085987,Yes
CNM09789,1548085558,Natasha,Freethy,,Hospital,390125,WAYNE MEMORIAL HOSPITAL,601 PARK STREET,HONESDALE,PA,18431,42127,41.576595230806,-75.259433650766,Yes
CNM09843,1548086887,Leah,Baca,,Hospital,320021,PRESBYTERIAN HOSPITAL,1100 CENTRAL AVENUE SE,ALBUQUERQUE,NM,87106,35001,35.082314106333,-106.634945215281,Yes
CNM09535,1548090772,Lyndsay,Lev,,Hospital,060027,,,,,,,,,No
10559,1548201684,Rachel Eleanor,Whitcomb,,Hospital,150012,SAINT JOSEPH REGIONAL MEDICAL CENTER,5215 HOLY CROSS PKWY,MISHAWAKA,IN,46545,18141,41.707226858338,-86.174324586137,Yes
11201,1548243173,Dawn,Dahlgren-Roemmich,,Hospital,241379,,,,,,,,,No
8282,1548261571,Jeanne Garcia,Prins,,Hospital,210009,"JOHNS HOPKINS HOSPITAL, THE",600 NORTH  WOLFE STREET,BALTIMORE,MD,21287,24510,39.296923066038,-76.590856781226,Yes
11573,1548269921,Kimberly,Teske,,Hospital,170016,UNIVERSITY OF KANSAS HLTH SYSTEM ST FRANCIS CAMPUS,1700 SW 7TH STREET,TOPEKA,KS,66606,20177,39.05605697088,-95.696207575683,Yes
7903,1548314974,Deborah Ann,Foster,,Hospital,180049,BAPTIST HEALTH RICHMOND,801 EASTERN BYPASS,RICHMOND,KY,40475,21151,37.731205002468,-84.285825511834,Yes
10763,1548378409,Donna,Andrews,,Hospital,420073,LEXINGTON MEDICAL CENTER,2720 SUNSET BLVD,WEST COLUMBIA,SC,29169,45063,34.006036018956,-81.114080958587,Yes
12251,1548412356,Kari,Eckhardt,,Hospital,450670,HCA HOUSTON HEALTHCARE TOMBALL,605 HOLDERRIETH,TOMBALL,TX,77375,48201,30.08934506573,-95.624013797376,Yes
13078,1548490295,Erin,Phillips,,Hospital,050503,SCRIPPS MEMORIAL HOSPITAL - ENCINITAS,354 SANTA FE DRIVE,ENCINITAS,CA,92024,06073,33.036286909274,-117.285374922977,Yes
CNM0757,1548527369,Gretchen,Schwinn,,Hospital,500041,PEACEHEALTH ST JOHN MEDICAL CENTER,1615 DELAWARE STREET,LONGVIEW,WA,98632,53015,46.130966217347,-122.941342806537,Yes
CNM3002,1548639313,Araceli,Nelson,,Hospital,050342,PIONEERS MEMORIAL HEALTHCARE DISTRICT,207 WEST LEGION ROAD,BRAWLEY,CA,92227,06025,32.959890831423,-115.553027650792,Yes
CNM1294,1548669757,Latoya,Lee,,Hospital,340061,UNC HOSPITALS,101 MANNING DRIVE,CHAPEL HILL,NC,27514,37135,35.903079173959,-79.0503093171,Yes
CNM1881,1548672009,Allison,Herrick,,Hospital,300003,MARY HITCHCOCK MEMORIAL HOSPITAL,1 MEDICAL CENTER DRIVE,LEBANON,NH,03756,33009,43.677249456344,-72.273984009411,Yes
CNM2374,1548694771,Kendra,Bonnesen,,Hospital,161356,,,,,,,,,No
CNM04141,1548774631,Laura,Goldschrafe,,Hospital,330393,STONY BROOK UNIVERSITY HOSPITAL,HEALTH SCIENCES CENTER SUNY,STONY BROOK,NY,11794,36103,40.904749487525,-73.111841286886,Yes
CNM05111,1548787708,Heather,Jorgensen,,Hospital,460021,INTERMOUNTAIN HEALTH ST GEORGE REGIONAL HOSPITAL,1380 EAST MEDICAL CENTER DRIVE,ST GEORGE,UT,84790,49053,37.098113562492,-113.553649705627,Yes
CNM06972,1548834500,Curshelle,Floyd,,Hospital,220077,BAYSTATE MEDICAL CENTER,759 CHESTNUT STREET,SPRINGFIELD,MA,01199,25013,42.119023347188,-72.604094352769,Yes
CNM06228,1548889306,Nancy,Reinhart,,Hospital,390065,GETTYSBURG HOSPITAL,147 GETTYS STREET,GETTYSBURG,PA,17325,42001,39.823337350267,-77.2337766232,Yes
CNM07588,1548901408,Hillary,Sylvester,,Hospital,470001,CENTRAL VERMONT MEDICAL CENTER,130 FISHER ROAD,BERLIN,VT,05641,50023,44.219201519017,-72.560661620144,Yes
CNM07905,1548917099,Darienne,Liles,,Hospital,360008,SOUTHERN OHIO MEDICAL CENTER,1805 27TH STREET,PORTSMOUTH,OH,45662,39145,38.753372880981,-82.978267348516,Yes
CNM07606,1548977986,Amanda,Linnee,,Hospital,230081,MUNSON HEALTHCARE CADILLAC HOSPITAL,400 HOBART ST,CADILLAC,MI,49601,26165,44.246139903783,-85.390431823352,Yes
CNM08234,1558009779,Theresa,Piper,,Hospital,080009,"BAYHEALTH HOSPITAL, SUSSEX CAMPUS",100 WELLNESS WAY,MILFORD,DE,19963,10005,38.886403459537,-75.391859512493,Yes
CNM07506,1558013458,Tatiana,Dennard,,Hospital,230053,HENRY FORD HEALTH HOSPITAL,2799 W GRAND BLVD,DETROIT,MI,48202,26163,42.366931017945,-83.082686737197,Yes
CNM08222,1558078626,Taylor,Harper,,Hospital,200033,NORTHERN LIGHT EASTERN MAINE MEDICAL CENTER,489 STATE STREET,BANGOR,ME,04401,23019,44.809980083212,-68.749456400244,Yes
CNM09081,1558112961,Kira,Poncelet,,Hospital,330128,ELMHURST HOSPITAL CENTER,79-01 BROADWAY,ELMHURST,NY,11373,36081,40.744594112385,-73.886174407735,Yes
10311,1558357103,Misti Leigh,Neil,,Hospital,060001,BANNER NORTH COLORADO MEDICAL CENTER,1801 16TH ST,GREELEY,CO,80631,08123,40.414824309021,-104.708908984768,Yes
10462,1558368910,Laura Lucille,McCully,,Hospital,230217,OAKLAWN HOSPITAL,200 N MADISON,MARSHALL,MI,49068,26025,42.273076814866,-84.957690877377,Yes
6434,1558411819,Joanne Carol,Ruth,,Hospital,390203,DOYLESTOWN HOSPITAL,595 WEST STATE ST,DOYLESTOWN,PA,18901,42017,40.304618256476,-75.143822021017,Yes
10246,1558439695,Lynette,Biss,,Hospital,330191,GLENS FALLS HOSPITAL,100 PARK STREET,GLENS FALLS,NY,12801,36113,43.307265317705,-73.646098827477,Yes
11833,1558474163,Rebecca,Sarich,,Hospital,510008,BERKELEY MEDICAL CENTER,2500 HOSPITAL DRIVE,MARTINSBURG,WV,25401,54003,39.477474082008,-77.98045645915,Yes
11856,1558487744,Judith Ann,Locklear,,Hospital,340050,SOUTHEASTERN REGIONAL MEDICAL CENTER,300 W 27 ST  PO BOX 1408,LUMBERTON,NC,28359,37155,34.636507378035,-79.010610085504,Yes
13036,1558593020,Angela,Weidman,,Hospital,390100,LANCASTER GENERAL HOSPITAL,555 NORTH DUKE STREET,LANCASTER,PA,17602,42071,40.04712170929,-76.305298062033,Yes
CNM0826,1558636423,Jennifer,Ruch,,Hospital,390030,LEHIGH VALLEY HOSPITAL-SCHUYLKILL,420 SOUTH JACKSON STREET,POTTSVILLE,PA,17901,42107,40.683710194053,-76.188706240113,Yes
13290,1558684845,Erika-Kristina,Pineles-Mark,,Hospital,470001,CENTRAL VERMONT MEDICAL CENTER,130 FISHER ROAD,BERLIN,VT,05641,50023,44.219201519017,-72.560661620144,Yes
12980,1558694190,Jenifer,Poell,,Hospital,140150,UNIVERSITY OF ILLINOIS HOSPITAL AND CLINICS,1740 WEST TAYLOR ST SUITE 1400,CHICAGO,IL,60612,17031,41.869260590015,-87.670709386776,Yes
CNM2761,1558739839,Rochelly,Maldonado,,Hospital,220077,BAYSTATE MEDICAL CENTER,759 CHESTNUT STREET,SPRINGFIELD,MA,01199,25013,42.119023347188,-72.604094352769,Yes
CNM1752,1558782565,Jennifer,Ashbridge,,Hospital,390067,UPMC PINNACLE HOSPITALS,409 SOUTH SECOND STREET,HARRISBURG,PA,17104,42043,40.256594233372,-76.875844981098,Yes
CNM1256,1558797399,Mollie,Tolan,,Hospital,340023,ADVENTHEALTH HENDERSONVILLE,100 HOSPITAL DRIVE,HENDERSONVILLE,NC,28792,37089,35.390756141968,-82.488612055059,Yes
CNM04001,1558802108,Keri,Redman,,Hospital,490021,"CENTRA  HEALTH, INC",1901 TATE SPRINGS ROAD,LYNCHBURG,VA,24501,51680,37.418326534058,-79.169719060017,Yes
CNM05183,1558833921,Kimberly,Guadalupe,,Hospital,380017,LEGACY GOOD SAMARITAN MEDICAL CENTER,"1015 NW 22ND AVENUE, W121",PORTLAND,OR,97210,41051,45.529965495365,-122.696667682822,Yes
CNM04668,1558842112,Kristin,Dovan,,Hospital,220033,BEVERLY HOSPITAL CORPORATION,85 HERRICK STREET,BEVERLY,MA,01915,25009,42.565088407552,-70.877182990522,Yes
CNM05549,1558915439,Christina,Chuchuru,,Hospital,340047,,,,,,,,,No
7659,1568444024,Linda Irby,McLendon,,Hospital,250069,OCHSNER RUSH HOSPITAL,1314 19TH AVE,MERIDIAN,MS,39301,28075,32.370036891833,-88.69774915334,Yes
CNM3115,1568515377,Kathy,Kise,,Hospital,230156,TRINITY HEALTH ANN ARBOR HOSPITAL,5301 E HURON RIVER DR,YPSILANTI,MI,48197,26161,42.261759667025,-83.659727429394,Yes
CNM3115,1568515377,Kathy,Kise,,Hospital,230002,TRINITY HEALTH LIVONIA HOSPITAL,36475 FIVE MILE ROAD,LIVONIA,MI,48154,26163,42.396536334669,-83.403806022008,Yes
12926,1568603371,Stefanie,Fieno,,Hospital,010033,UNIVERSITY OF ALABAMA HOSPITAL,619 SOUTH 19TH STREET,BIRMINGHAM,AL,35233,01073,33.506123544499,-86.801832411474,Yes
12926,1568603371,Stefanie,Fieno,,Hospital,010019,HELEN KELLER MEMORIAL HOSPITAL,1300 SOUTH MONTGOMERY AVENUE,SHEFFIELD,AL,35660,01033,34.745888430565,-87.698972115034,Yes
12112,1568640001,Lois,Doyle,,Hospital,191308,,,,,,,,,No
6235,1568657369,Jane E.,Gemmill,,Hospital,360259,BAY PARK COMMUNITY HOSPITAL,2801 BAY PARK DRIVE,OREGON,OH,43616,39095,41.619580235857,-83.479991596092,Yes
6235,1568657369,Jane E.,Gemmill,,Hospital,360068,TOLEDO HOSPITAL THE,2142 NORTH COVE BOULEVARD,TOLEDO,OH,43606,39095,41.671472522382,-83.594058795479,Yes
6235,1568657369,Jane E.,Gemmill,,Hospital,361314,,,,,,,,,No
CNM0134,1568779056,Sarah,Bay,,Hospital,300011,ST JOSEPH HOSPITAL,172 KINSLEY ST,NASHUA,NH,03060,33011,42.750019388344,-71.480927681238,Yes
CNM04810,1578042958,Rebecca,Archuleta,,Hospital,320011,PRESBYTERIAN ESPANOLA HOSPITAL,1010 SPRUCE STREET,ESPANOLA,NM,87532,35039,35.997068400275,-106.085951194385,Yes
CNM04523,1578064879,Molly,Bernish,,Hospital,210037,UNIVERSITY OF MD SHORE MEDICAL CENTER AT EASTON,219 SOUTH  WASHINGTON STREET,EASTON,MD,21601,24041,38.77007407558,-76.075924054205,Yes
CNM08281,1578108320,Olivia,Harper,,Hospital,230053,HENRY FORD HEALTH HOSPITAL,2799 W GRAND BLVD,DETROIT,MI,48202,26163,42.366931017945,-83.082686737197,Yes
CNM05698,1578119202,Julie,Washington,,Hospital,330222,SARATOGA HOSPITAL,211 CHURCH STREET,SARATOGA SPRINGS,NY,12866,36091,43.08484472551,-73.796214643615,Yes
CNM07521,1578214003,Allison,Twining,,Hospital,360095,BLANCHARD VALLEY HOSPITAL,1900 SOUTH MAIN STREET,FINDLAY,OH,45840,39063,41.018487944388,-83.650414153137,Yes
CNM07271,1578226817,Iris,Gomez-Brito,,Hospital,310027,TRINITAS REGIONAL MEDICAL CENTER,225 WILLIAMSON STREET,ELIZABETH,NJ,07207,34039,40.659767268841,-74.214457047876,Yes
CNM07013,1578239653,Jill,Lee,,Hospital,500044,MULTICARE DEACONESS HOSPITAL,W 800 FIFTH AVENUE,SPOKANE,WA,99210,53063,47.651705553343,-117.399176898689,Yes
CNM09978,1578378485,Sarah,Figueroa Cardenas,,Hospital,051334,,,,,,,,,No
CNM09978,1578378485,Sarah,Figueroa Cardenas,,Hospital,050394,COMMUNITY MEMORIAL HOSPITAL - VENTURA,147 NORTH BRENT STREET,VENTURA,CA,93003,06111,34.274503814477,-119.257337974219,Yes
11490,1578523478,Leta Marie,Vega,,Hospital,140252,NORTHWEST COMMUNITY HOSPITAL 1,800 W CENTRAL ROAD,ARLINGTON HEIGHTS,IL,60005,17031,42.066637371154,-87.992858461021,Yes
6593,1578537205,Cynthia Beatty,Reese,,Hospital,500002,PROVIDENCE ST MARY MEDICAL CENTER,401 W POPLAR ST,WALLA WALLA,WA,99362,53071,46.062041677563,-118.343257940534,Yes
6593,1578537205,Cynthia Beatty,Reese,,Hospital,381319,ST ANTHONY HOSPITAL,2801 ST ANTHONY WAY,PENDLETON,OR,97801,41059,45.64882110136,-118.812274289696,Yes
4945,1578544458,Rochelle,Lipshutz,,Hospital,330169,MOUNT SINAI BETH ISRAEL,3201 KINGS HIGHWAY,BROOKLYN,NY,11234,36047,40.617754949715,-73.943215689787,Yes
9607,1578550992,Mary Jo,Johnson,,Hospital,240080,FAIRVIEW HOSPITAL UNIVERSITY,2450 RIVERSIDE AVENUE,MINNEAPOLIS,MN,55454,27053,44.96587793412,-93.236887767098,Yes
11971,1578582656,Michelle,Blade Mello,,Hospital,410012,,,,,,,,,No
10927,1578599379,Carol Tenney,Moore,,Hospital,210008,MERCY MEDICAL CENTER INC,301 SAINT PAUL PLACE,BALTIMORE,MD,21202,24510,39.292414116438,-76.613471443651,Yes
7859,1578626057,Sherisse Yvonne,Johnston,,Hospital,360180,CLEVELAND CLINIC,9500 EUCLID AVENUE,CLEVELAND,OH,44195,39035,41.503346094361,-81.622884159903,Yes
10136,1578655254,Jennifer Mary,Bach,,Hospital,320021,PRESBYTERIAN HOSPITAL,1100 CENTRAL AVENUE SE,ALBUQUERQUE,NM,87106,35001,35.082314106333,-106.634945215281,Yes
CM12317,1578760823,Shelley,Hong,,Hospital,330044,WYNN HOSPITAL,111 HOSPITAL DRIVE,UTICA,NY,13502,36065,43.103334714241,-75.235076684149,Yes
CNM03713,1578810230,Robyn,McHugh,,Hospital,260186,LAKE REGIONAL HEALTH SYSTEM,54 HOSPITAL DRIVE,OSAGE BEACH,MO,65065,29029,38.119227053861,-92.683328078427,Yes
CNM0964,1578811147,Leanne,Bishop,,Hospital,140186,RIVERSIDE MEDICAL CENTER,350 N WALL ST,KANKAKEE,IL,60901,17091,41.123876049599,-87.882316237128,Yes
CNM0964,1578811147,Leanne,Bishop,,Hospital,140155,ST. MARY'S HOSPITAL-KANKAKEE,500 W COURT ST,KANKAKEE,IL,60901,17091,41.121197374965,-87.873112880565,Yes
13281,1578895066,Kristen,Ward,,Hospital,100044,CLEVELAND CLINIC MARTIN NORTH HOSPITAL,200 SE HOSPITAL AVE,STUART,FL,34994,12085,27.19900795794,-80.243088883421,Yes
CNM03695,1578897963,Lori,Swain,,Hospital,380029,LEGACY SILVERTON MEDICAL CENTER,342 FAIRVIEW STREET,SILVERTON,OR,97381,41047,45.004131647604,-122.790662070253,Yes
CNM1828,1578984811,Jenny,Goss,,Hospital,010036,ANDALUSIA HEALTH,849 SOUTH THREE NOTCH STREET,ANDALUSIA,AL,36420,01039,31.296720067663,-86.496633819213,Yes
CNM3217,1588026009,Tara,Blumenshine,,Hospital,530008,SAGEWEST HEALTH CARE,1320 BISHOP RANDALL DRIVE,LANDER,WY,82520,56013,42.819693381711,-108.726715724915,Yes
CNM1712,1588076483,Ann,Palagi-Pate,,Hospital,450039,JPS HEALTH NETWORK,1500 S MAIN ST,FORT WORTH,TX,76104,48439,32.728139362322,-97.326473687093,Yes
CNM05806,1588213391,Kaitlyn,Egan,,Hospital,220074,"SOUTHCOAST HOSPITAL GROUP, INC",363 HIGHLAND AVENUE,FALL RIVER,MA,02720,25005,41.710495654624,-71.146278931404,Yes
CNM06896,1588233076,Chantel,Neely,,Hospital,280065,GREAT PLAINS HEALTH,601 WEST LEOTA ST,NORTH PLATTE,NE,69101,31111,41.120808331147,-100.767877027426,Yes
CNM06835,1588238349,Emili,O'Boyle,,Hospital,180102,MERCY HEALTH LOURDES HOSPITAL,1530 LONE OAK ROAD,PADUCAH,KY,42003,21145,37.053415748456,-88.647113354303,Yes
CNM06302,1588265730,Susan,Shue,,Hospital,210023,"LUMINIS HEALTH ANNE ARUNDEL MEDICAL CENTER, INC",2001 MEDICAL PARKWAY,ANNAPOLIS,MD,21401,24003,38.990332219561,-76.534787210116,Yes
CNM07689,1588304463,Courtney,Lasky,,Hospital,070007,LAWRENCE & MEMORIAL HOSPITAL,365 MONTAUK AVE,NEW LONDON,CT,06320,09011,41.337022118487,-72.103677171241,Yes
CNM07361,1588326813,Madison,Reese,,Hospital,210032,UNION HOSPITAL OF CECIL COUNTY,106 BOW STREET,ELKTON,MD,21921,24015,39.608459719724,-75.83119726116,Yes
CNM08606,1588355598,Meghan,Buhs,,Hospital,260110,MERCY HOSPITAL SOUTHEAST,1701 LACEY ST,CAPE GIRARDEAU,MO,63701,29031,37.311702583453,-89.542852273182,Yes
CNM09508,1588413207,Mikayla,Schwartzmiller,,Hospital,390173,INDIANA REGIONAL MEDICAL CENTER,835 HOSPITAL ROAD,INDIANA,PA,15701,42063,40.608084757191,-79.158899209906,Yes
CNM08938,1588416499,Agnes,Akuga,,Hospital,390067,UPMC PINNACLE HOSPITALS,409 SOUTH SECOND STREET,HARRISBURG,PA,17104,42043,40.256594233372,-76.875844981098,Yes
11879,1588621841,Bonny Victoria,Hinz,,Hospital,670088,BAYLOR SCOTT & WHITE MEDICAL CENTER- COLLEGE STATI,700 SCOTT & WHITE DRIVE,COLLEGE STATION,TX,77845,48041,30.582320010561,-96.279400035869,Yes
10823,1588667166,Deanna Catherine,Donnell,,Hospital,260142,FITZGIBBON HOSPITAL,2305 S 65 HIGHWAY,MARSHALL,MO,65340,29195,39.093788205223,-93.212717563404,Yes
CNM06404,1588791230,Stormy,Dupree,,Hospital,500108,ST JOSEPH MEDICAL CENTER,1717 SOUTH J STREET,TACOMA,WA,98405,53053,47.245774538846,-122.448751865126,Yes
11938,1588857957,Jocelyn,Ramirez,,Hospital,060006,MONTROSE REGIONAL HEALTH,800 S 3RD ST,MONTROSE,CO,81401,08085,38.480083179946,-107.869822559424,Yes
CNM1303,1588907885,Giovanna,Biles,,Hospital,390256,MILTON S HERSHEY MEDICAL CENTER,500 UNIVERSITY DRIVE,HERSHEY,PA,17033,42043,40.263750017743,-76.674839964451,Yes
CNM0731,1598039307,Kierston,Bocquin,,Hospital,170016,UNIVERSITY OF KANSAS HLTH SYSTEM ST FRANCIS CAMPUS,1700 SW 7TH STREET,TOPEKA,KS,66606,20177,39.05605697088,-95.696207575683,Yes
CNM2797,1598137523,Devon,Jennings,,Hospital,390050,,,,,,,,,No
CNM2379,1598162588,Alisa,Felke,,Hospital,150021,PARKVIEW REGIONAL MEDICAL CENTER,11109 PARKVIEW PLAZA DRIVE,FORT WAYNE,IN,46845,18003,41.186305982201,-85.099239074255,Yes
CNM2379,1598162588,Alisa,Felke,,Hospital,150091,PARKVIEW HUNTINGTON HOSPITAL,2001 STULTS RD,HUNTINGTON,IN,46750,18069,40.905554365175,-85.490524330393,Yes
CNM1837,1598171712,Alison,Peaper,,Hospital,120011,KAISER FOUNDATION HOSPITAL,3288 MOANALUA RD,HONOLULU,HI,96819,15003,21.362338721873,-157.901013718593,Yes
CNM04847,1598242943,Rochelle,Davenport,,Hospital,360159,ADENA REGIONAL MEDICAL CENTER,272 HOSPITAL ROAD,CHILLICOTHE,OH,45601,39141,39.395241125992,-82.97038222295,Yes
CNM04912,1598255770,Joanna,Sweet,,Hospital,210019,"TIDALHEALTH PENINSULA REGIONAL, INC",100 EAST CARROLL AVENUE,SALISBURY,MD,21801,24045,38.363195843404,-75.597823392281,Yes
CNM07205,1598338956,Madison,Knox,,Hospital,380018,ASANTE ROGUE REGIONAL MEDICAL CENTER,2825 E BARNETT ROAD,MEDFORD,OR,97504,41029,42.316537518203,-122.830049005947,Yes
CNM06440,1598380487,Meredith,Montgomery,,Hospital,440012,BRISTOL REGIONAL MEDICAL CENTER,ONE MEDICAL PARK BLVD,BRISTOL,TN,37620,47163,36.585428796981,-82.256950690531,Yes
CNM09272,1598519258,Michelle,Medvedoff,,Hospital,200018,NORTHERN LIGHT A R GOULD HOSPITAL,PO BOX 151,PRESQUE ISLE,ME,04769,23003,46.6860581,-68.0073583,Yes
CNM09272,1598519258,Michelle,Medvedoff,,Hospital,201308,HOULTON REGIONAL HOSPITAL,20 HARTFORD STREET,HOULTON,ME,04730,23003,46.132321600336,-67.842937400652,Yes
CNM09672,1598597544,Megan`,Hillis,,Hospital,450007,PETERSON REGIONAL MEDICAL CENTER,551 HILL COUNTRY DRIVE,KERRVILLE,TX,78028,48265,30.04341393243,-99.150825269039,Yes
9473,1598758229,Jessica Elyse,George,,Hospital,360027,AKRON GENERAL MEDICAL CENTER,1 AKRON GENERAL AVENUE,AKRON,OH,44307,39153,41.077578249889,-81.531399992076,Yes
10524,1598823403,Fitima,Smith,,Hospital,210023,"LUMINIS HEALTH ANNE ARUNDEL MEDICAL CENTER, INC",2001 MEDICAL PARKWAY,ANNAPOLIS,MD,21401,24003,38.990332219561,-76.534787210116,Yes
CNM0401,1598831604,Laura,Zaugg,,Hospital,460042,LAKEVIEW HOSPITAL,630 EAST MEDICAL DRIVE,BOUNTIFUL,UT,84010,49011,40.886516174891,-111.867997422535,Yes
11087,1598902447,Felecia,Brown,,Hospital,250104,ANDERSON REGIONAL MEDICAL CENTER,2124 14TH STREET,MERIDIAN,MS,39301,28075,32.370849871605,-88.699083994468,Yes
7851,1598918690,Mary Regina,Clark,,Hospital,050101,SUTTER SOLANO MEDICAL CENTER,300 HOSPITAL DR,VALLEJO,CA,94589,06095,38.13113172842,-122.23914992901,Yes
7851,1598918690,Mary Regina,Clark,,Hospital,050009,PROVIDENCE QUEEN OF THE VALLEY MEDICAL CENTER,1000 TRANCAS ST,NAPA,CA,94558,06055,38.323569866371,-122.296005744991,Yes
12837,1598919144,Trina,Haywood,,Hospital,080001,CHRISTIANACARE,4755 OGLETOWN-STANTON ROAD,NEWARK,DE,19718,10003,39.690996683779,-75.671382921671,Yes
12811,1598934689,Natalie,Jacobson-Dunlop,,Hospital,240080,FAIRVIEW HOSPITAL UNIVERSITY,2450 RIVERSIDE AVENUE,MINNEAPOLIS,MN,55454,27053,44.96587793412,-93.236887767098,Yes
CNM3089,1609056092,Angela,Klock,,Hospital,390256,MILTON S HERSHEY MEDICAL CENTER,500 UNIVERSITY DRIVE,HERSHEY,PA,17033,42043,40.263750017743,-76.674839964451,Yes
CNM0690,1609158336,Maria,Drury,,Hospital,031308,,,,,,,,,No
CNM0425,1609174002,Emmy,Davis,,Hospital,161358,WAYNE COUNTY HOSPITAL,417 SOUTH EAST STREET,CORYDON,IA,50060,19185,40.754673589042,-93.312255469551,Yes
CNM09426,1609245224,Rachel,Hanford,,Hospital,340040,ECU HEALTH MEDICAL CENTER,2100 STANTONSBURG RD,GREENVILLE,NC,27834,37147,35.605893896058,-77.400915976211,Yes
CNM3336,1609318831,Christa,Ramsey,,Hospital,220029,ANNA JAQUES HOSPITAL,25 HIGHLAND AVENUE,NEWBURYPORT,MA,01950,25009,42.814651127726,-70.890393308951,Yes
CNM3341,1609327121,Amanda,Zimmerman,,Hospital,060126,BANNER FORT COLLINS MEDICAL CENTER,4700 LADY MOON DR,FORT COLLINS,CO,80528,08069,40.521239401084,-105.009102488407,Yes
11136,1609821578,Elisabeth,Weston,,Hospital,020001,PROVIDENCE ALASKA MEDICAL CENTER,3200 PROVIDENCE DRIVE,ANCHORAGE,AK,99508,02020,61.18978905174,-149.818933193942,Yes
8900,1609827146,Sharon Ann,Wachob,,Hospital,390256,MILTON S HERSHEY MEDICAL CENTER,500 UNIVERSITY DRIVE,HERSHEY,PA,17033,42043,40.263750017743,-76.674839964451,Yes
9614,1609835255,Debbra J,Bersano,,Hospital,260102,UNIVERSITY HEALTH LAKEWOOD MEDICAL CENTER,7900 LEE'S SUMMIT RD,KANSAS CITY,MO,64139,29095,38.968657134804,-94.378811418365,Yes
11189,1609881028,Julie Ann,Abbott,,Hospital,380090,BAY AREA HOSPITAL,1775 THOMPSON ROAD,COOS BAY,OR,97420,41011,43.38578728976,-124.233327942894,Yes
11891,1609938968,Kathleen,McGinnis,,Hospital,330023,VASSAR BROTHERS MEDICAL CENTER,45 READE PLACE,POUGHKEEPSIE,NY,12601,36027,41.694453108145,-73.935305515207,Yes
11438,1619043742,Kathleen Michelle,Hazel,,Hospital,070027,MANCHESTER MEMORIAL HOSPITAL,71 HAYNES ST,MANCHESTER,CT,06040,09003,41.78121231257,-72.524776528286,Yes
11438,1619043742,Kathleen Michelle,Hazel,,Hospital,070012,,,,,,,,,No
11591,1619085180,Julie Ann,Marks,,Hospital,140276,LOYOLA UNIVERSITY MEDICAL CENTER,2160 S 1ST AVENUE,MAYWOOD,IL,60153,17031,41.865168513864,-87.833456941704,Yes
7031,1619252509,John Albert,Fassett,,Hospital,050047,CALIFORNIA PACIFIC MEDICAL CENTER- VAN NESS CAMPUS,1101 VAN NESS AVENUE,SAN FRANCISCO,CA,94109,06075,37.785722521397,-122.421553777424,Yes
CNM0153,1619286747,Cathryn,Kokonowski,,Hospital,220016,BAYSTATE FRANKLIN MEDICAL CENTER,164 HIGH STREET,GREENFIELD,MA,01301,25011,42.596200672938,-72.590706470831,Yes
CNM3601,1619300829,Megan,Keeney,,Hospital,260183,SAINT FRANCIS MEDICAL CENTER,211 ST FRANCIS DR,CAPE GIRARDEAU,MO,63703,29031,37.302258307108,-89.571852521098,Yes
CNM3601,1619300829,Megan,Keeney,,Hospital,260110,MERCY HOSPITAL SOUTHEAST,1701 LACEY ST,CAPE GIRARDEAU,MO,63701,29031,37.311702583453,-89.542852273182,Yes
9034,1619352929,Karen,Gisslen,,Hospital,360133,,,,,,,,,No
CNM2119,1619368115,Bonnie,Roll,,Hospital,271317,LIVINGSTON HEALTHCARE,320 ALPENGLOW LANE,LIVINGSTON,MT,59047,30067,45.677390487637,-110.5265364612,Yes
CNM2119,1619368115,Bonnie,Roll,,Hospital,270004,BILLINGS CLINIC HOSPITAL,2800 10TH AVE N,BILLINGS,MT,59101,30111,45.790427968222,-108.51404908957,Yes
CNM03884,1619413226,Tina,King,,Hospital,340027,UNC LENOIR HEALTH CARE,100 AIRPORT RD,KINSTON,NC,28501,37107,35.290132006507,-77.580500725611,Yes
CNM07583,1619616919,Emma,Leonard,,Hospital,470003,UNIVERSITY OF VERMONT MEDICAL CENTER,111 COLCHESTER AVE,BURLINGTON,VT,05401,50007,44.481924097893,-73.193268090723,Yes
CNM09073,1619742830,Chloe,Pulido,,Hospital,330399,ST BARNABAS HOSPITAL,4422 THIRD AVENUE,BRONX,NY,10457,36005,40.853567241769,-73.891327356672,Yes
CNM09021,1619744430,Cara,VanderJagt,,Hospital,230038,COREWELL HEALTH GRAND RAPIDS HOSPITALS BUTTERWORTH,100 MICHIGAN ST NE,GRAND RAPIDS,MI,49503,26081,42.970453602185,-85.666460017654,Yes
7783,1619912011,Pamela Jane,Kozick,,Hospital,390067,UPMC PINNACLE HOSPITALS,409 SOUTH SECOND STREET,HARRISBURG,PA,17104,42043,40.256594233372,-76.875844981098,Yes
9441,1619934718,Megan Crawford,McKain,,Hospital,410010,WOMEN & INFANTS HOSPITAL OF RHODE ISLAND,101 DUDLEY STREET,PROVIDENCE,RI,02905,44007,41.810276961686,-71.411298380038,Yes
9441,1619934718,Megan Crawford,McKain,,Hospital,410011,LANDMARK MEDICAL CENTER,115 CASS AVENUE,WOONSOCKET,RI,02895,44007,42.005241866766,-71.496283145402,Yes
9441,1619934718,Megan Crawford,McKain,,Hospital,410012,,,,,,,,,No
9837,1629005327,Kristin Kara,Stovern,,Hospital,260001,MERCY HOSPITAL JOPLIN,100 MERCY WAY,JOPLIN,MO,64804,29097,37.036510010733,-94.509709959156,Yes
9803,1629012786,Stephanie Jo,Rhodes,,Hospital,210009,"JOHNS HOPKINS HOSPITAL, THE",600 NORTH  WOLFE STREET,BALTIMORE,MD,21287,24510,39.296923066038,-76.590856781226,Yes
6423,1629014410,Catherine Ann,Burke,,Hospital,330226,UNITY HOSPITAL OF ROCHESTER,1555 LONG POND ROAD,ROCHESTER,NY,14626,36055,43.193164550373,-77.701528944652,Yes
11685,1629033790,Jessie,Tilden,,Hospital,200033,NORTHERN LIGHT EASTERN MAINE MEDICAL CENTER,489 STATE STREET,BANGOR,ME,04401,23019,44.809980083212,-68.749456400244,Yes
9238,1629044755,Kimberly Kay,Sprague,,Hospital,160058,UNIVERSITY OF IOWA HEALTH CARE MEDICAL CENTER,200 HAWKINS DRIVE,IOWA CITY,IA,52242,19103,41.659477032734,-91.549845697162,Yes
10960,1629129390,Annette Sirmans,Robinson,,Hospital,110122,SGMC HEALTH,"2501 NORTH PATTERSON STREET, PO BOX 1727",VALDOSTA,GA,31602,13185,30.861670540771,-83.28881183844,Yes
11850,1629140066,Patricia,Hinck,,Hospital,240006,OLMSTED MEDICAL CENTER,1650 FOURTH STREET SOUTHEAST,ROCHESTER,MN,55904,27109,44.020237115323,-92.441451000309,Yes
12539,1629262977,Tracy,Topjun,,Hospital,100087,SARASOTA MEMORIAL HOSPITAL,1700 S TAMIAMI TRL,SARASOTA,FL,34239,12115,27.31820419477,-82.529741026806,Yes
11373,1629293436,Erin Gwen,Harper-Sanchez,,Hospital,060027,,,,,,,,,No
11373,1629293436,Erin Gwen,Harper-Sanchez,,Hospital,060104,ST ANTHONY NORTH HOSPITAL,14300 ORCHARD PKWY,WESTMINSTER,CO,80023,08014,39.954074970736,-104.993685782629,Yes
CNM0787,1629328356,Abby,Brown,,Hospital,230046,UNIVERSITY OF MICHIGAN HEALTH,"1500 E MEDICAL CENTER DRIVE, SPC 5474",ANN ARBOR,MI,48109,26161,42.281400027614,-83.726782161004,Yes
CNM0684,1629344981,Shannon,Wilson,,Hospital,390201,LEHIGH VALLEY HOSPITAL - POCONO,206 EAST BROWN STREET,EAST STROUDSBURG,PA,18301,42089,40.992265174614,-75.174743171329,Yes
13317,1629392915,Angela,Gookin,,Hospital,020026,ALASKA NATIVE MEDICAL CENTER,4315 DIPLOMACY DR,ANCHORAGE,AK,99508,02020,61.181937924928,-149.802878332413,Yes
CNM3224,1629427109,Elizabeth,Johnston,,Hospital,210024,MEDSTAR UNION MEMORIAL HOSPITAL,201 EAST UNIVERSITY PARKWAY,BALTIMORE,MD,21218,24510,39.330307594484,-76.614385066627,Yes
CNM3224,1629427109,Elizabeth,Johnston,,Hospital,210056,,,,,,,,,No
CNM3161,1629431051,Melaine,Mosier,,Hospital,370171,W W HASTINGS INDIAN HOSPITAL,100 S BLISS AVENUE,TAHLEQUAH,OK,74464,40021,35.912498660949,-94.949206834642,Yes
CNM1724,1629492673,Jennifer,Banda,,Hospital,500108,ST JOSEPH MEDICAL CENTER,1717 SOUTH J STREET,TACOMA,WA,98405,53053,47.245774538846,-122.448751865126,Yes
CNM05356,1629533724,Alexa,Derosier,,Hospital,350070,ESSENTIA HEALTH FARGO,3000 32ND AVE SOUTH,FARGO,ND,58104,38017,46.832455617747,-96.826431940857,Yes
CNM04235,1629593165,Susan,Hendren,,Hospital,430098,PINE RIDGE IHS HOSPITAL,EAST HIGHWAY 18,PINE RIDGE,SD,57770,46102,43.122209045786,-102.653449955855,Yes
CNM06967,1629658885,Shannon,Whatley,,Hospital,040016,UAMS MEDICAL CENTER,4301 WEST MARKHAM STREET MAIL SLOT 612,LITTLE ROCK,AR,72205,05119,34.751480553129,-92.319954476248,Yes
7803,1639154172,Susan Carol,King-Watts,,Hospital,510007,ST MARY'S MEDICAL CENTER,2900 1ST AVENUE,HUNTINGTON,WV,25702,54011,38.431473135726,-82.40120413411,Yes
7803,1639154172,Susan Carol,King-Watts,,Hospital,510055,"CABELL HUNTINGTON HOSPITAL, INC",1340 HAL GREER BOULEVARD,HUNTINGTON,WV,25701,54011,38.409990098026,-82.428332292006,Yes
6878,1639173586,Vivian Joan,Boyer,,Hospital,390219,,,,,,,,,No
6878,1639173586,Vivian Joan,Boyer,,Hospital,390217,,,,,,,,,No
11676,1639176753,Tiffany Lynn,Harris,,Hospital,360008,SOUTHERN OHIO MEDICAL CENTER,1805 27TH STREET,PORTSMOUTH,OH,45662,39145,38.753372880981,-82.978267348516,Yes
9835,1639219538,Julie Skeen,Bosak,,Hospital,300003,MARY HITCHCOCK MEMORIAL HOSPITAL,1 MEDICAL CENTER DRIVE,LEBANON,NH,03756,33009,43.677249456344,-72.273984009411,Yes
12143,1639279565,Laurie,Macleod,,Hospital,070022,YALE-NEW HAVEN HOSPITAL,20 YORK ST,NEW HAVEN,CT,06504,09009,41.30334916715,-72.93614177983,Yes
CNM2480,1639563208,Shannon,Deioma,,Hospital,360137,UH CLEVELAND MEDICAL CENTER,11100 EUCLID AVENUE,CLEVELAND,OH,44106,39035,41.506590328946,-81.608004588239,Yes
CNM2236,1639586308,Heather,Mozdy,,Hospital,390009,SAINT VINCENT HOSPITAL,232 WEST 25TH STREET,ERIE,PA,16544,42049,42.111178164272,-80.078735667269,Yes
CNM03736,1639612401,Alyssa,Gallegos,,Hospital,320006,EASTERN NEW MEXICO MEDICAL CENTER,405 W COUNTRY CLUB ROAD,ROSWELL,NM,88201,35005,33.423349512279,-104.5275257115,Yes
CNM03746,1639626245,April,Solea,,Hospital,190050,BEAUREGARD MEMORIAL HOSPITAL,600 S PINE STREET,DERIDDER,LA,70634,22011,30.84188421204,-93.289012754576,Yes
CNM04721,1639679970,Amanda,Copley,,Hospital,040010,MERCY HOSPITAL NORTHWEST ARKANSAS,2710 SOUTH RIFE MEDICAL LANE,ROGERS,AR,72758,05007,36.311220019732,-94.184484793889,Yes
CNM06271,1639703549,Stacie,Hanna,,Hospital,380027,MERCY MEDICAL CENTER,2700 NW STEWART PARKWAY,ROSEBURG,OR,97471,41019,43.240014502435,-123.366626011263,Yes
CNM06657,1639776370,Amanda,Stepper,,Hospital,500002,PROVIDENCE ST MARY MEDICAL CENTER,401 W POPLAR ST,WALLA WALLA,WA,99362,53071,46.062041677563,-118.343257940534,Yes
CNM06661,1639777444,Fonta,Knight,,Hospital,390101,UPMC MEMORIAL,1701 INNOVATION DRIVE,YORK,PA,17408,42133,39.982189987778,-76.769039983288,Yes
CNM09738,1649091505,Aviva,Hirsch,,Hospital,330399,ST BARNABAS HOSPITAL,4422 THIRD AVENUE,BRONX,NY,10457,36005,40.853567241769,-73.891327356672,Yes
7128,1649214875,Sandra,Gallagher,,Hospital,100025,ASCENSION SACRED HEART PENSACOLA,5151 N 9TH AVE,PENSACOLA,FL,32504,12033,30.474217360308,-87.21180460606,Yes
9405,1649237918,Elizabeth Scott,Sushereba,,Hospital,080001,CHRISTIANACARE,4755 OGLETOWN-STANTON ROAD,NEWARK,DE,19718,10003,39.690996683779,-75.671382921671,Yes
9405,1649237918,Elizabeth Scott,Sushereba,,Hospital,080004,"BAYHEALTH MEDICAL CENTER, KENT CAMPUS",640 S STATE STREET,DOVER,DE,19901,10001,39.151590162717,-75.5223427005,Yes
6716,1649357195,Patricia,Kuehl,,Hospital,030195,,,,,,,,,No
11626,1649357385,Lesley Emileen,Rae Larsen,,Hospital,471304,NORTH COUNTRY HOSPITAL AND HEALTH CENTER,189 PROUTY DRIVE,NEWPORT,VT,05855,50019,44.95466437464,-72.200380885879,Yes
10375,1649402066,Susan Lynn,Chaney,,Hospital,380090,BAY AREA HOSPITAL,1775 THOMPSON ROAD,COOS BAY,OR,97420,41011,43.38578728976,-124.233327942894,Yes
10375,1649402066,Susan Lynn,Chaney,,Hospital,381304,,,,,,,,,No
10081,1649435181,Melissa Skai Prodis,LaGoy,,Hospital,471304,NORTH COUNTRY HOSPITAL AND HEALTH CENTER,189 PROUTY DRIVE,NEWPORT,VT,05855,50019,44.95466437464,-72.200380885879,Yes
CNM1232,1649513821,Lindsay,Nichols,,Hospital,050441,,,,,,,,,No
CNM0974,1649534777,Lydia,Hartman,,Hospital,230017,BRONSON METHODIST HOSPITAL,601 JOHN STREET,KALAMAZOO,MI,49007,26077,42.286154661725,-85.581267522405,Yes
CNM0442,1649564105,Emma,Rose,,Hospital,390195,LANKENAU MEDICAL CENTER,100 LANCASTER AVE,WYNNEWOOD,PA,19096,42091,39.990264210987,-75.258041545246,Yes
CNM3049,1649637224,Stephanie,Alcorn,,Hospital,161365,GREATER REGIONAL MEDICAL CENTER,1700 WEST TOWNLINE STREET,CRESTON,IA,50801,19175,41.071120384042,-94.384625416979,Yes
CNM06267,1649685611,Tara,Lawless,,Hospital,281361,LEXINGTON REGIONAL HEALTH CENTER,"P O BOX 980, 1201 NORTH ERIE ST",LEXINGTON,NE,68850,31047,40.785918229369,-99.757519054406,Yes
CNM05053,1649757642,Lisa,Fleece,,Hospital,330106,NORTH SHORE UNIVERSITY HOSPITAL,300 COMMUNITY DRIVE,MANHASSET,NY,11030,36059,40.776195413916,-73.702965680507,Yes
CNM06245,1649804584,Rija,Tofeeq,,Hospital,210008,MERCY MEDICAL CENTER INC,301 SAINT PAUL PLACE,BALTIMORE,MD,21202,24510,39.292414116438,-76.613471443651,Yes
CNM06651,1649879313,Emily,Stallings,,Hospital,410010,WOMEN & INFANTS HOSPITAL OF RHODE ISLAND,101 DUDLEY STREET,PROVIDENCE,RI,02905,44007,41.810276961686,-71.411298380038,Yes
CNM06824,1649937749,Britani,Paul,,Hospital,050224,HOAG MEMORIAL HOSPITAL PRESBYTERIAN,ONE HOAG DRIVE,NEWPORT BEACH,CA,92663,06059,33.62398227037,-117.928863139003,Yes
CNM09137,1649970294,Anam,Hussain,,Hospital,140150,UNIVERSITY OF ILLINOIS HOSPITAL AND CLINICS,1740 WEST TAYLOR ST SUITE 1400,CHICAGO,IL,60612,17031,41.869260590015,-87.670709386776,Yes
CNM07561,1659028132,Addison,Bryant,,Hospital,200024,CENTRAL MAINE MEDICAL CENTER,300 MAIN STREET,LEWISTON,ME,04240,23001,44.102837099808,-70.212964664793,Yes
CNM09578,1659063618,Ashlie,Hashimoto,,Hospital,460009,UNIVERSITY OF UTAH HOSPITAL AND CLINICS,50 NORTH MEDICAL DRIVE,SALT LAKE CITY,UT,84132,49035,40.768884612099,-111.837491944828,Yes
CNM09574,1659117216,Laiken,Noble,,Hospital,520109,MILE BLUFF MEDICAL CENTER,1050 DIVISION ST,MAUSTON,WI,53948,55057,43.783845018237,-90.076743391871,Yes
9255,1659301299,Katherine Cornwell,Bishop,,Hospital,330023,VASSAR BROTHERS MEDICAL CENTER,45 READE PLACE,POUGHKEEPSIE,NY,12601,36027,41.694453108145,-73.935305515207,Yes
8897,1659349124,Kathleen Mary,Porsch,,Hospital,310113,SOUTHERN OCEAN MEDICAL CENTER,1140 RT 72 W,MANAHAWKIN,NJ,08050,34029,39.719151417939,-74.285139115811,Yes
5110,1659350585,Teresa,Hall,,Hospital,060075,VALLEY VIEW HOSPITAL ASSOCIATION,1906 BLAKE AVE,GLENWOOD SPRINGS,CO,81601,08045,39.532752740892,-107.322694889257,Yes
5110,1659350585,Teresa,Hall,,Hospital,061324,ASPEN VALLEY HOSPITAL DISTRICT,401 CASTLE CREEK RD,ASPEN,CO,81611,08097,39.190924914463,-106.838261256088,Yes
8127,1659366821,Cindy Anne,Stippich,,Hospital,521338,PRAIRIE RIDGE HEALTH,1515 PARK AVE,COLUMBUS,WI,53925,55021,43.323751035438,-89.036076037186,Yes
6786,1659418028,Amy Alexandrea,Nathans,,Hospital,390195,LANKENAU MEDICAL CENTER,100 LANCASTER AVE,WYNNEWOOD,PA,19096,42091,39.990264210987,-75.258041545246,Yes
4577,1659420586,Nadine F.,Flaharty,,Hospital,090005,SIBLEY MEMORIAL HOSPITAL,5255 LOUGHBORO RD NW,WASHINGTON,DC,20016,11001,38.935795505294,-77.109291835731,Yes
12613,1659557569,Christina,Felten,,Hospital,390133,LEHIGH VALLEY HOSPITAL,1200 SOUTH CEDAR CREST BOULEVARD,ALLENTOWN,PA,18103,42077,40.567147550681,-75.518737274381,Yes
CNM06684,1659563682,Amy,Loftus,,Hospital,460004,INTERMOUNTAIN HEALTH MCKAY-DEE HOSPITAL,4401 HARRISON BOULEVARD,OGDEN,UT,84403,49057,41.182750865619,-111.94917718861,Yes
12349,1659588697,Laura,Boyle,,Hospital,360003,"UNIVERSITY OF CINCINNATI MEDICAL CENTER, LLC",3188 BELLEVUE AVENUE,CINCINNATI,OH,45219,39061,39.136673882843,-84.503724642246,Yes
CNM0095,1659684264,Anne,Karner,,Hospital,340016,HARRIS REGIONAL HOSPITAL,68 HOSPITAL RD,SYLVA,NC,28779,37099,35.384388440467,-83.20302839701,Yes
CNM05734,1659707289,Colleen,Quesnell,,Hospital,240004,HENNEPIN COUNTY MEDICAL CENTER,701 PARK AVENUE,MINNEAPOLIS,MN,55415,27053,44.972787374471,-93.262653606228,Yes
CNM1541,1659713758,Nicole,Shapiro,,Hospital,520098,,,,,,,,,No
CNM09354,1659787463,Jessica,Durham,,Hospital,361333,FULTON COUNTY HEALTH CENTER,725 SOUTH SHOOP AVENUE,WAUSEON,OH,43567,39051,41.540125428158,-84.13420927875,Yes
CM00223,1659846889,Caryne,Jean Michel,,Hospital,330014,JAMAICA HOSPITAL MEDICAL CENTER,89TH AVENUE AND VAN WYCK EXPRESSWAY,JAMAICA,NY,11418,36081,40.701402739208,-73.816311112936,Yes
CNM06544,1669087151,Rachel,Cochran,,Hospital,240001,NORTH MEMORIAL HEALTH - ROBBINSDALE HOSPITAL,3300 OAKDALE NORTH,ROBBINSDALE,MN,55422,27053,45.01433345257,-93.32218521895,Yes
CNM07959,1669161816,Karissa,Jensen,,Hospital,360180,CLEVELAND CLINIC,9500 EUCLID AVENUE,CLEVELAND,OH,44195,39035,41.503346094361,-81.622884159903,Yes
CNM07959,1669161816,Karissa,Jensen,,Hospital,360077,FAIRVIEW HOSPITAL,18101 LORAIN AVENUE,CLEVELAND,OH,44111,39035,41.450938437436,-81.823448160584,Yes
7466,1669497798,Jennifer,Sabal,,Hospital,500051,OVERLAKE HOSPITAL MEDICAL CENTER & CLINICS,1035-116TH AVE NE,BELLEVUE,WA,98004,53033,47.620277985624,-122.185718857012,Yes
8175,1669556288,Kelly Lynn,Schmidt,,Hospital,521337,ST CROIX REGIONAL MEDICAL CENTER,235 E STATE STREET,SAINT CROIX FALLS,WI,54024,55095,45.409256978253,-92.642591116623,Yes
12802,1669613030,Laura,Bondi,,Hospital,070025,HARTFORD HOSPITAL,80 SEYMOUR STREET,HARTFORD,CT,06102,09003,41.753898285654,-72.680679557458,Yes
12943,1669616694,Barla,Bishop,,Hospital,220065,,,,,,,,,No
12943,1669616694,Barla,Bishop,,Hospital,220066,MERCY MEDICAL CTR,271 CAREW STREET,SPRINGFIELD,MA,01104,25013,42.11665547048,-72.595142058207,Yes
12244,1669646824,Jessica,Baker-Ballantyne,,Hospital,050232,,,,,,,,,No
12244,1669646824,Jessica,Baker-Ballantyne,,Hospital,050107,MARIAN REGIONAL MEDICAL CENTER,1400 E CHURCH ST,SANTA MARIA,CA,93454,06083,34.952035881956,-120.41459704214,Yes
12362,1669695250,MaryLou,Smith,,Hospital,440039,VANDERBILT UNIVERSITY MEDICAL CENTER,1211 MEDICAL CENTER DRIVE,NASHVILLE,TN,37232,47037,36.142654447096,-86.801327373077,Yes
CNM1131,1669722518,Lisa,Edmister,,Hospital,270012,BENEFIS HOSPITALS INC,1101 26TH ST S,GREAT FALLS,MT,59405,30013,47.492250809858,-111.2625301382,Yes
CNM1131,1669722518,Lisa,Edmister,,Hospital,270086,,,,,,,,,No
CNM0970,1669737292,April,Greene,,Hospital,340051,WATAUGA MEDICAL CENTER,336 DEERFIELD ROAD,BOONE,NC,28607,37189,36.196815610279,-81.652487091572,Yes
CNM1557,1669742870,Kirstin,Carhart,,Hospital,380027,MERCY MEDICAL CENTER,2700 NW STEWART PARKWAY,ROSEBURG,OR,97471,41019,43.240014502435,-123.366626011263,Yes
CNM0529,1669759098,Sarah,Bogar,,Hospital,321310,HOLY CROSS HOSPITAL A DIV OF TAOS HEALTH SYSTEMS,1397 WEIMER ROAD,TAOS,NM,87571,35055,36.368160562761,-105.577035940055,Yes
CNM0234,1669772885,Darla,Mitchell,,Hospital,360068,TOLEDO HOSPITAL THE,2142 NORTH COVE BOULEVARD,TOLEDO,OH,43606,39095,41.671472522382,-83.594058795479,Yes
CNM0234,1669772885,Darla,Mitchell,,Hospital,360156,MEMORIAL HOSPITAL,715 SOUTH TAFT AVENUE,FREMONT,OH,43420,39143,41.339520844752,-83.135160013967,Yes
CNM2948,1669826871,Aspen,Soegaard,,Hospital,100044,CLEVELAND CLINIC MARTIN NORTH HOSPITAL,200 SE HOSPITAL AVE,STUART,FL,34994,12085,27.19900795794,-80.243088883421,Yes
CNM03752,1669920641,Margaret,Clutch,,Hospital,520087,GUNDERSEN LUTHERAN MEDICAL CENTER,1910 SOUTH AVE,LA CROSSE,WI,54601,55063,43.795026885962,-91.246775264605,Yes
CNM03863,1669922886,Allison,Ladner,,Hospital,520098,,,,,,,,,No
CNM05217,1669948790,Ashley,Elkins,,Hospital,520136,ASCENSION SE WISCONSIN HOSPITAL - ST JOSEPH CAMPUS,5000 W CHAMBERS ST,MILWAUKEE,WI,53210,55079,43.073518260628,-87.976170459374,Yes
CNM04286,1669981742,Jennifer,Brown,,Hospital,230081,MUNSON HEALTHCARE CADILLAC HOSPITAL,400 HOBART ST,CADILLAC,MI,49601,26165,44.246139903783,-85.390431823352,Yes
CNM04203,1669985297,Ashley,Iverson,,Hospital,061328,,,,,,,,,No
CNM03949,1679017446,Autum,Larsen,,Hospital,160110,ALLEN HOSPITAL,1825 LOGAN AVENUE,WATERLOO,IA,50703,19013,42.526142583887,-92.337719747886,Yes
CNM03802,1679020507,Laura,Sessanna,,Hospital,180035,ST ELIZABETH MEDICAL CENTER NORTH,1 MEDICAL VILLAGE DRIVE,EDGEWOOD,KY,41017,21117,39.007980153759,-84.564775478456,Yes
CNM08303,1679046239,Kristin,Whipple,,Hospital,180116,JACKSON PURCHASE MEDICAL CENTER,1099 MEDICAL CENTER CIRCLE,MAYFIELD,KY,42066,21083,36.759435117719,-88.65051268018,Yes
CNM04051,1679088736,Marlo,Sharp,,Hospital,340016,HARRIS REGIONAL HOSPITAL,68 HOSPITAL RD,SYLVA,NC,28779,37099,35.384388440467,-83.20302839701,Yes
CNM04200,1679096705,Michelle,Brookey,,Hospital,500150,LEGACY SALMON CREEK MEDICAL CENTER,2211 NE 139TH STREET,VANCOUVER,WA,98686,53011,45.721809224839,-122.647919881459,Yes
CNM05979,1679119366,Jennifer,Romine,,Hospital,110023,ADVENTHEALTH GORDON,1035 RED BUD ROAD,CALHOUN,GA,30701,13129,34.511756109885,-84.920581366489,Yes
CNM05423,1679126890,Hilary,Conn,,Hospital,520087,GUNDERSEN LUTHERAN MEDICAL CENTER,1910 SOUTH AVE,LA CROSSE,WI,54601,55063,43.795026885962,-91.246775264605,Yes
CNM07043,1679227300,Elizabeth,Cirillo,,Hospital,180035,ST ELIZABETH MEDICAL CENTER NORTH,1 MEDICAL VILLAGE DRIVE,EDGEWOOD,KY,41017,21117,39.007980153759,-84.564775478456,Yes
CNM07406,1679237572,Dawn,Heinbaugh,,Hospital,210009,"JOHNS HOPKINS HOSPITAL, THE",600 NORTH  WOLFE STREET,BALTIMORE,MD,21287,24510,39.296923066038,-76.590856781226,Yes
CNM08953,1679347868,Vanessa,Burgos,,Hospital,520051,ASCENSION COLUMBIA ST MARY'S HOSPITAL MILWAUKEE CA,2323 N LAKE DR,MILWAUKEE,WI,53211,55079,43.060616878762,-87.879986957206,Yes
10365,1679531321,Linda Joyce,Brackett,,Hospital,360175,TRIHEALTH CLINTON REGIONAL HOSPITAL,610 WEST MAIN STREET,WILMINGTON,OH,45177,39027,39.445446012666,-83.839390827873,Yes
11885,1679665434,Jennifer,Caniglio,,Hospital,210023,"LUMINIS HEALTH ANNE ARUNDEL MEDICAL CENTER, INC",2001 MEDICAL PARKWAY,ANNAPOLIS,MD,21401,24003,38.990332219561,-76.534787210116,Yes
CNM05362,1679845184,Abigail,Lacey,,Hospital,070033,DANBURY HOSPITAL,24 HOSPITAL AVE,DANBURY,CT,06810,09001,41.406170840493,-73.44600973779,Yes
CNM08587,1679994172,Jessica,Kingsley,,Hospital,230075,BRONSON BATTLE CREEK HOSPITAL,300 NORTH AVENUE,BATTLE CREEK,MI,49017,26025,42.330262230912,-85.180300434404,Yes
CNM1457,1689001216,Sandra,Hazzard,,Hospital,460042,LAKEVIEW HOSPITAL,630 EAST MEDICAL DRIVE,BOUNTIFUL,UT,84010,49011,40.886516174891,-111.867997422535,Yes
CNM3041,1689048860,Danielle,Wiesner,,Hospital,410010,WOMEN & INFANTS HOSPITAL OF RHODE ISLAND,101 DUDLEY STREET,PROVIDENCE,RI,02905,44007,41.810276961686,-71.411298380038,Yes
CNM2295,1689062044,Heather,Finney,,Hospital,180013,THE MEDICAL CENTER AT BOWLING GREEN,250 PARK STREET,BOWLING GREEN,KY,42101,21227,36.996373887935,-86.430025596165,Yes
CNM2084,1689080988,Janna,Clukey,,Hospital,200018,NORTHERN LIGHT A R GOULD HOSPITAL,PO BOX 151,PRESQUE ISLE,ME,04769,23003,46.6860581,-68.0073583,Yes
CNM05158,1689149189,Heather,Bruderer,,Hospital,360172,MERCY HEALTH-LORAIN HOSPITAL,3700 KOLBE ROAD,LORAIN,OH,44053,39093,41.437439470624,-82.235348462283,Yes
CNM05466,1689225294,Amanda,Knittel,,Hospital,360137,UH CLEVELAND MEDICAL CENTER,11100 EUCLID AVENUE,CLEVELAND,OH,44106,39035,41.506590328946,-81.608004588239,Yes
CNM05680,1689226441,Tierney,Elison,,Hospital,220002,MOUNT AUBURN HOSPITAL,330 MOUNT AUBURN STREET,CAMBRIDGE,MA,02138,25017,42.374801064511,-71.133140203692,Yes
CNM05562,1689233173,Rene,Davis,,Hospital,330073,UNITED MEMORIAL MEDICAL CENTER,127 NORTH STREET,BATAVIA,NY,14020,36037,43.003978608118,-78.177071258485,Yes
CNM05616,1689239576,Cassie,Kurtz,,Hospital,350070,ESSENTIA HEALTH FARGO,3000 32ND AVE SOUTH,FARGO,ND,58104,38017,46.832455617747,-96.826431940857,Yes
CNM08055,1689391955,Angela,Madariaga,,Hospital,080001,CHRISTIANACARE,4755 OGLETOWN-STANTON ROAD,NEWARK,DE,19718,10003,39.690996683779,-75.671382921671,Yes
CNM09786,1689418006,Casey,Claussen,,Hospital,230167,MCLAREN GREATER LANSING,2900 COLLINS RD,LANSING,MI,48910,26065,42.702023789539,-84.498886748441,Yes
8612,1689634644,Sandra Marie,Blaser,,Hospital,390114,MAGEE WOMENS HOSPITAL OF UPMC HEALTH SYSTEM,300 HALKET STREET,PITTSBURGH,PA,15213,42003,40.437640816847,-79.960326268979,Yes
9091,1689658841,Dorinda Rae,Vojta,,Hospital,431325,MOBRIDGE REGIONAL HOSPITAL - CAH,1401 10TH AVE WEST,MOBRIDGE,SD,57601,46129,45.546308124285,-100.448359341895,Yes
9091,1689658841,Dorinda Rae,Vojta,,Hospital,430014,AVERA ST LUKES,305 S STATE ST  POST OFFICE BOX 4450,ABERDEEN,SD,57401,46013,45.462059424901,-98.479218824117,Yes
9091,1689658841,Dorinda Rae,Vojta,,Hospital,350015,SANFORD MEDICAL CENTER BISMARCK,300 N 7TH ST,BISMARCK,ND,58506,38015,46.806959418826,-100.781648243664,Yes
12129,1689742892,Sarah,Ohm,,Hospital,230046,UNIVERSITY OF MICHIGAN HEALTH,"1500 E MEDICAL CENTER DRIVE, SPC 5474",ANN ARBOR,MI,48109,26161,42.281400027614,-83.726782161004,Yes
7308,1689746828,Cristina Renee,Giambalvo,,Hospital,310012,VALLEY HOSPITAL,4 VALLEY HEALTH PLAZA,PARAMUS,NJ,07652,34003,40.965985488596,-74.072058281895,Yes
5077,1689837098,Deborah L.,White,,Hospital,410008,SOUTH COUNTY HOSPITAL INC,100 KENYON AVE,WAKEFIELD,RI,02879,44009,41.432221904179,-71.496753221839,Yes
5077,1689837098,Deborah L.,White,,Hospital,410007,,,,,,,,,No
12603,1689855876,Rachel,Sieman,,Hospital,360276,,,,,,,,,No
12603,1689855876,Rachel,Sieman,,Hospital,360064,MH ST ELIZABETH YOUNGSTOWN HOSPITAL,1044 BELMONT AVENUE,YOUNGSTOWN,OH,44501,39099,41.11521687158,-80.656139674057,Yes
7504,1689954026,Naomi Lilyann Brinda,Berends,,Hospital,240057,ABBOTT NORTHWESTERN HOSPITAL,800 EAST 28TH STREET,MINNEAPOLIS,MN,55407,27053,44.951998305917,-93.262528292723,Yes
7504,1689954026,Naomi Lilyann Brinda,Berends,,Hospital,240115,MERCY HOSPITAL,4050 COON RAPIDS BLVD,COON RAPIDS,MN,55433,27003,45.184953491518,-93.371327705929,Yes
7504,1689954026,Naomi Lilyann Brinda,Berends,,Hospital,240038,UNITED HOSPITAL,333 NORTH SMITH AVENUE,SAINT PAUL,MN,55102,27123,44.942313629749,-93.107844248864,Yes
CNM0935,1699037119,Kimberly,McNally,,Hospital,240004,HENNEPIN COUNTY MEDICAL CENTER,701 PARK AVENUE,MINNEAPOLIS,MN,55415,27053,44.972787374471,-93.262653606228,Yes
CNM3246,1699129239,Alia,Rezek,,Hospital,330115,ONEIDA HEALTH,321 GENESEE STREET,ONEIDA,NY,13421,36053,43.078767471995,-75.655172135372,Yes
CNM2982,1699149708,Melissa,Bryan,,Hospital,250069,OCHSNER RUSH HOSPITAL,1314 19TH AVE,MERIDIAN,MS,39301,28075,32.370036891833,-88.69774915334,Yes
CNM1862,1699190181,Heather,Mayville,,Hospital,510007,ST MARY'S MEDICAL CENTER,2900 1ST AVENUE,HUNTINGTON,WV,25702,54011,38.431473135726,-82.40120413411,Yes
CNM1862,1699190181,Heather,Mayville,,Hospital,510055,"CABELL HUNTINGTON HOSPITAL, INC",1340 HAL GREER BOULEVARD,HUNTINGTON,WV,25701,54011,38.409990098026,-82.428332292006,Yes
CNM04258,1699200451,Regina,Ommen,,Hospital,270049,INTERMOUNTAIN HEALTH ST VINCENT REGIONAL HOSPITAL,1233 N 30TH ST,BILLINGS,MT,59101,30111,45.792949915735,-108.51992272043,Yes
CNM05754,1699323667,Kia,Hollis,,Hospital,210008,MERCY MEDICAL CENTER INC,301 SAINT PAUL PLACE,BALTIMORE,MD,21202,24510,39.292414116438,-76.613471443651,Yes
CNM06787,1699350157,Sara,Donnelly,,Hospital,330140,ST JOSEPH'S HOSPITAL HEALTH CENTER,301 PROSPECT AVENUE,SYRACUSE,NY,13203,36067,43.055148533131,-76.148914180421,Yes
CNM06420,1699370338,Claire,Hamp,,Hospital,360180,CLEVELAND CLINIC,9500 EUCLID AVENUE,CLEVELAND,OH,44195,39035,41.503346094361,-81.622884159903,Yes
CNM06665,1699372300,Lara,Nadosy,,Hospital,330393,STONY BROOK UNIVERSITY HOSPITAL,HEALTH SCIENCES CENTER SUNY,STONY BROOK,NY,11794,36103,40.904749487525,-73.111841286886,Yes
CNM07342,1699444638,Liza,Knight,,Hospital,051319,MERCY MEDICAL CENTER MT SHASTA,914 PINE STREET,MOUNT SHASTA,CA,96067,06093,41.318117413698,-122.321909616538,Yes
CNM09067,1699549568,Simone,James,,Hospital,030024,ST. JOSEPH'S HOSPITAL AND MEDICAL CENTER,350 WEST THOMAS ROAD,PHOENIX,AZ,85013,04013,33.480364599256,-112.078610647569,Yes
CNM10433,1699646141,Kathryn,Timlin,,Hospital,360180,CLEVELAND CLINIC,9500 EUCLID AVENUE,CLEVELAND,OH,44195,39035,41.503346094361,-81.622884159903,Yes
8090,1699722959,Bethany R.,Berry,,Hospital,020026,ALASKA NATIVE MEDICAL CENTER,4315 DIPLOMACY DR,ANCHORAGE,AK,99508,02020,61.181937924928,-149.802878332413,Yes
6355,1699742759,Joni Atterbury,Yarnell,,Hospital,040016,UAMS MEDICAL CENTER,4301 WEST MARKHAM STREET MAIL SLOT 612,LITTLE ROCK,AR,72205,05119,34.751480553129,-92.319954476248,Yes
10333,1699747014,Carmen,Smidy,,Hospital,220024,HOLYOKE MEDICAL CENTER,575 BEECH STREET,HOLYOKE,MA,01040,25013,42.199379857645,-72.628560357418,Yes
10787,1699751099,Kristen Rachel,Becker-Talwalkar,,Hospital,070022,YALE-NEW HAVEN HOSPITAL,20 YORK ST,NEW HAVEN,CT,06504,09009,41.30334916715,-72.93614177983,Yes
11693,1699777508,Linda A,Dashiell,,Hospital,050301,ADVENTIST HEALTH UKIAH VALLEY,275 HOSPITAL DRIVE,UKIAH,CA,95482,06045,39.154020438161,-123.203599884326,Yes
11693,1699777508,Linda A,Dashiell,,Hospital,051329,SUTTER LAKESIDE HOSPITAL,5176 HILL ROAD EAST,LAKEPORT,CA,95453,06033,39.10764553946,-122.906295379487,Yes
11693,1699777508,Linda A,Dashiell,,Hospital,051317,ADVENTIST HEALTH CLEARLAKE,15630 18TH AVE,CLEARLAKE,CA,95422,06033,38.935619983326,-122.620099979742,Yes
11693,1699777508,Linda A,Dashiell,,Hospital,051310,,,,,,,,,No
9741,1699807867,Donna M.,Lowney,,Hospital,070008,JOHNSON MEMORIAL HOSPITAL,201 CHESTNUT HILL ROAD,STAFFORD SPRINGS,CT,06076,09013,41.97744979213,-72.390215543133,Yes
12657,1699906065,Nikki,Peterson,,Hospital,330239,UPMC CHAUTAUQUA AT WCA,207 FOOTE AVENUE,JAMESTOWN,NY,14701,36013,42.091580945087,-79.232969685098,Yes
12503,1699965319,Anna,Levine,,Hospital,240053,PARK NICOLLET METHODIST HOSPITAL,6500 EXCELSIOR BLVD,SAINT LOUIS PARK,MN,55426,27053,44.927104316424,-93.361393505045,Yes
12713,1700049384,DeEtte,Reel,,Hospital,340030,DUKE UNIVERSITY HOSPITAL,2301  ERWIN RD,DURHAM,NC,27705,37063,36.008132137992,-78.937378879789,Yes
CNM0777,1700159746,Alexis,Gee,,Hospital,440039,VANDERBILT UNIVERSITY MEDICAL CENTER,1211 MEDICAL CENTER DRIVE,NASHVILLE,TN,37232,47037,36.142654447096,-86.801327373077,Yes
CNM2227,1700276987,Lysbeth,Franco,,Hospital,180040,,,,,,,,,No
CNM06310,1700405024,Sara,Scafuro,,Hospital,360180,CLEVELAND CLINIC,9500 EUCLID AVENUE,CLEVELAND,OH,44195,39035,41.503346094361,-81.622884159903,Yes
CNM06123,1700426616,Siham,Gellani,,Hospital,230130,COREWELL HEALTH WILLIAM BEAUMONT UNIVERSITY HOSPIT,3601 W THIRTEEN MILE RD,ROYAL OAK,MI,48073,26125,42.517697725881,-83.191115133945,Yes
CNM06123,1700426616,Siham,Gellani,,Hospital,230020,COREWELL HEALTH DEARBORN HOSPITAL,18101 OAKWOOD BLVD,DEARBORN,MI,48124,26163,42.29190356177,-83.212052545756,Yes
CNM07963,1700454220,Elaine,Thompson,,Hospital,461303,INTERMOUNTAIN HEALTH SANPETE VALLEY HOSPITAL,1100 SOUTH MEDICAL DRIVE,MOUNT PLEASANT,UT,84647,49039,39.532200736151,-111.461256956582,Yes
CNM06409,1700469541,Aimee,James,,Hospital,410010,WOMEN & INFANTS HOSPITAL OF RHODE ISLAND,101 DUDLEY STREET,PROVIDENCE,RI,02905,44007,41.810276961686,-71.411298380038,Yes
CNM08322,1700575743,Svetlana,Bautista,,Hospital,210009,"JOHNS HOPKINS HOSPITAL, THE",600 NORTH  WOLFE STREET,BALTIMORE,MD,21287,24510,39.296923066038,-76.590856781226,Yes
CNM07967,1700660255,Kaitlin,Kellar,,Hospital,190036,OCHSNER MEDICAL CENTER,1516 JEFFERSON HWY,NEW ORLEANS,LA,70121,22051,29.962584716651,-90.144513534961,Yes
CNM07967,1700660255,Kaitlin,Kellar,,Hospital,190045,ST TAMMANY PARISH HOSPITAL,1202 S TYLER STREET,COVINGTON,LA,70433,22103,30.468029241721,-90.114549966897,Yes
9222,1700879244,Eleanor Sharon,Davis,,Hospital,110007,PHOEBE PUTNEY MEMORIAL HOSPITAL,417 THIRD AVENUE,ALBANY,GA,31703,13095,31.59028532575,-84.156564208956,Yes
9222,1700879244,Eleanor Sharon,Davis,,Hospital,110044,PHOEBE SUMTER MEDICAL CENTER,126 HIGHWAY 280 W,AMERICUS,GA,31719,13261,32.060485755205,-84.268313526391,Yes
11946,1710025796,Liza,Winston,,Hospital,220077,BAYSTATE MEDICAL CENTER,759 CHESTNUT STREET,SPRINGFIELD,MA,01199,25013,42.119023347188,-72.604094352769,Yes
8375,1710104708,Connie L.,Canady,,Hospital,340050,SOUTHEASTERN REGIONAL MEDICAL CENTER,300 W 27 ST  PO BOX 1408,LUMBERTON,NC,28359,37155,34.636507378035,-79.010610085504,Yes
12421,1710180591,Stacie,Carter,,Hospital,460041,HOLY CROSS HOSPITAL-DAVIS,1600 WEST ANTELOPE DRIVE,LAYTON,UT,84041,49011,41.089209230336,-111.995461218589,Yes
CNM0099,1710281332,Alisha,Morgan,,Hospital,180087,TAYLOR REGIONAL HOSPITAL,1700 OLD LEBANON ROAD,CAMPBELLSVILLE,KY,42718,21217,37.365703988626,-85.339127237722,Yes
CNM0399,1710282561,Jennifer,Roberts,,Hospital,060012,ST MARY-CORWIN HOSPITAL,1008 MINNEQUA AVE,PUEBLO,CO,81004,08101,38.233151473431,-104.622084572715,Yes
CNM04088,1710418520,Sarah,Krieg,,Hospital,500129,TACOMA GENERAL ALLENMORE HOSPITAL,315 S MLK JR WAY,TACOMA,WA,98405,53053,47.26005107199,-122.453465117279,Yes
CNM06251,1710504865,Denae,Ellson,,Hospital,240080,FAIRVIEW HOSPITAL UNIVERSITY,2450 RIVERSIDE AVENUE,MINNEAPOLIS,MN,55454,27053,44.96587793412,-93.236887767098,Yes
CNM06938,1710550520,Melissa,Pena,,Hospital,330014,JAMAICA HOSPITAL MEDICAL CENTER,89TH AVENUE AND VAN WYCK EXPRESSWAY,JAMAICA,NY,11418,36081,40.701402739208,-73.816311112936,Yes
CNM06408,1710596028,Paula,Goldade,,Hospital,240004,HENNEPIN COUNTY MEDICAL CENTER,701 PARK AVENUE,MINNEAPOLIS,MN,55415,27053,44.972787374471,-93.262653606228,Yes
CNM08582,1710662580,Emily,Swinehart,,Hospital,390265,JEFFERSON HOSPITAL,565 COAL VALLEY ROAD,JEFFERSON HILLS,PA,15025,42003,40.31965630446,-79.933747275276,Yes
CNM09863,1710796339,Hillary,Elder,,Hospital,270057,BOZEMAN HEALTH DEACONESS REGIONAL MEDICAL CENTER,915 HIGHLAND BLVD SUITE 3310,BOZEMAN,MT,59715,30031,45.669435293907,-111.01750039561,Yes
4926,1710901962,Katrina Alef,Thorstensen,,Hospital,300003,MARY HITCHCOCK MEMORIAL HOSPITAL,1 MEDICAL CENTER DRIVE,LEBANON,NH,03756,33009,43.677249456344,-72.273984009411,Yes
6583,1710967856,Donna May,DiLeo,,Hospital,100281,MEMORIAL HOSPITAL WEST,703 N FLAMINGO RD,PEMBROKE PINES,FL,33028,12011,26.013020000427,-80.310800010483,Yes
11870,1720056963,Laura Christine,Sundstrom,,Hospital,070022,YALE-NEW HAVEN HOSPITAL,20 YORK ST,NEW HAVEN,CT,06504,09009,41.30334916715,-72.93614177983,Yes
9710,1720295652,Katherine Diane,Ellis,,Hospital,450090,NORTH TEXAS MEDICAL CENTER,1900 HOSPITAL BLVD,GAINESVILLE,TX,76240,48097,33.646360004156,-97.162730003317,Yes
CNM0744,1720359565,Emily,Corazza,,Hospital,030078,PHOENIX INDIAN MEDICAL CENTER,4212 NORTH 16TH STREET,PHOENIX,AZ,85016,04013,33.496722617782,-112.047671091174,Yes
13323,1720392533,Kathleen,Pool,,Hospital,360089,MERCY HEALTH - TIFFIN HOSPITAL,45 ST LAWRENCE DRIVE,TIFFIN,OH,44883,39147,41.105069834426,-83.217170437543,Yes
13323,1720392533,Kathleen,Pool,,Hospital,361310,,,,,,,,,No
13323,1720392533,Kathleen,Pool,,Hospital,360112,MERCY HEALTH ST VINCENT MEDICAL CENTER,2213 CHERRY STREET,TOLEDO,OH,43608,39095,41.668609957007,-83.541912961813,Yes
CNM1875,1720404890,Robyn,Cox,,Hospital,240080,FAIRVIEW HOSPITAL UNIVERSITY,2450 RIVERSIDE AVENUE,MINNEAPOLIS,MN,55454,27053,44.96587793412,-93.236887767098,Yes
CNM1161,1720417264,LaDawna,Myrmo,,Hospital,160067,MERCYONE WATERLOO MEDICAL CENTER,3421 WEST NINTH STREET,WATERLOO,IA,50702,19013,42.464327311448,-92.345038755728,Yes
CNM04376,1720501117,Dominique,Jones,,Hospital,240004,HENNEPIN COUNTY MEDICAL CENTER,701 PARK AVENUE,MINNEAPOLIS,MN,55415,27053,44.972787374471,-93.262653606228,Yes
CNM04879,1720564966,Sarah,Kohal,,Hospital,130049,KOOTENAI HEALTH,2003 KOOTENAI HEALTH WAY,COEUR D'ALENE,ID,83814,16055,47.695641875125,-116.794242503491,Yes
CNM07165,1720580848,Shandra,Averett,,Hospital,131325,BINGHAM MEMORIAL HOSPITAL,98 POPLAR STREET,BLACKFOOT,ID,83221,16011,43.193352458066,-112.34738315558,Yes
CNM09707,1720632730,Yolanda,Janshen,,Hospital,271347,HOLY ROSARY HEALTHCARE,2600 WILSON ST,MILES CITY,MT,59301,30017,46.397311532126,-105.830582719159,Yes
CNM08762,1720769581,Alesandra,Pavlik,,Hospital,340030,DUKE UNIVERSITY HOSPITAL,2301  ERWIN RD,DURHAM,NC,27705,37063,36.008132137992,-78.937378879789,Yes
CNM09215,1720830102,Mallorie,Willis,,Hospital,180088,NORTON HOSPITAL / NORTON HEALTHCARE PAVILION / NOR,200 EAST CHESTNUT STREET,LOUISVILLE,KY,40202,21111,38.248211772883,-85.751762091104,Yes
CNM09597,1720830607,Katelynne,Knight,,Hospital,380014,GOOD SAMARITAN REGIONAL MEDICAL CENTER,3600 NW SAMARITAN DRIVE,CORVALLIS,OR,97330,41003,44.604621213426,-123.251326068986,Yes
9895,1730104670,Hallie Heath,Lyon,,Hospital,340113,CAROLINAS MEDICAL CENTER/BEHAV HEALTH,1000 BLYTHE BLVD,CHARLOTTE,NC,28203,37119,35.205166768082,-80.840773622418,Yes
7050,1730135427,Patricia Mary,Malone,,Hospital,220035,,,,,,,,,No
12194,1730175761,Marlee,Dalton,,Hospital,460014,MOUNTAIN WEST MEDICAL CENTER,2055 NORTH MAIN STREET,TOOELE,UT,84074,49045,40.566750872213,-112.297058837627,Yes
12194,1730175761,Marlee,Dalton,,Hospital,460047,ST MARK'S HOSPITAL,1200 EAST 3900 SOUTH,SALT LAKE CITY,UT,84124,49035,40.686992672703,-111.85705840439,Yes
10829,1730184227,Lisa Marie,Espinosa,,Hospital,520051,ASCENSION COLUMBIA ST MARY'S HOSPITAL MILWAUKEE CA,2323 N LAKE DR,MILWAUKEE,WI,53211,55079,43.060616878762,-87.879986957206,Yes
7857,1730245044,Patricia J.,Beverly,,Hospital,330073,UNITED MEMORIAL MEDICAL CENTER,127 NORTH STREET,BATAVIA,NY,14020,36037,43.003978608118,-78.177071258485,Yes
12586,1730362344,Brita,Stone,,Hospital,051331,SANTA YNEZ VALLEY COTTAGE HOSPITAL,2050 VIBORG RD,SOLVANG,CA,93463,06083,34.602409004971,-120.127359129253,Yes
CNM1165,1730434739,Natasha,Steinhardt,,Hospital,330267,HUDSON VALLEY HOSPITAL CENTER,1980 CROMPOND ROAD,CORTLANDT MANOR,NY,10567,36119,41.291447199115,-73.892001247379,Yes
CNM0902,1730435710,Christine,Fishel,,Hospital,520087,GUNDERSEN LUTHERAN MEDICAL CENTER,1910 SOUTH AVE,LA CROSSE,WI,54601,55063,43.795026885962,-91.246775264605,Yes
CNM1538,1730501792,Jennifer,Oxley,,Hospital,340070,ALAMANCE REGIONAL MEDICAL CENTER,1240 HUFFMAN MILL RD,BURLINGTON,NC,27216,37001,36.064201748173,-79.501813782264,Yes
CNM04604,1730502477,Justina,Staroska,,Hospital,360032,GRAND LAKE HEALTH SYSTEM,200 SAINT CLAIR STREET,SAINT MARYS,OH,45885,39011,40.543473696729,-84.37018479286,Yes
CNM1491,1730512419,Kaitlyn,Dorman,,Hospital,220077,BAYSTATE MEDICAL CENTER,759 CHESTNUT STREET,SPRINGFIELD,MA,01199,25013,42.119023347188,-72.604094352769,Yes
CNM1640,1730518713,Marie,Wall,,Hospital,230302,HENRY FORD HEALTH WEST BLOOMFIELD HOSPITAL,6777 WEST MAPLE ROAD,WEST BLOOMFIELD,MI,48322,26125,42.541514166496,-83.40814643303,Yes
CNM2814,1730550963,Elizabeth,Sandifer,,Hospital,420082,AIKEN REGIONAL MEDICAL CENTER,302 UNIVERSITY PARKWAY,AIKEN,SC,29801,45003,33.584141140515,-81.759425194626,Yes
CNM2814,1730550963,Elizabeth,Sandifer,,Hospital,421300,,,,,,,,,No
CNM2367,1730577313,Carrie Anne,Valadez,,Hospital,360068,TOLEDO HOSPITAL THE,2142 NORTH COVE BOULEVARD,TOLEDO,OH,43606,39095,41.671472522382,-83.594058795479,Yes
CNM05924,1730710575,Korinna,Martins,,Hospital,050057,KAWEAH HEALTH MEDICAL CENTER,400 W MINERAL KING AVE,VISALIA,CA,93291,06107,36.327407531774,-119.295472284462,Yes
CNM05830,1730721895,Melissa,Chin,,Hospital,240080,FAIRVIEW HOSPITAL UNIVERSITY,2450 RIVERSIDE AVENUE,MINNEAPOLIS,MN,55454,27053,44.96587793412,-93.236887767098,Yes
CNM06462,1730791880,Alexandria,Margerison,,Hospital,300012,ELLIOT HOSPITAL,1 ELLIOT WAY,MANCHESTER,NH,03103,33011,42.982771371348,-71.434792806452,Yes
CNM06462,1730791880,Alexandria,Margerison,,Hospital,300003,MARY HITCHCOCK MEMORIAL HOSPITAL,1 MEDICAL CENTER DRIVE,LEBANON,NH,03756,33009,43.677249456344,-72.273984009411,Yes
CNM07579,1730827908,Alison,Feese,,Hospital,180087,TAYLOR REGIONAL HOSPITAL,1700 OLD LEBANON ROAD,CAMPBELLSVILLE,KY,42718,21217,37.365703988626,-85.339127237722,Yes
CNM08216,1730837816,Diana,Pereira,,Hospital,360218,LICKING MEMORIAL HOSPITAL,1320 WEST MAIN STREET,NEWARK,OH,43055,39089,40.046661083663,-82.451707644988,Yes
CNM08681,1730866534,Olivia,Stillman,,Hospital,050039,ENLOE HEALTH,1531 ESPLANADE,CHICO,CA,95926,06007,39.742372897516,-121.849011694114,Yes
CNM09498,1730936105,Allison,Welch,,Hospital,390151,WELLSPAN CHAMBERSBURG HOSPITAL,112 NORTH SEVENTH STREET,CHAMBERSBURG,PA,17201,42055,39.934695286428,-77.647471569046,Yes
CNM08950,1730951849,Kara,Selby,,Hospital,150173,INDIANA UNIVERSITY HEALTH ARNETT HOSPITAL,5165 MCCARTY LN,LAFAYETTE,IN,47905,18157,40.400478975103,-86.806611524339,Yes
CNM09386,1730957572,Mary,Leesnitzer,,Hospital,340113,CAROLINAS MEDICAL CENTER/BEHAV HEALTH,1000 BLYTHE BLVD,CHARLOTTE,NC,28203,37119,35.205166768082,-80.840773622418,Yes
CNM09183,1740051218,Caitlin,Mostek,,Hospital,160067,MERCYONE WATERLOO MEDICAL CENTER,3421 WEST NINTH STREET,WATERLOO,IA,50702,19013,42.464327311448,-92.345038755728,Yes
10260,1740264597,Jennifer Murray,Demma,,Hospital,240053,PARK NICOLLET METHODIST HOSPITAL,6500 EXCELSIOR BLVD,SAINT LOUIS PARK,MN,55426,27053,44.927104316424,-93.361393505045,Yes
6322,1740289172,Nina Nellhaus,Sabghir,,Hospital,330233,BROOKDALE HOSPITAL MEDICAL CENTER,1 BROOKDALE PLAZA,BROOKLYN,NY,11212,36047,40.655241724883,-73.912205473149,Yes
9116,1740331974,Diane Michele,Downing,,Hospital,220060,BETH ISRAEL DEACONESS HOSPITAL - PLYMOUTH,275 SANDWICH STREET,PLYMOUTH,MA,02360,25023,41.944770437087,-70.645603174458,Yes
12246,1740358746,Tina,Becker,,Hospital,310034,RIVERVIEW MEDICAL CENTER,ONE RIVERVIEW PLAZA,RED BANK,NJ,07701,34025,40.353137402518,-74.064797647511,Yes
8911,1740385046,Dixie Shaheen,Rasmussen,,Hospital,460026,INTERMOUNTAIN HEALTH SEVIER VALLEY HOSPITAL,1000 NORTH MAIN STREET,RICHFIELD,UT,84701,49041,38.782059363682,-112.084681974454,Yes
13178,1740506237,Heather,Carrion,,Hospital,380025,LEGACY MOUNT HOOD MEDICAL CENTER,24800 SE STARK STREET,GRESHAM,OR,97030,41051,45.518976846836,-122.408223391507,Yes
CNM0851,1740554047,Edith,Asante,,Hospital,110079,,,,,,,,,No
CNM0496,1740574433,Katrina,Gubler,,Hospital,460021,INTERMOUNTAIN HEALTH ST GEORGE REGIONAL HOSPITAL,1380 EAST MEDICAL CENTER DRIVE,ST GEORGE,UT,84790,49053,37.098113562492,-113.553649705627,Yes
CNM06621,1740609627,Meghan,Husmillo,,Hospital,340113,CAROLINAS MEDICAL CENTER/BEHAV HEALTH,1000 BLYTHE BLVD,CHARLOTTE,NC,28203,37119,35.205166768082,-80.840773622418,Yes
CNM2868,1740632033,Stephanie,Boswell-Davies,,Hospital,470024,NORTHWESTERN MEDICAL CENTER INC,133 FAIRFIELD STREET,SAINT ALBANS,VT,05478,50011,44.806563738897,-73.072677199058,Yes
CNM1874,1740680552,Rochelle,Cassie,,Hospital,330233,BROOKDALE HOSPITAL MEDICAL CENTER,1 BROOKDALE PLAZA,BROOKLYN,NY,11212,36047,40.655241724883,-73.912205473149,Yes
CNM03669,1740736297,Robin,Etter,,Hospital,080009,"BAYHEALTH HOSPITAL, SUSSEX CAMPUS",100 WELLNESS WAY,MILFORD,DE,19963,10005,38.886403459537,-75.391859512493,Yes
CNM05801,1740826684,Jessica,Bergman,,Hospital,360058,MERCER COUNTY JOINT TOWNSHIP COMMUNITY HOSPITAL,800 WEST MAIN STREET,COLDWATER,OH,45828,39107,40.479826533451,-84.638316092923,Yes
CNM06134,1740829720,Lauren,Trimble,,Hospital,040016,UAMS MEDICAL CENTER,4301 WEST MARKHAM STREET MAIL SLOT 612,LITTLE ROCK,AR,72205,05119,34.751480553129,-92.319954476248,Yes
CNM06859,1740861624,Laura,Masimore,,Hospital,360118,OHIOHEALTH MANSFIELD HOSPITAL,335 GLESSNER AVENUE,MANSFIELD,OH,44903,39139,40.75336579015,-82.527829131345,Yes
CNM06859,1740861624,Laura,Masimore,,Hospital,360006,RIVERSIDE METHODIST HOSPITAL,3535 OLENTANGY RIVER RD,COLUMBUS,OH,43214,39049,40.031813579084,-83.031224568678,Yes
CNM08389,1740986215,Jessica,Beitler,,Hospital,360084,AULTMAN HOSPITAL,2600 SIXTH STREET SW,CANTON,OH,44710,39151,40.796800537864,-81.403577210105,Yes
CNM09190,1740990308,Sarah,Adkins,,Hospital,070022,YALE-NEW HAVEN HOSPITAL,20 YORK ST,NEW HAVEN,CT,06504,09009,41.30334916715,-72.93614177983,Yes
CNM08545,1750077038,Jessica,Balstad,,Hospital,670335,,,,,,,,,No
CNM08305,1750082632,Genette,Black,,Hospital,230053,HENRY FORD HEALTH HOSPITAL,2799 W GRAND BLVD,DETROIT,MI,48202,26163,42.366931017945,-83.082686737197,Yes
CNM07768,1750091393,Kristin,Hildebrandt,,Hospital,360137,UH CLEVELAND MEDICAL CENTER,11100 EUCLID AVENUE,CLEVELAND,OH,44106,39035,41.506590328946,-81.608004588239,Yes
CNM09189,1750161519,Nikki,Krompak,,Hospital,360068,TOLEDO HOSPITAL THE,2142 NORTH COVE BOULEVARD,TOLEDO,OH,43606,39095,41.671472522382,-83.594058795479,Yes
10581,1750326575,Amy Sara,Nacht,,Hospital,060024,UNIVERSITY OF COLORADO HOSPITAL AUTHORITY,12605 E 16TH AVE,AURORA,CO,80045,08001,39.741422007578,-104.842052672788,Yes
12017,1750348546,LaVonne Michelle,Moore,,Hospital,240004,HENNEPIN COUNTY MEDICAL CENTER,701 PARK AVENUE,MINNEAPOLIS,MN,55415,27053,44.972787374471,-93.262653606228,Yes
10210,1750384913,Susan Anne,Paterson,,Hospital,150088,ASCENSION ST VINCENT ANDERSON,2015 JACKSON ST,ANDERSON,IN,46016,18095,40.096193619503,-85.680537889276,Yes
9771,1750416467,Mary E,Saracco,,Hospital,140200,ELMHURST MEMORIAL HOSPITAL,155 EAST BRUSH HILL ROAD,ELMHURST,IL,60126,17043,41.861676378924,-87.935022708854,Yes
13067,1750421095,Sylyna,Kennedy,,Hospital,450032,CHRISTUS GOOD SHEPHERD MEDICAL CENTER,700 E MARSHALL AVE,LONGVIEW,TX,75601,48183,32.501459176046,-94.731364887728,Yes
5308,1750471355,Claudia G.,Gerard,,Hospital,460009,UNIVERSITY OF UTAH HOSPITAL AND CLINICS,50 NORTH MEDICAL DRIVE,SALT LAKE CITY,UT,84132,49035,40.768884612099,-111.837491944828,Yes
13194,1750616454,Jennifer,Freeman,,Hospital,230038,COREWELL HEALTH GRAND RAPIDS HOSPITALS BUTTERWORTH,100 MICHIGAN ST NE,GRAND RAPIDS,MI,49503,26081,42.970453602185,-85.666460017654,Yes
CNM1091,1750626354,Cassandra,Distefano,,Hospital,360180,CLEVELAND CLINIC,9500 EUCLID AVENUE,CLEVELAND,OH,44195,39035,41.503346094361,-81.622884159903,Yes
CNM2993,1750748877,Monica,Freidline,,Hospital,490023,FAUQUIER HOSPITAL,500 HOSPITAL DRIVE,WARRENTON,VA,20186,51061,38.7123202154,-77.809095446863,Yes
CNM2922,1750753075,Lisa,Cavett,,Hospital,230141,MCLAREN FLINT,401 S BALLENGER HIGHWAY,FLINT,MI,48532,26049,43.014585534579,-83.733437144768,Yes
CNM2117,1750797437,Brittney,Rettig,,Hospital,360095,BLANCHARD VALLEY HOSPITAL,1900 SOUTH MAIN STREET,FINDLAY,OH,45840,39063,41.018487944388,-83.650414153137,Yes
CNM3545,1750836300,Lindsay,Bustle,,Hospital,140161,SAINT JAMES HOSPITAL,2500 WEST REYNOLDS STREET,PONTIAC,IL,61764,17105,40.870804451811,-88.678989805597,Yes
CNM3545,1750836300,Lindsay,Bustle,,Hospital,140162,ST JOSEPH MEDICAL CENTER,2200 E WASHINGTON,BLOOMINGTON,IL,61701,17113,40.480131639415,-88.957033230292,Yes
CNM3545,1750836300,Lindsay,Bustle,,Hospital,140067,SAINT FRANCIS MEDICAL CENTER,530 NE GLEN OAK AVE,PEORIA,IL,61637,17143,40.702117371729,-89.59116554187,Yes
CNM07693,1750854931,Tercya,Ferreira Jarman,,Hospital,260137,FREEMAN HEALTH SYSTEM - FREEMAN WEST,1102 WEST 32ND STREET,JOPLIN,MO,64804,29097,37.055145325856,-94.524079491753,Yes
CNM07693,1750854931,Tercya,Ferreira Jarman,,Hospital,170120,LABETTE HEALTH,1902 SOUTH US HWY 59,PARSONS,KS,67357,20099,37.320447483715,-95.265203749419,Yes
CNM06744,1760078679,Jenna,Clifford,,Hospital,410010,WOMEN & INFANTS HOSPITAL OF RHODE ISLAND,101 DUDLEY STREET,PROVIDENCE,RI,02905,44007,41.810276961686,-71.411298380038,Yes
CNM07792,1760100028,Jessica,Wallace,,Hospital,030073,TUBA CITY REGIONAL HEALTH CARE CORPORATION,PO BOX 600,TUBA CITY,AZ,86045,04005,36.1223578,-111.2204921,Yes
CNM07866,1760114391,Elisa,Janes,,Hospital,360095,BLANCHARD VALLEY HOSPITAL,1900 SOUTH MAIN STREET,FINDLAY,OH,45840,39063,41.018487944388,-83.650414153137,Yes
CNM08781,1760165542,Danielle,Clarkson,,Hospital,130049,KOOTENAI HEALTH,2003 KOOTENAI HEALTH WAY,COEUR D'ALENE,ID,83814,16055,47.695641875125,-116.794242503491,Yes
7809,1760422091,Lila Brooks,Fritz,,Hospital,141305,MEMORIAL HOSPITAL,1454 N COUNTY ROAD 2050 E,CARTHAGE,IL,62321,17067,40.408984427262,-91.111395693016,Yes
CNM05821,1760454888,Meredith,Gruenwald,,Hospital,260183,SAINT FRANCIS MEDICAL CENTER,211 ST FRANCIS DR,CAPE GIRARDEAU,MO,63703,29031,37.302258307108,-89.571852521098,Yes
8456,1760489603,Mary Margaret Kicken,Tompkins,,Hospital,280061,REGIONAL WEST MEDICAL CENTER,4021 AVE B,SCOTTSBLUFF,NE,69361,31157,41.885186753207,-103.665702591104,Yes
10064,1760581631,Kei Julia,Velazquez,,Hospital,051325,,,,,,,,,No
13331,1760708044,Faith,Krull,,Hospital,130049,KOOTENAI HEALTH,2003 KOOTENAI HEALTH WAY,COEUR D'ALENE,ID,83814,16055,47.695641875125,-116.794242503491,Yes
6801,1760782890,Kathleen Crownover,Garrett,,Hospital,440104,ERLANGER HEALTH SYSTEM,975 E 3RD ST,CHATTANOOGA,TN,37403,47065,35.047833037685,-85.290551228929,Yes
CNM3329,1760835045,Rachel,Lemos,,Hospital,330222,SARATOGA HOSPITAL,211 CHURCH STREET,SARATOGA SPRINGS,NY,12866,36091,43.08484472551,-73.796214643615,Yes
CNM3329,1760835045,Rachel,Lemos,,Hospital,330191,GLENS FALLS HOSPITAL,100 PARK STREET,GLENS FALLS,NY,12801,36113,43.307265317705,-73.646098827477,Yes
CNM3027,1760840045,Rhyan,Williams,,Hospital,360011,MARION GENERAL HOSPITAL,1000 MCKINLEY PARK DRIVE,MARION,OH,43302,39101,40.572096852146,-83.129788283207,Yes
CNM3027,1760840045,Rhyan,Williams,,Hospital,360006,RIVERSIDE METHODIST HOSPITAL,3535 OLENTANGY RIVER RD,COLUMBUS,OH,43214,39049,40.031813579084,-83.031224568678,Yes
CNM09310,1760861488,Rachel,Hale,,Hospital,390125,WAYNE MEMORIAL HOSPITAL,601 PARK STREET,HONESDALE,PA,18431,42127,41.576595230806,-75.259433650766,Yes
CNM2693,1760867394,Katherine,Bryden,,Hospital,160067,MERCYONE WATERLOO MEDICAL CENTER,3421 WEST NINTH STREET,WATERLOO,IA,50702,19013,42.464327311448,-92.345038755728,Yes
CNM2693,1760867394,Katherine,Bryden,,Hospital,161338,,,,,,,,,No
CNM05603,1760946925,Allison,Welle,,Hospital,240006,OLMSTED MEDICAL CENTER,1650 FOURTH STREET SOUTHEAST,ROCHESTER,MN,55904,27109,44.020237115323,-92.441451000309,Yes
CNM04963,1760975320,Jessica,Grant,,Hospital,220046,BERKSHIRE MEDICAL CENTER INC - 1,725 NORTH STREET,PITTSFIELD,MA,01201,25003,42.459209502755,-73.248548775577,Yes
CNM04808,1760987572,Megan,Gagner,,Hospital,330197,CANTON-POTSDAM HOSPITAL,50 LEROY STREET,POTSDAM,NY,13676,36089,44.675909560946,-74.981529530521,Yes
CNM04942,1760988091,Susan,Barton,,Hospital,300018,WENTWORTH-DOUGLASS HOSPITAL,789 CENTRAL AVE,DOVER,NH,03820,33017,43.21214909112,-70.874760680242,Yes
CNM04415,1760992002,Hannah,North,,Hospital,470011,BRATTLEBORO MEMORIAL HOSPITAL,17 BELMONT AVE,BRATTLEBORO,VT,05301,50025,42.842344777533,-72.56576016389,Yes
CNM03856,1770026460,Lisa,Ross,,Hospital,490111,WYTHE COUNTY COMMUNITY HOSPITAL,600 WEST RIDGE ROAD,WYTHEVILLE,VA,24382,51197,36.953329359485,-81.095687523102,Yes
CNM07596,1770239923,Ashlee,Pippin,,Hospital,240093,MAYO CLINIC HEALTH SYSTEM - MANKATO,1025 MARSH STREET,MANKATO,MN,56001,27013,44.164548462838,-93.986395140605,Yes
CNM07466,1770249054,Josie,Rutherford,,Hospital,160147,GRINNELL REGIONAL MEDICAL CENTER,210 FOURTH AVENUE,GRINNELL,IA,50112,19157,41.743196467297,-92.734462399897,Yes
CNM08627,1770275935,Sara,Askins,,Hospital,040055,BAPTIST HEALTH - FORT SMITH,1001 TOWSON AVENUE,FORT SMITH,AR,72901,05131,35.374974516035,-94.421245464906,Yes
CNM08642,1770367435,Siobhan,Whalen,,Hospital,330214,NYU LANGONE HOSPITALS,550 FIRST AVENUE,NEW YORK,NY,10016,36061,40.742346194975,-73.974474127012,Yes
CNM10172,1770454571,Ashlee,Espensen,,Hospital,240019,ESSENTIA HEALTH DULUTH,502 EAST SECOND STREET,DULUTH,MN,55805,27137,46.792989880071,-92.094161657004,Yes
11621,1770549404,Kathleen Thomas,Pfaff,,Hospital,240004,HENNEPIN COUNTY MEDICAL CENTER,701 PARK AVENUE,MINNEAPOLIS,MN,55415,27053,44.972787374471,-93.262653606228,Yes
10219,1770567281,Julie Norah,Bowerman,,Hospital,070008,JOHNSON MEMORIAL HOSPITAL,201 CHESTNUT HILL ROAD,STAFFORD SPRINGS,CT,06076,09013,41.97744979213,-72.390215543133,Yes
5267,1770620189,Patricia Ann,Ragone,,Hospital,310069,INSPIRA MEDICAL CENTER MULLICA HILL,700 MULLICA HILL RD,MULLICA HILL,NJ,08062,34015,39.718221517176,-75.150910032118,Yes
8257,1770626798,Nellie Sinclair,Bell,,Hospital,180017,T J SAMSON COMMUNITY HOSPITAL,1301 NORTH RACE STREET,GLASGOW,KY,42141,21009,37.011417166032,-85.903878733437,Yes
10854,1770632614,Susan Carmel,Guevara,,Hospital,050039,ENLOE HEALTH,1531 ESPLANADE,CHICO,CA,95926,06007,39.742372897516,-121.849011694114,Yes
11212,1770648503,Wendy Lynn,Flansburg,,Hospital,270023,COMMUNITY MEDICAL CENTER,2827 FORT MISSOULA RD,MISSOULA,MT,59804,30063,46.842223159301,-114.056041440585,Yes
11212,1770648503,Wendy Lynn,Flansburg,,Hospital,270014,,,,,,,,,No
CNM1367,1770920100,Danielle,Pelletier,,Hospital,200039,MAINEGENERAL MEDICAL CENTER,35 MEDICAL CENTER PARKWAY,AUGUSTA,ME,04330,23011,44.36213920096,-69.781409152682,Yes
CNM2578,1770961450,Rachel,Schneider,,Hospital,470011,BRATTLEBORO MEMORIAL HOSPITAL,17 BELMONT AVE,BRATTLEBORO,VT,05301,50025,42.842344777533,-72.56576016389,Yes
CNM2578,1770961450,Rachel,Schneider,,Hospital,300019,CHESHIRE MEDICAL CENTER,580 COURT STREET,KEENE,NH,03431,33005,42.949226806759,-72.289966036326,Yes
CNM2536,1770963787,Renae,Shire,,Hospital,360180,CLEVELAND CLINIC,9500 EUCLID AVENUE,CLEVELAND,OH,44195,39035,41.503346094361,-81.622884159903,Yes
CNM1977,1770993420,Sandra,Eastling,,Hospital,320022,PLAINS REGIONAL MEDICAL CENTER,"2100 N MARTIN LUTHER KING, JR, BLVD",CLOVIS,NM,88101,35009,34.419319107024,-103.231828103175,Yes
CNM1977,1770993420,Sandra,Eastling,,Hospital,320021,PRESBYTERIAN HOSPITAL,1100 CENTRAL AVENUE SE,ALBUQUERQUE,NM,87106,35001,35.082314106333,-106.634945215281,Yes
CNM05130,1780169599,Lauren,Carratu,,Hospital,220084,EMERSON HOSPITAL -,133 OLD ROAD TO 9 ACRE CORNER,W CONCORD,MA,01742,25017,42.452548860682,-71.377201169912,Yes
CNM04736,1780186627,Tamara,Noy,,Hospital,360180,CLEVELAND CLINIC,9500 EUCLID AVENUE,CLEVELAND,OH,44195,39035,41.503346094361,-81.622884159903,Yes
CNM09521,1780405035,Audrey,Jessup,,Hospital,320001,UNM HOSPITAL,2211 LOMAS BOULEVARD NE,ALBUQUERQUE,NM,87106,35001,35.087533717784,-106.616416872478,Yes
11592,1780602425,Bonnie,Martin,,Hospital,050603,,,,,,,,,No
10289,1780634410,Aimee Rochelle,Kessler,,Hospital,390111,,,,,,,,,No
CNM03822,1780651620,Valor,Hopes,,Hospital,240080,FAIRVIEW HOSPITAL UNIVERSITY,2450 RIVERSIDE AVENUE,MINNEAPOLIS,MN,55454,27053,44.96587793412,-93.236887767098,Yes
9610,1780688143,Carleen Marie,Poellinger,,Hospital,520087,GUNDERSEN LUTHERAN MEDICAL CENTER,1910 SOUTH AVE,LA CROSSE,WI,54601,55063,43.795026885962,-91.246775264605,Yes
5707,1780689000,Ann,Stafford,,Hospital,080007,BEEBE MEDICAL CENTER,424 SAVANNAH RD,LEWES,DE,19958,10005,38.771345599544,-75.142429279166,Yes
5707,1780689000,Ann,Stafford,,Hospital,080009,"BAYHEALTH HOSPITAL, SUSSEX CAMPUS",100 WELLNESS WAY,MILFORD,DE,19963,10005,38.886403459537,-75.391859512493,Yes
5707,1780689000,Ann,Stafford,,Hospital,080006,"TIDALHEALTH NANTICOKE, INC.",801 MIDDLEFORD RD,SEAFORD,DE,19973,10005,38.642279823866,-75.605252926145,Yes
10718,1780701474,Amy Beth,Galli,,Hospital,220077,BAYSTATE MEDICAL CENTER,759 CHESTNUT STREET,SPRINGFIELD,MA,01199,25013,42.119023347188,-72.604094352769,Yes
11111,1780752840,Michelle Lynn,McElhiney,,Hospital,100168,,,,,,,,,No
CNM07490,1780816231,Karen,West,,Hospital,080007,BEEBE MEDICAL CENTER,424 SAVANNAH RD,LEWES,DE,19958,10005,38.771345599544,-75.142429279166,Yes
9398,1780872861,Rhonda R.,DeGannes,,Hospital,330014,JAMAICA HOSPITAL MEDICAL CENTER,89TH AVENUE AND VAN WYCK EXPRESSWAY,JAMAICA,NY,11418,36081,40.701402739208,-73.816311112936,Yes
13134,1780910059,Rachel,Israel,,Hospital,060024,UNIVERSITY OF COLORADO HOSPITAL AUTHORITY,12605 E 16TH AVE,AURORA,CO,80045,08001,39.741422007578,-104.842052672788,Yes
CNM08718,1780932244,Lisa,Hickman,,Hospital,140233,SAINT ANTHONY MEDICAL CENTER,5666 EAST STATE STREET,ROCKFORD,IL,61108,17201,42.266092932024,-89.005889795672,Yes
CNM08718,1780932244,Lisa,Hickman,,Hospital,140067,SAINT FRANCIS MEDICAL CENTER,530 NE GLEN OAK AVE,PEORIA,IL,61637,17143,40.702117371729,-89.59116554187,Yes
CNM0630,1780969154,Katie,Lawrence,,Hospital,330214,NYU LANGONE HOSPITALS,550 FIRST AVENUE,NEW YORK,NY,10016,36061,40.742346194975,-73.974474127012,Yes
13250,1790016293,Michelle,Tschida,,Hospital,020026,ALASKA NATIVE MEDICAL CENTER,4315 DIPLOMACY DR,ANCHORAGE,AK,99508,02020,61.181937924928,-149.802878332413,Yes
CNM1097,1790021160,Nichole,Howe,,Hospital,260137,FREEMAN HEALTH SYSTEM - FREEMAN WEST,1102 WEST 32ND STREET,JOPLIN,MO,64804,29097,37.055145325856,-94.524079491753,Yes
CNM0428,1790083640,Joy,Yoder,,Hospital,390225,WELLSPAN EPHRATA COMMUNITY HOSPITAL,169 MARTIN AVENUE,EPHRATA,PA,17522,42071,40.186493627242,-76.184040440149,Yes
CNM0065,1790094464,Erica Lee,Murdock,,Hospital,060011,DENVER HEALTH MEDICAL CENTER,777 BANNOCK ST,DENVER,CO,80204,08031,39.728123021932,-104.990289327464,Yes
CNM03943,1790122174,Joanna,Bronkema,,Hospital,100038,MEMORIAL REGIONAL HOSPITAL,3501 JOHNSON ST,HOLLYWOOD,FL,33021,12011,26.018311357354,-80.179925936171,Yes
CNM2896,1790159515,Tina,Cathelyn,,Hospital,140280,TRINITY ROCK ISLAND,2701 17TH ST,ROCK ISLAND,IL,61201,17161,41.483400945616,-90.572715341543,Yes
CNM04342,1790207702,Shelley,Courtney,,Hospital,250104,ANDERSON REGIONAL MEDICAL CENTER,2124 14TH STREET,MERIDIAN,MS,39301,28075,32.370849871605,-88.699083994468,Yes
CNM3284,1790236073,Alneader,Kenner-Woodard,,Hospital,490052,RIVERSIDE REGIONAL MEDICAL CENTER,500 J CLYDE MORRIS BLVD,NEWPORT NEWS,VA,23601,51700,37.06490578832,-76.484637075243,Yes
CNM05452,1790243962,Danielle,Bulinski,,Hospital,060024,UNIVERSITY OF COLORADO HOSPITAL AUTHORITY,12605 E 16TH AVE,AURORA,CO,80045,08001,39.741422007578,-104.842052672788,Yes
CNM05329,1790339059,Sara,Schlageter,,Hospital,330125,ROCHESTER GENERAL HOSPITAL,1425 PORTLAND AVENUE,ROCHESTER,NY,14621,36055,43.191055490179,-77.584403244091,Yes
CNM05329,1790339059,Sara,Schlageter,,Hospital,330030,NEWARK-WAYNE COMMUNITY HOSPITAL,1200 DRIVING PARK AVENUE,NEWARK,NY,14513,36117,43.059584124933,-77.100796432781,Yes
CNM06549,1790378818,Kristina,Reynolds,,Hospital,470003,UNIVERSITY OF VERMONT MEDICAL CENTER,111 COLCHESTER AVE,BURLINGTON,VT,05401,50007,44.481924097893,-73.193268090723,Yes
CNM08163,1790406767,Bethany,Tonguis,,Hospital,190176,EAST JEFFERSON GENERAL HOSPITAL,4200 HOUMA BLVD,METAIRIE,LA,70006,22051,30.014402254824,-90.181578344567,Yes
CNM08690,1790425171,Ashleigh,Pineda,,Hospital,050042,ST ELIZABETH COMMUNITY HOSPITAL,2550 SISTER MARY COLUMBA DRIVE,RED BLUFF,CA,96080,06103,40.148857295308,-122.21798557522,Yes
CNM08629,1790479137,Rachel,Battey,,Hospital,390048,GEISINGER-LEWISTOWN HOSPITAL,400 HIGHLAND AVENUE,LEWISTOWN,PA,17044,42087,40.597668374623,-77.574607470813,Yes
CNM08001,1790488633,Tracy,Amonoo,,Hospital,380090,BAY AREA HOSPITAL,1775 THOMPSON ROAD,COOS BAY,OR,97420,41011,43.38578728976,-124.233327942894,Yes
CNM07603,1790554897,Isabella,Robinson,,Hospital,440150,TRISTAR SUMMIT MEDICAL CENTER,5655 FRIST BLVD,HERMITAGE,TN,37076,47037,36.178245724709,-86.605972082037,Yes
CNM09988,1790590438,Laura,Taylor,,Hospital,130007,SAINT ALPHONSUS REGIONAL MEDICAL CENTER,1055 NORTH CURTIS ROAD,BOISE,ID,83706,16001,43.613801223692,-116.253709614771,Yes
10027,1790769461,Vida Suzzette,Kent,,Hospital,240053,PARK NICOLLET METHODIST HOSPITAL,6500 EXCELSIOR BLVD,SAINT LOUIS PARK,MN,55426,27053,44.927104316424,-93.361393505045,Yes
8555,1790775005,Heather,Shannon,,Hospital,330218,OSWEGO HOSPITAL,110 WEST SIXTH STREET,OSWEGO,NY,13126,36075,43.454904638179,-76.516515345126,Yes
9306,1790881084,Kim,Griffin,,Hospital,470012,SOUTHWESTERN VERMONT MEDICAL CENTER,100 HOSPITAL DRIVE,BENNINGTON,VT,05201,50003,42.873340934465,-73.206880598608,Yes
7132,1790956738,Christine Marie,Malcolm,,Hospital,470005,RUTLAND REGIONAL MEDICAL CENTER,160 ALLEN ST,RUTLAND,VT,05701,50021,43.598994176753,-72.956705252171,Yes
7132,1790956738,Christine Marie,Malcolm,,Hospital,470024,NORTHWESTERN MEDICAL CENTER INC,133 FAIRFIELD STREET,SAINT ALBANS,VT,05478,50011,44.806563738897,-73.072677199058,Yes
12206,1790995561,Tobi,Byrd,,Hospital,490092,,,,,,,,,No
12206,1790995561,Tobi,Byrd,,Hospital,490044,SENTARA OBICI HOSPITAL,2800 GODWIN BOULEVARD,SUFFOLK,VA,23439,51800,36.773124838608,-76.581606965783,Yes
12206,1790995561,Tobi,Byrd,,Hospital,490097,,,,,,,,,No
12386,1801010020,Margaret,Wright,,Hospital,110025,SOUTHEAST GEORGIA HEALTH SYSTEM- BRUNSWICK CAMPUS,2415 PARKWOOD DRIVE,BRUNSWICK,GA,31520,13127,31.173944370935,-81.485234777043,Yes
12386,1801010020,Margaret,Wright,,Hospital,110024,CANDLER HOSPITAL,5353 REYNOLDS STREET,SAVANNAH,GA,31412,13051,32.028163984431004,-81.100317622116,Yes
8369,1801051263,Elizabeth Jane,Purdy,,Hospital,510022,CHARLESTON AREA MEDICAL CENTER,501 MORRIS STREET,CHARLESTON,WV,25301,54039,38.347296200145,-81.626034159788,Yes
CNM10405,1801068010,LeAnn,Gordon,,Hospital,440073,MAURY REGIONAL HOSPITAL,1224 TROTWOOD AVE,COLUMBIA,TN,38401,47119,35.607304272186,-87.064266263086,Yes
CNM10405,1801068010,LeAnn,Gordon,,Hospital,440020,SOUTHERN TENNESSEE REGIONAL HEALTH SYSTEM PULASKI,1265 E COLLEGE ST,PULASKI,TN,38478,47055,35.191210832981,-87.004317258404,Yes
CNM10405,1801068010,LeAnn,Gordon,,Hospital,440175,SOUTHERN TENNESSEE REGIONAL HEALTH SYSTEM LAWRENCE,1607 SOUTH LOCUST AVENUE,LAWRENCEBURG,TN,38464,47099,35.260095029559,-87.324431928009,Yes
CNM10405,1801068010,LeAnn,Gordon,,Hospital,440039,VANDERBILT UNIVERSITY MEDICAL CENTER,1211 MEDICAL CENTER DRIVE,NASHVILLE,TN,37232,47037,36.142654447096,-86.801327373077,Yes
CNM1261,1801140231,Sarah,Barton,,Hospital,470005,RUTLAND REGIONAL MEDICAL CENTER,160 ALLEN ST,RUTLAND,VT,05701,50021,43.598994176753,-72.956705252171,Yes
CNM0754,1801163332,Michelle,Pelton,,Hospital,080001,CHRISTIANACARE,4755 OGLETOWN-STANTON ROAD,NEWARK,DE,19718,10003,39.690996683779,-75.671382921671,Yes
CNM0669,1801170345,Maureen,Heinz,,Hospital,230047,HENRY FORD HEALTH MACOMB HOSPITAL,15855 NINETEEN MILE RD,CLINTON TOWNSHIP,MI,48038,26099,42.614890915628,-82.960511717461,Yes
CNM04507,1801306360,Carlye,Atkinson,,Hospital,300019,CHESHIRE MEDICAL CENTER,580 COURT STREET,KEENE,NH,03431,33005,42.949226806759,-72.289966036326,Yes
CNM07721,1801541222,Nicole,Richie,,Hospital,231339,COREWELL HEALTH PENNOCK HOSPITAL,1009 W GREEN ST,HASTINGS,MI,49058,26015,42.644326590591,-85.301971990834,Yes
CNM09028,1801611165,Rhiannon,Laurie,,Hospital,380017,LEGACY GOOD SAMARITAN MEDICAL CENTER,"1015 NW 22ND AVENUE, W121",PORTLAND,OR,97210,41051,45.529965495365,-122.696667682822,Yes
8296,1811010796,Kathleen Collins,Johnson,,Hospital,100019,HOLMES REGIONAL MEDICAL CENTER,1350 S HICKORY ST,MELBOURNE,FL,32901,12009,28.087761584137,-80.613604280687,Yes
8296,1811010796,Kathleen Collins,Johnson,,Hospital,100315,,,,,,,,,No
5729,1811076599,Ingrid,Deler-Garcia,,Hospital,330261,PHELPS HOSPITAL,701 N BROADWAY,SLEEPY HOLLOW,NY,10591,36119,41.103174445545,-73.860892357946,Yes
12480,1811182488,Jodee,Gutierrez,,Hospital,500129,TACOMA GENERAL ALLENMORE HOSPITAL,315 S MLK JR WAY,TACOMA,WA,98405,53053,47.26005107199,-122.453465117279,Yes
12493,1811185036,Nina,Simon,,Hospital,320021,PRESBYTERIAN HOSPITAL,1100 CENTRAL AVENUE SE,ALBUQUERQUE,NM,87106,35001,35.082314106333,-106.634945215281,Yes
CNM2182,1811305220,Erica,Coppola,,Hospital,340030,DUKE UNIVERSITY HOSPITAL,2301  ERWIN RD,DURHAM,NC,27705,37063,36.008132137992,-78.937378879789,Yes
CNM1567,1811320955,Allyson,Hornstein,,Hospital,200009,MAINEHEALTH MAINE MEDICAL CENTER,22 BRAMHALL ST,PORTLAND,ME,04102,23005,43.652656846963,-70.27463605441,Yes
CNM1407,1811326317,Carolyn,Calhoun,,Hospital,140067,SAINT FRANCIS MEDICAL CENTER,530 NE GLEN OAK AVE,PEORIA,IL,61637,17143,40.702117371729,-89.59116554187,Yes
CNM1656,1811327315,Lori,Anderson,,Hospital,260141,UNIVERSITY OF MISSOURI HEALTH CARE,ONE HOSPITAL DRIVE,COLUMBIA,MO,65212,29019,38.938277004724,-92.328396016885,Yes
CNM08085,1811417710,Kellie,Leveille,,Hospital,031305,HOPI HEALTH CARE CENTER,"HIGHWAY 264, MILEPOST 388",POLACCA,AZ,86042,04017,35.841219591777,-110.336155000995,Yes
CNM03801,1811449499,Sarah,Strom,,Hospital,030013,YUMA REGIONAL MEDICAL CENTER,2400 SOUTH AVENUE A,YUMA,AZ,85364,04027,32.683895925582,-114.633325546527,Yes
CNM04515,1811495856,Alison,Neufeld,,Hospital,430027,SANFORD USD MEDICAL CENTER,1305 W 18TH ST  POST OFFICE BOX 5039,SIOUX FALLS,SD,57117,46099,43.53661719211,-96.742601670506,Yes
CNM05769,1811520026,Crystal,Masterson,,Hospital,060024,UNIVERSITY OF COLORADO HOSPITAL AUTHORITY,12605 E 16TH AVE,AURORA,CO,80045,08001,39.741422007578,-104.842052672788,Yes
CNM05728,1811548506,Kelli,Diodato,,Hospital,390256,MILTON S HERSHEY MEDICAL CENTER,500 UNIVERSITY DRIVE,HERSHEY,PA,17033,42043,40.263750017743,-76.674839964451,Yes
CNM06936,1811560725,Diedre,Willer,,Hospital,330233,BROOKDALE HOSPITAL MEDICAL CENTER,1 BROOKDALE PLAZA,BROOKLYN,NY,11212,36047,40.655241724883,-73.912205473149,Yes
CNM06815,1811570906,Melissa,Sevoian,,Hospital,300019,CHESHIRE MEDICAL CENTER,580 COURT STREET,KEENE,NH,03431,33005,42.949226806759,-72.289966036326,Yes
CNM08103,1811610587,Londyn,McGregor,,Hospital,460017,BRIGHAM CITY COMMUNITY HOSPITAL,950 SOUTH MEDICAL DRIVE,BRIGHAM CITY,UT,84302,49003,41.49202766838,-112.024146312821,Yes
CNM09910,1811702301,Saira,Ugarte,,Hospital,170068,SOUTHWEST MEDICAL CENTER,315 WEST 15TH STREET,LIBERAL,KS,67905,20175,37.054257018708,-100.925698838624,Yes
CNM09358,1811713936,Joycelyne,Bataille,,Hospital,080006,"TIDALHEALTH NANTICOKE, INC.",801 MIDDLEFORD RD,SEAFORD,DE,19973,10005,38.642279823866,-75.605252926145,Yes
CNM10329,1811870561,Diana,Valerio Vargas,,Hospital,050194,WATSONVILLE COMMUNITY HOSPITAL,75 NIELSON STREET,WATSONVILLE,CA,95076,06087,36.928224787379,-121.793590237898,Yes
6860,1811916174,Brenda Irene,Maloney,,Hospital,220024,HOLYOKE MEDICAL CENTER,575 BEECH STREET,HOLYOKE,MA,01040,25013,42.199379857645,-72.628560357418,Yes
7586,1811964281,Jacqueline Joy,Gagen,,Home health agency,337449,,,,,,,,,No
7586,1811964281,Jacqueline Joy,Gagen,,Hospital,330175,GUTHRIE CORTLAND REGIONAL MEDICAL CENTER,134 HOMER AVENUE,CORTLAND,NY,13045,36023,42.606677738125,-76.18599529683,Yes
7586,1811964281,Jacqueline Joy,Gagen,,Hospital,330307,CAYUGA MEDICAL CENTER AT ITHACA,101 DATES DRIVE,ITHACA,NY,14850,36109,42.470863299515,-76.537604923444,Yes
6548,1821034331,Niki Anne Kotchman,Pearce,,Hospital,360180,CLEVELAND CLINIC,9500 EUCLID AVENUE,CLEVELAND,OH,44195,39035,41.503346094361,-81.622884159903,Yes
10182,1821072992,Kaisa Louise,Johnson,,Hospital,240053,PARK NICOLLET METHODIST HOSPITAL,6500 EXCELSIOR BLVD,SAINT LOUIS PARK,MN,55426,27053,44.927104316424,-93.361393505045,Yes
7822,1821128851,Constance Shannon,Pfingstag,,Hospital,100150,LOWER KEYS MEDICAL CENTER,5900 COLLEGE ROAD,KEY WEST,FL,33040,12087,24.581834015283,-81.743077668175,Yes
5284,1821159153,Karen,Swift,,Hospital,500024,PROVIDENCE ST PETER HOSPITAL,413 LILLY ROAD NE,OLYMPIA,WA,98506,53067,47.052707664462,-122.84451070478,Yes
13100,1821232927,Sally,Lang,,Hospital,050503,SCRIPPS MEMORIAL HOSPITAL - ENCINITAS,354 SANTA FE DRIVE,ENCINITAS,CA,92024,06073,33.036286909274,-117.285374922977,Yes
9016,1821240581,Carol Ann,Salatti,,Hospital,330221,WYCKOFF HEIGHTS MEDICAL CENTER,374 STOCKHOLM STREET,BROOKLYN,NY,11237,36047,40.704913368642,-73.917336015229,Yes
CNM2235,1821249772,Corrie,Wilder,,Hospital,360180,CLEVELAND CLINIC,9500 EUCLID AVENUE,CLEVELAND,OH,44195,39035,41.503346094361,-81.622884159903,Yes
CNM2718,1821323908,Jomeka,Mowery,,Hospital,340040,ECU HEALTH MEDICAL CENTER,2100 STANTONSBURG RD,GREENVILLE,NC,27834,37147,35.605893896058,-77.400915976211,Yes
CNM3368,1821379876,Meghan,Henry,,Hospital,410010,WOMEN & INFANTS HOSPITAL OF RHODE ISLAND,101 DUDLEY STREET,PROVIDENCE,RI,02905,44007,41.810276961686,-71.411298380038,Yes
CNM0230,1821390931,Kathleen,Embree,,Hospital,030013,YUMA REGIONAL MEDICAL CENTER,2400 SOUTH AVENUE A,YUMA,AZ,85364,04027,32.683895925582,-114.633325546527,Yes
CNM05794,1821428517,Jenessa,Payano Stark,,Hospital,030073,TUBA CITY REGIONAL HEALTH CARE CORPORATION,PO BOX 600,TUBA CITY,AZ,86045,04005,36.1223578,-111.2204921,Yes
CNM04421,1821505983,Kristine,Ball,,Hospital,391313,UPMC COLE,1001 EAST SECOND STREET,COUDERSPORT,PA,16915,42105,41.769287301317,-77.977706590371,Yes
CNM04421,1821505983,Kristine,Ball,,Hospital,391316,UPMC WELLSBORO,32-36 CENTRAL AVENUE,WELLSBORO,PA,16901,42117,41.746248881878,-77.300507534356,Yes
CNM03797,1821542127,Justine,Powell,,Hospital,460015,INTERMOUNTAIN HEALTH LOGAN REGIONAL HOSPITAL,1400 NORTH 500 EAST,LOGAN,UT,84341,49005,41.756951971946,-111.821185944488,Yes
CNM06233,1821623075,Krystina,San Soucie,,Hospital,220084,EMERSON HOSPITAL -,133 OLD ROAD TO 9 ACRE CORNER,W CONCORD,MA,01742,25017,42.452548860682,-71.377201169912,Yes
CNM07541,1821677600,Dionne,Montgomery,,Hospital,020012,FAIRBANKS MEMORIAL HOSPITAL,1650 COWLES STREET,FAIRBANKS,AK,99701,02090,64.834608898559,-147.739136169575,Yes
CNM08635,1821728080,Charity,McDaniel,,Hospital,381320,COLUMBIA MEMORIAL HOSPITAL,2111 EXCHANGE STREET,ASTORIA,OR,97103,41007,46.188490009931,-123.817823335391,Yes
7121,1831165679,Karen B.,Case,,Hospital,330250,THE UNIVERSITY OF VERMONT HEALTH NETWORK  - CHAMPL,75 BEEKMAN STREET,PLATTSBURGH,NY,12901,36019,44.700063137793,-73.466718402565,Yes
7121,1831165679,Karen B.,Case,,Hospital,331302,,,,,,,,,No
10889,1831179811,Julie,Cox,,Hospital,200021,MAINEHEALTH MID COAST HOSPITAL,123 MEDICAL CENTER DRIVE,BRUNSWICK,ME,04011,23005,43.906337722948,-69.891469736389,Yes
12237,1831255876,Andrea,Hiles,,Hospital,021310,MANIILAQ HEALTH CENTER,PO BOX 43,KOTZEBUE,AK,99752,NANA,66.8955407,-162.5891948,Yes
CNM1318,1831432194,Waverly,Lutz,,Hospital,310069,INSPIRA MEDICAL CENTER MULLICA HILL,700 MULLICA HILL RD,MULLICA HILL,NJ,08062,34015,39.718221517176,-75.150910032118,Yes
CNM0819,1831448299,Mary,Green,,Hospital,180024,SPRING VIEW HOSPITAL,320 LORETTO ROAD,LEBANON,KY,40033,21155,37.570680543515,-85.261012145228,Yes
CNM0398,1831488576,Colleen,Murtagh,,Hospital,330057,ST PETER'S HOSPITAL,315 SOUTH MANNING BOULEVARD,ALBANY,NY,12208,36001,42.670997621075,-73.786483135365,Yes
CNM3449,1831646678,Susan,Czelusta,,Hospital,060012,ST MARY-CORWIN HOSPITAL,1008 MINNEQUA AVE,PUEBLO,CO,81004,08101,38.233151473431,-104.622084572715,Yes
CNM06329,1831715390,Lindsey,Faber,,Hospital,160110,ALLEN HOSPITAL,1825 LOGAN AVENUE,WATERLOO,IA,50703,19013,42.526142583887,-92.337719747886,Yes
CNM06865,1831782218,Katherine,Donaldson-Fletcher,,Hospital,050195,WASHINGTON HOSPITAL,2000 MOWRY AVE,FREMONT,CA,94538,06001,37.558472642957,-121.980093980371,Yes
CNM06644,1831796721,Johanna,Allen Arntzen,,Hospital,500129,TACOMA GENERAL ALLENMORE HOSPITAL,315 S MLK JR WAY,TACOMA,WA,98405,53053,47.26005107199,-122.453465117279,Yes
CNM08686,1831873611,Megan,Hizel,,Hospital,140281,NORTHWESTERN MEMORIAL HOSPITAL,251 E HURON ST,CHICAGO,IL,60611,17031,41.894944133154,-87.6215156415,Yes
CNM08709,1831875566,Rebecca,Lytle,,Hospital,330180,SAMARITAN HOSPITAL,2215 BURDETT AVENUE,TROY,NY,12180,36083,42.734097113137,-73.671327299122,Yes
CNM09366,1831927359,Hanane,Goelzer,,Hospital,150173,INDIANA UNIVERSITY HEALTH ARNETT HOSPITAL,5165 MCCARTY LN,LAFAYETTE,IN,47905,18157,40.400478975103,-86.806611524339,Yes
CNM09560,1831933613,Leslie,Gallea,,Hospital,330125,ROCHESTER GENERAL HOSPITAL,1425 PORTLAND AVENUE,ROCHESTER,NY,14621,36055,43.191055490179,-77.584403244091,Yes
CNM09560,1831933613,Leslie,Gallea,,Hospital,330226,UNITY HOSPITAL OF ROCHESTER,1555 LONG POND ROAD,ROCHESTER,NY,14626,36055,43.193164550373,-77.701528944652,Yes
CNM08603,1831976059,Laray,Holiman,,Hospital,350063,P H S INDIAN HOSP AT BELCOURT-QUENTIN N BURDICK,PO BOX 160,BELCOURT,ND,58316,38079,48.8363441,-99.7557327,Yes
CNM10005,1841188828,Geneva,Lopez,,Hospital,030085,NORTHWEST MEDICAL CENTER,6200 NORTH LA CHOLLA BOULEVARD,TUCSON,AZ,85741,04019,32.320324230157,-111.009952142374,Yes
4728,1841229622,Shoshana,Zax,,Hospital,070022,YALE-NEW HAVEN HOSPITAL,20 YORK ST,NEW HAVEN,CT,06504,09009,41.30334916715,-72.93614177983,Yes
4728,1841229622,Shoshana,Zax,,Hospital,070010,BRIDGEPORT HOSPITAL,267 GRANT STREET,BRIDGEPORT,CT,06610,09001,41.188841391218,-73.16569150231,Yes
6433,1841244696,Felicia Marie,Rohrbaugh,,Hospital,390046,WELLSPAN YORK HOSPITAL,1001 SOUTH GEORGE STREET,YORK,PA,17403,42133,39.946642407363,-76.720372343425,Yes
12125,1841306586,Sara,Eggemeier,,Hospital,220015,"COOLEY DICKINSON HOSPITAL INC,THE",30 LOCUST STREET,NORTHAMPTON,MA,01060,25015,42.33297142863,-72.657998986865,Yes
10708,1841427432,Judith,Layton,,Hospital,340156,CHEROKEE INDIAN HOSPITAL AUTHORITY,CALLER BOX C268,CHEROKEE,NC,28719,37173,35.4880745,-83.2947152,Yes
12686,1841455698,Kathleen,London-Lopes,,Hospital,220074,"SOUTHCOAST HOSPITAL GROUP, INC",363 HIGHLAND AVENUE,FALL RIVER,MA,02720,25005,41.710495654624,-71.146278931404,Yes
13184,1841528791,Denay,May,,Hospital,360147,MARIETTA MEMORIAL HOSPITAL,401 MATTHEW STREET,MARIETTA,OH,45750,39167,39.431307380143,-81.464890782409,Yes
5189,1841547122,Anne,Chezar-Garnett,,Hospital,050394,COMMUNITY MEMORIAL HOSPITAL - VENTURA,147 NORTH BRENT STREET,VENTURA,CA,93003,06111,34.274503814477,-119.257337974219,Yes
CNM0486,1841559432,Karen,MacLean,,Hospital,340132,MARIA PARHAM MEDICAL CENTER,PO BOX 59,HENDERSON,NC,27536,37181,36.3222399,-78.410325,Yes
CNM04335,1841712270,Jocelyn,Edens,,Hospital,330191,GLENS FALLS HOSPITAL,100 PARK STREET,GLENS FALLS,NY,12801,36113,43.307265317705,-73.646098827477,Yes
CNM07247,1841809704,MaryKate,Durette-Piccirillo,,Hospital,220074,"SOUTHCOAST HOSPITAL GROUP, INC",363 HIGHLAND AVENUE,FALL RIVER,MA,02720,25005,41.710495654624,-71.146278931404,Yes
CNM06182,1841820750,Stacy,Arminio,,Hospital,330047,ST MARY'S HEALTHCARE,427 GUY PARK AVENUE,AMSTERDAM,NY,12010,36057,42.954085720111,-74.217184149438,Yes
CNM07961,1841916145,Nicoya,Pucci,,Hospital,050174,PROVIDENCE SANTA ROSA MEMORIAL HOSPITAL,1165 MONTGOMERY DR,SANTA ROSA,CA,95405,06097,38.442882682139,-122.702107604969,Yes
CNM08578,1841975596,Kristi,Holland,,Hospital,450018,UNIVERSITY OF TEXAS MEDICAL BRANCH,301 UNIVERSITY BOULEVARD,GALVESTON,TX,77555,48167,29.310376202323,-94.77453335331,Yes
CNM08699,1841988748,Marisa,Abbinanti,,Hospital,140281,NORTHWESTERN MEMORIAL HOSPITAL,251 E HURON ST,CHICAGO,IL,60611,17031,41.894944133154,-87.6215156415,Yes
CNM07236,1851067854,Mariah,Battle,,Hospital,330239,UPMC CHAUTAUQUA AT WCA,207 FOOTE AVENUE,JAMESTOWN,NY,14701,36013,42.091580945087,-79.232969685098,Yes
CNM08370,1851099311,Karlee,Heilig,,Hospital,260001,MERCY HOSPITAL JOPLIN,100 MERCY WAY,JOPLIN,MO,64804,29097,37.036510010733,-94.509709959156,Yes
11547,1851301626,Wendy,Graefe,,Hospital,490007,SENTARA NORFOLK GENERAL HOSPITAL,600 GRESHAM DR,NORFOLK,VA,23507,51710,36.862539533781,-76.304918512181,Yes
11192,1851336812,Jennifer Jeannette,Ceccardi,,Hospital,360180,CLEVELAND CLINIC,9500 EUCLID AVENUE,CLEVELAND,OH,44195,39035,41.503346094361,-81.622884159903,Yes
9676,1851345854,Rebecca Mawer,Montgomery,,Hospital,470003,UNIVERSITY OF VERMONT MEDICAL CENTER,111 COLCHESTER AVE,BURLINGTON,VT,05401,50007,44.481924097893,-73.193268090723,Yes
6635,1851355457,Courtney Louise,Murray,,Hospital,390256,MILTON S HERSHEY MEDICAL CENTER,500 UNIVERSITY DRIVE,HERSHEY,PA,17033,42043,40.263750017743,-76.674839964451,Yes
8158,1851359483,Mary Margaret,Collari,,Hospital,200009,MAINEHEALTH MAINE MEDICAL CENTER,22 BRAMHALL ST,PORTLAND,ME,04102,23005,43.652656846963,-70.27463605441,Yes
9404,1851481139,Cheryl A.,Gard,,Hospital,390100,LANCASTER GENERAL HOSPITAL,555 NORTH DUKE STREET,LANCASTER,PA,17602,42071,40.04712170929,-76.305298062033,Yes
11529,1851509400,Dara Wright,Curtis,,Hospital,340075,UNC HEALTH BLUE RIDGE,2201 S STERLING ST,MORGANTON,NC,28655,37023,35.724151125441,-81.65877570188,Yes
CNM07758,1851647747,Sofronia,James,,Hospital,340132,MARIA PARHAM MEDICAL CENTER,PO BOX 59,HENDERSON,NC,27536,37181,36.3222399,-78.410325,Yes
CNM0923,1851649933,Rieneke,White,,Hospital,380052,SAINT ALPHONSUS MEDICAL CENTER ONTARIO,351 SW 9TH STREET,ONTARIO,OR,97914,41045,44.025589023155,-116.975200979571,Yes
CNM0721,1851662779,Christina,Plamondon,,Hospital,230097,MUNSON MEDICAL CENTER,1105 SIXTH STREET,TRAVERSE CITY,MI,49684,26055,44.761578258086,-85.6414593821,Yes
CNM1150,1851735732,Jessica,Bohren,,Hospital,240043,MAYO CLINIC HEALTH SYSTEM ALBERT LEA AND AUSTIN,404 WEST FOUNTAIN STREET,ALBERT LEA,MN,56007,27047,43.651590633716,-93.372490760223,Yes
CNM2909,1851761100,Susan,Paris,,Hospital,100044,CLEVELAND CLINIC MARTIN NORTH HOSPITAL,200 SE HOSPITAL AVE,STUART,FL,34994,12085,27.19900795794,-80.243088883421,Yes
CNM06560,1851774772,Tracy,Lemmer,,Hospital,520177,FROEDTERT MEMORIAL LUTHERAN HOSPITAL,9200 W WISCONSIN AVE,MILWAUKEE,WI,53226,55079,43.038418269661,-88.031655401845,Yes
CNM04548,1851801468,Lindsay,Stubbs,,Hospital,100118,,,,,,,,,No
CNM03731,1851849673,Tasha,Meyer,,Hospital,140145,ST JOSEPHS HOSPITAL,9515 HOLY CROSS LN,BREESE,IL,62230,17027,38.625359853113,-89.526025859843,Yes
CNM03731,1851849673,Tasha,Meyer,,Hospital,141345,,,,,,,,,No
CNM03731,1851849673,Tasha,Meyer,,Hospital,140034,SSM HEALTH ST MARY'S HOSPITAL -CENTRALIA,400 NORTH PLEASANT AVENUE,CENTRALIA,IL,62801,17121,38.529004039508,-89.116093216708,Yes
CNM05622,1851957948,Stacie,Rickley,,Hospital,390110,CONEMAUGH MEMORIAL MEDICAL CENTER,1086 FRANKLIN STREET,JOHNSTOWN,PA,15905,42021,40.305886647864,-78.917391138438,Yes
CNM07038,1851966188,Heidi,Young-Blackgoat,,Hospital,030073,TUBA CITY REGIONAL HEALTH CARE CORPORATION,PO BOX 600,TUBA CITY,AZ,86045,04005,36.1223578,-111.2204921,Yes
CNM05864,1861013708,Leah,Rieff,,Hospital,050008,,,,,,,,,No
CNM05864,1861013708,Leah,Rieff,,Hospital,050043,,,,,,,,,No
CNM05843,1861022279,Laci,Banker,,Hospital,521341,RICHLAND HOSPITAL,333 E SECOND ST,RICHLAND CENTER,WI,53581,55103,43.339047394169,-90.382394359524,Yes
CNM05567,1861043515,Katlyn,Hodak,,Hospital,330239,UPMC CHAUTAUQUA AT WCA,207 FOOTE AVENUE,JAMESTOWN,NY,14701,36013,42.091580945087,-79.232969685098,Yes
CNM05558,1861053522,Xinyi,Chen,,Hospital,310010,PENN MEDICINE PRINCETON MEDICAL CENTER,ONE-FIVE PLAINSBORO ROAD,PLAINSBORO,NJ,08536,34023,40.338921314506,-74.625926643515,Yes
CNM05558,1861053522,Xinyi,Chen,,Hospital,390111,,,,,,,,,No
9864,1861055907,Lisa Ann,Goldstein,,Hospital,490009,UVA HEALTH SCIENCES CENTER,1215 LEE STREET,CHARLOTTESVILLE,VA,22908,51540,38.031057104483,-78.498510084347,Yes
CNM05062,1861059545,Alexandra,Weigel,,Hospital,220084,EMERSON HOSPITAL -,133 OLD ROAD TO 9 ACRE CORNER,W CONCORD,MA,01742,25017,42.452548860682,-71.377201169912,Yes
CNM07112,1861068389,Carleen,McKenna,,Hospital,340030,DUKE UNIVERSITY HOSPITAL,2301  ERWIN RD,DURHAM,NC,27705,37063,36.008132137992,-78.937378879789,Yes
CNM06755,1861077117,Rachel,Mortensen,,Hospital,440059,COOKEVILLE REGIONAL MEDICAL CENTER,1 MEDICAL CENTER BOULEVARD,COOKEVILLE,TN,38501,47141,36.170117030562,-85.509457256364,Yes
CNM06853,1861087181,Alexandria,Zayer,,Hospital,060024,UNIVERSITY OF COLORADO HOSPITAL AUTHORITY,12605 E 16TH AVE,AURORA,CO,80045,08001,39.741422007578,-104.842052672788,Yes
CNM07070,1861169534,Roberta,Mooney,,Hospital,230053,HENRY FORD HEALTH HOSPITAL,2799 W GRAND BLVD,DETROIT,MI,48202,26163,42.366931017945,-83.082686737197,Yes
CNM08601,1861180416,Christine,Hayes,,Hospital,360112,MERCY HEALTH ST VINCENT MEDICAL CENTER,2213 CHERRY STREET,TOLEDO,OH,43608,39095,41.668609957007,-83.541912961813,Yes
CNM10083,1861386641,Ayooluwa,Fisher,,Hospital,080001,CHRISTIANACARE,4755 OGLETOWN-STANTON ROAD,NEWARK,DE,19718,10003,39.690996683779,-75.671382921671,Yes
6286,1861423014,Katy,Maker,,Hospital,161318,VETERANS MEMORIAL HOSPITAL,40 1ST STREET SE,WAUKON,IA,52172,19005,43.268775903433,-91.474325793572,Yes
8953,1861467730,Susan Jane,Hudson,,Hospital,360180,CLEVELAND CLINIC,9500 EUCLID AVENUE,CLEVELAND,OH,44195,39035,41.503346094361,-81.622884159903,Yes
8953,1861467730,Susan Jane,Hudson,,Hospital,360091,MEDINA HOSPITAL,1000 EAST WASHINGTON STREET,MEDINA,OH,44256,39103,41.139023647116,-81.83871335945,Yes
11784,1861485385,Christina Kay,Rumph,,Hospital,360011,MARION GENERAL HOSPITAL,1000 MCKINLEY PARK DRIVE,MARION,OH,43302,39101,40.572096852146,-83.129788283207,Yes
11784,1861485385,Christina Kay,Rumph,,Hospital,360006,RIVERSIDE METHODIST HOSPITAL,3535 OLENTANGY RIVER RD,COLUMBUS,OH,43214,39049,40.031813579084,-83.031224568678,Yes
7378,1861611261,Linda Rae,Higgins,,Hospital,030073,TUBA CITY REGIONAL HEALTH CARE CORPORATION,PO BOX 600,TUBA CITY,AZ,86045,04005,36.1223578,-111.2204921,Yes
9189,1861618647,Rachel Leah,Blumenthal,,Hospital,140010,ENDEAVOR HEALTH CLINICAL OPERATIONS,2650 RIDGE AVE,EVANSTON,IL,60201,17031,42.06600934932,-87.683197273735,Yes
CNM0060,1861700536,Barbara,Hillis,,Hospital,331322,,,,,,,,,No
CNM0060,1861700536,Barbara,Hillis,,Hospital,330125,ROCHESTER GENERAL HOSPITAL,1425 PORTLAND AVENUE,ROCHESTER,NY,14621,36055,43.191055490179,-77.584403244091,Yes
CNM0810,1861765380,Kathryn,DeWolf,,Hospital,220046,BERKSHIRE MEDICAL CENTER INC - 1,725 NORTH STREET,PITTSFIELD,MA,01201,25003,42.459209502755,-73.248548775577,Yes
CNM03862,1861943078,Samera,Sorell,,Hospital,330226,UNITY HOSPITAL OF ROCHESTER,1555 LONG POND ROAD,ROCHESTER,NY,14626,36055,43.193164550373,-77.701528944652,Yes
CNM03862,1861943078,Samera,Sorell,,Hospital,330125,ROCHESTER GENERAL HOSPITAL,1425 PORTLAND AVENUE,ROCHESTER,NY,14621,36055,43.191055490179,-77.584403244091,Yes
CNM05573,1871123034,Sandra,Levinn,,Hospital,220046,BERKSHIRE MEDICAL CENTER INC - 1,725 NORTH STREET,PITTSFIELD,MA,01201,25003,42.459209502755,-73.248548775577,Yes
CNM05573,1871123034,Sandra,Levinn,,Hospital,221304,,,,,,,,,No
CNM06400,1871182246,Amanda,Baker,,Hospital,030055,KINGMAN REGIONAL MEDICAL CENTER,3269 STOCKTON HILL ROAD,KINGMAN,AZ,86401,04015,35.218577673696,-114.035752171432,Yes
CNM09622,1871336958,Riley,Cann,,Hospital,390133,LEHIGH VALLEY HOSPITAL,1200 SOUTH CEDAR CREST BOULEVARD,ALLENTOWN,PA,18103,42077,40.567147550681,-75.518737274381,Yes
9750,1871559179,Lisa Ann,Mix,,Hospital,360051,MIAMI VALLEY HOSPITAL,ONE WYOMING STREET,DAYTON,OH,45409,39113,39.743779712848,-84.187419991756,Yes
9750,1871559179,Lisa Ann,Mix,,Hospital,360174,UPPER VALLEY MEDICAL CENTER,3130 NORTH COUNTY ROAD 25A,TROY,OH,45373,39109,40.089596578591,-84.224216056706,Yes
5716,1871564757,Alison,Morrow,,Hospital,221300,MARTHA'S VINEYARD HOSPITAL INC,"ONE HOSPITAL ROAD, FIRST FL, WING 5,  PO BOX 1477",OAK BLUFFS,MA,02557,25007,41.460381194679,-70.580848620397,Yes
7067,1871679605,Maria,Rosato-Nierenberg,,Hospital,330267,HUDSON VALLEY HOSPITAL CENTER,1980 CROMPOND ROAD,CORTLANDT MANOR,NY,10567,36119,41.291447199115,-73.892001247379,Yes
CNM0997,1871849877,Megan,Danielson,,Hospital,230017,BRONSON METHODIST HOSPITAL,601 JOHN STREET,KALAMAZOO,MI,49007,26077,42.286154661725,-85.581267522405,Yes
CNM1356,1871923235,Jennifer,Shopinski,,Hospital,140145,ST JOSEPHS HOSPITAL,9515 HOLY CROSS LN,BREESE,IL,62230,17027,38.625359853113,-89.526025859843,Yes
CNM2324,1871981407,Victoria,Asturrizaga,,Hospital,310086,JEFFERSON STRATFORD HOSPITAL,18 EAST LAUREL ROAD,STRATFORD,NJ,08084,34007,39.827680842996,-75.00946187667,Yes
CNM04199,1881105385,Elizabeth,Amaya,,Hospital,230017,BRONSON METHODIST HOSPITAL,601 JOHN STREET,KALAMAZOO,MI,49007,26077,42.286154661725,-85.581267522405,Yes
CNM08148,1881147569,Fanta,Freeman,,Hospital,410010,WOMEN & INFANTS HOSPITAL OF RHODE ISLAND,101 DUDLEY STREET,PROVIDENCE,RI,02905,44007,41.810276961686,-71.411298380038,Yes
CNM05575,1881253573,Chelsea,Stotts,,Hospital,670335,,,,,,,,,No
CNM08879,1881308633,Emma,Trusty,,Hospital,360006,RIVERSIDE METHODIST HOSPITAL,3535 OLENTANGY RIVER RD,COLUMBUS,OH,43214,39049,40.031813579084,-83.031224568678,Yes
CNM08879,1881308633,Emma,Trusty,,Hospital,360011,MARION GENERAL HOSPITAL,1000 MCKINLEY PARK DRIVE,MARION,OH,43302,39101,40.572096852146,-83.129788283207,Yes
CNM07004,1881364347,Lydia,Anderson,,Hospital,390044,READING HOSPITAL,420 S 5TH AVENUE,WEST READING,PA,19611,42011,40.330455953383,-75.948256628402,Yes
CNM08775,1881379220,Tonya,New,,Hospital,180048,EPHRAIM MCDOWELL REGIONAL MEDICAL CENTER,217 SOUTH THIRD STREET,DANVILLE,KY,40422,21021,37.644092643425,-84.772687234617,Yes
CNM09390,1881427615,Brianne,Wright,,Hospital,230035,COREWELL HEALTH UNITED HOSPITAL,615 S BOWER STREET,GREENVILLE,MI,48838,26117,43.175118751407,-85.26880143899,Yes
CNM09016,1881469153,Michelle,Gastrock,,Hospital,020026,ALASKA NATIVE MEDICAL CENTER,4315 DIPLOMACY DR,ANCHORAGE,AK,99508,02020,61.181937924928,-149.802878332413,Yes
11852,1881618718,Angela Dawn,Judson,,Hospital,450403,MEDICAL CITY MCKINNEY,4500 MEDICAL CENTER DRIVE,MCKINNEY,TX,75069,48085,33.161494001506,-96.635522737729,Yes
13066,1881824662,Gretchen,Jones,,Hospital,490007,SENTARA NORFOLK GENERAL HOSPITAL,600 GRESHAM DR,NORFOLK,VA,23507,51710,36.862539533781,-76.304918512181,Yes
13066,1881824662,Gretchen,Jones,,Hospital,490046,SENTARA LEIGH HOSPITAL,830 KEMPSVILLE ROAD,NORFOLK,VA,23502,51710,36.850115888217,-76.189986679791,Yes
CNM1378,1881908275,Zada,Dunaiski,,Hospital,240019,ESSENTIA HEALTH DULUTH,502 EAST SECOND STREET,DULUTH,MN,55805,27137,46.792989880071,-92.094161657004,Yes
CNM0293,1881996510,Kelly,Ganster,,Hospital,180035,ST ELIZABETH MEDICAL CENTER NORTH,1 MEDICAL VILLAGE DRIVE,EDGEWOOD,KY,41017,21117,39.007980153759,-84.564775478456,Yes
7738,1891015376,Charla,O'Neil,,Hospital,100168,,,,,,,,,No
CNM3000,1891160164,Jennifer,Lang,,Hospital,260110,MERCY HOSPITAL SOUTHEAST,1701 LACEY ST,CAPE GIRARDEAU,MO,63701,29031,37.311702583453,-89.542852273182,Yes
CNM2985,1891160917,Julia,Cook,,Hospital,470001,CENTRAL VERMONT MEDICAL CENTER,130 FISHER ROAD,BERLIN,VT,05641,50023,44.219201519017,-72.560661620144,Yes
CNM03719,1891249504,Ann,Rice,,Hospital,240057,ABBOTT NORTHWESTERN HOSPITAL,800 EAST 28TH STREET,MINNEAPOLIS,MN,55407,27053,44.951998305917,-93.262528292723,Yes
CNM06407,1891304176,Elizabeth,Glatfelter,,Hospital,410010,WOMEN & INFANTS HOSPITAL OF RHODE ISLAND,101 DUDLEY STREET,PROVIDENCE,RI,02905,44007,41.810276961686,-71.411298380038,Yes
CNM07906,1891349288,Chelsia,Love,,Hospital,140150,UNIVERSITY OF ILLINOIS HOSPITAL AND CLINICS,1740 WEST TAYLOR ST SUITE 1400,CHICAGO,IL,60612,17031,41.869260590015,-87.670709386776,Yes
CNM09435,1891426656,Makayla,Hardeman,,Hospital,110125,FAIRVIEW PARK HOSPITAL,200 INDUSTRIAL BOULEVARD,DUBLIN,GA,31021,13175,32.54036690712,-82.957341717509,Yes
CNM08576,1891489480,Diana,Haymond,,Hospital,150001,JOHNSON MEMORIAL HOSPITAL,1125 W JEFFERSON ST,FRANKLIN,IN,46131,18081,39.480565750251,-86.076765951868,Yes
CNM09174,1891564399,Joan,Ray,,Hospital,360072,FAIRFIELD MEDICAL CENTER,401 NORTH EWING STREET,LANCASTER,OH,43130,39045,39.717256133922,-82.576704328683,Yes
11803,1891712857,Julie,Buelte,,Hospital,300012,ELLIOT HOSPITAL,1 ELLIOT WAY,MANCHESTER,NH,03103,33011,42.982771371348,-71.434792806452,Yes
10394,1891798187,Jody Discepoli,Brennan,,Hospital,360179,BETHESDA NORTH,10500 MONTGOMERY ROAD,CINCINNATI,OH,45242,39061,39.252002502031,-84.343902665543,Yes
10394,1891798187,Jody Discepoli,Brennan,,Hospital,360134,GOOD SAMARITAN HOSPITAL,375 DIXMYTH AVENUE,CINCINNATI,OH,45220,39061,39.141015067459,-84.520481349613,Yes
5393,1891832697,Joanne,Mazzio,,Hospital,330267,HUDSON VALLEY HOSPITAL CENTER,1980 CROMPOND ROAD,CORTLANDT MANOR,NY,10567,36119,41.291447199115,-73.892001247379,Yes
12444,1891903555,Barbara,Francis,,Hospital,360259,BAY PARK COMMUNITY HOSPITAL,2801 BAY PARK DRIVE,OREGON,OH,43616,39095,41.619580235857,-83.479991596092,Yes
11114,1902042393,Stacey Dyan,Brophy,,Hospital,060028,INTERMOUNTAIN HEALTH SAINT JOSEPH HOSPITAL,1375 E 19TH AVE,DENVER,CO,80218,08031,39.745879997381,-104.969899991979,Yes
12722,1902069982,Meredith,Wu,,Hospital,140281,NORTHWESTERN MEMORIAL HOSPITAL,251 E HURON ST,CHICAGO,IL,60611,17031,41.894944133154,-87.6215156415,Yes
CM0069,1902118466,King,Li,,Hospital,330214,NYU LANGONE HOSPITALS,550 FIRST AVENUE,NEW YORK,NY,10016,36061,40.742346194975,-73.974474127012,Yes
CNM1289,1902146327,Shannon,Gonzales,,Hospital,060008,SAN LUIS VALLEY HEALTH,106 BLANCA AVE,ALAMOSA,CO,81101,08003,37.47275755529,-105.883637366235,Yes
CNM1074,1902193527,Kendall,Olson-Cassidy,,Hospital,380018,ASANTE ROGUE REGIONAL MEDICAL CENTER,2825 E BARNETT ROAD,MEDFORD,OR,97504,41029,42.316537518203,-122.830049005947,Yes
CNM1074,1902193527,Kendall,Olson-Cassidy,,Hospital,380005,ASANTE ASHLAND COMMUNITY HOSPITAL,280 MAPLE STREET,ASHLAND,OR,97520,41029,42.206400452363,-122.72550998337,Yes
CNM2313,1902200264,Kari,Payne,,Hospital,161356,,,,,,,,,No
CNM0888,1902279706,Linda,Randolph,,Hospital,110034,"WELLSTAR MCG HEALTH, AFFILIATED WITH MED COL",1120 15TH STREET,AUGUSTA,GA,30912,13245,33.470986251696,-81.991566846354,Yes
CNM05024,1902392517,Abigail,Rauf,,Hospital,330153,ELLIS HOSPITAL,1101 NOTT STREET,SCHENECTADY,NY,12308,36093,42.819880755805,-73.919020617788,Yes
CNM07870,1902516248,Dorothea,Dickens,,Hospital,210009,"JOHNS HOPKINS HOSPITAL, THE",600 NORTH  WOLFE STREET,BALTIMORE,MD,21287,24510,39.296923066038,-76.590856781226,Yes
CNM08415,1902590839,Isabella,Herron,,Hospital,390125,WAYNE MEMORIAL HOSPITAL,601 PARK STREET,HONESDALE,PA,18431,42127,41.576595230806,-75.259433650766,Yes
CNM08965,1902604085,Kaitlin,Uebel,,Hospital,150065,SCHNECK MEDICAL CENTER,411 W TIPTON ST,SEYMOUR,IN,47274,18071,38.956688052602,-85.891194992107,Yes
CNM08998,1902669328,Tanisha,Dilo,,Hospital,360039,GENESIS HOSPITAL,2951 MAPLE AVENUE,ZANESVILLE,OH,43701,39119,39.97666352279,-82.015322450219,Yes
CNM08998,1902669328,Tanisha,Dilo,,Hospital,360218,LICKING MEMORIAL HOSPITAL,1320 WEST MAIN STREET,NEWARK,OH,43055,39089,40.046661083663,-82.451707644988,Yes
CNM09201,1902669906,Miranda,Salky,,Hospital,060049,UCHEALTH YAMPA VALLEY MEDICAL CENTER,1024 CENTRAL PARK DR,STEAMBOAT SPRINGS,CO,80487,08107,40.462197754948,-106.817974544555,Yes
CNM10066,1902794449,Lisa,Shoemaker,,Hospital,340016,HARRIS REGIONAL HOSPITAL,68 HOSPITAL RD,SYLVA,NC,28779,37099,35.384388440467,-83.20302839701,Yes
12634,1902824980,Amy,Nelson,,Hospital,460009,UNIVERSITY OF UTAH HOSPITAL AND CLINICS,50 NORTH MEDICAL DRIVE,SALT LAKE CITY,UT,84132,49035,40.768884612099,-111.837491944828,Yes
10497,1902982481,Michelle Marie,Quale,,Hospital,241355,GLENCOE REGIONAL HEALTH,1805 HENNEPIN AVENUE NORTH,GLENCOE,MN,55336,27085,44.777560779222,-94.151785258583,Yes
10497,1902982481,Michelle Marie,Quale,,Hospital,241334,,,,,,,,,No
10150,1912006602,Jill M,Cassells,,Hospital,070022,YALE-NEW HAVEN HOSPITAL,20 YORK ST,NEW HAVEN,CT,06504,09009,41.30334916715,-72.93614177983,Yes
12296,1912032848,Susanne,Kistin,,Hospital,060024,UNIVERSITY OF COLORADO HOSPITAL AUTHORITY,12605 E 16TH AVE,AURORA,CO,80045,08001,39.741422007578,-104.842052672788,Yes
6205,1912086091,Cecilia A.,Stearns,,Hospital,330073,UNITED MEMORIAL MEDICAL CENTER,127 NORTH STREET,BATAVIA,NY,14020,36037,43.003978608118,-78.177071258485,Yes
7310,1912091398,Susan Elizabeth,Murphy,,Hospital,320001,UNM HOSPITAL,2211 LOMAS BOULEVARD NE,ALBUQUERQUE,NM,87106,35001,35.087533717784,-106.616416872478,Yes
12234,1912182908,Jana,Flesher,,Hospital,230017,BRONSON METHODIST HOSPITAL,601 JOHN STREET,KALAMAZOO,MI,49007,26077,42.286154661725,-85.581267522405,Yes
12234,1912182908,Jana,Flesher,,Hospital,231332,,,,,,,,,No
12711,1912230186,Carie,Mondero,,Hospital,150022,,,,,,,,,No
CNM0786,1912257668,Christine,Borowski,,Hospital,230130,COREWELL HEALTH WILLIAM BEAUMONT UNIVERSITY HOSPIT,3601 W THIRTEEN MILE RD,ROYAL OAK,MI,48073,26125,42.517697725881,-83.191115133945,Yes
CNM1736,1912337718,Renee,Hansen,,Hospital,330005,KALEIDA HEALTH,100 HIGH STREET,BUFFALO,NY,14210,36029,42.900396853485,-78.866755694431,Yes
CNM1736,1912337718,Renee,Hansen,,Hospital,330111,,,,,,,,,No
CNM3220,1912368127,Alicia,Darr,,Hospital,501339,WHIDBEYHEALTH MEDICAL CENTER,101 NORTH MAIN STREET,COUPEVILLE,WA,98239,53029,48.214184187079,-122.686028601288,Yes
CNM04972,1912482118,Jessica,Thienes,,Hospital,320061,GALLUP INDIAN MEDICAL CENTER,516 E NIZHONI BLVD,GALLUP,NM,87301,35031,35.508411116064,-108.730354393772,Yes
CNM04889,1912499237,Kylie,Jirak,,Hospital,161316,GUNDERSEN PALMER LUTHERAN HOSPITAL AND CLINICS,112 JEFFERSON STREET,WEST UNION,IA,52175,19065,42.967732510912,-91.809164003055,Yes
CNM06770,1912591181,Kimberly,Rickard,,Hospital,250001,UNIVERSITY OF MISSISSIPPI MED CENTER,2500 N STATE ST,JACKSON,MS,39216,28049,32.328769488409,-90.175559273059,Yes
CNM06770,1912591181,Kimberly,Rickard,,Hospital,250038,UMMC- MADISON,161 RIVER OAKS DRIVE,CANTON,MS,39046,28089,32.582334827307,-90.08200538944,Yes
CNM08368,1912682956,Jayda,Haley,,Hospital,440150,TRISTAR SUMMIT MEDICAL CENTER,5655 FRIST BLVD,HERMITAGE,TN,37076,47037,36.178245724709,-86.605972082037,Yes
CNM09658,1912725300,Kimberly,Wageley,,Hospital,320021,PRESBYTERIAN HOSPITAL,1100 CENTRAL AVENUE SE,ALBUQUERQUE,NM,87106,35001,35.082314106333,-106.634945215281,Yes
CNM08706,1912785999,Ikaram,Hussien,,Hospital,240080,FAIRVIEW HOSPITAL UNIVERSITY,2450 RIVERSIDE AVENUE,MINNEAPOLIS,MN,55454,27053,44.96587793412,-93.236887767098,Yes
CNM10157,1912880899,Elizabeth,Curtis,,Hospital,220046,BERKSHIRE MEDICAL CENTER INC - 1,725 NORTH STREET,PITTSFIELD,MA,01201,25003,42.459209502755,-73.248548775577,Yes
CNM10157,1912880899,Elizabeth,Curtis,,Hospital,221304,,,,,,,,,No
12080,1912952029,Jeanette,Lamb,,Hospital,130028,PORTNEUF MEDICAL CENTER,777 HOSPITAL WAY,POCATELLO,ID,83201,16005,42.871323204486,-112.418021706114,Yes
12106,1922056498,Molly,Kerstetter,,Hospital,360020,SUMMA HEALTH SYSTEM,525 EAST MARKET STREET,AKRON,OH,44309,39153,41.078902895357,-81.501259153272,Yes
11918,1922080852,Laura,Aughinbaugh,,Hospital,050025,UC SAN DIEGO HEALTH HILLCREST - HILLCREST MED CTR,200 WEST ARBOR DRIVE,SAN DIEGO,CA,92103,06073,32.753806885101,-117.16555134175,Yes
11356,1922103431,Starla,Leete,,Hospital,531318,MEMORIAL HOSPITAL SWEETWATER COUNTY,1200 COLLEGE DRIVE,ROCK SPRINGS,WY,82901,56037,41.584960204356,-109.235423444414,Yes
11668,1922130830,Wendy Ott,Walker,,Hospital,420073,LEXINGTON MEDICAL CENTER,2720 SUNSET BLVD,WEST COLUMBIA,SC,29169,45063,34.006036018956,-81.114080958587,Yes
10104,1922186238,Tracy Renee,Carr,,Hospital,260183,SAINT FRANCIS MEDICAL CENTER,211 ST FRANCIS DR,CAPE GIRARDEAU,MO,63703,29031,37.302258307108,-89.571852521098,Yes
8608,1922291004,Rebecca Carros,Ambrose,,Hospital,110215,PIEDMONT FAYETTE HOSPITAL,1255 HIGHWAY 54 WEST,FAYETTEVILLE,GA,30214,13113,33.450930926133,-84.507833462348,Yes
8608,1922291004,Rebecca Carros,Ambrose,,Hospital,110229,"PIEDMONT NEWNAN HOSPITAL, INC",745 POPLAR ROAD,NEWNAN,GA,30265,13077,33.359273097744,-84.753859738096,Yes
CNM0734,1922362706,Birgit,Dugan,,Hospital,390006,GEISINGER MEDICAL CENTER,100 NORTH ACADEMY AVENUE,DANVILLE,PA,17822,42093,40.968387146288,-76.6014114709,Yes
CNM2036,1922416296,Karen,Ulrich,,Hospital,260017,PHELPS HEALTH,1000 W 10TH ST,ROLLA,MO,65401,29161,37.951484359409,-91.786210587859,Yes
CNM03679,1922455450,Laura,Smuts,,Hospital,230053,HENRY FORD HEALTH HOSPITAL,2799 W GRAND BLVD,DETROIT,MI,48202,26163,42.366931017945,-83.082686737197,Yes
CNM2288,1922490143,Megan,Bair,,Hospital,361329,,,,,,,,,No
CNM07437,1922620590,Bethany,Mainville-Brooks,,Hospital,030024,ST. JOSEPH'S HOSPITAL AND MEDICAL CENTER,350 WEST THOMAS ROAD,PHOENIX,AZ,85013,04013,33.480364599256,-112.078610647569,Yes
CNM06118,1922627066,Aloriba,Britt,,Hospital,330125,ROCHESTER GENERAL HOSPITAL,1425 PORTLAND AVENUE,ROCHESTER,NY,14621,36055,43.191055490179,-77.584403244091,Yes
CNM06232,1922628767,Melissa,McBurney,,Hospital,210009,"JOHNS HOPKINS HOSPITAL, THE",600 NORTH  WOLFE STREET,BALTIMORE,MD,21287,24510,39.296923066038,-76.590856781226,Yes
CNM05159,1922655919,Charlotte,Chiang,,Hospital,060024,UNIVERSITY OF COLORADO HOSPITAL AUTHORITY,12605 E 16TH AVE,AURORA,CO,80045,08001,39.741422007578,-104.842052672788,Yes
CNM09998,1922805506,Angela,Miner,,Hospital,240043,MAYO CLINIC HEALTH SYSTEM ALBERT LEA AND AUSTIN,404 WEST FOUNTAIN STREET,ALBERT LEA,MN,56007,27047,43.651590633716,-93.372490760223,Yes
CNM09008,1922872290,Sherriah,Baker,,Hospital,410010,WOMEN & INFANTS HOSPITAL OF RHODE ISLAND,101 DUDLEY STREET,PROVIDENCE,RI,02905,44007,41.810276961686,-71.411298380038,Yes
8133,1932101573,Tina Sue,Brickert,,Hospital,150056,INDIANA UNIVERSITY HEALTH,1701 N SENATE BLVD,INDIANAPOLIS,IN,46202,18097,39.788417435639,-86.165638430352,Yes
8133,1932101573,Tina Sue,Brickert,,Hospital,150051,IU HEALTH BLOOMINGTON HOSPITAL,2651 EAST DISCOVERY PARKWAY,BLOOMINGTON,IN,47408,18105,39.177625686479,-86.502762756545,Yes
12196,1932139516,Tarnisha,Hemphill,,Hospital,210008,MERCY MEDICAL CENTER INC,301 SAINT PAUL PLACE,BALTIMORE,MD,21202,24510,39.292414116438,-76.613471443651,Yes
11768,1932177631,Sara,Gorham,,Hospital,330047,ST MARY'S HEALTHCARE,427 GUY PARK AVENUE,AMSTERDAM,NY,12010,36057,42.954085720111,-74.217184149438,Yes
11288,1932212412,Kelly Anne,Priddle,,Hospital,330276,NATHAN LITTAUER HOSPITAL,99 EAST STATE STREET,GLOVERSVILLE,NY,12078,36035,43.068087415638,-74.330753223377,Yes
CNM0660,1932480282,Erica,Riordan,,Hospital,350006,TRINITY HOSPITALS,407 3RD ST SE,MINOT,ND,58701,38101,48.232537327304,-101.288360478813,Yes
CNM0197,1932491982,Carrie,Rochester,,Hospital,240006,OLMSTED MEDICAL CENTER,1650 FOURTH STREET SOUTHEAST,ROCHESTER,MN,55904,27109,44.020237115323,-92.441451000309,Yes
CNM2340,1932503844,Kimberly,Griner,,Hospital,100067,,,,,,,,,No
CNM1563,1932533189,Brittany,Diaz,,Hospital,220084,EMERSON HOSPITAL -,133 OLD ROAD TO 9 ACRE CORNER,W CONCORD,MA,01742,25017,42.452548860682,-71.377201169912,Yes
CNM05475,1932663911,Maria,Hallford,,Hospital,100025,ASCENSION SACRED HEART PENSACOLA,5151 N 9TH AVE,PENSACOLA,FL,32504,12033,30.474217360308,-87.21180460606,Yes
CNM05977,1932731866,Sally,McNally,,Hospital,050394,COMMUNITY MEMORIAL HOSPITAL - VENTURA,147 NORTH BRENT STREET,VENTURA,CA,93003,06111,34.274503814477,-119.257337974219,Yes
CNM09921,1942000245,Tyler,Poirier,,Hospital,070003,DAY KIMBALL HOSPITAL,320 POMFRET STREET,PUTNAM,CT,06260,09015,41.907711090923,-71.914619541726,Yes
CNM09484,1942041454,Bethany,Rudy,,Hospital,360180,CLEVELAND CLINIC,9500 EUCLID AVENUE,CLEVELAND,OH,44195,39035,41.503346094361,-81.622884159903,Yes
CNM09329,1942053533,Sara,Kendrick,,Hospital,340113,CAROLINAS MEDICAL CENTER/BEHAV HEALTH,1000 BLYTHE BLVD,CHARLOTTE,NC,28203,37119,35.205166768082,-80.840773622418,Yes
12118,1942395884,Pamela,Rossio,,Hospital,380018,ASANTE ROGUE REGIONAL MEDICAL CENTER,2825 E BARNETT ROAD,MEDFORD,OR,97504,41029,42.316537518203,-122.830049005947,Yes
10156,1942422571,Diana,DeViney,,Hospital,340021,ATRIUM HEALTH CLEVELAND,201 E GROVER ST,SHELBY,NC,28150,37045,35.301570211585,-81.536521775728,Yes
12565,1942453360,Christina,Vega,,Hospital,370180,CHICKASAW NATION MEDICAL CENTER,1921 STONECIPHER BLVD,ADA,OK,74820,40123,34.736876895132,-96.6473176158,Yes
CNM0166,1942503875,Sarah,Allen,,Hospital,410008,SOUTH COUNTY HOSPITAL INC,100 KENYON AVE,WAKEFIELD,RI,02879,44009,41.432221904179,-71.496753221839,Yes
CNM1056,1942548243,Molly,Shoemaker,,Hospital,360159,ADENA REGIONAL MEDICAL CENTER,272 HOSPITAL ROAD,CHILLICOTHE,OH,45601,39141,39.395241125992,-82.97038222295,Yes
CNM1398,1942631254,Janet,Goff,,Hospital,420071,SELF REGIONAL HEALTHCARE,1325 SPRING STREET,GREENWOOD,SC,29646,45047,34.174309648636,-82.156827606858,Yes
CNM2525,1942692132,Rebekah,Kroeger,,Hospital,210037,UNIVERSITY OF MD SHORE MEDICAL CENTER AT EASTON,219 SOUTH  WASHINGTON STREET,EASTON,MD,21601,24041,38.77007407558,-76.075924054205,Yes
CNM2834,1942711874,Cassandra,Montminy,,Hospital,300003,MARY HITCHCOCK MEMORIAL HOSPITAL,1 MEDICAL CENTER DRIVE,LEBANON,NH,03756,33009,43.677249456344,-72.273984009411,Yes
CNM04480,1942718473,Kristi,Nichols,,Hospital,460009,UNIVERSITY OF UTAH HOSPITAL AND CLINICS,50 NORTH MEDICAL DRIVE,SALT LAKE CITY,UT,84132,49035,40.768884612099,-111.837491944828,Yes
CNM04348,1942738596,Ann,Paulsen,,Hospital,240030,ALOMERE HEALTH,111 17TH AVENUE EAST,ALEXANDRIA,MN,56308,27041,45.872698327961,-95.37632588686,Yes
CNM03789,1942759543,Kelly,Lewis,,Hospital,230089,COREWELL HEALTH BEAUMONT GROSSE POINTE HOSPITAL,468 CADIEUX RD,GROSSE POINTE,MI,48230,26163,42.3842609545,-82.915346800148,Yes
CNM05528,1942853403,Kaitlyn,Aversa,,Hospital,490052,RIVERSIDE REGIONAL MEDICAL CENTER,500 J CLYDE MORRIS BLVD,NEWPORT NEWS,VA,23601,51700,37.06490578832,-76.484637075243,Yes
CNM05519,1942868542,Amanda,Graser,,Hospital,260119,POPLAR BLUFF REGIONAL MEDICAL CENTER,3100 OAK GROVE ROAD,POPLAR BLUFF,MO,63901,29023,36.788902914998,-90.442334433527,Yes
CNM07287,1942971627,Shannon,Ramey,,Hospital,440017,,,,,,,,,No
8689,1952317786,Sandra Lee,Mulcrone,,Hospital,140242,NORTHWESTERN MEDICINE CENTRAL DUPAGE HOSPITAL,25 NORTH WINFIELD ROAD,WINFIELD,IL,60190,17043,41.873814208374,-88.155649671404,Yes
8689,1952317786,Sandra Lee,Mulcrone,,Hospital,140062,PALOS COMMUNITY HOSPITAL,12251 SOUTH 80TH AVENUE,PALOS HEIGHTS,IL,60463,17031,41.669165977123,-87.813471717673,Yes
12186,1952318008,Sandra,Uribe,,Hospital,140276,LOYOLA UNIVERSITY MEDICAL CENTER,2160 S 1ST AVENUE,MAYWOOD,IL,60153,17031,41.865168513864,-87.833456941704,Yes
11571,1952419699,Christine Keating,Ghiglia,,Hospital,070007,LAWRENCE & MEMORIAL HOSPITAL,365 MONTAUK AVE,NEW LONDON,CT,06320,09011,41.337022118487,-72.103677171241,Yes
12205,1952486318,Carie,Bussey,,Hospital,500024,PROVIDENCE ST PETER HOSPITAL,413 LILLY ROAD NE,OLYMPIA,WA,98506,53067,47.052707664462,-122.84451070478,Yes
12332,1952502064,Lisa,Stout,,Hospital,370022,JACKSON COUNTY MEMORIAL HOSPITAL AUTHORITY,1200 EAST PECAN ST,ALTUS,OK,73521,40065,34.63524000935,-99.318040012996,Yes
CNM1781,1952567083,Lindsay,Delaire,,Hospital,410007,,,,,,,,,No
12581,1952599169,Nichol,Chesser,,Hospital,060024,UNIVERSITY OF COLORADO HOSPITAL AUTHORITY,12605 E 16TH AVE,AURORA,CO,80045,08001,39.741422007578,-104.842052672788,Yes
CNM1021,1952640419,Diane,Utz,,Hospital,060027,,,,,,,,,No
CNM2390,1952703233,Jennifer,Lapointe,,Hospital,050373,LOS ANGELES GENERAL MEDICAL CENTER,"2051 MARENGO ST, ROOM C2K100",LOS ANGELES,CA,90033,06037,34.057116568648,-118.208383651082,Yes
CNM1529,1952733909,Dena,Knight,,Hospital,320002,CHRISTUS ST VINCENT REGIONAL MEDICAL CENTER,455 ST MICHAEL'S DRIVE,SANTA FE,NM,87505,35049,35.658987097283,-105.945664162722,Yes
CNM05762,1952752339,Brittany,Osborn,,Hospital,150051,IU HEALTH BLOOMINGTON HOSPITAL,2651 EAST DISCOVERY PARKWAY,BLOOMINGTON,IN,47408,18105,39.177625686479,-86.502762756545,Yes
CNM03870,1952833394,Kulwinder,Bajwa,,Hospital,070020,MIDDLESEX HOSPITAL,28 CRESCENT ST,MIDDLETOWN,CT,06457,09007,41.554181939715,-72.647254938561,Yes
CNM06949,1962086553,Nicole,DeNuccio,,Hospital,330214,NYU LANGONE HOSPITALS,550 FIRST AVENUE,NEW YORK,NY,10016,36061,40.742346194975,-73.974474127012,Yes
CNM07819,1962121665,Peri,Vernon,,Hospital,380047,ST CHARLES BEND CAMPUS,2500 NE NEFF ROAD,BEND,OR,97701,41017,44.065788782196,-121.273794786855,Yes
10100,1962427047,Barbara,Smith-Foy,,Hospital,330049,NORTHERN DUTCHESS HOSPITAL,6511 SPRINGBROOK AVENUE,RHINEBECK,NY,12572,36027,41.937600763058,-73.909132036328,Yes
12850,1962448969,Rebecca,Gray,,Hospital,240050,M HEALTH FAIRVIEW LAKES MEDICAL CENTER,5200 FAIRVIEW BOULEVARD,WYOMING,MN,55092,27025,45.321519593068,-92.9999474624,Yes
12850,1962448969,Rebecca,Gray,,Hospital,521337,ST CROIX REGIONAL MEDICAL CENTER,235 E STATE STREET,SAINT CROIX FALLS,WI,54024,55095,45.409256978253,-92.642591116623,Yes
CNM0478,1962496752,Rose Marie,Hoiten,,Hospital,351324,,,,,,,,,No
CNM0478,1962496752,Rose Marie,Hoiten,,Hospital,430027,SANFORD USD MEDICAL CENTER,1305 W 18TH ST  POST OFFICE BOX 5039,SIOUX FALLS,SD,57117,46099,43.53661719211,-96.742601670506,Yes
CNM0478,1962496752,Rose Marie,Hoiten,,Hospital,431310,,,,,,,,,No
10967,1962500132,Tonja Marie Alves,Santos,,Hospital,220077,BAYSTATE MEDICAL CENTER,759 CHESTNUT STREET,SPRINGFIELD,MA,01199,25013,42.119023347188,-72.604094352769,Yes
12936,1962640532,Paige,Swales,,Hospital,060027,,,,,,,,,No
12916,1962733279,Sarah,Trost,,Hospital,370049,STILLWATER MEDICAL CENTER,1323 WEST 6TH STREET,STILLWATER,OK,74076,40119,36.115827068087,-97.07413989519,Yes
CNM0686,1962786095,Jessica,Evans,,Hospital,360179,BETHESDA NORTH,10500 MONTGOMERY ROAD,CINCINNATI,OH,45242,39061,39.252002502031,-84.343902665543,Yes
CNM1570,1962832519,Darcy,King,,Hospital,050441,,,,,,,,,No
CNM04377,1962908293,Kimberly,Kelstone,,Hospital,330241,UNIVERSITY HOSPITAL S U N Y HEALTH SCIENCE CENTER,750 EAST ADAMS STREET,SYRACUSE,NY,13210,36067,43.042623087691,-76.139812052316,Yes
CNM04377,1962908293,Kimberly,Kelstone,,Hospital,330203,CROUSE HOSPITAL,736 IRVING AVENUE,SYRACUSE,NY,13210,36067,43.041878519486,-76.137929238503,Yes
CNM04389,1962951509,Emily,Grose,,Hospital,470011,BRATTLEBORO MEMORIAL HOSPITAL,17 BELMONT AVE,BRATTLEBORO,VT,05301,50025,42.842344777533,-72.56576016389,Yes
CNM03738,1962957712,Alacia,Pierce,,Hospital,520087,GUNDERSEN LUTHERAN MEDICAL CENTER,1910 SOUTH AVE,LA CROSSE,WI,54601,55063,43.795026885962,-91.246775264605,Yes
CNM04761,1972005783,Sarah,Eaton,,Hospital,080001,CHRISTIANACARE,4755 OGLETOWN-STANTON ROAD,NEWARK,DE,19718,10003,39.690996683779,-75.671382921671,Yes
CNM04761,1972005783,Sarah,Eaton,,Hospital,310069,INSPIRA MEDICAL CENTER MULLICA HILL,700 MULLICA HILL RD,MULLICA HILL,NJ,08062,34015,39.718221517176,-75.150910032118,Yes
CNM04547,1972021087,Adreia,Jessop,,Hospital,500041,PEACEHEALTH ST JOHN MEDICAL CENTER,1615 DELAWARE STREET,LONGVIEW,WA,98632,53015,46.130966217347,-122.941342806537,Yes
CNM04070,1972040939,Kimberly,Migliori,,Hospital,130049,KOOTENAI HEALTH,2003 KOOTENAI HEALTH WAY,COEUR D'ALENE,ID,83814,16055,47.695641875125,-116.794242503491,Yes
CNM04945,1972148047,Leanne,Benson,,Hospital,410008,SOUTH COUNTY HOSPITAL INC,100 KENYON AVE,WAKEFIELD,RI,02879,44009,41.432221904179,-71.496753221839,Yes
CNM07104,1972177582,Nicole,Camardo,,Hospital,140150,UNIVERSITY OF ILLINOIS HOSPITAL AND CLINICS,1740 WEST TAYLOR ST SUITE 1400,CHICAGO,IL,60612,17031,41.869260590015,-87.670709386776,Yes
CNM06589,1972191625,Devon,Amedio,,Hospital,330235,AUBURN  COMMUNITY  HOSPITAL,17 LANSING STREET,AUBURN,NY,13021,36011,42.940894126037,-76.562179898714,Yes
CNM10396,1972483659,Allie,Morris,,Hospital,360054,HOLZER MEDICAL CENTER,100 JACKSON PIKE,GALLIPOLIS,OH,45631,39053,38.844445731338,-82.236670883556,Yes
12014,1972570083,Kimberly,Wiseman,,Hospital,140280,TRINITY ROCK ISLAND,2701 17TH ST,ROCK ISLAND,IL,61201,17161,41.483400945616,-90.572715341543,Yes
12014,1972570083,Kimberly,Wiseman,,Hospital,160104,TRINITY BETTENDORF,4500 UTICA RIDGE ROAD,BETTENDORF,IA,52722,19163,41.565375024445,-90.517403388453,Yes
8181,1972577229,Stesha Ann,Irons-Kahl,,Hospital,060010,POUDRE VALLEY HOSPITAL,1024 S LEMAY AVE,FORT COLLINS,CO,80524,08069,40.57221482697,-105.057819309139,Yes
11006,1972606069,Stephanie,Welsh,,Hospital,070021,WINDHAM COMM MEM HOSP & HATCH HOSP,112 MANSFIELD AVENUE,WILLIMANTIC,CT,06226,09015,41.717158645824,-72.223938303774,Yes
12834,1972757631,Karen,Crouse,,Hospital,390225,WELLSPAN EPHRATA COMMUNITY HOSPITAL,169 MARTIN AVENUE,EPHRATA,PA,17522,42071,40.186493627242,-76.184040440149,Yes
6349,1972793016,Angela Lynn,Reidner,,Hospital,141337,,,,,,,,,No
6349,1972793016,Angela Lynn,Reidner,,Hospital,140242,NORTHWESTERN MEDICINE CENTRAL DUPAGE HOSPITAL,25 NORTH WINFIELD ROAD,WINFIELD,IL,60190,17043,41.873814208374,-88.155649671404,Yes
CNM0213,1972811859,Michelle,Killingsworth,,Hospital,070027,MANCHESTER MEMORIAL HOSPITAL,71 HAYNES ST,MANCHESTER,CT,06040,09003,41.78121231257,-72.524776528286,Yes
13188,1972838076,Sherriann,Perivolotis,,Hospital,220084,EMERSON HOSPITAL -,133 OLD ROAD TO 9 ACRE CORNER,W CONCORD,MA,01742,25017,42.452548860682,-71.377201169912,Yes
CNM0844,1972879674,Heather,Wood,,Hospital,110029,"NORTHEAST GEORGIA MEDICAL CENTER, INC",743 SPRING STREET,GAINESVILLE,GA,30501,13139,34.302374147456,-83.818199959738,Yes
CNM1306,1982001947,Gabriela,Diaz,,Hospital,330191,GLENS FALLS HOSPITAL,100 PARK STREET,GLENS FALLS,NY,12801,36113,43.307265317705,-73.646098827477,Yes
CNM06566,1982209300,April,Kautzman,,Hospital,350070,ESSENTIA HEALTH FARGO,3000 32ND AVE SOUTH,FARGO,ND,58104,38017,46.832455617747,-96.826431940857,Yes
CNM06371,1982213674,Mary,Engel,,Hospital,280061,REGIONAL WEST MEDICAL CENTER,4021 AVE B,SCOTTSBLUFF,NE,69361,31157,41.885186753207,-103.665702591104,Yes
CNM06169,1982334017,Donna,Cruz,,Hospital,410012,,,,,,,,,No
CM00246,1982347092,Abigail,Block,,Hospital,330014,JAMAICA HOSPITAL MEDICAL CENTER,89TH AVENUE AND VAN WYCK EXPRESSWAY,JAMAICA,NY,11418,36081,40.701402739208,-73.816311112936,Yes
CNM07017,1982379988,Brianna,Boyd,,Hospital,090011,MEDSTAR WASHINGTON HOSPITAL CENTER,110 IRVING STREET NW,WASHINGTON,DC,20010,11001,38.931118708734,-77.012565000222,Yes
11928,1982642542,Cheryl,Hinshaw,,Hospital,380027,MERCY MEDICAL CENTER,2700 NW STEWART PARKWAY,ROSEBURG,OR,97471,41019,43.240014502435,-123.366626011263,Yes
6510,1982696795,Julie Ann,Dance,,Hospital,030013,YUMA REGIONAL MEDICAL CENTER,2400 SOUTH AVENUE A,YUMA,AZ,85364,04027,32.683895925582,-114.633325546527,Yes
10239,1982807996,Nelly,Diaz-Mendez,,Hospital,100022,JACKSON MEMORIAL HOSPITAL,1611 NW 12TH AVE,MIAMI,FL,33136,12086,25.790603150188,-80.214982926096,Yes
13209,1982901989,Christina,Martinez,,Hospital,500108,ST JOSEPH MEDICAL CENTER,1717 SOUTH J STREET,TACOMA,WA,98405,53053,47.245774538846,-122.448751865126,Yes
13209,1982901989,Christina,Martinez,,Hospital,500021,ST CLARE HOSPITAL,11315 BRIDGEPORT WAY S W,LAKEWOOD,WA,98499,53053,47.154974683652,-122.50437677156,Yes
CNM0742,1982959458,Diana,Shane,,Hospital,390267,FORBES HOSPITAL,2570 HAYMAKER ROAD,MONROEVILLE,PA,15146,42003,40.42661876585,-79.750816493093,Yes
CNM0910,1982978763,Jennifer,VanMeter,,Hospital,150006,NORTHWEST HEALTH-LA PORTE,1331 STATE STREET,LA PORTE,IN,46350,18091,41.6093367035,-86.72719371469,Yes
13338,1992024491,Susan,Myers,,Hospital,260001,MERCY HOSPITAL JOPLIN,100 MERCY WAY,JOPLIN,MO,64804,29097,37.036510010733,-94.509709959156,Yes
CNM1025,1992057491,Hannah,Boomer,,Hospital,380047,ST CHARLES BEND CAMPUS,2500 NE NEFF ROAD,BEND,OR,97701,41017,44.065788782196,-121.273794786855,Yes
CNM2385,1992100135,Amanda,Halpenny,,Hospital,330090,ARNOT OGDEN MEDICAL CENTER,600 ROE AVENUE,ELMIRA,NY,14905,36015,42.099411791237,-76.827520857019,Yes
CNM1320,1992147110,Aashka,Patel,,Hospital,360085,OHIO STATE UNIVERSITY HOSPITALS,410 WEST 10TH AVENUE,COLUMBUS,OH,43210,39049,39.994459567035,-83.015989156105,Yes
CNM1320,1992147110,Aashka,Patel,,Hospital,360242,JAMES CANCER HOSPITAL & SOLOVE RESEARCH INSTITUTE,460 WEST TENTH AVENUE,COLUMBUS,OH,43210,39049,39.994491145624004,-83.016658961325,Yes
CNM04227,1992175004,Mercy,Valenzuela,,Hospital,050342,PIONEERS MEMORIAL HEALTHCARE DISTRICT,207 WEST LEGION ROAD,BRAWLEY,CA,92227,06025,32.959890831423,-115.553027650792,Yes
CNM04540,1992214969,Kathrine,Krupnik,,Hospital,300003,MARY HITCHCOCK MEMORIAL HOSPITAL,1 MEDICAL CENTER DRIVE,LEBANON,NH,03756,33009,43.677249456344,-72.273984009411,Yes
CNM3546,1992259170,Kim,Craig,,Hospital,100113,UF HEALTH SHANDS HOSPITAL,1600 SW ARCHER RD,GAINESVILLE,FL,32610,12001,29.639538118411,-82.342643671529,Yes
CNM04828,1992271951,Bronwyn,Dworkin,,Hospital,310012,VALLEY HOSPITAL,4 VALLEY HEALTH PLAZA,PARAMUS,NJ,07652,34003,40.965985488596,-74.072058281895,Yes
CNM04828,1992271951,Bronwyn,Dworkin,,Hospital,310045,ENGLEWOOD HOSPITAL,350 ENGLE ST,ENGLEWOOD,NJ,07631,34003,40.904455613766,-73.968507328056,Yes
CNM05831,1992335152,Cristina,Galvan,,Hospital,230277,HURON VALLEY-SINAI HOSPITAL,ONE WILLIAM CARLS DRIVE,COMMERCE TOWNSHIP,MI,48382,26125,42.590778570417,-83.497277109054,Yes
CNM06715,1992398697,Candice,Segree,,Hospital,390111,,,,,,,,,No
CNM07688,1992446017,Emily Morgan,Clark-Youngblood,,Hospital,050394,COMMUNITY MEMORIAL HOSPITAL - VENTURA,147 NORTH BRENT STREET,VENTURA,CA,93003,06111,34.274503814477,-119.257337974219,Yes
CNM07688,1992446017,Emily Morgan,Clark-Youngblood,,Hospital,051334,,,,,,,,,No
CNM07822,1992448088,Christopher,Demers,,Hospital,140208,ADVOCATE CHRIST HOSPITAL & MEDICAL CENTER,4440 W 95TH STREET,OAK LAWN,IL,60453,17031,41.720316847043,-87.731597930116,Yes
CNM07537,1992450415,Molly,Greason-Magee,,Hospital,220046,BERKSHIRE MEDICAL CENTER INC - 1,725 NORTH STREET,PITTSFIELD,MA,01201,25003,42.459209502755,-73.248548775577,Yes
CNM07537,1992450415,Molly,Greason-Magee,,Hospital,221304,,,,,,,,,No
CM00239,1992453948,Nicole,Barclay,,Hospital,330233,BROOKDALE HOSPITAL MEDICAL CENTER,1 BROOKDALE PLAZA,BROOKLYN,NY,11212,36047,40.655241724883,-73.912205473149,Yes
CNM08108,1992493076,Gabriela,Valladares,,Hospital,450610,MEMORIAL HERMANN MEMORIAL CITY MEDICAL CENTER,921 GESSNER,HOUSTON,TX,77024,48201,29.780118017494,-95.54455202819,Yes
CNM09185,1992522361,Alexis,Vincelette,,Hospital,330191,GLENS FALLS HOSPITAL,100 PARK STREET,GLENS FALLS,NY,12801,36113,43.307265317705,-73.646098827477,Yes
9636,1992718134,Karolyn,Zambrotta,,Hospital,410006,NEWPORT HOSPITAL,11 FRIENDSHIP STREET,NEWPORT,RI,02840,44005,41.497621987067,-71.305999997157,Yes
9636,1992718134,Karolyn,Zambrotta,,Hospital,410012,,,,,,,,,No
10721,1992833065,Katherine Kelley,Parsons,,Hospital,220060,BETH ISRAEL DEACONESS HOSPITAL - PLYMOUTH,275 SANDWICH STREET,PLYMOUTH,MA,02360,25023,41.944770437087,-70.645603174458,Yes
8349,1992896716,Deborah A.,Hirt,,Hospital,330057,ST PETER'S HOSPITAL,315 SOUTH MANNING BOULEVARD,ALBANY,NY,12208,36001,42.670997621075,-73.786483135365,Yes
8349,1992896716,Deborah A.,Hirt,,Hospital,330180,SAMARITAN HOSPITAL,2215 BURDETT AVENUE,TROY,NY,12180,36083,42.734097113137,-73.671327299122,Yes
12560,1992983613,Maybel,Wahab,,Hospital,210009,"JOHNS HOPKINS HOSPITAL, THE",600 NORTH  WOLFE STREET,BALTIMORE,MD,21287,24510,39.296923066038,-76.590856781226,Yes
