organization_name,n_before,n_after,gain
VANDERBILT UNIVERSITY,0,24,24
KAISER FOUNDATION HOSPITALS,10,29,19
MINNESOTA BIRTH CENTER,0,15,15
NEIGHBORCARE HEALTH,3,15,12
WOMEN'S CARE FLORIDA LLC,10,22,12
CRUSADERS CENTRAL CLINIC ASSOCIATION,0,12,12
"VANDERBILT HEALTH CLINICIANS, LLC",0,12,12
"FLORIDA WOMAN CARE, LLC",21,31,10
PCC COMMUNITY WELLNESS CENTER,2,12,10
"AURORA SINAI MEDICAL CENTER, INC.",0,10,10
FORT WORTH MIDWIVES LLC,0,10,10
PEDIATRIC AND FAMILY MEDICAL CENTER,0,10,10
FLORIDA WOMAN CARE LLC,14,23,9
"BIRTHCARE AND WOMEN'S HEALTH, LTD",0,9,9
CONTEMPORARY CARE FOR WOMEN PLLC,0,9,9
"SPECIAL BEGINNINGS BIRTH & WOMEN'S CENTER, LLC",0,9,9
ALLEN BIRTHING CENTER,0,8,8
"DHHS,PHS,NAIHS, GALLUP INDIAN MEDICAL CENTER",0,8,8
"EL RIO SANTA CRUZ NEIGHBORHOOD HEALTH CENTER, INC",0,8,8
ROSANNE GEPHART,0,8,8
"THE LONGSTREET CLINIC, PC",0,8,8
"UNIVERSITY COMMUNITY HEALTH SERVICES, INC",0,8,8
KAISER PERMANENTE,12,19,7
"NOVANT HEALTH MEDICAL GROUP, LLC",9,16,7
OLE HEALTH,6,13,7
ALPINE WOMENS CENTRE,0,7,7
AMY E JOHNSON-GRASS,0,7,7
BREATH OF LIFE BIRTH CENTER LLC,0,7,7
"CENTRA HEALTH PROFESSIONAL SERVICES, LLC",0,7,7
"COMPLETE OB/GYN, PC",0,7,7
JONATHAN J JAKUS & NICHOLAS KLEIN PTR,0,7,7
"MENDOCINO COMMUNITY HEALTH CLINIC, INC.",0,7,7
MOUNT SINAI SCHOOL OF MEDICINE OF NEW YORK UNIVERSITY,0,7,7
"NORTH CENTRAL WOMEN'S HEALTH PARTNERS II, LP",0,7,7
OAKLEAF BIRTH CENTER LLC,0,7,7
OMG SPECIALTY CARE LLC,0,7,7
PLANNED PARENTHOOD - LOS ANGELES S MARK TAPER FOR MEDICAL TRAINING,0,7,7
PLANNED PARENTHOOD OF THE COLUMBIA/WILLAMETTE,0,7,7
THUNDERMIST HEALTH CENTER,0,7,7
UNIVERSITY OF NEW MEXICO HOSPITALS,0,7,7
CHEROKEE NATION,1,7,6
KAISER FOUNDATION HEALTH PLAN INC,6,12,6
"ALLIANCE OBSTETRICS & GYNECOLOGY, PLLC",0,6,6
CHRISTINE PHAM PLLC,0,6,6
DURHAM WOMEN'S CLINIC,0,6,6
FAIR HAVEN COMMUNITY HEALTH CLINIC INC,0,6,6
FAMILY HEALTH AND BIRTH CENTER,0,6,6
FRED MEYER STORES INC,0,6,6
GENEVA WOODS BIRTH CENTER,0,6,6
"MOUNTAIN AREA HEALTH EDUCATION CENTER, INC.",0,6,6
MOUNTAIN MIDWIFERY CENTER INC,0,6,6
NEIGHBORHOOD HEALTH CARE INCORPORATED,0,6,6
SASH ANES,0,6,6
KAISER FOUNDATION HEALTH PLAN OF WASHINGTON,17,22,5
"LEXINGTON COUNTY HEALTH SERVICES DISTRICT, INC.",1,6,5
"NORTH COUNTY HEALTH PROJECT, INC.",1,6,5
SOUTHERN CRESCENT WOMEN'S HEALTHCARE PC,1,6,5
ALMA MIDWIFERY SERVICES,0,5,5
"ANGELA MCLELLAN-DESAI, M.D.,P.C.",0,5,5
BABY & COMPANY NASHVILLE 1 PLLC,0,5,5
BABY AND COMPANY CARY 1 LLC,0,5,5
"BABY'S FIRST DAY, LLC",0,5,5
BAYCHILDREN'S PHYSICIANS,0,5,5
"BEGINNINGS BIRTH CENTER, LLC",0,5,5
BETHANY WOMENS HEALTHCARE,0,5,5
"BIRTH AND WELLNESS CENTER, LLC",0,5,5
BRIGHT SMILES DENTAL PROGRAM,0,5,5
CHARLESTON MIDWIFE SERVICES,0,5,5
CONNECTICUT CHILDBIRTH CENTER INC,0,5,5
"DAKOTA CLINIC, LTD.",0,5,5
JEFFERSON UNIVERSITY PHYSICIANS,0,5,5
LAWNDALE CHRISTIAN HEALTH CENTER,0,5,5
"MOSES CONE AFFILIATED PHYSICIANS, INC.",0,5,5
"MOUNTAIN VIEW OB-GYN, LTD.",0,5,5
NATURAL BEGINNINGS BIRTH AND WELLNESS CENTER,0,5,5
SALUD PARA LA GENTE,0,5,5
THE BIRTH CENTER,0,5,5
THE MIDWIFE CENTER FOR BIRTH AND WOMEN'S HEALTH,0,5,5
GREAT LAKES BAY HEALTH CENTERS,2,6,4
HEALTHONE CLINIC SERVICES LLC,10,14,4
"LUMINIS HEALTH MEDICAL GROUP, LLC",3,7,4
PROVIDENCE EVERETT MEDICAL CENTER,1,5,4
SOUTHERN CALIFORNIA PERMANENTE MEDICAL GROUP,7,11,4
"ASHLEY WOMEN'S CENTER, P.A.",0,4,4
"ATHENS REGIONAL PHYSICIAN SERVICES, INC.",0,4,4
BLOOMINGTON NORMAL BIRTHING CENTER,0,4,4
CH DHC INC,0,4,4
"CHANTILLY WELLNESS GROUP, LLC",0,4,4
DANBURY MIDWIFERY GROUP LLC,0,4,4
DANIEL M MOLLOY MD PC,0,4,4
DAR A LUZ BIRTH & HEALTH CENTER,0,4,4
"DEAN HEALTH SYSTEMS, INC",0,4,4
"EMERALD COAST OBGYN, INC",0,4,4
GPHA MIDWIFERY SERVICES,0,4,4
KALIHI-PALAMA HEALTH CENTER,0,4,4
LAWRENCE OB/GYN PC,0,4,4
MEMPHIS CENTER FOR REPRODUCTIVE HEALTH,0,4,4
NEW YORK CITY HEALTH AND HOSPITALS CORPORATION,0,4,4
PLANNED PARENTHOOD SHASTA PACIFIC,0,4,4
PROCARE MEDICAL GROUP SC,0,4,4
"SOUTHSIDE MEDICAL CENTER, INC.",0,4,4
"TRIANGLE PHYSICIANS FOR WOMEN, PA",0,4,4
"WELLSTAR MEDICAL GROUP, LLC",0,4,4
WOMEN'S SPECIALISTS OF NEW MEXICO,0,4,4
ADVOCATE HEALTH AND HOSPITALS CORPORATION,1,4,3
ALLINA HEALTH SYSTEM,10,13,3
"AURORA MEDICAL GROUP, INC.",5,8,3
"BEACON MEDICAL GROUP, INC.",14,17,3
BOULDER COMMUNITY HEALTH,4,7,3
DLP MARIA PARHAM PHYSICIAN PRACTICES LLC,1,4,3
"HEALTH FIRST MEDICAL GROUP, LLC",1,4,3
LABORATORY CORPORATION OF AMERICA,1,4,3
OPTUM CARE WASHINGTON PLLC,1,4,3
PLANNED PARENTHOOD GOLDEN GATE,1,4,3
SWEDISH HEALTH SERVICES,1,4,3
"WOMEN'S CARE ARIZONA, LLC",1,4,3
"ANDREW SHIMER, MD PA",0,3,3
"ANESTHESIA SERVICES OF SAN JOAQUIN, P.C.",0,3,3
"APOLLO PSYCHOLOGICAL SERVICES, LLC",0,3,3
"ASSOCIATED OBSTETRICIANS AND GYNECOLOGISTS, LTD",0,3,3
BEST START BIRTH CENTER,0,3,3
BEXAR COUNTY HOSPITAL DISTRICT,0,3,3
"BIOACTIVE INFUSION & WELLNESS OF BATON ROUGE, LLC",0,3,3
BIRTH & WOMEN'S HEALTH CENTER,0,3,3
BIRTH AND WOMEN'S CARE PA,0,3,3
BIRTHING MEDICAL GROUP,0,3,3
BLOOMIN BABIES BIRTH CENTER LLC,0,3,3
BOSTON MEDICAL CENTER CORPORATION,0,3,3
BROADWAY MEDICAL CENTER,0,3,3
BROOKSIDE COMMUNITY HEALTH CENTER,0,3,3
CARILION EMERGENCY SERVICES INC,0,3,3
CAROLINAS PHYSICIANS NETWORK INC,0,3,3
"CENTENNIAL MEDICAL GROUP EAST, LLC",0,3,3
"CHARLESTON BIRTH PLACE, INC",0,3,3
CHIEF ANDREW ISSAC HEALTH CENTER,0,3,3
"COMPREHENSIVE OPTOMETRY EYEWEAR, PLLC",0,3,3
DAKOTA CLINIC LTD,0,3,3
DAVIS MEMORIAL HOSPITAL,0,3,3
DELAWARE VALLEY OB-GYN AND INFERTILITY GROUP PC,0,3,3
DR STEVEN R DAUBE & ASSOC LTD,0,3,3
"FAMILY HEALTH CENTER OF MARSHFIELD, INC.",0,3,3
"FETAL AND WOMEN'S CENTER OF ARIZONA, LLC",0,3,3
"HENNEPIN HEALTHCARE SYSTEM, INC",0,3,3
JEANNE HEBL CNM PLLC,0,3,3
"K B SMITH, D.C., LLC",0,3,3
KAISER FOUNDATION HEALTH PLAN,0,3,3
KAISER FOUNDATION HEALTH PLAN OF THE NORTHWEST,0,3,3
"MARIE HOLLIS, M.D. PLLC",0,3,3
MARY HITCHCOCK MEMORIAL HOSPITAL,0,3,3
MAYO CLINIC,0,3,3
MOUNT CARMEL HEALTH,0,3,3
NATIVITI FAMILY BIRTH CENTER,0,3,3
NEAR NORTH HEALTH SERVICE CORPORATION,0,3,3
NORTH POINTE OB GYN ASSOCIATES LLC,0,3,3
"NORTHEAST OHIO NEIGHBORHOOD HEALTH SERVICES, INC.",0,3,3
OLMSTED MEDICAL CENTER,0,3,3
"ONE HUNDRED OAKS IMAGING,LLC",0,3,3
REGIONAL HEALTH CARE AFFILIATES INC,0,3,3
ROGERS FOOT & ANKLE INSTITUTE INC,0,3,3
"SCENIC BLUFFS HEALTH CENTER, INC",0,3,3
SOUTH CENTRAL KANSAS REGIONAL MEDICAL CENTER,0,3,3
SPIRIT PHYSICIAN SERVICES,0,3,3
WEILL MEDICAL COLLEGE OF CORNELL,0,3,3
WENDOVER OB-GYN & INFERTILITY INC,0,3,3
WOMEN'S BIRTH & WELLNESS CENTER,0,3,3
"WOMEN'S HEALTH CARE OF NE PA, PC",0,3,3
"ADVOCARE, LLC",2,4,2
ASCENSION MEDICAL GROUP PROMED,3,5,2
"ATRIUS HEALTH, INC.",1,3,2
"COMMUNITY CARE PHYSICIANS, PC",5,7,2
CORVALLIS BIRTH AND WOMENS HEALTH CENTER,4,6,2
DENVER HEALTH & HOSPITAL AUTHORITY,2,4,2
EL PASO COUNTY HOSPITAL DISTRICT,1,3,2
"FAIRVIEW PHARMACY SERVICES, LLC",2,4,2
FIVE RIVERS HEALTH CENTERS,1,3,2
FLORIDA CLINICAL PRACTICE ASSOCIATION INC,1,3,2
FLORIDA DEPARTMENT OF HEALTH,2,4,2
"FORT COLLINS WOMEN'S CLINIC, PC",1,3,2
FREEMAN-OAK HILL HEALTH SYSTEM,3,5,2
"GRACE HEALTH, INC.",4,6,2
HEALTHEAST MEDICAL RESEARCH INSITITUE,3,5,2
"HEART OF TEXAS COMMUNITY HEALTH CENTER, INC.",1,3,2
HEARTLAND COMMUNITY HEALTH CLINIC,1,3,2
HOLY FAMILY SERVICES,2,4,2
"OB-GYN ASSOCIATES, PA",1,3,2
PETERSON MEDICAL ASSOCIATES,1,3,2
PINNACLE HEALTH REGIONAL PHYSICIANS,4,6,2
PLANNED PARENTHOOD SOUTH ATLANTIC,2,4,2
SOUTHCENTRAL FOUNDATION,4,6,2
SOUTHEASTERN REGIONAL PHYSICIAN SERVICES,2,4,2
THE WOMENS HEALTHCARE GROUP PA,1,3,2
"TIBURCIO VASQUEZ HEALTH CENTER, INC.",3,5,2
YAKIMA VALLEY FARM WORKERS CLINIC,1,3,2
AABC IN YOUR HOME LLC,0,2,2
"ACCOMPLISHED DIAGNOSTIC MEDICAL INPATIENT TEAM, P.A.",0,2,2
"ALL ABOUT WOMEN, OB-GYN, CHTD",0,2,2
"ALLIANCE OBSTETRICS AND GYNECOLOGY GROUP, LLC",0,2,2
ALTERNATIVE WELLNESS CENTER,0,2,2
"ANTHONY B. AGRIOS, MD PA",0,2,2
ARH MARY BRECKINRIDGE HEALTH SERVICES,0,2,2
ASHLYN BIEDEBACH,0,2,2
ASSOCIATES FOR WOMEN'S HEALTH,0,2,2
AURORA COUNSELING LLC,0,2,2
AVIS GOODWIN COMMUNITY HEALTH CENTER,0,2,2
"BALDWIN AREA MEDICAL CENTER, INC.",0,2,2
"BALTIMORE COUNTY DIALYSIS, LLC",0,2,2
BECKLEY-UHA,0,2,2
"BELLA DONNA BIRTH & WOMEN'S HEALTH, PLLC",0,2,2
BELLA VIE GENTLE BIRTH CENTER,0,2,2
BIRTH CENTER OF BEAUMONT PLLC,0,2,2
"BIRTH CENTER OF FLORIDA, LLC",0,2,2
"BIRTH INNATELY, LLC",0,2,2
BIRTHING FROM THE HEART PLLC,0,2,2
"BLANCHARD VALLEY GYNECOLOGY, LLC",0,2,2
BOARD OF REGENTS OF THE UNIVERSITY OF OKLAHOMA OU PHYSICIANS TULSA,0,2,2
"BOCA BABES OBGYN, LLC",0,2,2
BOSTON MEDICAL CENTER,0,2,2
BRIDGEWATER GODDARD PARK MEDICAL ASSOCIATES PODIATRY DIVISION,0,2,2
"BRIELLE OBSTETRICS & GYNECOLOGY, PA",0,2,2
BROWNSVILLE COMMUNITY DEVELOPMENT CORPORATION,0,2,2
"BURR RIDGE BIRTH CENTER, LLC",0,2,2
CANANDAIGUA MEDICAL GROUP X-RAY,0,2,2
CAPITOL MEDICAL PRACTICE PC,0,2,2
CCM HEALTH,0,2,2
CGH MEDICAL CENTER,0,2,2
"CHESAPEAKE WOMEN'S HEALTH, LLC",0,2,2
CHESHIRE MEDICAL CENTER,0,2,2
CHRISTIE CLINIC PATHOLOGY LLC,0,2,2
CITRUS COUNTY HEALTH DEPARTMENT,0,2,2
CLAREMORE INDIAN HOSPITAL,0,2,2
CLINICA CAMPESINA FAMILY HEALTH SERVICES,0,2,2
COMMUNITY CARE SERVICES LLC,0,2,2
COMMUNITY CENTERED TREATMENT INC,0,2,2
COMMUNITY HEALTH CENTERS OF BURLINGTON INC,0,2,2
COMMUNITY MEDICAL GROUP,0,2,2
CONEMAUGH HEALTH INITIATIVES,0,2,2
COUNTY OF ONSLOW,0,2,2
CURATORS OF THE UNIVERSITY OF MISSOURI,0,2,2
"DIVINE DERMATOLOGY AND SURGICAL INSTITUTE, PLLC",0,2,2
"DRS. SCHUESSLER, POPE, KEHL, BARNES & DURSO II LLC",0,2,2
"DUKE HEALTH INTEGRATED PRACTICE, INC.",0,2,2
EAST HOUSTON ANESTHESIA PLLC,0,2,2
FAMILY HEALTH CARE CENTER,0,2,2
"FAMILY TREE OB GYN, PA",0,2,2
FDL ADOLESCENT OUTPATIENT TX,0,2,2
"FIKA MIDWIFERY, PLLC",0,2,2
"FLORIDA COMMUNITY HEALTH CENTER, INC",0,2,2
FULTON MEDICAL GROUP PC,0,2,2
"GASTON FAMILY HEALTH SERVICES, INC.",0,2,2
HEALTH PARTNERS OF WESTERN OHIO,0,2,2
"HERITAGE OB GYN, PC",0,2,2
INFANT WELFARE SOCIETY OF CHGO,0,2,2
INFINITY BIRTHING CENTER LLC,0,2,2
INNER LIGHT MIDWIFERY INC,0,2,2
JACKSON CLINIC PA,0,2,2
JOSEPH P RILEY DO LLC,0,2,2
LAKELAND OBGYN PA,0,2,2
"LEBANON VALLEY MIDWIFERY & WOMEN'S WELLNESS, LLC",0,2,2
"LIFE CYCLE OBGYN, LLC",0,2,2
LINDA MILLER,0,2,2
"LOA CHIROPRACTIC, LLC",0,2,2
"LORENZO CABRERA, MD D/B/A COBB GYNECOLOGISTS",0,2,2
"LYNN COMMUNITY HEALTH, INC.",0,2,2
"MARIANAS PHYSICIANS GROUP, LLC",0,2,2
MARY IMOGENE BASSETT HOSPITAL,0,2,2
MARYVILLE WOMENS CENTER PC,0,2,2
MAYO CLINIC HEALTH SYSTEM-SOUTHEAST MINNESOTA REGION,0,2,2
MAYO CLINIC HEALTH SYSTEM-SOUTHWEST MINNESOTA REGION,0,2,2
"MDICS AT STONESPRINGS, LLC",0,2,2
MEDSTAR WASHINGTON HOSPITAL CENTER,0,2,2
MID MICHIGAN OBSTETRICS & GYNECOLOGY PC,0,2,2
"MID-ATLANTIC WOMENS CARE, PLC",0,2,2
"MID-VALLEY HEALTHCARE, INC.",0,2,2
MIDDLE PARK EMERGENCY PHYSICIANS PLLC,0,2,2
MIDTOWN NURSE MIDWIVES A NURSING CORPORATION,0,2,2
MIDWIFERY ASSOCIATES,0,2,2
NEOSHO MEMORIAL REGIONAL MEDICAL CENTER,0,2,2
NEWARK COMMUNITY HEALTH CENTERS,0,2,2
NORTH BRONX HEALTHCARE NETWORK,0,2,2
"NORTHEAST NEW ENGLAND PATHOLOGY, LLC",0,2,2
NYU HOSPITALS CENTER,0,2,2
OAK ORCHARD COMMUNITY HEALTH CENTER INC.,0,2,2
OB GYN ASSOCIATES OF ERIE LABORATORY LLC,0,2,2
"OBSTETRICAL AND GYNECOLOGICAL ASSOCIATES LAB, LLC",0,2,2
"OBSTETRIX MEDICAL GROUP OF NEW JERSEY, P.C.",0,2,2
"ORIGIN BIRTH AND HEALTH, LLC",0,2,2
PHOENIX EMERGENCY MEDICINE OF BROWARD LLC,0,2,2
"PIEDMONT HEALTH SERVICES, INC",0,2,2
"PLANNED PARENTHOOD OF MARYLAND, INC.",0,2,2
PLANNED PARENTHOOD OF WI,0,2,2
PUEBLO BONE DENSITY CENTER,0,2,2
QUEST DIAGNOSTICS CLINICAL LABORATORIES INC,0,2,2
RIO PECOS MEDICAL ASSOCIATES LTD,0,2,2
RIVERSIDE PHYSCIAN SERVICES INC,0,2,2
ROWANSOM DEPT OF PEDIATRICS,0,2,2
"SCITUATE FAMILY DENTISTRY, INC",0,2,2
SEA MAR COMMUNITY HEALTH CENTERS,0,2,2
SILVERTON HEALTH,0,2,2
ST MARYS MEDICAL CENTER,0,2,2
"STAYWELL HEALTH CARE, INC.",0,2,2
TEXAS TECH UNIVERSITY HEALTH SCIENCES CENTER - SON - LUBBOCK,0,2,2
UNITED OBSTETRICS AND GYNECOLOGY,0,2,2
UNIVERSITY MEDICAL SERVICE ASSOCIATION INC,0,2,2
UNIVERSITY OF PENN-MEDICAL GROUP,0,2,2
UNIVERSITY WOMEN'S CARE,0,2,2
VALLEY OBSTETRICS AND GYNECOLOGY,0,2,2
"WEST SIDE COMMUNITY HEALTH SERVICES, INC.",0,2,2
WINCHESTER MEDICAL CENTER,0,2,2
ADVOCARE PREMIER OB/GYN OF SOUTH JERSEY,2,3,1
"ALBEMARLE PHYSICIAN SERVICES - SENTARA, INC",2,3,1
APP OF NEW MEXICO ED PLLC,3,4,1
ARIA COMMUNITY HEALTH CENTER,1,2,1
AVERA MCKENNAN,1,2,1
BABY AND CO LLC,6,7,1
"BARBOURSVILLE CONTRACEPTIVE CARE, INC.",1,2,1
CLARK AUDIOLOGY AND HEARING AID CENTER,1,2,1
"COLORADO OB/GYN PARTNERS, PLLC",1,2,1
"COLUMBUS NEIGHBORHOOD HEALTH CENTER, INC.",2,3,1
COMMUNITY HEALTH CENTER INC,1,2,1
COMMUNITY HEALTH CENTER OF SNOHOMISH COUNTY,1,2,1
COWLITZ FAMILY HEALTH CENTER,1,2,1
DOUGLAS C HARRINGTON MD SC,2,3,1
DREXEL UNIVERSITY,1,2,1
"FAIR HAVEN COMMUNITY HEALTH CLINIC, INC",1,2,1
FAMILY HEALTHCARE NETWORK,4,5,1
FLORIDA COMMUNITY HEALTH CENTERS INC,1,2,1
"FLORIDA MEDICAL CLINIC, LLC",3,4,1
GEORGE WASHINGTON UNIVERSITY HOSPITAL,1,2,1
"GROUP HEALTH PLAN, INC",2,3,1
"GROWING LOVE MIDWIFERY AND FAMILY, INC",1,2,1
HACKETTSTOWN MIDWIVES,3,4,1
HEWITT AND DAVIS PARTNERSHIP,1,2,1
KALISPELL REGIONAL HEALTHCARE,3,4,1
"LA CLINICA DE FAMILIA, INCORPORATED",3,4,1
LA CLINICA DE LA RAZA INC,2,3,1
LA CLINICA DEL VALLE FAMILY HEALTH CARE CENTER INC,8,9,1
LABORATORY CORPORATION OF AMERICA HOLDINGS,1,2,1
LAKELAND MEDICAL PRACTICES,1,2,1
LEE MEMORIAL HEALTH SYSTEM,17,18,1
"MACARTHUR MEDICAL CENTER, PLLC",5,6,1
MASSACHUSETTS GENERAL HOSPITAL,2,3,1
"MIDWEST COMMUNITY HEALTH ASSOCIATES, INC.",1,2,1
MUSKINGUM VALLEY HEALTH CENTERS,1,2,1
NAVAL HOSPITAL BREMERTON,2,3,1
NORTH IOWA MERCY CLINICS,1,2,1
NORTHFIELD HOSPITAL,2,3,1
NOVANT HEALTH MEDICAL GROUP LLC,3,4,1
"NOVANT MEDICAL GROUP, INC.",5,6,1
"OB PRACTICE, LLC",2,3,1
OB-GYN AFFILIATES,1,2,1
"OB-GYN ASSOCIATES OF MARIETTA, LLC",2,3,1
OBGYN SPECIALISTS OF THE PALM BEACHES PA,2,3,1
OHIOHEALTH CORPORATION,5,6,1
PEDIATRIX MEDICAL GROUP OF FLORIDA INC,2,3,1
PEDIATRIX MEDICAL GROUP OF THE MID-ATLANTIC PC,7,8,1
PENN STATE HEALTH HAMPDEN MEDICAL CENTER,2,3,1
PETALUMA HEALTH CENTER INC,1,2,1
PINON PERINATAL INC,1,2,1
PITTSBURGH BEREAVEMENT DOULAS,2,3,1
PLANNED PARENTHOOD OF METROPOLITAN WASHINGTON DC,1,2,1
PLANNED PARENTHOOD OF THE ST. LOUIS REGION AND SOUTHWEST MISSOURI,1,2,1
"PRIMARY CARE OF SOUTHWEST GEORGIA, INC",2,3,1
"REGIONAL WOMEN'S HEALTH GROUP, LLC",1,2,1
ROBERT D DYSON MD PC,1,2,1
SANFORD HEALTH NETWORK,2,3,1
SEA-MAR COMMUNITY HEALTH CENTER,2,3,1
SEVEN SPRINGS MIDWIFERY PLLC,1,2,1
SPIRIT PHYSICIAN SERVICES INC,1,2,1
STEPHEN D SEYMOUR DO PA,1,2,1
SU CLINICA FAMILIAR,1,2,1
SUN RIVER HEALTH INC,3,4,1
TRI-STATE WOMENS HEALTH ASSOC.,1,2,1
TRINITY HOSPITALS,1,2,1
"UNITY HEALTH CARE, INC",1,2,1
UNIVERSITY OF ARKANSAS FOR MEDICAL SCIENCES,1,2,1
"UNIVERSITY OF MARYLAND COMMUNITY MEDICAL GROUP, INC.",2,3,1
"UNIVERSITY OF MARYLAND ST. JOSEPH MEDICAL GROUP, LLC",3,4,1
UNIVERSITY PROFESSIONAL SERVICES,21,22,1
VANDERBILT ASTHMA SINUS ALLERGY PROGRAM,1,2,1
VIRGINIA HOSPITAL CENTER PHYSICIAN GROUP LLC,1,2,1
VIRGINIA MASON MEDICAL CENTER,1,2,1
WEST VIRGINIA UNIVERSITY MEDICAL CORPORATION,1,2,1
"WESTSHORE PRIMARY CARE ASSOC., INC.",2,3,1
"WILLOW MIDWIFE CENTER FOR BIRTH AND WELLNESS AZ, LLC",3,4,1
WOMEN'S HEALTHCARE ASSOCIATES OF OAKLAND PLLC,12,13,1
WOMENS CARE FLORIDA LLC,3,4,1
WOMENS WELLNESS PLLC,1,2,1
1STCALLHEALTH,0,1,1
"325 ASC, LLC",0,1,1
3BR P C,0,1,1
7739956300,0,1,1
87 MEDICAL GROUP,0,1,1
"A - ONE ASSISTING, LLC",0,1,1
A NEW JOURNEY COUNSELING,0,1,1
"A PLUS FAMILY CARE CENTER, INC",0,1,1
A.H. BARHOUSH M.D.P.A.,0,1,1
AAB BIRTH CENTER LLC,0,1,1
"ACCESS COMMUNITY HEALTH CENTERS, INC.",0,1,1
"ACCLAIM HEALTH SERVICES, INC.",0,1,1
ADVANCED CARE FOR WOMEN,0,1,1
ADVANCED CARE OB GYN LLC,0,1,1
ADVANCED HEALTHCARE FOR WOMEN AND CHILDREN A NURSING CORPORATION,0,1,1
"ADVANCED ORTHOPAEDIC SURGERY, P.A.",0,1,1
ADVENTIST HEALTH CLEARLAKE HOSPITAL INC.,0,1,1
"ADVENTIST HEALTHCARE, INC.",0,1,1
AFFINITY HOSPITAL LLC,0,1,1
"AGAPE COMMUNITY HEALTH CENTER, INC.",0,1,1
ALAMANCE COUNTY GOVT,0,1,1
ALAN B BRADLEY MD LLC,0,1,1
"ALASKA WOMEN'S HEALTH SERVICES, INC",0,1,1
ALL TIME URGENT AND MEDICAL CARE LTD,0,1,1
ALLIANCE MEDICAL CENTER,0,1,1
"ALLIED PHYSICIANS OF MICHIANA, LLC",0,1,1
ALOMERE HEALTH,0,1,1
ALTAMED HEALTH NETWORK INC,0,1,1
AMBULATORY UNITED,0,1,1
AMG LIVINGSTON LLC,0,1,1
AMPELIS HEALTH AT MINDFUL MEDICAL,0,1,1
ANCHORAGE BIRTH CENTER,0,1,1
ANDALUZ BIRTH CENTER,0,1,1
"ANESTHESIA CONSULTANTS OF THE DESERT, INC",0,1,1
"ANGEL CHANG MD, INC.",0,1,1
ANITA SPIREK M.D. P.L.L.C.,0,1,1
"ANNE M RAINVILLE, MD LLC",0,1,1
APEX HEALTHCARE SERVICES,0,1,1
APP OF NEW MEXICO HM PLLC,0,1,1
"ARIZONA MATERNITY AND WOMEN'S CLINIC, INC",0,1,1
"ARMS ACRES, INC.",0,1,1
AROOSTOOK MEDICAL CENTER,0,1,1
AROUND THE CIRCLE MIDWIFERY,0,1,1
ARTICULARIS HEALTHCARE GROUP INC.,0,1,1
ASIAN AMERICAN HEALTH COALITION OF THE GREATER HOUSTON AREA,0,1,1
ASPEN CENTER FOR WOMENS HEALTH,0,1,1
"ASPEN VISTA THERAPY, LLC",0,1,1
ASPIRUS KEWEENAW,0,1,1
"ASSOCIATES IN OB GYN, INC",0,1,1
ASTORIA BIRTH CENTER,0,1,1
ATHENA GYNCARE,0,1,1
ATLANTICARE REGIONAL MEDICAL CENTER,0,1,1
"ATLANTIS MEDICAL OFFICE BASED SURGERY, PLLC",0,1,1
AUBURN OBGYN PC,0,1,1
"AURORA ADVANCED HEALTHCARE, INC.",0,1,1
AURORA BIRTH CENTER,0,1,1
"AURORA SURGERY CENTERS, LLC",0,1,1
AUTHENTIC YOU,0,1,1
AZIZEH ASGARI MD,0,1,1
BABIES ARE BLESSINGS,0,1,1
BABY BUDDIES BIRTH CENTER,0,1,1
BAKERSFIELD MEMORIAL HOSPITAL,0,1,1
BALTIMORE WASHINGTON PROFESSIONAL SERVICES INC.,0,1,1
BANNER - UNIVERSITY MEDICAL CENTER TUCSON CAMPUS LLC,0,1,1
BANYAN TREE BIRTH CENTER LLC,0,1,1
BAPTIST MD ANDERSON CANCER PHYSICIANS INC,0,1,1
BARNES JEWISH HOSPITAL,0,1,1
BATES MILLER & SIMS PLLC,0,1,1
BAY PARK COMMUNITY HOSPITAL,0,1,1
BAYSIDE HEALTH ASSOCIATION,0,1,1
BEACH SIDE BIRTH CENTER LONG BEACH,0,1,1
BEATRICE COMMUNITY HOSPITAL,0,1,1
BEAVER DAM COMMUNITY HOSPITALS INC,0,1,1
BEAVERCREEK MEDICAL CENTER,0,1,1
BELLIN MEMORIAL HOSPITAL,0,1,1
BENTON COUNTY,0,1,1
"BERNADETTE OLIVIER ENTERPRISES, INCORPORATED",0,1,1
BHC FAIRFAX HOSPITAL INC,0,1,1
BIO-MEDICAL APPLICATIONS OF PENNSYLVANIA INC,0,1,1
BIRTH CARE & FAMILY HEALTH SERVICES,0,1,1
BIRTH CENTER AT NORTHERN SUN,0,1,1
"BIRTH CENTER NURSE MIDWIVES, A NURSING CORPORATION",0,1,1
"BIRTH HARMONY, INC.",0,1,1
BIRTH OUTSIDE THE BOX LLC,0,1,1
"BIRTHWAYS MIDWIFERY CARE, INC",0,1,1
"BIRTHWISE, LLC",0,1,1
"BLACK RIVER HEALTHCARE, INC.",0,1,1
"BLADEN HEALTHCARE, LLC",0,1,1
BLANCHFIELD ARMY COMMUNITY HOSPITAL,0,1,1
BLESSED BIRTHS FAMILY WELLNESS & BIRTH CENTER,0,1,1
BLUE CONTINENT HEALTHCARE GUAM MEDICAL CITY LLC,0,1,1
"BLUE MOUNTAIN GENETICS CLINIC, PLLC",0,1,1
BLUEBELL WELLNESS,0,1,1
"BON SECOURS ST. FRANCIS MEDICAL CENTER, INC.",0,1,1
"BON SECOURS-ST. MARY'S HOSPITAL OF RICHMOND, INC.",0,1,1
BOND CLINIC PA,0,1,1
BOYD OBSTETRICS & GYNECOLOGY OF CENTRAL ILLINOIS,0,1,1
BOZEMAN BIRTH CENTER,0,1,1
BRET H MILLER MD PA ORTHOPAEDIC AND SPORTS MEDICINE SPECIALISTS OF WAC,0,1,1
BRISTOL BAY BOROUGH,0,1,1
BRONX MEDICAL PRACTICE P.C.,0,1,1
"BRUNSWICK-HILLS OBSTETRICS AND GYNECOLOGY, PA",0,1,1
BRYAN C POGUE MD,0,1,1
"BULLOCK PREVENTIVE AND FAMILY MEDICINE, LLC",0,1,1
CALCASIEU CAMERON HOSPITAL SERVICE DISTRICT,0,1,1
"CAPITAL REGION MIDWIFERY, PLLC",0,1,1
CAPITAL REGIONAL HEALTHCARE LLC,0,1,1
"CARE INTEGRATIVE INTERNAL MEDICINE, LLC",0,1,1
"CAREARC, INC.",0,1,1
"CARENET, INC.",0,1,1
CARING COMMUNITY HEALTH CENTER,0,1,1
"CAROLINA AGE MANAGEMENT INSTITUTE, PC",0,1,1
CAROLINA OBGYN,0,1,1
CARRIS HEALTH - REDWOOD LLC,0,1,1
"CATALYST MEDICAL GROUP, PLLC",0,1,1
CB MEDICAL CENTER INC,0,1,1
CENTER RURAL HEALTH CLINIC,0,1,1
"CENTERPLACE HEALTH, INC",0,1,1
CENTRAL CAROLINA OB/GYN,0,1,1
"CENTRAL FLORIDA HEALTH CARE, INC.",0,1,1
"CENTRAL JERSEY MEDICAL CENTER, INC",0,1,1
CENTRAL PARK MIDWIFERY,0,1,1
CEP AMERICA - CALIFORNIA,0,1,1
CEP AMERICA - NEUROLOGY PC,0,1,1
CEPAMERICA ILLINOIS LLP,0,1,1
"CHAMPLAIN VALLEY MEDICAL ANESTHESIA SERVICES, PC",0,1,1
CHARLES D THOMPSON MD PLLC,0,1,1
"CHICAGO METROPOLITAN OBSTETRICIANS & GYNECOLOGISTS, LTD",0,1,1
CHICKASAW NATION DIVISION OF HEALTH,0,1,1
CHICKASAW NATION DIVISION OF HEALTH CHICKASAW NATION MEDICAL CENTER,0,1,1
"CHRISTOPHER LOWE, PSYCHOLOGY P.C.",0,1,1
CINCINNATI BIRTH CENTER LLC,0,1,1
"CIRCLE CITY MIDWIFERY & WOMEN'S HEALTH SERVICES, INC.",0,1,1
CLAUDIA AND STEVEN RAVINS MD PC,0,1,1
CLINICA UNION LLC,0,1,1
CLINICAS DE SALUD DEL PUEBLO INC,0,1,1
CMH WOMENS HEALTH SERVICES LLC,0,1,1
COASTAL WOMEN'S HEALTHCARE,0,1,1
COLUMBUS COUNTY OFFICE OF ACCOUNTANT,0,1,1
COMMUNICARE HEALTH CENTERS,0,1,1
COMMUNICATION EXCHANGE LLC,0,1,1
COMMUNITY HEALTH CENTER OF CENTRAL WYOMING INC,0,1,1
COMMUNITY HEALTH CENTER OF LUBBOCK,0,1,1
COMMUNITY HEALTH PARTNERS PHYSICIANS INC,0,1,1
COMMUNITY HEALTH SERVICES,0,1,1
COMMUNITY HOSPITALS AND WELLNESS CENTERS,0,1,1
"COMMUNITY MEDICAL CENTERS, INC.",0,1,1
COMMUNITY OF HOPE,0,1,1
"COMMUNITY OF HOPE, INC.",0,1,1
"COMPREHENSIVE HEALTHCARE, PC",0,1,1
CONFEDERATED SALISH & KOOTENAI TRIBES OF THE FLATHEAD RESERVATION,0,1,1
COOPER UNIVERSITY HOSPITAL,0,1,1
"CORE PHYSICIANS, LLC",0,1,1
CORNERSTONE FAMILY HEALTHCARE,0,1,1
CORPORE SANO HOME HEALTH CARE INC.,0,1,1
COUNTY OF CHARLEVOIX,0,1,1
COUNTY OF HILL,0,1,1
COUNTY OF LA PLATA,0,1,1
COUNTY OF ROBESON OFFICE OF TREASURER,0,1,1
COUNTY OF SAMPSON,0,1,1
COUNTY OF WASHTENAW,0,1,1
COVENANT HOUSE HEALTH SERVICES,0,1,1
CRAIG I. ARONSON,0,1,1
CRAVEN COUNTY,0,1,1
CUPIDS HANDZ,0,1,1
DAHLONEGA PHYSICIAN GROUP PC,0,1,1
DAVID C WYNECOOP MEMORIAL CLINIC,0,1,1
DAVID M KELLER MD PC,0,1,1
DEBIPARSHAD PROFESSIONAL SERVICES PLLC,0,1,1
DEEPTI REDDY MD MPH PLLC,0,1,1
"DENNIS G. BECHINI, D.O. PC",0,1,1
DEPARTMENT OF VETERAN'S AFFAIRS--TOMAH VA MEDICAL CENTER,0,1,1
DETROIT HEALTH CARE FOR THE HOMELESS,0,1,1
DH SPECIALTY SERVICES LLC,0,1,1
DLP WESTERN CAROLINA PHYSICIAN PRACTICES LLC,0,1,1
DOCTORS HOSPITAL OF RIVERSIDE LLC,0,1,1
"DOCTORS ON DUTY MEDICAL GROUP, INC",0,1,1
DONNA L MCLEAN LLC,0,1,1
DOVER FAMILY AND COSMENTIC DENTISTRY,0,1,1
"DR. MINIYARS PEDIATRICS, P.C.",0,1,1
DUBOIS REGIONAL MEDICAL CENTER,0,1,1
DULCE BIRTHING CENTER,0,1,1
"E. A. HAWSE HEALTH CENTER, INC.",0,1,1
EAST BATON ROUGE MEDICAL CENTER REHAB,0,1,1
EAST BAY COMMUNITY ACTION PROGRAM,0,1,1
EAST BAY PERINATAL MEDICAL ASSOCIATES,0,1,1
EASTERN MEDICAL ASSOCIATES LLC,0,1,1
EASTSIDE MIDWIVES,0,1,1
EDISON LAKES UROLOGY PLYMOUTH OFFICE,0,1,1
EDWARD B EADIE JR MD WOMENS UROLOGY,0,1,1
EISNER,0,1,1
"EMERGENCY MEDICINE PHYSICIANS OF NEW HAVEN COUNTY,LLC",0,1,1
"ENDION MEDICAL SERVICES, PC",0,1,1
ERIN K ELKINS,0,1,1
ERLANGER HEALTH,0,1,1
EVERCARE FAMILY PRACTICE LLC,0,1,1
EVERGREEN AIDS FOUNDATION,0,1,1
EXODUS HEALTHCARE NETWORK PLLC,0,1,1
"EYE CARE CONSULTANTS, PLLC",0,1,1
FAIRVIEW EXPRESS CARE,0,1,1
FAIRVIEW PHARMACY SERVICE LLC,0,1,1
FAMILY HEALTHCARE GROUP,0,1,1
FAMILY MEDICINE ASSOCIATES,0,1,1
FAMILY MEDICINE ASSOCIATES OF SANDUSKY CO LLC,0,1,1
FAMILY PAVILION LLC,0,1,1
FAMILY PLANNING ASSOCIATES MEDICAL GROUP INC,0,1,1
"FAMILY PLANNING ASSOCIATION OF NORTHEAST OHIO, INC.",0,1,1
FAMILY VISITOR PROGRAM,0,1,1
FARON GROUP PLLC,0,1,1
FAUSTER CAMERON INC.,0,1,1
"FEMINA WOMEN'S CENTER, PA",0,1,1
FERTILITY AND MIDWIFERY CARE CENTER LLC,0,1,1
FLORIDA DEPARTMENT OF FLORIDA,0,1,1
FLORIDA WOMAN CARE,0,1,1
"FLOURISH WOMENS WELLNESS, LLC",0,1,1
"FOUR WINDS - SARATOGA OUT-PATIENT PSYCHIATRIC SERVICE, P.C.",0,1,1
FREDERICK FERRIS THOMPSON HOSPITAL,0,1,1
FRIENDS OF FAMILY HEALTH CENTER,0,1,1
FROEDTERT & THE MEDICAL COLLEGE OF WISCONSIN COMMUNITY PHYSICIANS INC,0,1,1
FULCRUM BEHAVIORAL CONSULTANTS LTD,0,1,1
FULL CIRCLE MIDWIFERY,0,1,1
FVR MEDICAL GROUP OF TEXAS PROFESSIONAL ASSOCIATION,0,1,1
"GAINESVILLE COMMUNITY HOSPITAL, INC.",0,1,1
GARDEN STATE OBGYN,0,1,1
GEARY COUNTY HOSPITAL,0,1,1
GENERAL HEALTHCARE RESOURCES,0,1,1
GENTLE BEGINNINGS FAMILY CARE LLC,0,1,1
GENTLE HARBOR MIDWIFERY,0,1,1
GILA RIVER HEALTH CARE CORPORATION,0,1,1
GREATER BADEN MEDICAL SERVICE INCORPORATED,0,1,1
GREATER LAWRENCE FAMILY HEALTH CENTER INC,0,1,1
"GREENE MEMORIAL HOSPITAL SERVICES, INC",0,1,1
GROUP HEALTH COOPERATIVE,0,1,1
HABIT OPCO,0,1,1
HAMID ZADEH MD INC,0,1,1
"HARRIS 4 HEALTH, PLLC",0,1,1
"HARTFORD ANESTHESIA GROUP, LLC",0,1,1
HEALING PASSAGES BIRTH & WELLNESS CENTER,0,1,1
HEALTHCARE 2000 COMMUNITY CLINIC INC,0,1,1
HEALTHEAST CARE SYSTEM,0,1,1
HEALTHLINC PHARMACY LLC,0,1,1
HEALTHONE CLINIC SERVICES-SURGICAL SPECIALTIES LLC,0,1,1
HEART OF OHIO FAMILY HEALTH AT CAPITAL PARK PHARMACY,0,1,1
HEART OF OHIO FAMILY HEALTH CENTERS,0,1,1
"HEART OF TEXAS COMMUNITY HEALTH CENTER, INC",0,1,1
"HELEN KUDOS COUNSELING SERVICES, INC.",0,1,1
"HELP A CHILD, INC.",0,1,1
HENRY FORD MEDICAL CENTER FAIRLANE,0,1,1
HENRY J AUSTIN HEALTH CENTER INC,0,1,1
HERMITAGE PRIMARY CARE LLC,0,1,1
"HIGHLAND OB/GYN CLINIC, PA",0,1,1
HOSPITAL DISTRICT NO 1 OF RICE CO,0,1,1
HOSPITALIST MEDICINE PHYSICIANS OF NEW MEXICO-TCG LLC,0,1,1
HOUSTON COUNTY HEALTHCARE AUTHORITY,0,1,1
"IAH OF FLORIDA, LLC",0,1,1
"IDEAL WELLNESS FAMILY PRACTICE, PC",0,1,1
IHC HEALTH SERVICES,0,1,1
ILLINOIS IVF LLC,0,1,1
INDIANA BIRTH CENTER NORTH,0,1,1
"INDIANA REGIONAL SLEEP DISORDERS CENTER, INC",0,1,1
INNOVATIVE COMMUNITY HEALTH INSTITUTE LLC,0,1,1
"INSTITUTE FOR WOMEN'S HEALTH AND BODY, LLC",0,1,1
INTEGRATED COMMUNITY ONCOLOGY NETWORK LLC,0,1,1
INTEGRATED HEALING ARTS PA,0,1,1
INTEGRATIVE WOMENS CARE PC,0,1,1
INTEGRIS HEALTH PONCA CITY HOSPITAL INC,0,1,1
INTERNATIONAL COMMUNITY HEALTH SERVICES,0,1,1
IOWA SPECIALTY HOSPITAL - CLARION,0,1,1
"J. C. ACUPUNCTURE, LLC",0,1,1
"JANET M. PARNES, M.D, LLC",0,1,1
JEANNIE FRANKLIN,0,1,1
JERICHO ROAD MINISTRIES INC.,0,1,1
JOHN FITZGIBBON MEMORIAL HOSPITAL INC,0,1,1
"JOHN J. EICHENLAUB, MD, P.C.",0,1,1
JOHN P DELGADO MD PC,0,1,1
JOHN R GORNY MD INC,0,1,1
JOHNSON COUNTY DEPT OF HEALTH AND ENVIRONMENT,0,1,1
JONES CENTER FOR WOMENS HEALTH,0,1,1
KAISER PERMENENTE,0,1,1
KALISPELL REGIONAL MEDICAL CENTER INC,0,1,1
KANSAS CITY CARE CLINIC,0,1,1
KHAWAJA MD INC,0,1,1
KIC TRIBAL HEALTH CLINIC,0,1,1
KINGS COUNTY HOSPITAL,0,1,1
"KINSTON COMMUNITY HEALTH CENTER, INC",0,1,1
KIOSK MEDICINE KENTUCKY LLC,0,1,1
KLENZ FLORES PA,0,1,1
KURT D HARRISON DOPC,0,1,1
LA ESPERANZA CLINIC INC,0,1,1
LAB ONE INC,0,1,1
"LAHEY CLINIC HOSPITAL, INC.",0,1,1
LAKEVIEW ANESTHESIA,0,1,1
LAKEWOOD OBSTETRICS & GYNECOLOGY PA,0,1,1
"LANDER MEDICAL CLINIC, P.C.",0,1,1
LEGACY MOUNT HOOD MEDICAL CENTER,0,1,1
LEXINGTON REGIONAL HEALTH CENTER,0,1,1
LIFETIME WOMEN'S HEALTH & FITNESS CENTERS P.C.,0,1,1
LONGMONT CLINIC LAB,0,1,1
LONGVIEW MEDICAL CENTER LP,0,1,1
"LONGVIEW WELLNESS CENTER, INC.",0,1,1
LORAIN COUNTY HEALTH & DENTISTRY,0,1,1
"LOW COUNTRY HEALTH CARE SYSTEM, INC",0,1,1
"LOWELL COMMUNITY HEALTH CENTER, INC.",0,1,1
LUNA WOMEN'S WELLNESS AND BIRTH CENTER PC,0,1,1
MACOMB PROMPT CARE PLLC,0,1,1
MADELEINE SHERNOCK CORP.,0,1,1
MADISON BIRTH CENTER,0,1,1
MADISON CO MEMORIAL HOSPITAL,0,1,1
"MADRONA MEDICAL GROUP, P.S.",0,1,1
MAIMONIDES MEDICAL CENTER MMC MIDWIFERY,0,1,1
MANSION STREET OBSTETRICS & GYNECOLOGY PC,0,1,1
"MAPLE CITY HEALTH CARE CENTER, INC.",0,1,1
MARICOPA COUNTY SPECIAL HEALTHCARE DISTRICT,0,1,1
MARQUETTE UNIVERSITY,0,1,1
MARTIN CLINIC CORP,0,1,1
MATERNITY MEDICAL GROUP PLLC,0,1,1
MCCUNE BROOKS HOSPITAL,0,1,1
MCHS HOSPITALS INC,0,1,1
MCLAREN MEDICAL MANAGEMENT INC.,0,1,1
MCLEOD PHYSICIAN ASSOCIATES II,0,1,1
"MCR HEALTH, INC.",0,1,1
MECKLENBURG MEDICAL GROUP,0,1,1
MEDICAL ASSOCIATES OF RHODE ISLAND INC.,0,1,1
MELISSA WENDELL MSN CNM LLC,0,1,1
MEMORIAL ELDER HEALTH SERVICES,0,1,1
MENTAL HEALTH AMERICA OF LOS ANGELES,0,1,1
MENTELE HEALTHY LLC,0,1,1
MERCY URGENT CARE,0,1,1
"METHODIST ASSOCIATES IN HEALTHCARE, INC",0,1,1
"METRO COMMUNITY PROVIDER NETWORK, INC.",0,1,1
"METRO-EAST SERVICES, INC.",0,1,1
MGH FAMILY HEALTH CENTER,0,1,1
"MH HEALTH CARE SERVICES, PC",0,1,1
MICHAEL D GEILING INC,0,1,1
"MICHIGAN HOSPITALISTS, PC",0,1,1
MID- HUDSON MEDICAL GROUP P C,0,1,1
"MIDTOWN OBSTETRICS & GYNECOLOGY, INC",0,1,1
MIDWEST WOMENS HEALTHCARE SPECIALISTS LLC,0,1,1
"MIDWIFE IN THE CITY, PC",0,1,1
MIDWIFERY & WOMEN'S HEALTHCARE SPECIALTIES,0,1,1
MILWAUKEE HEALTH SERVICES,0,1,1
MINNEAPOLIS TMS LLC,0,1,1
"MISSION HOSPITALS, INC.",0,1,1
MMC FAMILY CARE CENTER,0,1,1
MODERN PAIN CONSULTANTS,0,1,1
"MONMOUTH FAMILY HEALTH CENTER, INC",0,1,1
"MONTGOMERY EMERGENCY GROUP, LLC",0,1,1
MOUNT VERNON NEIGHBORHOOD HEALTH CENTER INC,0,1,1
"MOUNTAINLANDS COMMUNITY HEALTH CENTER, INC",0,1,1
MOUNTAINS EDGE MEDICAL GROUP PLLC,0,1,1
MUNSTER MEDICAL RESEARCH FOUNDATION INC,0,1,1
MUSLIMAT AL-NISAA INC,0,1,1
NAUGATUCK VALLEY OB-GYN,0,1,1
NBMC DAY SURGERY INC,0,1,1
NEIGHBORHOOD HEALTH,0,1,1
"NEIGHBORHOOD HEALTH CENTER OF WNY, INC.",0,1,1
NEIGHBORHOOD MEDICAL CENTER,0,1,1
NEVADA HEALTH CENTERS INC,0,1,1
NEW BEGINNINGS BABY PLACE LLC.,0,1,1
NEW MOMS OF GREEN BAY SC,0,1,1
NEXTCARE ARIZONA LLC,0,1,1
NHCAC,0,1,1
NORTH COUNTRY HEALTHCARE INC,0,1,1
NORTH HOUSTON WOMENS HEALTH CARE,0,1,1
NORTH OLYMPIC HEALTHCARE NETWORK,0,1,1
NORTH TEXAS OB GYN ASSOCIATES,0,1,1
NORTHEAST VALLEY HEALTH CORPORATION,0,1,1
NORTHERN COLORADO BIRTH CENTER LLC,0,1,1
"NORTHERN VALLEY CATHOLIC SOCIAL SERVICES, INC.",0,1,1
NORTHWEST OHIO OBGYN ASSOCIATES,0,1,1
NORTON SOUND HEALTH CORPORATION,0,1,1
NORWICH DIAGNOSTIC IMAGING ASSOCIATES P.C,0,1,1
NOVANT HEALTH BALLANTYNE MEDICAL CENTER LLC,0,1,1
NOVANT MEDICAL GROUP INC,0,1,1
OB/GYN ASSOCIATES,0,1,1
OB/GYN ASSOCIATES. L.C.,0,1,1
OBS HOME BIRTH & WELLNESS PLLC,0,1,1
OBSTETRICS & GYNECOLOGY ASSOCIATES OF EAST TEXAS,0,1,1
OGLALA SIOUX TRIBE,0,1,1
OHIO BIRTH CENTER,0,1,1
OLEAN MEDICAL GROUP COUMADIN CLINIC,0,1,1
"ONEWORLD COMMUNITY HEALTH CENTERS, INC.",0,1,1
"OPERATION SAMAHAN, INC.",0,1,1
OPTIMUS HEALTH CARE INC,0,1,1
"ORACLE HEART & VASCULAR, INC.",0,1,1
"OSO HOME CARE, INC.",0,1,1
OSU FAMILY PRACTICE SERVICES,0,1,1
OSU NISONGER CENTER,0,1,1
"OWENSBORO HEALTH MEDICAL GROUP, INC.",0,1,1
PACIFIC MIDWIFERY SERVICE,0,1,1
"PARAGON HEALTH ASSOCIATES, LLC",0,1,1
PARK CENTER INC,0,1,1
PARK WEST HEALTH SYSTEMS INCORPORATED,0,1,1
"PAUL N SMITH MD, PA",0,1,1
PEACE BIRTH AND WELLNESS,0,1,1
PEAVEY MEDICAL PC,0,1,1
"PEDIATRICS, P.C.",0,1,1
"PEDRO LOPEZ, M.D., LTD",0,1,1
"PERINATAL ASSOCIATES, PA",0,1,1
PHYSICIANS HEALTH ALLIANCE INC,0,1,1
PHYSIOTHERAPY ASSOCIATES INC,0,1,1
PIEDMONT PROVIDERS LLC,0,1,1
"PLANNED PARENTHOOD ASSOC. OF THE MERCER AREA, INC.",0,1,1
"PLANNED PARENTHOOD GULF COAST, INC.",0,1,1
PLANNED PARENTHOOD HUDSON PECONIC,0,1,1
"PLANNED PARENTHOOD LEAGUE OF MASSACHUSETTS, INC.",0,1,1
PLANNED PARENTHOOD OF WEST & NORTHERN MICHIGAN,0,1,1
"PLASTIC AND CRANIOFACIAL SURGERY FOR INFANTS AND CHILDREN, P.A.",0,1,1
"PREMISE HEALTH OF INDIANA MEDICAL, P.C.",0,1,1
PRIMA MEDICAL FOUNDATION,0,1,1
PROWERS COUNTY HOSPITAL DISTRICT,0,1,1
"QUALITY OF LIFE HEALTH SERVICES,INC",0,1,1
RAPID CITY INDIAN HEALTH SERVICE HOSPITAL,0,1,1
"RAQUEL L. DIBBLE, CNM, P.C.",0,1,1
READING MIDWIFE ENTERPRISES LLC,0,1,1
READING OB-GYN P. C.,0,1,1
READING OB/GYN & WOMEN'S BIRTH CENTER,0,1,1
RED CLIFF BAND OF LAKE SUPERIOR CHIPPEWA INDIANS,0,1,1
"REGEN PHYSICAL THERAPY, LLP",0,1,1
"REID PHYSICIAN ASSOCIATES, INC.",0,1,1
REUNION WOMEN' HEALTH & BIRTH CENTER,0,1,1
"RICK P. SALOCKER DPM, PC",0,1,1
RIVERSIDE HOSPITAL INC,0,1,1
RIVIA MEDICAL PLLC,0,1,1
ROCKBRIDGE AREA FREE CLINIC,0,1,1
"ROCKY MOUNTAIN RADIOLOGY SERVICES, LLC",0,1,1
ROMMIE F. FAKHOURY MD INC,0,1,1
RUSH MEDICAL FOUNDATION,0,1,1
RYAN-NENA COMMUNITY HEALTH CENTER,0,1,1
S.Y.A.H.,0,1,1
"SACRED ROOTS MIDWIFERY BIRTH CENTER, INC",0,1,1
"SAINT JOSEPH COMMUNITY HOSPITAL OF MISHAWAKA, INC.",0,1,1
SAMARITAN PACIFIC HEALTH SERVICES INC,0,1,1
"SAMUEL U. RODGERS HEALTH CENTER, INC",0,1,1
"SAN LUIS WALK-IN CLINIC, INC.",0,1,1
SEATTLE REPRODUCTIVE MEDICINE,0,1,1
SERENITY LIFE COUNSELING CENTER LLC,0,1,1
SHADY GROVE CENTER FOR PREIMPLANTATION GENETICS,0,1,1
SHARP REES-STEALY MEDICAL CENTER,0,1,1
SHARROCK MEDICAL LLC,0,1,1
SIDNEY HEALTH CENTER,0,1,1
SIXTY FOURTH STREET LLC,0,1,1
SKYVIEW FAMILY MEDICINE PC,0,1,1
"SOMERSET OB/GYN ASSOCAITES, LTD",0,1,1
"SOUND HEALTH IMAGING, INC.",0,1,1
"SOUTH BAY OB/GYN MEDICAL GROUP, INC.",0,1,1
"SOUTH SHORE MIDWIVES, PLLC",0,1,1
"SOUTH VALLEY WOMEN'S IMAGING, LLC",0,1,1
SOUTHBRIDGE MEDICAL ADVISORY COUNCIL INC,0,1,1
SOUTHCOAST HOSPITALS GROUP,0,1,1
SOUTHERN JERSEY FAMILY MEDICAL CENTERS INC,0,1,1
SOUTHERN OBSTETRIC & GYNECO ASSOCIATES,0,1,1
ST JOSEPHS HOSPITAL OF BUCKHANNON,0,1,1
ST MARY'S REGIONAL HEALTH CENTER,0,1,1
"ST PAUL PLACE SPECIALISTS, INC.",0,1,1
ST VINCENT HOSPITAL-HOSPITAL SISTERS-THIRD ORDER OF ST FRANCIS,0,1,1
ST. BARNABAS OB/GYN P.C.,0,1,1
ST. GEORGE OBGYN LLC,0,1,1
"ST. VINCENT'S MEDICAL CENTER - CLAY COUNTY, INC",0,1,1
"STAND & DELIVER MIDWIFERY, LLC",0,1,1
SULE A SALAMI MDPC,0,1,1
SUMMA PHYSICIANS INC,0,1,1
SUMTER FAMILY HEALTH CENTER,0,1,1
SUPERIOR VIEW RADIOLOGY PLC,0,1,1
"SUSAN M. PARISI, MD, LLC",0,1,1
SUSSMAN OBGYN LLC,0,1,1
SUTTER GOULD MEDICAL FOUNDATION,0,1,1
"TANDEM PSYCHIATRIC HEALTH, ADVANCED NURSING PRACTICE INC.",0,1,1
"TENET HEALTHSYSTEM MEMORIAL MEDICAL CENTER, INC.",0,1,1
THE BIRTHING INN,0,1,1
"THE DULUTH CLINIC, LTD",0,1,1
"THE GOOD SAMARITAN HOSPITAL OF LEBANON, PENNSYLVANIA",0,1,1
"THE HEALTHCARE CONNECTION, INC",0,1,1
"THE MILK SPOT, LLC",0,1,1
"THE ODESSA BIRTH CENTER, PLLC",0,1,1
THE VIRGINIA LEAGUE FOR PLANNED PARENTHOOD,0,1,1
THOMAS L VANWINGEN MD PC,0,1,1
THROUGH THE FOREST COUNSELING INC.,0,1,1
TMC TANNER GYNECOLOGY INC,0,1,1
"TOOTH BROTHERS, LLC",0,1,1
"TOUCHSTONE IMAGING OF PEORIA, LLC",0,1,1
"TRANSYLVANIA COMMUNITY HOSPITAL, INC.",0,1,1
TRI-COUNTY COMMUNITY HEALTH SERVICES,0,1,1
TRI-COUNTY HEALTH DEPARTMENT,0,1,1
TRI-COUNTY HOSPITAL,0,1,1
TRI-STATE COMMUNITY HEALTH CENTER-HOSP PHYSICIANS PRACTICE,0,1,1
TRINITY HEALTH,0,1,1
TRUE NORTH RECOVERY INC.,0,1,1
UK LMFT GROUP,0,1,1
UNION COMMUNITY CARE,0,1,1
"UNITED COMMUNITY AND FAMILY SERVICES, INC",0,1,1
UNITED STATES ARMY,0,1,1
"UNITY HEALTH CARE, INC.",0,1,1
UNIVERSITY HEALTH ASSOCIATES,0,1,1
"UNIVERSITY OF CINCINNATI PHYSICIANS COMPANY, LLC",0,1,1
UNIVERSITY OF UTAH HOSPITALS AND CLINICS,0,1,1
UNVERSITY OF MARYLAND MEDICAL CENTER,0,1,1
UTMB FACULTY GROUP PRACTICE,0,1,1
W A FOOTE MEMORIAL HOSPITAL INC,0,1,1
WAKE FOREST BAPTIST HEALTH CENTER,0,1,1
WAVERLY HEALTH CENTER,0,1,1
WAYNE BEHAVIORAL HEALTH NETWORK,0,1,1
WAYNE COUNTY HOSPITAL,0,1,1
"WAYNE COUNTY TREASURER-PAYROLL, COUNTY OF WAYNE",0,1,1
WAYNE MEMORIAL COMMUNITY HEALTH CENTERS,0,1,1
"WELSHWOOD HEALTH CARE, PLLC",0,1,1
WESTCHESTER URGENT CARE PLLC,0,1,1
WESTERN NC COMMUNITY HEALTH SVCS,0,1,1
WESTERN NEW YORK MEDICAL PRACTICE PC,0,1,1
WESTSIDE WOMENS CARE,0,1,1
WHITTIER STREET HEALTH CENTER BEHAVIORAL HEALTH,0,1,1
WILD EARTH WELLNESS,0,1,1
WINCHESTER OB/GYN LAB,0,1,1
WINNEBAGO COUNTY HEALTH DEPARTMENT,0,1,1
WISECHOICE MULTISPECIALTY CLINIC,0,1,1
"WITH WOMAN WELLNESS OF MIDWIFERY, PLLC",0,1,1
WITH WOMEN WELLNESS LLC,0,1,1
WOMANCARE,0,1,1
"WOMEN FIRST, OBSTETRICS & GYNECOLOGY, P.C.",0,1,1
WOMEN'S HEALTH AND LASER CARE,0,1,1
WOMENS HEALTHCARE CENTER PLLC,0,1,1
WOMENS OB GYN PC,0,1,1
WOMENS' HEALTH PARTNERS OF CALIFORNIA,0,1,1
WORCESTER COMMUNITY MIDWIFERY INC,0,1,1
"ZUFALL HEALTH CENTER, INC",0,1,1
1150 MAIN STREET INC,1,1,0
96TH MEDICAL GROUP,4,4,0
A MOTHER'S CHOICE,1,1,0
A WOMAN'S PLACE,1,1,0
"A WOMAN'S PLACE, LLC",4,4,0
A WOMANS PLACE IN FAYETTEVILLE PLLC,1,1,0
A WOMANS PLACE LLC,4,4,0
"A&A BALANCED HEALTH, APC",1,1,0
ABC MIDWIFERY CLINIC LLC,4,4,0
ABUNDANCE MIDWIFERY SERVICE,1,1,0
ACACIA OB GYN PROFESSIONAL ASSOCIATION,3,3,0
ACCESSIBLE HEALTH CARE LLC,1,1,0
ADASHEK AND WILKES LLP,2,2,0
ADDISON ASSOCIATES IN OBSTETRICS AND GYNECOLOGY,1,1,0
"ADEFRIS & TOPPIN WOMEN'S SPECIALISTS,MDPC",1,1,0
"ADEPT HEALTH CARE SERVICE, INC.",1,1,0
ADVANCED FAMILY MEDICINE PLLC,1,1,0
"ADVANCED OB GYN, PLLC",1,1,0
ADVANCED RADIOLOGY CONSULTANTS SC,1,1,0
ADVANCED WOMENS CARE CENTER SC,2,2,0
ADVANCED WOMENS HEALTH CENTER INC,1,1,0
ADVANCED WOMENS HEALTHCARE SC,1,1,0
"ADVENTIST HEALTH PARTNERS, INC",2,2,0
ADVENTIST HEALTH PHYSICIANS NETWORK,4,4,0
AEGIS WOMEN'S HEALTHCARE,2,2,0
AFFINIA HEALTHCARE,1,1,0
AGAPE FAMILY WELLNESS,1,1,0
AGNES SCHAFFER,1,1,0
AION WOMENS HEALTH SC,1,1,0
AIRPORT-PLAYA WOMENS MEDICAL GROUP A MEDICAL CORPORATION,1,1,0
"AISHLING OBSTETRICS AND GYNECOLOGY, S.C.",1,1,0
AJPC PHARMACY INC.,1,1,0
AKUSHERKA LLC,1,1,0
ALABAMA WOMENS CENTER FOR REPRODUCTIVE ALTERNATIVES,1,1,0
ALAMEDA COUNTY MEDICAL GROUP,1,1,0
ALAMO RANCH COUNSELING & WELLNESS PLLC,1,1,0
"ALAMO WOMEN'S OBSTETRICS & GYNECOLOGY, PLLC",5,5,0
"ALASKA OB-GYN ASSOCIATES,LLC",1,1,0
"ALBANY AREA PRIMARY HEALTH CARE, INC.",7,7,0
ALBANY OB-GYN LLC,1,1,0
ALBEMARLE REGIONAL HEALTH SERVICES,1,1,0
ALCONA CITIZENS FOR HEALTH INC,1,1,0
"ALEXANDER & ASSOCIATES WOMEN'S HEALTH CARE, S.C.",1,1,0
"ALFRED G PETERS, M.D., INC",1,1,0
ALICE PECK DAY MEMORIAL HOSPITAL,1,1,0
ALIVIA INTEGRATIVE WOMEN'S HEALTH & MIDWIFERY LLC,1,1,0
"ALIVIO MEDICAL CENTER, INC.",3,3,0
ALL ABOUT WOMENS CARE INC,1,1,0
ALL ABOUT WOMENS HEALTH OBGYN & MIDWIFERY LLC,1,1,0
ALL CHILDREN'S OB/GYN SPECIALISTS,1,1,0
ALL WOMENS HEALTHCARE INC,1,1,0
ALL WOMENS HEALTHCARE OF SOUTH BROWARD INC,3,3,0
ALL WOMENS HEALTHCARE PA,1,1,0
ALLEGHENY CLINIC,11,11,0
ALLIANCE SURGERY CENTER,1,1,0
ALLIANCE WOMEN'S HEALTH LLC,1,1,0
ALLO INTEGRATIVE HEALTH CENTER,1,1,0
ALPHA OBGYN INC,1,1,0
ALPHARETTA WOMEN'S SPECIALISTS,1,1,0
"ALTERNATIVES FOR WOMEN,INC.",1,1,0
"ALTOONA OB/GYN ASSOCIATES, INC.",1,1,0
ALTOS OAKS MEDICAL GROUP INC,1,1,0
ALTRU HEALTH SYSTEM,1,1,0
ALVIN THOMAS HYSLOP M.D. P.A.,1,1,0
AMBERWELL ATCHISON ASSOCIATION,1,1,0
AMELIA E LAING M.D. LTD,1,1,0
AMENA WOMEN'S HEALTH INC,1,1,0
"AMERICAN HEALTH NETWORK OF INDIANA, LLC",1,1,0
AMERICAN INDIAN HEALTH AND FAMILY SERVICES,1,1,0
"ANCHOR HEALTHCARE, PLC",1,1,0
"ANCHORAGE WOMEN'S CLINIC, LLC",2,2,0
"ANCHORED WOMEN'S HEALTH, LLC",1,1,0
ANDERSON REGIONAL MEDICAL CENTER,1,1,0
"ANDREA PHILLIPS ARNP, LLC",1,1,0
ANIRUDH GUPTA MD PHD INC,1,1,0
"ANN MARIE ARRIGO, M.D., P.C.",1,1,0
"ANNABELLE LOPEZ M.D., P.A.",1,1,0
"ANNAPOLIS OB/GYN ASSOCIATES, P.A.",1,1,0
"ANNE MARGOLIS, MIDWIFE P.C.",1,1,0
ANTHONY P. KOULIANOS MD INC,1,1,0
"ANUPAM GARG MD, A MEDICAL CORPORATION",1,1,0
ARCADIA NURSING HOME,1,1,0
"AREA WIDE OB-GYN HEALTH SERVICES, P.C.",2,2,0
"ARGEN-MEDICAL, PLLC",1,1,0
ARIZONA OB/GYN AFFILIATES PC,2,2,0
"ART OF BIRTH MIDWIFERY, PLC",2,2,0
ASA YANCY HEALTH CENTER,1,1,0
ASBERY AND ASSOCIATES OB GYN LLC,1,1,0
ASELA C RUSSELL MD PC,1,1,0
ASHLEY VALLEY PHYSICIAN PRACTICE LLC,1,1,0
"ASPEN OBSTETRICS & GYNECOLOGY, PC",1,1,0
"ASSOCIATED WOMEN'S HEALTH SPECIALISTS, P.C.",1,1,0
"ASSOCIATES FOR WOMEN'S CARE, P.S.C.",2,2,0
"ASSOCIATES FOR WOMEN'S WELLNESS, LLC",2,2,0
"ASSOCIATES IN OBSTETRICS & GYNECOLOGY, PC",6,6,0
ATHENA MENTAL HEALTH,1,1,0
ATLANTA GYNECOLOGY & OBSTETRICS P.C.,8,8,0
ATLANTA PERINATAL ASSOCIATES,3,3,0
"ATRIUM OB/GYN., INC.",1,1,0
ATTENTIVE MIDWIFERY P.C.,3,3,0
ATTUNE MENOPAUSE CARE PLLC,1,1,0
ATX SLEEP DOCS,1,1,0
"AUGUSTA HEALTH CARE FOR WOMEN, PLC",6,6,0
AXIS MEDICAL,1,1,0
AYA BIRTH & COMMUNITY WELLNESS,1,1,0
"AZALEA WOMEN'S HEALTHCARE, PA",1,1,0
BABITHA NALLURI MD LTD,1,1,0
BABYMOON INN FAMILY CARE LLC,3,3,0
"BABYMOON INN OF TUCSON, LLC",1,1,0
BACK & BODY RECOVERY,1,1,0
"BALANCED HEALTH, LLC",1,1,0
BAPTIST EASLEY HOSPITAL,2,2,0
BARRETT & GEISS DERMATOLOGY INC,1,1,0
BAY CLINIC,2,2,0
"BAYADA HOME HEALTH CARE, INC.",1,1,0
"BAYCARE MEDICAL GROUP, INC",2,2,0
BAYLA BERKOWITZ CNM PC,1,1,0
BAYSTATE OB/GYN GROUP INC,3,3,0
"BAYVIEW OB/GYN, P.A.",2,2,0
BEACH SIDE BIRTH CENTER CORONA,1,1,0
BEACHSIDE BIRTH CENTER LONG BEACH,1,1,0
BEACON COMMUNITY MIDWIFERY,1,1,0
"BELIEVE MIDWIFERY SERVICES, LLC",1,1,0
BELLA BIRTHS,1,1,0
BELLA NATURAL WOMENS CARE,1,1,0
BELLEFONTAINE OB GYN INC,1,1,0
BELLEVUE HOSPITAL CENTER HHC,1,1,0
BELLEZZA SENSA LLC,1,1,0
BELLINGHAM CENTER FOR HEALTHY MOTHERHOOD PLLC,1,1,0
"BELLY TO CRADLE, LLC",1,1,0
BELONGING MEDICAL GROUP PLLC,1,1,0
BENEFIS HOSPITALS INC,1,1,0
BERKSHIRE FACULTY SERVICES,2,2,0
"BERNALILLO FAMILY HEALTH CLINIC, LLC",1,1,0
BESTCARE TREATMENT SERVICES,1,1,0
"BETH R HARDIMAN, M.D.",1,1,0
"BETTENEL MEDICAL GROUP, INC",1,1,0
BEYOND BIRTH ABQ LLC,1,1,0
"BEYOND BIRTH, LLC",1,1,0
BIMC OB-GYN ASSOCIATES,1,1,0
BIRTH & BEYOND P A,1,1,0
"BIRTH & WELLNESS CENTER OF GAINESVILLE, LLC",2,2,0
"BIRTH AND BEYOND INC,",5,5,0
BIRTH AND WELLNESS CENTER LLC,1,1,0
BIRTH AND WOMENS HEALTH CENTER INC,1,1,0
BIRTH HAVEN LLC,1,1,0
BIRTH N' BEYOND,8,8,0
BIRTH PRAY LOVE,1,1,0
BIRTHCARE & WOMENS HEALTH,1,1,0
BIRTHING ADVENTURES MIDWIFERY,1,1,0
BIRTHING WOMEN'S HEALTH,1,1,0
BK MIDWIFERY,1,1,0
BLACK HILLS OBSTETRICS & GYNECOLOGY LLC,1,1,0
"BLACKWELL PHYSICIANS, LLC",1,1,0
BLESSINGS BIRTH CENTER,1,1,0
BLOOM PHYSICAL THERAPY & WELLNESS PLLC,1,1,0
BLOSSOM BIRTH CENTER,2,2,0
"BLUE RIDGE HEALTHCARE MEDICAL GROUP, INC.",1,1,0
BLUE RIDGE MEDICAL MANAGEMENT CORPORATION,1,1,0
"BLUE RIDGE WOMEN'S CENTER, PA",3,3,0
BLUE SPRUCE BIRTH AND WELLNESS LLC,2,2,0
BOBBY PEZESHKI MD INC,1,1,0
BODY & MIND WELLNESS LLC,1,1,0
BODY AND SOUL SOVEREIGNTY UNITED,1,1,0
BOISE OBSTETRIC & GYNECOLOGIC ASSOCIATES PA,1,1,0
BON SECOURS ST. FRANCIS MEDICAL CENTER INC,1,1,0
"BOSTON UNIVERSITY FAMILY MEDICINE, INC.",1,1,0
BOTHWELL REGIONAL HEALTH CENTER,1,1,0
BOULDER GYNECOLOGY & MINIMALLY INVASIVE SURGERY,2,2,0
"BOULDER MEDICAL CENTER, P.C.",1,1,0
"BOULDER VALLEY WOMEN'S HEALTH CENTER, INC.",2,2,0
BOYE-DOE WOMENS HEALTH CENTER INC,1,1,0
"BRADLEY AXLINE OBSTETRICS AND GYNECOLOGY, PA",1,1,0
BRAINWAVE NEURODIAGNOSTICS LLC,1,1,0
BRANDYWINE WOMENS HEALTH ASSOCIATES,2,2,0
BRATTLEBORO MEMORIAL HOSPITAL,2,2,0
"BRAVE PSYCHOLOGY, PLLC",1,1,0
"BRAZOS VALLEY COMMUNITY ACTION AGENCY, INC.",1,1,0
BRIDGE CARE FOR WOMEN LLC,1,1,0
"BRIGGS FAMILY MEDICINE, PLLC",1,1,0
BRIGHAM AND WOMEN'S HOSPITAL,1,1,0
BROCKTON NEIGHBORHOOD HEALTH CENTER,10,10,0
BROOKSIDE PSYCHIATRIC SPECIALISTS PLLC,1,1,0
"BROOME OBSTETRICS AND GYNECOLOGY, P.C.",3,3,0
BUTLER MEDICAL PROVIDERS,2,2,0
BUTTE SILVER BOW PRIMARY HEALTH CARE CLINIC INC,1,1,0
"BYENVENI BABY, LLC",2,2,0
"BYRON B. HOLT, MD, PA,",1,1,0
C&L PLLC,1,1,0
CALI CORP,1,1,0
CALIFORNIA OB/GYN,3,3,0
CANYON MIDWIFERY LLC,1,1,0
"CAPE CARE FOR WOMEN, LLC",3,3,0
CAPITOL CITY FAMILY HEALTH CENTER INCORPORATED,1,1,0
"CARDIO PULMONARY HOME CARE SERVICES, INC.",1,1,0
CARE AT HOME MEDICAL PRACTICE PC,1,1,0
"CARE FOR WOMEN, LLC",4,4,0
"CARENET MEDICAL GROUP, PC",1,1,0
CARILION MEDICAL CENTER,1,1,0
CARING FOR WOMEN PA,6,6,0
"CARING HEALTH CENTER, INC.",1,1,0
CARITAS FAMILY MEDICINE PLLC,2,2,0
"CAROL M. PATIN, M.D.,A PROFESSIONAL MEDICAL CORPORATION",1,1,0
CAROLINA ELITE WOMEN'S CARE,1,1,0
CARRBORO MIDWIFERY LLC,1,1,0
"CARROLL HEALTH GROUP, LLC",1,1,0
CARTERET OB GYN ASSOCIATES,2,2,0
"CASCADIA WOMEN'S CLINIC, LLP",1,1,0
CASSIDY MEDICAL GROUP - OB-GYN,1,1,0
CATCHING JOY MIDWIFERY,1,1,0
CATHOLIC COMMUNITY SERVICES OF WESTERN WASHINGTON,1,1,0
"CATHY J. BERRY, M.D., P.C.",1,1,0
"CCRM MINNEAPOLIS, PC",1,1,0
"CCRM NORTHERN VIRGINIA, LLC",1,1,0
"CDS,PA",1,1,0
CELESTE M GOOD,1,1,0
CELESTIAL MIDWIFERY SERVICES LLC,1,1,0
"CENTER FOR MATERNAL-FETAL CARE, P.A.",1,1,0
"CENTERPLACE HEALTH, INC.",1,1,0
CENTRACARE CLINIC,2,2,0
CENTRAL CAROLINA DOULAS LLC,1,1,0
CENTRAL FALLS CHILDREN'S FOUNDATION,1,1,0
CENTRAL IOWA HOSPITAL CORPORATION,8,8,0
"CENTRAL IOWA OB/GYN SPECIALISTS OF DES MOINES, PLC",1,1,0
CENTRAL TEXAS COMMUNITY HEALTH CENTERS,5,5,0
"CHARLES CITY FAMILY HEALTH CTR, P.C.",2,2,0
CHARLESTON AREA MEDICAL CENTER,1,1,0
CHATTANOOGA HAMILTON COUNTY HOSPITAL AUTHORITY,2,2,0
CHATTANOOGA WOMEN'S SPECIALISTS PC,1,1,0
CHCA MAINLAND LP,1,1,0
CHENA OBSTETRICS & GYNECOLOGY PC,2,2,0
"CHEROKEE WOMEN'S HEALTH SPECIALIST, P.C.",1,1,0
"CHI HEALTH CLINIC SPECIALTY, LLC",5,5,0
CHILDBIRTH THE WAY NATURE INTENDED INC,1,1,0
CHINN GYN LLC,1,1,0
CHIPPEWA COUNTY WAR MEMORIAL HOSPITAL,1,1,0
"CHOICES MEDICAL SERVICES, PC",1,1,0
CHOPTANK COMMUNITY HEALTH SYSTEM INC,1,1,0
CHRISTIANA CARE HEALTH SERVICES INC,1,1,0
CHRISTIANA CARE PENNSYLVANIA INC,1,1,0
"CHRISTOPHER L. MARLOWE, MD INC",5,5,0
CHULA VISTA WOMENS CARE INC,1,1,0
CITY OF COLUMBUS,1,1,0
CITY OF CUDAHY,1,1,0
CLACKAMAS COUNTY,1,1,0
CLEMENTINE MIDWIFERY AND NATURAL BIRTH,2,2,0
CLEVELAND CLINIC FOUNDATION,1,1,0
CLINICA DEL ALMA INC.,1,1,0
"CLINICA PRENATAL SAN JOSE, INC.",1,1,0
CLINICA SIERRA VISTA,1,1,0
COASTAL CARDIOLOGY P A,1,1,0
COASTAL MEDICAL CARE,1,1,0
COASTAL OB GYN PA,1,1,0
COASTAL OBSTETRICS AND GYNECOLOGY PC,1,1,0
COBB GYNECOLOGIST 2 LLC,1,1,0
"CODA, INC.",1,1,0
"COEUR OBSTETRICS AND GYNECOLOGY, PLLC",2,2,0
COLLECTIVE MIDWIFERY CARE LLC,1,1,0
"COLON & RECTAL SURGICAL ASSOCIATES OF SAN ANTONIO, P.A.",1,1,0
"COLORADO SPRINGS OBSTETRICS & GYNECOLOGY, P.C.",3,3,0
COLUMBIA LUTHERAN CHARITIES,3,3,0
COLUMBIA MEMORIAL HOSPITAL,2,2,0
COLUMBIA SCHOOL OF NURSING,1,1,0
COLUMBIA UNIVERSITY,2,2,0
"COLUMBUS REGIONAL HEALTH PHYSICIANS, LLC",3,3,0
"COMMONWEALTH HEALTH CORPORATION, INC",2,2,0
"COMMUNITY ACTION PARTNERSHIP OF SAN LUIS OBISPO COUNTY, INC.",1,1,0
COMMUNITY BIRTH CENTER,1,1,0
COMMUNITY BIRTH WORKS INC,1,1,0
"COMMUNITY CLINIC OF MAUI, INC.",1,1,0
"COMMUNITY CLINIC, INC",2,2,0
COMMUNITY HEALTH ASSOCIATION OF SPOKANE,1,1,0
COMMUNITY HEALTH CENTER OF RICHMOND INC,1,1,0
"COMMUNITY HEALTH CENTER OF RICHMOND, INC",1,1,0
"COMMUNITY HEALTH CENTERS, INC.",1,1,0
COMMUNITY HEALTH PROGRAMS,1,1,0
"COMMUNITY MEMORIAL HOSPITAL, INCORPORATED",1,1,0
COMMUNITY MIDWIFERY,1,1,0
"COMMUNITY MIDWIFERY CARE, PLLC",1,1,0
COMPASS HEALTH,1,1,0
COMPASSIONATE HEALTHCARE SYSTEMS LLC,1,1,0
"COMPLETE CARE CENTER FOR WOMEN, LLC",1,1,0
"COMPREHENSIVE OB/GYN, PA",1,1,0
"COMPREHENSIVE WOMEN'S CARE, INC",1,1,0
"COMPREHENSIVE WOMEN'S HEALTH SERVICES, P.C.",1,1,0
COMPREHENSIVE WOMENS HEALTH SVC,1,1,0
"CONCIERGE WOMEN'S CARE, LLC",1,1,0
CONCORD FEMINIST HEALTH CENTER DBA EQUALITY HEALTH CENTER,1,1,0
CONCORD OB/GYN ASSOCIATES PC,2,2,0
CONTEMPORARY WOMEN'S CARE PLC,1,1,0
CONTEMPORARY WOMENS' HEALTH CARE,1,1,0
CONWAY HOSPITAL INC,1,1,0
"CONWAY HOSPITAL, INC.",1,1,0
COOK COUNTY,3,3,0
COORDINATED PRIMARY CARE INC,2,2,0
"COPPER CREEK MIDWIFERY & FAMILY PRACTICE, LLC",1,1,0
COUNTY OBSTETRICS AND GYNECOLOGY GROUP,2,2,0
COUNTY OF HENDERSON,1,1,0
COUNTY OF LAKE,1,1,0
COUNTY OF PITT OFFICE OF AUDITOR,1,1,0
COUNTY OF SAN DIEGO,1,1,0
COUNTY OF SANTA CLARA,1,1,0
COUNTY OF TETON,1,1,0
COUNTY OF VENTURA,1,1,0
"COVENANT COMMUNITY CARE, INC.",1,1,0
COVENANT WOMEN'S CARE LLC,1,1,0
COVINGTON WOMEN'S HEALTH SPECIALIST,4,4,0
CREATING HARMONY WOMEN'S HEALTHCARE INC,4,4,0
CRESCENT COMMUNITY HEALTH CENTER,1,1,0
CRESCENT WOMENS MEDICAL GROUP,1,1,0
"CROWN POINT OBSTETRICS & GYNECOLOGY, P.C.",1,1,0
CRYSTAL COAST CARE FOR WOMEN PC,1,1,0
CRYSTAL RUN HEALTHCARE PHYSICIANS LLP,1,1,0
"CUMBERLAND FAMILY MEDICAL CENTER, INC.",2,2,0
CUMMINS WOMENS HEALTHCARE LLC,1,1,0
"CYNTHIA GULICK, PC",2,2,0
CYNTHIA J CAPUTO MD PC,1,1,0
DALLAS COUNTY HOSPITAL DISTRICT,17,17,0
DAMIEN CARES INC.,1,1,0
"DANIEL J. CAIN, D.O., INC.",1,1,0
"DAVID I KURSS, MD, PLLC",1,1,0
"DAVID R. BENAVIDES M.D., P.A.",1,1,0
DAVID S HYLER II MD PA,2,2,0
DAWSON INTEGRATIVE MEDICAL CENTER LLC,1,1,0
DAYTON OSTEOPATHIC HOSPITAL,2,2,0
DEACONESS CLINIC INC,1,1,0
"DEARBORN OBSTETRICAL AND GYNECOLOGICAL ASSOCIATES, P.C.",1,1,0
DEAYALA OBGYN ASSOCIATES OF HOUSTON PLLC,1,1,0
DEBORAH D WILSON M D P C,1,1,0
"DEBRA SHAPIRO, M.D., INC.",1,1,0
DEFINITELY MIDWIFERY,1,1,0
"DEKALB MEMORIAL HOSPITAL, INC",1,1,0
DEKALB OBGYN AFFILIATES LLC,1,1,0
DEKALB WOMEN'S SPECIALISTS,2,2,0
DELISA SKEETE HENRY PA,2,2,0
"DENTISTRY FOR CHILDREN OF SUWANEE, LLC",1,1,0
DENTON OB/GYN PA,3,3,0
DES MOINES MIDWIFE COLLECTIVE LLC,1,1,0
"DETROIT COMMUNITY HEALTH CONNECTION, INC",1,1,0
DEVELOPMENTAL THERAPEUTICS FELLOWSHIP,1,1,0
"DEVON D. SMITH, MD",2,2,0
DHHS PHS NAIHS CHINLE COMPREHENSIVE HEALTH CARE FACILITY,1,1,0
DHP OF MO - HANNIBAL PC,1,1,0
DIAGNOSTIC VIROLOGY LABORATORIES,3,3,0
DIANA ROTH MD PC,1,1,0
DIERKS DIALYSIS LLC,1,1,0
DIGNITY HEALTH MEDICAL FOUNDATION,1,1,0
"DIMENSIONS HEALTHCARE ASSOCIATES, INC",2,2,0
DIVERSIFIED COMMUNITY SERVICES,1,1,0
"DIVINE BEGINNINGS WV, LLC",1,1,0
DIVINE WOMENS CARE LLC,1,1,0
DONALD E. WONDERLY MD PC,1,1,0
DOUGLAS COUNTY HOSPITAL,1,1,0
"DOUGLAS G. HARRISON MD, PC",1,1,0
"DOURRON OB/GYN ASSOCIATES, P.C.",1,1,0
"DOVER WOMEN'S HEALTH, P.A.",1,1,0
DOWNTOWN FAMILY HEALTHCARE INC,1,1,0
DR JAMES G REILLY DO PC,1,1,0
DR PETER LAWRASON PC,1,1,0
DR SHARON RAIS & DR MELINDA MANN LLP,1,1,0
"DR. HYLER OB/GYN AND ASSOCIATES, LLC",2,2,0
DR. KATHLEEN WORSLEY,1,1,0
DR. LI'S ACUPUNCTURE & NATURAL HERBS,1,1,0
"DR. MONTANARELLA & ASSOCIATES, PA",1,1,0
DR.AMITABH R. RAM MD LLC,1,1,0
DR.RAWJI MD OB-GYNLLC,1,1,0
DRS. DAVIS & HAFNER PC,1,1,0
"DRS. FOGEL AND GOTTLIEB, P.A.",2,2,0
"DRS.ESPOSITO,MAYER, HOGAN & ASSIC",1,1,0
DSL HEALTH AND WELLNESS PLLC,2,2,0
"DUBUQUE OBSTETRICS & GYNECOLOGY, P.C.",1,1,0
"DUPAGE MEDICAL GROUP, LTD.",1,1,0
"DUVAL VASCULAR CENTER, LLC",1,1,0
DYNAMIC HEALTHCARE LLC,1,1,0
"E. MICHAEL LINZEY,M.D.,A PROFESSIONAL CORPORATION",1,1,0
EAST BAY PERINATAL CENTER,1,1,0
EAST CAROLINA UNIVERSITY,2,2,0
"EAST CASCADE WOMENS GROUP, P C",5,5,0
"EAST VALLEY COMMUNITY CLINIC, INC.",1,1,0
"EASTERN CAROLINA WOMEN'S CENTER, PA",2,2,0
EASTERN SHORE RURAL HEALTH SYSTEM INCORPORATED,1,1,0
EATON FAMILY CARE CENTER,1,1,0
EDMON Y JACOBSON MD PC,1,1,0
"EINSTEIN PRACTICE PLAN, INC.",1,1,0
"ELITE OFFICE BASED SURGERY,PLLC",6,6,0
ELITE SURGICAL INSTITUTE LLC,1,1,0
"ELIZABETH R NYE M.D. ,S.C.",1,1,0
ELLIOTT OB GYN INC,2,2,0
ELLIS COUNTY COALITION FOR HEALTH OPTIONS,1,1,0
ELM MIDWIFERY AND WOMENS HEALTH LLC,2,2,0
"EMILY REKUC D.O., INC.",1,1,0
EMORY HEALTHCARE WINSHIP CANCER INSTITUTE,1,1,0
EMPOWER PERINATAL,1,1,0
"EMPOWERED MIDWIFERY AND WELLNESS, LLC",1,1,0
EMPOWERING EVE MIDWIFERY LLC,1,1,0
ENCOMPASS CHIROPRACTIC CENTER,1,1,0
EPMG SOUTHWEST MICHIGAN PLLC,1,1,0
EQUINOX INC,1,1,0
ERIN ABBOTT STREET MATEER MD PLLC,1,1,0
ERNESTO J F GRAHAM MD PA,1,1,0
EROS HEALTH,1,1,0
ESCAMBIA COMMUNITY CLINICS INC,1,1,0
ESPERANZA HEALTH CENTER INC,1,1,0
ESSEX COUNTY OBGYN ASSOC INC,1,1,0
ESTRELLA WOMEN'S HEALTH CENTER PC,6,6,0
"ETOWAH VALLEY OBSTETRICS & GYNECOLOGY, P.C.",2,2,0
"EVAN H. HIRSCH, M.D., INC., P.S.",1,1,0
EVERNORTH DIRECT HEALTH LLC,1,1,0
EVERYDAY BLESSINGS MIDWIFERY PLLC,1,1,0
EVERYWOMANS HEALTH PC,1,1,0
EXCLUSIVE WOMENS HEALTHCARE PLLC,1,1,0
F. CALVIN LEMON M.D. INC,1,1,0
FABEN OBSTETRICS AND GYNECOLOGY LLC,1,1,0
"FAIRFAX OB-GYN ASSOCIATES, INC.",3,3,0
"FALANY & HULSE WOMENS CENTER, PC",1,1,0
FALCO PEREGRINUS HOME CARE LLC,1,1,0
"FAMILY CENTERED MIDWIFERY CARE, LLC",1,1,0
"FAMILY CLINIC,PLLC",1,1,0
"FAMILY HEALTH CENTERS OF SAN DIEGO, INC",1,1,0
"FAMILY MEDICAL GROUP, PA",1,1,0
FAMILY MEDICINE CLINIC,2,2,0
FAMILY PLANNING ASSOCIATES MEDICAL GROUP LTD.,3,3,0
FAMILY PLANNING OF CLALLAM COUNTY,1,1,0
FAST PACE MEDICAL CLINIC PLLC,1,1,0
FAYETTEVILLE WOMANS CARE PA,1,1,0
FEDERAL WAY WOMENS HEALTH CARE,1,1,0
FEM GYN URGENT CARE WELLNESS PLLC,1,1,0
FEMM FOUNDATION,1,1,0
"FERNS, MATILE, PERRYMAN & MOORE, M.D.'S, P.A.",1,1,0
FINE & GILLETTE M.D.'S,1,1,0
"FIRST CHOICE COMMUNITY HEALTHCARE, INC.",1,1,0
"FIRST CHOICE HEALTH CENTERS, INC.",4,4,0
FISHER INTEGRATED CARE,1,1,0
FL DEPARTMENT OF HEALTH,1,1,0
FLETCHER ALLEN HEALTH CARE-BLAIR PARK,1,1,0
FLORIDA CANCER SPECIALISTS P L,3,3,0
"FLORIDA COMMUNITY HEALTH CENTERS, INC.",1,1,0
FLORIDA RADIOLOGY IMAGING AT LAKE MARY LLC,1,1,0
"FLORIDA WOMAN CARE ,LLC",1,1,0
FOCUS WOMENS HEALTH AND WELLNESS PLLC,1,1,0
FOOTPRINTS IN TIME MIDWIFERY SERVICES LLC,1,1,0
"FORNANCE PHYSICIAN SERVICES, INC.",1,1,0
"FORT SANDERS OBSTETRICAL AND GYNECOLOGICAL GROUP, P.C.",2,2,0
FOTI CHRONOPOULOS MD SC,1,1,0
FRANCIS H. TSENG MD,1,1,0
FRANCISCAN ST. FRANCIS HEALTH,1,1,0
"FRONTIER NURSING HEALTHCARE, INC.",2,2,0
FULL SPECTRUM MIDWIFERY PC,1,1,0
GAIA MIDWIVES PLLC,1,1,0
"GALEN OBGYN GROUP, LLC",1,1,0
"GARDEN CITY OBSTETRICS & GYNECOLOGY, P.C.",1,1,0
GARRISON MEDICAL PROFESSIONAL ASSOCIATION,10,10,0
GARY M. AGENA MD LLC,1,1,0
GASTON COUNTY,1,1,0
GASTON COUNTY HEALTH DEPARTMENT,1,1,0
"GENDI PEDIATRICS, P.A.",2,2,0
GENERAL LEONARD WOOD ARMY COMMUNITY HOSPITAL,2,2,0
"GENERATIONS WOMEN'S HEALTH CENTER, P.A.",4,4,0
GENESIS HEALTH SYSTEM,1,1,0
GENESIS OBGYN PA,1,1,0
GENESYS REGIONAL MEDICAL CENTER,1,1,0
GENTLE BIRTH CARE,1,1,0
"GENTLE BIRTH CARE, INC.",4,4,0
"GENTLE CARE OB/GYN, P.C.",1,1,0
GEORGE K SHAHINIAN MD INC,1,1,0
GEORGE L STANKEVYCH MD PC,1,1,0
GEORGE P PETTIT MD INC,1,1,0
"GEORGIA UROGYNECOLOGY, PC",1,1,0
"GIFFORD HEALTH CARE, INC.",1,1,0
GILLETTE CHILDREN'S SPECIALTY HEALTHCARE,1,1,0
GLACIER MIDWIFERY & WOMENS HEALTHCARE,1,1,0
GLEN S LOVELACE MD PA,2,2,0
GLOW MIDWIFERY PLLC,1,1,0
GOLDEN OAK MIDWIVES,1,1,0
GOLDEN VALLEY HEALTH CENTER,1,1,0
GORDON & SALTER CHARTERED,1,1,0
"GRACE ADVANCED WELLNESS, LLC",1,1,0
GRACE MIDWIFERY,2,2,0
"GRACE WOMEN'S HEALTH, PLLC",1,1,0
GRAND ST PAUL CVS LLC,1,1,0
"GREATER CINCINNATI PERINATAL ASSOCIATES, LLC",4,4,0
GREATER HAZLETON RADIOLOGY ASSOCIATES,1,1,0
"GREATER NEW BEDFORD COMMUNITY HEALTH CENTER, INC.",2,2,0
GREATER PHILADELPHIA HEALTH ACTION INC.,2,2,0
GREATER SIOUX COMMUNITY HEALTH CENTER INC.,5,5,0
"GREENBRIAR OBGYN, PC",1,1,0
"GREENBRIER PHYSICIANS, INC",1,1,0
GRIFFIN OBGYN CLINIC PA,4,4,0
GUMNUT BLOSSOM MIDWIFERY LLC,1,1,0
GWINNETT COUNTY HEALTH DEPARTMENT,1,1,0
GYNECOLOGY & OBSTETRICS ASSOCIATES OF TALLAHASSEE PLLC,1,1,0
GYNECOLOGY & OBSTETRICS PROFESSIONAL GROUP OF WEST GEORGIA PC,1,1,0
HABERSHAM OB/GYN ASSOCIATES,1,1,0
HADASSAH OBGYN PLLC,1,1,0
"HAMPSHIRE OB/GYN ASSOCIATES, INC.",1,1,0
HARBORVIEW URGENT CARE,1,1,0
HARBOUR WOMENS HEALTH PLLC,2,2,0
HARLEM HOSPITAL CENTER,1,1,0
"HARLINGEN OBSTETRICS & GYNECOLOGY ASSOCIATES, PA",1,1,0
"HARMONY FAMILY HEALTH CARE, LLC",2,2,0
HARMONY HEALTH CARE LONG ISLAND,1,1,0
HARPER UNIVERSITY HOSPITAL,1,1,0
HARPETH VALLEY HEALTH CENTER PLLC,1,1,0
HARRISONBURG OB GYN ASSOCIATES PC,3,3,0
"HARTFORD PATHOLOGY ASSOCIATES, P.C.",4,4,0
HARVARD FAMILY CLINIC INC,1,1,0
"HARVEY G VAN DELL, MD, PA, PLLC",1,1,0
HAVEN BIRTH AND WELLNESS,2,2,0
HEALING SANCTUARY LLC,1,1,0
HEALTH ACCESS NETWORK,4,4,0
"HEALTH CARE FOR WOMEN, PA",1,1,0
"HEALTH PARTNERSHIP CLINIC, INC.",1,1,0
"HEALTH PROFESSIONALS OF HOLMES COUNTY, INC.",1,1,0
HEALTH QUEST MEDICAL PRACTICE,3,3,0
HEALTHCARE BOUTIQUE PLLC,1,1,0
HEALTHEAST MEDICAL RESEARCH INSTITUTE,3,3,0
HEALTHEAST WOODWINDS HOSPITAL,3,3,0
"HEALTHLINC, INC",1,1,0
"HEALTHONE CLINIC SERVICES, LLC",1,1,0
HEALTHPOINT FAMILY CARE INC,1,1,0
"HEALTHPOINT FAMILY CARE, INC.",1,1,0
HEALTHRIGHT 360,1,1,0
HEALTHY WOMEN LLC,3,3,0
HEALTHY WOMEN OB GYN,1,1,0
HEART & HANDS MIDWIFERY AND FAMILY HEALTHCARE PLLC,2,2,0
"HEART CENTERED COUNSELING, PC",1,1,0
HEART OF FLORIDA OB/GYN ASSOCIATES PA,6,6,0
HEARTLAND WOMEN'S HEALTHCARE IL PC,1,1,0
"HEARTLAND WOMEN'S HEALTHCARE, LTD",1,1,0
HEATHER BACALA MD,1,1,0
HECHTMAN SURGICAL LLC,2,2,0
"HENDERSON BIRTH AND WELLNESS, PLLC",1,1,0
HENDRICKS COUNTY HOSPITAL,1,1,0
HENNEPIN COUNTY,1,1,0
HENRY FORD HEALTH SYSTEM,2,2,0
HENRY FORD MACOMB HOSPITAL CORPORATION,1,1,0
"HIGH POINT FAMILY MEDICINE, LLC",1,1,0
"HIGH RISK OBSTETRICAL CONSULTANTS, PLLC",1,1,0
HIGHLAND HOSPITAL,5,5,0
HIGHLANDS WOMENS HEALTH,1,1,0
HILL COUNTRY MIDWIFERY PC,1,1,0
"HILLCREST CLINIC, LLC",1,1,0
"HILLSDALE OB/GYN, P.C.",1,1,0
HIPPOCRATES HEALTH,1,1,0
"HOLISTIC HOMEBIRTH MADISON, LLC",1,1,0
HOLLAND COMMUNITY HOSPITAL,3,3,0
"HOLMES FAMILY MEDICINE, INC",1,1,0
"HOLY FAMILY SERVICES, INC.",8,8,0
HOMEBIRTH WITH LOVE,1,1,0
"HOMEBORN HEALTH, P.L.L.C.",1,1,0
HOSPITAL AUTHORITY OF IRWIN COUNTY,1,1,0
HOSPITAL FOR JOINT DISEASES,1,1,0
"HOSPITALIST MEDICINE PHYSICIANS OF TEXAS - SAN ANTONIO II, PLLC",1,1,0
HOSPITALIST PHYSICIANS OF CONNECTICUT PC,1,1,0
HOUSTON CENTER FOR PLASTIC SURGERY PA,1,1,0
"HOUSTON MEDICAL AND PAIN CENTER, PLLC",1,1,0
"HOWARD M. WEINSTEIN, MD, PC",1,1,0
HOWARD UNIVERSITY HOSPITAL,1,1,0
HUGHES HOLISTIC HEALTH LLC,1,1,0
HYDRATION RESTORATION,1,1,0
IHA OLMA PRIMARY CARE RISK LLC,1,1,0
ILLINOIS MASONIC HOSPITAL,1,1,0
"IMMANUEL BIRTH CO., P.A.",2,2,0
IMPAVID MENTAL HEALTH LLC,1,1,0
INDEPENDENCE WOMENS CLINIC PC,1,1,0
"INDIAN CREEK MIDWIFERY & BIRTH CENTER, PLLC",2,2,0
INDIANA ANESTHESIA ASSOCIATES INC,1,1,0
INDIVIDUAL PROVIDER,1,1,0
INLAND OBSTETRICS AND GYNECOLOGY PLLC,3,3,0
INNOVATIVE COUNSELING EXPERIENCE,1,1,0
"INNOVIS HEALTH, LLC",1,1,0
INSIGHT THERAPEIA LLC,1,1,0
"INSPIRA MEDICAL CENTERS, INC.",1,1,0
"INSPIRATION HEALTH CARE, LLC",1,1,0
INSPIRE SPECIALTY CARE LLC,1,1,0
"INTEGRATED WOMENS WELLNESS & CENTER FOR BIRTH, LLC",1,1,0
"INTERBORO OB/GYN ASSOCIATES, P.C.",1,1,0
INTERCARE COMMUNITY HEALTH NETWORK,1,1,0
IRWIN ARMY COMMUNITY HOSPITAL,1,1,0
"ISABEL MELTZER, CSW, PC",1,1,0
"ISIS OBSTETRICS & GYNECOLOGY, LLC",4,4,0
"IWC MEDICAL GROUP, P.A.",2,2,0
"JACK M ROWLAND, MD, LLC",3,3,0
JACKSON REGIONAL WOMENS CENTER,1,1,0
JACQUELYN CULLEN HOWITT MD PLLC,2,2,0
JAMAICA HOSPITAL,3,3,0
"JAMES J NOLFI, LTD",1,1,0
JAMES S WESTON MD PC,1,1,0
JAMES T. MARTIN JR. MD,1,1,0
JAY KYUNG LEE MD APC,2,2,0
JC WOMEN'S CARE INC,1,1,0
JEFFREY A BERENSON MD A PROFESSIONAL CORPORATION,1,1,0
JENNIFER D. ROBERTS DO LLC,1,1,0
JENNIFER SHARE MIDWIFERY AND TESS INTERLICCHIA NURSE PRACTITIONER IN F,1,1,0
JI YOO LEE,4,4,0
JJB MIDWIFERY,1,1,0
JOANNE VOGEL MD INC,1,1,0
JOHNSON COUNTY WOMENS CARE GROUP,1,1,0
JOHNSON HEALTH CENTER,1,1,0
JOLIET WOMENS HEALTH CENTER,1,1,0
JORDAN RESIDENTIAL & VOCATIONAL SERVICES INC.,1,1,0
JORGE E CASAL MD LLC,1,1,0
JOSE COHEN MD PA,1,1,0
"JOSE FRANCISCO DELEON MD, PA",1,1,0
"JOSHUA U. KLEIN, MD, PC",1,1,0
JULIE DANCE PLLC,1,1,0
"JUNEAU OBSTETRICS AND GYNECOLOGY, P.C.",1,1,0
JUNEAU WOMEN'S HEALTH LLC,1,1,0
"JUNIPER WOMEN'S HEALTH & WELLNESS, LLC",1,1,0
JUNO GROUP LLC,1,1,0
"K. ROJAS, CHARTERED",1,1,0
KACHEMAK BAY FAMILY PLANNING CLINIC,1,1,0
KAISER PERMANENTE PANORAMA CITY MEDICAL CENTER,1,1,0
KALDAS CENTER FOR FERTILITY SURGERY & PREGNANCY S.C.,1,1,0
KALISPELL MIDWIVES & WOMENS HEALTH INC,1,1,0
"KANKAKEE VALLEY OB/GYN,LLC",1,1,0
KANTOR AND RASSOW PARTNERSHIP,1,1,0
KATHRYN L. OLSON MD LLC,1,1,0
"KATHY E. WOLF, M.D., P.C.",1,1,0
KATIEOSTROMMD,1,1,0
KC FULL CIRCLE MIDWIFERY & FAMILY,3,3,0
KELL MEDICAL PA,1,1,0
KENNEBEC VALLEY OBSTETRICS & GYNECOLOGY,1,1,0
KINDNESS HEALTH CARE & WOMEN'S SERVICES,1,1,0
"KINGS COMPREHENSIVE WOMEN'S HEALTHCARE MEDICAL GROUP, INC.",1,1,0
KLAMATH SURGICAL SPECIALISTS. PC,1,1,0
"KLAMATH WOMEN'S CLINIC,LLC",1,1,0
"KNOX OB-GYN, LTD",1,1,0
KNOXVILLE HB MEDICAL SERVICES LLC,1,1,0
KOOLAU WOMENS HEALTH CARE INC,2,2,0
"KRISTY KUEHFUSS, PHD, PLLC",1,1,0
"LA CLINICA DE LA RAZA, INC.",1,1,0
LA CLINICA DEL VALLE FAMILY HEALTH CARE CENTER INC.,2,2,0
"LA MAESTRA FAMILY CLINIC, INC.",2,2,0
"LA RED HEALTH CENTER, INC.",1,1,0
LABADIE AND LABADIE A PROFESSIONAL LLC,2,2,0
LABOR OF LOVE MIDWIFERY AND WOMEN HEALTH SERVICES LLC,2,2,0
LADIES CHOICE OBSTETRICS & GYNECOLOGY PC,1,1,0
"LADIES FIRST HEALTHCARE, PC",2,2,0
"LAIRD HOSPITAL, INC",5,5,0
"LAKE ERIE MEDICAL SERVICES, PC",1,1,0
"LAKE OBSTETRICS & GYNECOLOGY, INC",1,1,0
"LAKE WOMEN FOR WOMEN OB/GYN,LLC",1,1,0
LAKELAND MIDWIFERY CARE INC.,1,1,0
"LAKESIDE OB/GYN AND PELVIC SURGERY, LLC",1,1,0
LAKEVIEW HOSPITAL PHYSICIAN SERVICES LLC,1,1,0
"LAMOILLE HEALTH PARTNERS, INC",1,1,0
LAMPREY HEALTH CARE INC,1,1,0
"LANCASTER MEDICAL GROUP, LLC",4,4,0
LANIER OBSTETRICS AND GYNECOLOGY ASSOCIATES,1,1,0
LAPORTE REGIONAL PHYSICIAN NETWORK,1,1,0
LARAMIE PHYSICIANS FOR WOMEN PC,1,1,0
LARAMIE REPRODUCTIVE HEALTH,1,1,0
"LATHAM DERMATOLOGY, PLLC",1,1,0
"LAURA E. MIESZERSKI, M.D., FACOG",4,4,0
LAURENS COUNTY HEALTHCARE SYSTEM DBA CAROLINA WOMENS CENTER,1,1,0
"LAWRENCE E TILLEY, MDPA",1,1,0
LAWRENCE MEMORIAL HOSPITAL,4,4,0
LEBANON PHYSICIANS FOR WOMEN,1,1,0
"LEGACY COMMUNITY HEALTH SERVICES, INC",1,1,0
LEHIGH VALLEY HOSPITAL,1,1,0
LEHIGH VALLEY PHYSICIAN GROUP,2,2,0
LEOMINSTER PRIMARY CARE LLC,1,1,0
LEWIS COUNTY HOSPITAL DISTRICT NO. 1,1,1,0
LICKING MEMORIAL PROFESSIONAL CORP.,2,2,0
LIFE CENTER CLINIC,1,1,0
"LIFE CYCLE PEDIATRICS, LLC",3,3,0
LIFELONG MEDICAL CARE,2,2,0
LIFESTAGES - SAMARITAN CENTERS FOR WOMEN LTD,5,5,0
LILAC HEALTHCARE LLC,1,1,0
"LIM H.TSE,M.D.,P.C.",3,3,0
LIMA MEMORIAL PROFESSIONAL CORPORATION,4,4,0
LINDA LOVIG NP MIDWIFE OBGYN PLLC,3,3,0
LISA ROSS BIRTH AND WOMENS CENTER,3,3,0
LIZ HEALTHCARE AND PSYCHIATRY,1,1,0
LIZELLEN LA FOLLETTE MD INC,2,2,0
LOCAL CARE MIDWIFERY,1,1,0
LOGAN HEALTH - SHELBY,1,1,0
LOGISTICS HEALTHCARE MANAGEMENT LLC,1,1,0
"LONDON WOMEN'S CARE, LLC",1,1,0
"LONE STAR OB/GYN ASSOCIATES, P.A.",3,3,0
LOS ANGELES MIDWIVES,1,1,0
"LOUDOUN MEDICAL GROUP, PC",9,9,0
LOVELACE HEALTH SYSTEM LLC,1,1,0
LOVELACE WESTSIDE HOSPITAL,2,2,0
LOWER LIGHTS PHARMACY,1,1,0
LOWER MANHATTAN MEDICAL CARE PC,2,2,0
LOWNDES COUNTY PARTNERSHIP FOR HEALTH,1,1,0
LUCILE PACKARD CHILDREN'S HOSPITAL,2,2,0
"LUMA HEALTHCARE, INC",1,1,0
LUXE WOMEN'S HEALTH LLC,1,1,0
"M.A.M.A.S., INC",3,3,0
MABEL WADSWORTH WOMEN'S HEALTH CENTER,1,1,0
MACGREGOR FAMILY PHYSICIANS PA,1,1,0
MACON GYN/OB ASSOCIATES,2,2,0
MADISON WOMEN'S CLINIC,2,2,0
"MAEZER, LLC",2,2,0
MAINE NEONATOLOGY ASSOCIATES,1,1,0
MAITRI HEALTH CARE FOR WOMEN PC,1,1,0
MALLON-ALVAREZ PATHOLOGY GROUP P C,1,1,0
MANASOTA OBGYN ASSOCIATES LLC,1,1,0
MANHATTAN BIRTH MIDWIFERY PLLC,1,1,0
"MARC A. JAFFE, MD, INC.",1,1,0
MAREENI T STANISLAUS MD A MEDICAL CORPORATION,1,1,0
MARGY BATSON LLC,1,1,0
MARICOPA COUNTY SPECIAL HEALLTH CARE DISTRICT,1,1,0
MARICOPA COUNTY SPECIAL HEALTH CARE DISTRICT,1,1,0
"MARIETTA OB GYN AFFILIATES, P.A.",1,1,0
MARION OB GYN INC,1,1,0
MARION WOMEN'S HEALTH CENTER INC,3,3,0
MARISOL HEALTH INC. LLC,1,1,0
MARK ANTOSH MD PC,2,2,0
"MARK H COHN, OD, PS",1,1,0
MARSHALLTOWN OBSTETRICS & GYNECOLOGY PC,1,1,0
"MARTIN ARELLANO M.D., P.C.",1,1,0
MARY E BACHKO,1,1,0
"MARY'S CENTER FOR MATERNAL AND CHILD CARE, INC.",2,2,0
MARYHAVEN,1,1,0
MARYLAND PHYSICIANS EDGE LLC,1,1,0
MARYSVILLE OBSTETRICS AND GYNECOLOGY INC.,1,1,0
MASON COUNTY ANESTHESIA SERVICES PLLC,1,1,0
MASSENA HOSPITAL INC,1,1,0
MAT-SU MIDWIFERY INC,2,2,0
"MATERNAL FETAL CARE, P.C.",1,1,0
"MATERNAL GYNERATIONS, PC",1,1,0
MATERNAL RESOURCES PC,2,2,0
MATERNAL-FETAL MEDICINE ASSOCIATES A MEDICAL CORPORATION,1,1,0
MATERNITY CENTER OF NORTHWEST ARKANSAS LLC,4,4,0
"MATERNITY OPTIONS OF MIAMI, LLC",2,2,0
MATRIX LIFECARE CENTER INC.,1,1,0
"MATTHEW WALKER COMPREHENSIVE HEALTH CENTER, INC",1,1,0
MCLAREN MEDICAL GROUP,1,1,0
MCMINNVILLE OBSTETRICS & GYNECOLOGY LLC,1,1,0
MD SQUARED,1,1,0
"MEDEXPRESS URGENT CARE, PC - PENNSYLVANIA",1,1,0
MEDICAL ARTS CENTER CLINIC OF BRIGHAM CITY INC,1,1,0
MEDICAL ASSOCIATES OF CORAL SPRINGS P A,1,1,0
MEDSCHOOL ASSOCIATES SOUTH,1,1,0
MELISSA DRAKE MD INC,1,1,0
MEMORIAL HOSPITAL ASSOCIATION,1,1,0
MENDOCINO COAST CLINICS INC,1,1,0
"MERCY CLINICS, INC",4,4,0
MERCY HOSPITAL CARTHAGE,1,1,0
"MERCY MIDWIFERY & WOMEN'S HEALTH, PLLC",1,1,0
MERIDIAN HEALTH SERVICES CORP.,1,1,0
MESA COUNTY DEPT OF HUMAN SERVICES,1,1,0
"METRO THERAPY, INC.",1,1,0
"METROPOLITAN FAMILY HEALTH NETWORK,INC",1,1,0
METROPOLITAN HOSPITAL CENTER,2,2,0
"METROPOLITAN OB/GYN, P.A.",3,3,0
METROPOLITAN OBGYN,2,2,0
"METROPOLITAN OBGYN ASSOCIATES, LLC",2,2,0
"METROSOUTH OBSTETRICS & GYNECOLOGY, INC.",1,1,0
MI MIDWIFE,1,1,0
MIAMI COUNTY OB-GYN ASSOCIATES LLC,1,1,0
"MICHAEL P. GILLILAND, M.D., P.A.",1,1,0
"MICHAEL S DAVIDOV, MD, INC, PS",1,1,0
"MICHELLE MCLANAHAN, M.D., P.A.",1,1,0
"MICHIANA NURSE-MIDWIVES, LLC",1,1,0
MICHIGAN REPRODUCTIVE MEDICINE,1,1,0
MID VERMONT OB-GYN,1,1,0
"MID-CITY OB-GYN, P.C.",4,4,0
MID-COAST HEALTH NET INC,1,1,0
"MIDWEST EXPRESS CARE 2, INC",1,1,0
"MIDWEST EXPRESS CARE 4, LLC",1,1,0
"MIDWEST MEDICAL HEALTHCARE, LTD.",1,1,0
MIDWEST OB-GYN ASSOCIATES LTD,1,1,0
"MIDWEST PERINATAL ASSOCIATES, P.A.",1,1,0
MIDWIFE KIRA,1,1,0
MIDWIFE KIRA SMITH,1,1,0
MIDWIFE ME LTD,1,1,0
"MIDWIFE SEATTLE, INC.",2,2,0
MIDWIFERY CARE ASSOCIATES,3,3,0
"MIDWIFERY CARE OF MONSEY, PC",1,1,0
"MIDWIFERY CARE, INC.",1,1,0
MIDWIFERYWORKS,1,1,0
MIDWIVES CARE,1,1,0
MIDWIVES OF MONMOUTH LLC,1,1,0
"MIDWIVESCARE, LLC",3,3,0
MILDRED S HANSON MD PA,1,1,0
"MILES MEMORIAL HOSPITAL, INC.",7,7,0
"MILESTONE MIDWIFERY, PLLC",1,1,0
"MILK AND HONEY FEEDING AND SPEECH SERVICES, LLC",1,1,0
MILLER & TURNER OB-GYN LLP,1,1,0
"MILWAUKEE HEALTH SERVICES, INC.",1,1,0
MISSION AREA HEALTH ASSOCIATES,1,1,0
MLMD PA,1,1,0
MMC OB/GYN HOSPITAL,1,1,0
MOBRIDGE REGIONAL HOSPITAL,1,1,0
MOCA GROUP PC,1,1,0
"MODESTO ARTS MEDICAL GROUP, INC.",1,1,0
MOHAWK VALLEY WOMENS HEALTH ASSOCIATES LLP,2,2,0
MOMDOC MIDWIVES,2,2,0
"MOMDOC, LLC",11,11,0
MOMMA LLC,1,1,0
"MONARCH OBSTETRICS MANAGEMENT SERVICES, INC",1,1,0
MONKEY SMOOCHES INC,1,1,0
"MOON CIRCLE MIDWIFERY AND WELLNESS, LLC",1,1,0
MORNING CENTER,1,1,0
"MORRIS HEIGHTS HEALTH CENTER, INC.",2,2,0
MOTHER OCEAN MIDWIFERY,1,1,0
MOTHER TO MOTHER MIDWIFERY LIMITED PARTNERSHIP,1,1,0
MOTHER'S DRUTHERS,1,1,0
"MOTHERWORKS, LLC",1,1,0
MOTT WOMEN HEALTHCARE PLLC,1,1,0
"MOUNT VERNON NEIGHBORHOOD HEALTH CENTER, INC.",1,1,0
MOUNTAIN COMMUNITIES HEALTHCARE DIST,1,1,0
"MOUNTAIN MOMMA & FAMILY SERVICES, LLC",1,1,0
MOUNTAIN PARK HEALTH CENTER,1,1,0
MOUNTAIN UTAH FAMILY MEDICINE,1,1,0
"MOUNTAIN VIEW ACUPUNCTURE, LLC",1,1,0
"MOUNTAINSTAR BRIGHAM OBGYN, LLC",1,1,0
MT. BAKER PLANNED PARENTHOOD,3,3,0
"MUIR OBSTETRICS & GYNECOLOGIC MEDICAL GROUP, INC.",2,2,0
MUSIC CITY DOULAS LLC,1,1,0
"MWA, PC",3,3,0
MY GYNECOLOGIST PA,1,1,0
MY MINDFUL BIRTH SC,1,1,0
MY OBGYN PC,4,4,0
"MYRTLE STREET OBSTETRICS & GYNECOLOGY, PC",1,1,0
N-DIYA LLC,1,1,0
"NACOGDOCHES WOMEN'S SERVICES, PLLC",2,2,0
"NADESHIKO WOMEN'S CLINIC, PLLC",1,1,0
NATIONAL ADDICTION SPECIALISTS LLC,1,1,0
NATIONAL NAVAL MEDICAL CENTER,1,1,0
"NATURAL BIRTH CENTER & WOMEN'S WELLNESS, RN, CNM, NURSING INC.",1,1,0
"NATURAL BIRTH CHOICES, INC.",1,1,0
NATURAL BIRTH PLACE PROVIDERS A PROFESSIONAL NURSE MIDWIFERY CORP.,1,1,0
NAVAL HOSPITAL YOKOSUKA,2,2,0
NEBRASKA MEDICAL CENTER,1,1,0
NEDA HASHEMI MD PC,2,2,0
"NEIGHBORHEALTH CENTER, INC.",1,1,0
NEIGHBORHOOD HEALTH CENTER,1,1,0
"NEW BEGINNINGS COMPREHENSIVE WOMEN'S HEALTHCARE, PC",1,1,0
NEW ENGLAND CENTER FOR FUNCTIONAL MEDICINE PC,1,1,0
NEW ENGLAND MOLECULAR IMAGING LLC,3,3,0
NEW KINGDOM PEDIATRICS LLC,1,1,0
NEW LIFE BIRTH CENTER,1,1,0
NEW LIFE NURSE-MIDWIFERY CARE,1,1,0
NEW MILLENNIUM OBSETRICS & GYNECOLOGY,1,1,0
NEW MOON MIDWIVES,1,1,0
"NEW YORK DERMATOLOGY & MOHS SURGERY GROUP, PLLC",1,1,0
NEW YORK WOMEN'S MEDICAL CARE P.C.,1,1,0
NEWARK BETH ISRAEL MEDICAL CENTER,1,1,0
"NEWARK COMMUNITY HEALTH CENTERS,INC.",1,1,0
NEWPORT BEACH WOMENS WELLNESS CENTER,1,1,0
"NEWPORT OB-GYN ASSOCIATES, LTD.",2,2,0
NEXUS HEALTHCARE PA,1,1,0
"NICHOLAS BUJAK MD, PLLC",1,1,0
NICHOLAS MILLS MD LLC,1,1,0
"NIKIA L. PHILLIPS, LLC",1,1,0
NJ BIRTH CENTER LLC,1,1,0
"NOCO NEWCO, LLC",2,2,0
"NORTH ALABAMA OB-GYN ASSOCIATES, P.A.",1,1,0
"NORTH ATLANTA WOMEN'S CARE, PC",1,1,0
"NORTH BREVARD MEDICAL SUPPORT, INC",1,1,0
NORTH CALVERT ANESTHESIOLOGY SERVICES LLC,1,1,0
"NORTH COAST OBSTETRICS & GYNECOLOGY, INC.",1,1,0
"NORTH COAST WOMEN'S CARE MEDICAL GROUP, INC.",1,1,0
NORTH COUNTRY HOSPITAL & HEALTH CENTER INC,1,1,0
"NORTH COUNTRY MIDWIFERY, PLLC",1,1,0
"NORTH GEORGIA WOMEN'S CENTER, INC.",3,3,0
"NORTH METRO MIDWIVES, P.A.",1,1,0
NORTH OKALOOSA CLINIC CORP,1,1,0
"NORTH SHORE ASSOCIATES IN GYNECOLOGY AND OBSTETRICS, S.C.",5,5,0
NORTH SHORE MEDICAL GROUP OF THE MOUNT SINAI SCHOOL OF MEDICINE,1,1,0
NORTHEAST HEALTH CENTER,1,1,0
"NORTHEAST MONTANA HEALTH SERVICES, INC.",1,1,0
NORTHEASTERN RURAL HEALTH CLINICS,1,1,0
"NORTHEASTERN VERMONT REGIONAL HOSPITAL, INC",1,1,0
"NORTHERN VIRGINIA MULTI-SPECIALTY, LLC",1,1,0
"NORTHLAND WOMEN'S HEALTH CARE, P.C.",2,2,0
"NORTHWEST ASSOCIATES FOR WOMEN'S HEALTHCARE, P.C.",1,1,0
NORTHWEST COMMUNITY HEALTH SERVICES INC,2,2,0
"NORTHWESTERN MEDICAL CENTER, INC.",1,1,0
NORTHWESTERN MEDICINE,1,1,0
NORWALK COMMUNITY HEALTH CENTER INC,2,2,0
"NURSE MIDWIFERY ASSOCIATES OF WESTERN NEW YORK, LLP",1,1,0
NURSE MIDWIVES@ VMC,4,4,0
NYU LUTHERAN MEDICAL CENTER,8,8,0
"NYUMC, MATERNAL FETAL MEDICINE",1,1,0
OB GYN ASSOCIATES AT LONG ISLAND COLLEGE HOSPITAL,1,1,0
OB GYN ASSOCIATES LLC,1,1,0
OB HOSPITALISTS OF ORANGE COUNTY INC,1,1,0
OB-GYN ASSOCIATES OF DANVILLE,1,1,0
"OB-GYN ASSOCIATES OF ERIE, PC",2,2,0
"OB-GYN ASSOCIATES OF MONTGOMERY, P.C.",3,3,0
OB-GYN ASSOCIATES OF SANTA CRUZ,2,2,0
OB-GYN ASSOCIATES OF SOUTHWEST KANSAS CHARTERED,1,1,0
"OB-GYN SERVICES, P.C.",3,3,0
"OB-GYN SPECIALISTS OF MARYLAND, LLC",2,2,0
"OB-GYN SPECIALISTS, P.C.",1,1,0
"OB-GYNE& INFERTILITY CENTER, S.C.",1,1,0
OBGYN AND INFERTILITY SERVICES OF NORTHERN NEW JERSEY LLC,1,1,0
OBGYN NORTH,2,2,0
"OBGYN PHYSICIANS OF WASHINGTON, CHTD.",1,1,0
OBGYN SPECIALISTS OF HAWAII LLC,1,1,0
OBS-GYN OF ROCKLAND PC,2,2,0
OBSTETRIC & GYNECOLOGIC ASSOCIATES OF SAN FRANCISCO A PROF CORP,1,1,0
OBSTETRICAL AND GYNECOLOGICAL ASSOC OF THE UNIVERSITY OF MARYLAND PA,1,1,0
OBSTETRICAL AND GYNECOLOGICAL GROUP OF PUTNAM,1,1,0
"OBSTETRICS & GYNECOLOGY II, LTD",1,1,0
OBSTETRICS & GYNECOLOGY OF DOTHAN INC,1,1,0
OBSTETRICS AND GYNECOLOGY SPECIALISTS PC,7,7,0
OBSTETRICS-GYNECOLOGY & INFERTILITY GROUP PC,3,3,0
"OBSTETRIX MEDICAL GROUP OF ARIZONA, P.C.",5,5,0
"OCCUPATIONAL HEALTH CENTERS OF MICHIGAN, P.C.",1,1,0
OCHSNER CLINIC LLC,1,1,0
"OCOEE OB/GYN, PC",1,1,0
"OHANA MIDWIFERY & WELLNESS, PLLC",1,1,0
OHIO CVS STORES LLC,1,1,0
"OKEY OKOLI, M.D., P.A.",1,1,0
OLATHE COMMUNITY CLINIC INC.,1,1,0
"OLGA GRUN,PHD,PSYD, LLC",1,1,0
"ONCOLOGY & HEMATOLOGY ASSOCIATES, PC",1,1,0
ONE LOVE MIDWIFERY PLLC,1,1,0
OPEN DOOR COMMUNITY HEALTH CENTERS,2,2,0
"OPTIONS IN REPRODUCTIVE CARE, INC.",1,1,0
OPULENCE HEALTH PLLC,1,1,0
ORANGE COAST WOMEN'S MEDICAL GROUP,2,2,0
"ORGAN MOUNTAINS FAMILY & WOMEN'S HEALTH, LLC",1,1,0
ORRVILLE HOSPITAL FOUNDATION,1,1,0
"OSF PERINATAL ASSOCIATES, LLC",1,1,0
"OSWEGO COUNTY OPPORTUNITIES, INC.",1,1,0
OTTUMWA HEALTH GROUP LLC,1,1,0
OUR BIRTHING CENTER ON THE HUDSON LLC,1,1,0
OUR COMMUNITY MIDWIVES,1,1,0
"OUTER CAPE HEALTH SERVICES, INC.",1,1,0
OVERLAKE OBSTETRICIANS & GYNECOLOGIST P S,3,3,0
"OWEN R. BELL, M.D., A.P.C.",1,1,0
OXFORD OBSTETRICS & GYNECOLOGY ASSOCIATES,1,1,0
"OXFORD OBSTETRICS AND GYNECOLOGY, INC.",1,1,0
PACIFIC CREST INTEGRATIVE MEDICINE PC,1,1,0
PADUCAH WOME'S CLINIC,1,1,0
PAGE MEMORIAL HOSPITAL INC.,1,1,0
PALM VALLEY WOMEN'S CARE,1,1,0
PALMETTO OBGYN LLC,1,1,0
PALOUSE MEDICAL PS,1,1,0
PARIS MOUNTAIN MIDWIFERY,1,1,0
PARK CITIES MIDWIFERY PLLC,2,2,0
PARK CITY DENTAL SPA,1,1,0
PARK NICOLLET HEALTH CARE PRODUCTS,5,5,0
"PARK WEST WOMEN'S HEALTH, PC",1,1,0
"PARTNERS IN ABORTION CARE, LLC",1,1,0
PARTNERS IN WOMENS HEALTH CARE,1,1,0
PATIENCE CORNER NURSE-MIDWIFERY CANTER,1,1,0
PAVILION WOMENS HEALTH ASSOCIATES PA,1,1,0
"PAYMAN P. JOSEPH MD, A.P.C.",1,1,0
PEACEFUL SOURCE MIDWIFERY LLC,1,1,0
PEACEHEALTH,1,1,0
PEACH STATE WOMEN'S HEALTHCARE,1,1,0
PEDIATRIC ADOLESCENT MEDICINE DEPARTMENT OF UNIVERISTY OF UTAH,3,3,0
PEDIATRIC GROUP OF PADUCAH,1,1,0
"PEDIATRIC SERVICES OF AMERICA, LLC",1,1,0
PEDIATRIX MEDICAL GROUP PA,1,1,0
"PEDRAM RASHTI, MD, INC",1,1,0
"PENNSYLVANIA MEDICAL PROFESSIONALS, PC",1,1,0
PENOBSCOT BAY PHYSICIANS & ASSOCIATES,3,3,0
PEOPLES COMMUNITY CLINIC INC,1,1,0
PERFECTLY FEMALE WOMEN HEALTH CARE,1,1,0
"PERINATAL ASSOCIATES OF NEW MEXICO,LTD",6,6,0
PERSONAL TOUCH DELEVERIES INC,1,1,0
PETERSON LACTATION SERVICES,3,3,0
"PEYMAN ZANDIEH, MD PC",1,1,0
"PHOEBE F HO MD, PLLC",1,1,0
PHS CENTER FOR LIFE SC 2ND FLOOR,2,2,0
PHYSICAL THERAPY ASSOCIATES INC,1,1,0
"PHYSICIANS CLINIC, INC.",1,1,0
"PHYSICIANS FOR WOMEN, PLC",1,1,0
PIEDMONT GYNECOLOGICAL AND OBSTETRICAL ASSOCIATES,6,6,0
PIEDMONT HEALTHCARE FOR WOMEN P.A.,1,1,0
PIEDMONT PREFERRED WOMEN'S HEALTHCARE ASSOCIATES INC.,1,1,0
PINES HEALTH SERVICES,3,3,0
PINNACLE ANESTHESIA CONSULTANTS LLC,2,2,0
"PIONEER BIRTH AND FAMILY CARE CENTER, PLLC",1,1,0
PLANNED PARENTHOOD ASSOCIATION OF UTAH,2,2,0
"PLANNED PARENTHOOD GREAT NORTHWEST, HAWAI'I, ALASKA, INDIANA, KENTUCKY",1,1,0
"PLANNED PARENTHOOD HEALTH SYSTEMS, INC.",1,1,0
PLANNED PARENTHOOD KEYSTONE,2,2,0
PLANNED PARENTHOOD MAR MONTE,1,1,0
"PLANNED PARENTHOOD MAR MONTE, INC",9,9,0
"PLANNED PARENTHOOD MAR MONTE, INC.",1,1,0
"PLANNED PARENTHOOD MINNESOTA, NORTH DAKOTA, SOUTH DAKOTA",6,6,0
PLANNED PARENTHOOD OF CENTRAL AND GREATER NORTHERN NEW JERSEY,1,1,0
"PLANNED PARENTHOOD OF CENTRAL AND GREATER NORTHERN NEW JERSEY, INC",1,1,0
"PLANNED PARENTHOOD OF CT, INC",3,3,0
PLANNED PARENTHOOD OF GREATER NEW YORK INC,9,9,0
PLANNED PARENTHOOD OF GREATER OHIO,1,1,0
PLANNED PARENTHOOD OF GREATER TAXES SURGICAL HEALTH SERVICES,1,1,0
PLANNED PARENTHOOD OF ILLINOIS,1,1,0
PLANNED PARENTHOOD OF INDIANA NEW ALBANY,1,1,0
PLANNED PARENTHOOD OF INDIANA VALPARAISO,1,1,0
PLANNED PARENTHOOD OF MICHIGAN,2,2,0
"PLANNED PARENTHOOD OF NORTH FLORIDA, INC.",1,1,0
PLANNED PARENTHOOD OF NORTHERN NEW ENGLAND,14,14,0
PLANNED PARENTHOOD OF SOUTH FLORIDA & THE TREASURE COAST INC,1,1,0
"PLANNED PARENTHOOD OF SOUTHWEST AND CENTRAL FLORIDA, INC.",1,1,0
PLANNED PARENTHOOD OF THE MID HUDSON VALLEY,2,2,0
"PLANNED PARENTHOOD OF THE NORTH COUNTRY NEW YORK, INC.",1,1,0
"PLANNED PARENTHOOD OF THE ROCKY MOUNTAINS, INC",1,1,0
"PLANNED PARENTHOOD OF WESTERN PENNSYLVANIA, INC",4,4,0
PLANNED PARENTHOOD OF WISCONSIN,2,2,0
PLANNED PARENTHOOD PACIFIC SOUTHWEST,1,1,0
PLANNED PARENTHOOD PASADENA AND SAN GABRIEL VALLEY INC,1,1,0
"PLANNED PARENTHOOD SHASTA DIABLO, INC.",1,1,0
PLANNED PARENTHOOD SOUTH TEXAS SURGICAL CENTER,1,1,0
PLANNED PARENTHOOD SOUTHEASTERN PENNSYLVANIA,1,1,0
"PLANNED PARENTHOOD/ORANGE AND SAN BERNARDINO COUNTIES, INC.",1,1,0
PLANNNED PARENTHOOD OF THE INLAND NW,1,1,0
PLANO BIRTH PLACE,1,1,0
PLATTE RIVER ANESTHESIA,1,1,0
POCONO MIDWIVES & ASSOCIATES LLC.,1,1,0
"POSITIVELY LIVING, INC.",1,1,0
POST FALLS FAMILY MEDICINE P.A.,2,2,0
"POUDRE VALLEY HEALTH CARE, INC",1,1,0
POWELL VALLEY HEALTHCARE INC.,1,1,0
"PRAXIS PAIN SOLUTIONS, INC.",3,3,0
PREMIER ASSOCIATES FOR THE HEALTHCARE OF WOMEN,1,1,0
PREMIER HEALTH SPECIALISTS INC,6,6,0
PREMIER HEALTHCARE MANAGEMENT OF LONG PRAIRIE LLC,1,1,0
PREMIER MEDICAL STAFFING LLC,1,1,0
PREMIER OBGYN LLC,5,5,0
"PREMIER PHYSICIANS CENTERS, INC.",1,1,0
PRESENCE SERVICE CORPORATION,1,1,0
"PRESTIGE HEALTHCARE ATLANTA, LLC",2,2,0
"PRIMARY HEALTH CARE, INC.",7,7,0
"PRIME HEALTHCARE SERVICES - LANDMARK ,LLC",1,1,0
"PRIVATE DIAGNOSTIC CLINIC, PLLC",3,3,0
PRIVATE HEALTHCARE FACILITIES,1,1,0
PROFESSIONALS FOR WOMENS HEALTH INC,1,1,0
"PROJECT H.O.P.E., INC.",1,1,0
"PROLIANCE SURGEONS, INC., P.S.",2,2,0
PROMED HEALTHCARE,1,1,0
"PROMEDICA CENTRAL PHYSICIAN, LLC",9,9,0
PROMEDICA CENTRAL PHYSICIANS,3,3,0
PROSSER PUBLIC HOSPITAL DISTRICT OF BENTON COUNTY,2,2,0
PROVIDENCE HEALTH & SERVICES - WASHINGTON,1,1,0
PUBLIC HEALTH SOLUTIONS,2,2,0
PUBLIC HOSPITAL DIST NO 1 SKAGIT,1,1,0
"PURE LIFE RENAL OF PERIMETER, LLC",1,1,0
"RADIOLOGY ASSOCIATES, PC",2,2,0
"RAHEELA HAFEEZ,M.D., P.A.",1,1,0
RAND MEDICAL SERVICES LLC,2,2,0
RAPID CITY OBSTETRICS AND GYNECOLOGY,1,1,0
RAYMOND J. MARQUETTE MD PA,1,1,0
REAGAN REID ENTERPRISE INC,1,1,0
REALOPTIONS,1,1,0
REDWOOD WOMEN'S HEALTH CENTER,1,1,0
REGENTS OF THE UNIVERSITY OF MINNESOTA,1,1,0
REGIONAL REHABILITATION SERVICES PA,1,1,0
REGIONAL WOMENS HEALTH GROUP LLC,2,2,0
"RENEE CARISIO-FARBER, MD",1,1,0
REPROCHOICE LLC,2,2,0
REST ASSURED RELIEF,1,1,0
REVITALIZE HEALTH LLC,1,1,0
"REVOLUTIONS MIDWIFERY, LLC",1,1,0
"RICHARD B. MARKWOOD, DO LLC",1,1,0
"RICHARD F. FORD, MD, PSC",1,1,0
"RICHARD LOUIS SUAREZ, CNM PA",1,1,0
"RICHARD M. ROBINSON, M.D. P.C.",7,7,0
"RICHMOND BIRTH SERVICES, INC.",1,1,0
"RIVER WOLF GYNECOLOGY & FAMILY HEALTH, PLLC",1,1,0
"RIVERBEND MEDICAL GROUP, INC",5,5,0
RIVERBEND OB-GYN & COUNSELING,2,2,0
"RIVERSIDE HEALTH CENTER, LLC",1,1,0
"RIVERSIDE MIDWIFERY, LLC",1,1,0
RIVERSIDE OB GYN P C,1,1,0
ROBERT B RAYBON ET AL PTR,2,2,0
"ROBERT B SANCHEZ, MD PA",1,1,0
ROBERT D. MIXSON MD PA A GEORGIA CORP,1,1,0
ROBERT F ARROM MD INC,1,1,0
ROBERT Q TERRILL MD PC,2,2,0
ROBERT SUSSMAN MD PA,1,1,0
ROBERT WOOD JOHNSON UNIVERSITY HOSPITAL AT HAMILTON,1,1,0
ROCKY MOUNTAIN WOMENS CLINIC LLC,1,1,0
RONALD T PURCELL,1,1,0
"ROOTS MIDWIFERY, LLC",2,2,0
ROPER SAINT FRANCIS PHYSICIANS NETWORK,1,1,0
RUETZEL GYNECOLOGY & OBSTETRICS,2,2,0
SABRI SEN INC,1,1,0
SACRED HEART MEDICAL GROUP,1,1,0
SACRED JOURNEY MIDWIFERY LLC,1,1,0
SAFE HAVEN MIDWIFERY,1,1,0
"SAGE FEMME BIRTH CENTER OF KANSAS CITY, INC.",1,1,0
SAGE FEMME MIDWIFERY,1,1,0
SAGE WILLOW MIDWIFERY & WELLNESS PLC,1,1,0
"SAGE WOMEN'S HEALTH, A NURSING CORPORATION",1,1,0
SAINT ALPHONSUS PHYSICIAN SERVICES INC,2,2,0
SAINT VINCENT MEDICAL EDUCATION AND RESEARCH INSTITUTE,1,1,0
"SALT & LIGHT CHIROPRACTIC, INC.",1,1,0
SAM HOUSTON STATE UNIVERSITY,1,1,0
SAN ANTONIO NURSE MIDWIFE BIRTH AND WELLNESS CENTER INC,2,2,0
"SAN DIEGO DIAGNOSTIC RADIOLOGY MEDICAL GROUP, INC.",2,2,0
SAN JUAN REGIONAL MEDICAL CENTER INC,1,1,0
"SAN JUDAS COMMUNITY HEALTH CENTER, INC.",1,1,0
SAN TAN PERINATAL,5,5,0
SANFORD CLINIC,7,7,0
SANTA FE MIDWIFERY LLC,1,1,0
SANTA ROSA WOMENS CENTER PA,1,1,0
"SARA MAURER, ARNP, PLLC",1,1,0
"SARASOTA OB GYN ASSOCIATES, PA",1,1,0
SARATOGA HOSPITAL,4,4,0
SATYA WELLNESS,1,1,0
SCRIPPS CLINIC MEDICAL GROUP,5,5,0
"SCV BIRTH CENTER, INC.",1,1,0
SEASONS COMMUNITY BIRTH CENTER,3,3,0
SEASONS FOR ALL HEALTH CARE,1,1,0
SEATTLE-KING COUNTY DEPT OF PUBLIC HEALTH,1,1,0
SELDOVIA VILLAGE TRIBE,1,1,0
SELECT WOMEN'S HEALTHCARE LLC,1,1,0
SEMCAC,1,1,0
SENTARA RMH MEDICAL CENTER,1,1,0
SEPTEMBER HILL MIDWIFERY,1,1,0
SEQUOIA QUALITY HEALTH INC,1,1,0
SERENITY CARE FACILITIES LLC,1,1,0
SERVANT'S HEART MIDWIFERY SERVICES,1,1,0
SETON HEALTH SYSTEM,1,1,0
SEVEN HILLS OB-GYN ASSOCIATES LLC,2,2,0
"SEVEN HILLS OB-GYN ASSOCIATES, LLC",6,6,0
SEVEN SISTERS MIDWIFERY,1,1,0
"SEVIER VALLEY ANESTHESIA GROUP, LLP",1,1,0
SHAH ASSOCIATES MD LLC,1,1,0
SHANNA LALCHANDANI,1,1,0
"SHELDON W PAUL, MD PC",11,11,0
SIERRA NATURAL BIRTH CENTER LLC,1,1,0
"SILVER SPRING HEALTH CARE MANAGEMENT, INC.",1,1,0
SIOUXLAND COMMUNITY HEALTH CENTER,1,1,0
"SMITA BHAGAT M.D., LLC",1,1,0
SONOMA WOMENS MEDICAL CLINIC INC,1,1,0
SOUDABEH AHADI MD PC,2,2,0
SOUTH BROWARD HOSPITAL DISTRICT,1,1,0
SOUTH CENTRAL REGIONAL MEDICAL CENTER,1,1,0
SOUTH SHORE MIDWIFERY,2,2,0
SOUTH SHORE OB-GYN HANOVER OB-GYN INC,1,1,0
"SOUTH SHORE WOMEN'S HEALTH, PC",1,1,0
SOUTH SOUND WOMEN'S CENTER LLP,1,1,0
SOUTHERN ARIZONA MIDWIVES,1,1,0
SOUTHERN ILLINOIS ASSOCIATES LLC,1,1,0
SOUTHERN INDIANA PHYSICIANS FOR WOMEN,1,1,0
"SOUTHERN JERSEY FAMILY MEDICAL CENTERS, INC.",1,1,0
"SOUTHERN MARYLAND WOMEN'S HEALTHCARE, PA",5,5,0
SOUTHERN OB GYN ASSOCIATES P C,2,2,0
"SOUTHERN TIER COMMUNITY HEALTH CENTER NETWORK, INC.",3,3,0
SOUTHERN UROGYNECOLOGY,1,1,0
SOUTHWELL AMBULATORY INC,1,1,0
"SOUTHWEST GEORGIA OB-GYN, PC",1,1,0
"SOUTHWEST UROLOGY, LLC",1,1,0
"SOUTHWEST VA PHYSICIANS FOR WOMEN, INC",1,1,0
SPECIAL BEGINNINGS LLC,1,1,0
SPECIALISTS IN WOMEN'S HEALTHCARE PC,2,2,0
SPECTRUM HEALTH HOSPITALS,1,1,0
SPECTRUM HEALTH PRIMARY CARE PARTNERS,8,8,0
SPECTRUM HEALTH SERVICES INC,2,2,0
SPRINGFIELD CLINIC LLP,2,2,0
"ST CLAIR SHORES OBSTETRICS AND GYNECOLGY, PLC",2,2,0
ST CLOUD PATHOLOGISTS PA,1,1,0
"ST FRANCIS OBSTETRIC AND GYNECOLOGY, LLC",1,1,0
"ST. CROIX ORTHOPAEDICS, P.A.",1,1,0
ST. FRANCIS HOSPITAL INC.,2,2,0
"ST. FRANCIS HOUSE NWA, INC.",1,1,0
ST. JUDE NEIGHBORHOOD HEALTH CENTERS,1,1,0
ST. LUKES ROOSEVELT HOSPITAL CENTER,2,2,0
ST. PAUL-RAMSEY COUNTY PUBLIC HEALTH,1,1,0
ST. THERESA'S OB/GYN INC.,1,1,0
STANLY MEDICAL SERVICES,1,1,0
STATE OF ALASKA PUBLIC HEALTH NURSING,1,1,0
STATE OF ARKANSAS,1,1,0
STATE OF OKLAHOMA - OSU CENTER FOR HEALTH SCIENCES COLLEGE OF OSTEOPAT,1,1,0
"STAY IN TOUCH, LLC",1,1,0
STE GENEVIEVE COUNTY MEMORIAL HOSPITAL,1,1,0
"STELLIS HEALTH, PA",2,2,0
"STEPHEN R. WELLS, M.D.",1,1,0
"STEVEN B. BLUMBERG, DO, PC",1,1,0
"STEVEN GOLDSTEIN, MD & ASSOCIATES, P.A.",1,1,0
"STEVEN J. HARRIS,M.D.,P.C.",1,1,0
"STEVEN OWENS FAMILY PRACTICE, PLC",1,1,0
"STEVEN R MAYNARD, MD, PLLC",1,1,0
STONY BROOK UNIVERSITY,1,1,0
"STURGIS HOSPITAL, INC.",1,1,0
SUN RIVER HEALTH INC.,4,4,0
"SUNCOAST WOMEN'S CARE OF TRINITY, LLC",1,1,0
SUNLIFE OB-GYN SERVICES OF FT LAUDERDALE PA,2,2,0
SUNRISE COMMUNITY HEALTH,1,1,0
SURENDHER LOKAREDDY MDPC,1,1,0
SUSAN DENISE SANCHEZ,1,1,0
SUSANNE L RAMOS MD INC,1,1,0
SUSQUEHANNA PHYSICIAN SERVICES,7,7,0
SUTTER MEDICAL GROUP OF THE REDWOODS,1,1,0
SUZANNE RYAN MIDWIFERY SERVICES,1,1,0
"SYRACUSE MODEL NEIGHBORHOOD FACILITY, INC",2,2,0
"TAKECARE INSURANCE COMPANY, INC.",1,1,0
TAKEY CRIST MD PA,1,1,0
TAKOMA PARK GYNECOLOGY LLC,1,1,0
"TALBERT MEDICAL GROUP, P.C.",1,1,0
TALLAHASSEE MEMORIAL HEALTHCARE INC,3,3,0
"TALLMAN OB/GYN,PC",1,1,0
TAMPA FAMILY HEALTH CENTER INC,1,1,0
"TANDEM COMMUNITY BIRTH CENTER AND POSTPARTUM HOUSE, INC.",1,1,0
TAPESTRY 360 HEALTH,1,1,0
TAPESTRY HEALTH SYSTEMS,1,1,0
"TAYLOR REGIONAL MEDICAL GROUP,LLC",3,3,0
TCH PEDIATRICS INC,4,4,0
"TEAKETTLE WOMEN'S WELLNESS, LLC",1,1,0
"TEMPE BIRTH CENTER, L.L.C.",1,1,0
"TEPEYAC FAMILY CENTER, LLC",2,2,0
"TERESA HOFFMAN M.D. AND ASSOCIATES, LLC",2,2,0
TERI'S HEALTH SERVICES,1,1,0
TERRELL OBGYN CLINIC-HOLLIS PLLC,1,1,0
"TEXAS HEALTH CARE, P.L.L.C.",1,1,0
TEXAS HEALTH PRESBYTERIAN HOSPITAL KAUFMAN,1,1,0
"TEXAS INTERNATIONAL ENDOSCOPY CENTER, LP",2,2,0
TEXAS TECH UNIVERSITY HEALTH SCIENCES CENTER LUBBOCK,1,1,0
TEXOMA WOMENS CLINIC P.A.,1,1,0
THE BARTELL DRUG CO,1,1,0
"THE BFS MEDICAL PARTNERS, PLLC",1,1,0
THE BIRTH COTTAGE,2,2,0
"THE BIRTH PLACE, LLC",1,1,0
THE BOARD OF TRUSTEES OF THE UNIVERSITY OF ILLINOIS,1,1,0
THE BOWEN CENTER FOR WOMEN'S HEALTH,1,1,0
"THE BREASTFEEDING DEN, LLC",1,1,0
THE EXECU-SEARCH GROUP,1,1,0
THE JACKSON MACY CLINIC LLC,1,1,0
THE KANE CLINICS,2,2,0
THE MEMORIAL HOSPITAL,6,6,0
"THE MEMORIAL HOSPITAL OF WILLIAM F. AND GERTRUDE F. JONES, INC.",1,1,0
THE METROHEALTH SYSTEM,1,1,0
"THE MIDWIFE CLINIC, LLC",2,2,0
THE PHYSICIAN AND MIDWIFE COLLABORATIVE PRACTICE,1,1,0
"THE PROVIDENCE COMMUNITY HEALTH CENTERS, INC",3,3,0
"THE PROVIDENCE COMMUNITY HEALTH CENTERS, INC.",1,1,0
"THE RADICAL WITHIN, LLC",1,1,0
THE REGIONAL MEDICAL CENTER AT MEMPHIS,2,2,0
"THE SACRED WILD, LLC",1,1,0
"THE VERANDA, PC",1,1,0
THE WOMAN'S CLINIC PA,1,1,0
THE WOMEN'S CENTER OF WESTERN NE PC,2,2,0
THEODORE BARTON,1,1,0
"THIRD STREET COMMUNITY CLINIC, INC",1,1,0
"THREE RIVERS MIDWIFERY SERVICE, PLLC",2,2,0
THRIVE MIDWIVES LLC,1,1,0
TIGERLILY WOMEN'S HEALTH & MIDWIFERY,1,1,0
"TIMOTHY T SAUTER, MD LTD",3,3,0
"TLC WOMENS HEALTH CENTER, LLC",1,1,0
"TMC PSYCHIATRY, P.C.",1,1,0
"TOGETHER WOMEN'S HEALTH MEDICAL GROUP, P.C.",4,4,0
"TOPEKA BIRTH CENTER, LLC",1,1,0
TOURMALINE BIRTH AND WELLNESS COLLECTIVE,1,1,0
"TRANSCEND PSYCHOTHERAPY, PLLC",1,1,0
TRAWHS LLC,1,1,0
TREASURE COAST MATERNITY CENTER INC.,1,1,0
TREE OF LIFE BIRTH CENTER PLLC,1,1,0
TREE OF LIFE FAMILY BIRTH CENTER,1,1,0
TRENTON MEDICAL CENTER INC,2,2,0
"TRI-RIVERS FAMILY PLANNING, INC.",1,1,0
TRIAD OB GYN PC,1,1,0
TRIANGLE OBGYN PA,1,1,0
"TRIANGLE PREMIER WOMEN'S HEALTH, P.A.",1,1,0
TRINITY WOMEN'S HEALTH INC,1,1,0
TRIPLE B LOVE LLC,1,1,0
TRIPLER ARMY MEDICAL CENTER,1,1,0
TRUE NATURAL HEALTHCARE INC,6,6,0
TUALITY HEALTHCARE,1,1,0
TUCSON MEDICAL CENTER,1,1,0
"TULIP MIDWIFERY, LLC",1,1,0
TWIN SPRINGS MEDICAL CENTER LTD,2,2,0
"TWO HARBORS INTEGRATIVE HEALTHCARE, LLC",1,1,0
UBUNTU BLACK FAMILY WELLNESS COLLECTIVE,1,1,0
UCSF MEDICAL CENTER,1,1,0
"UNITED CEREBRAL PALSY OF NEW YORK CITY, INC.",1,1,0
UNITED HEALTH SERVICES HOSPITALS INC,1,1,0
UNIVERSITY HEALTH SERVICES,1,1,0
UNIVERSITY HEALTH SYSTEM INC,5,5,0
UNIVERSITY HEALTHCARE ALLIANCE,1,1,0
UNIVERSITY OF ALABAMA HEALTH SERVICES FOUNDATION PC,1,1,0
UNIVERSITY OF ARIZONA,1,1,0
UNIVERSITY OF ARKANSAS,2,2,0
"UNIVERSITY OF FLORIDA, JACKSONVILLE",1,1,0
UNIVERSITY OF HAWAII AT MANOA,1,1,0
UNIVERSITY OF MD OBSTETRICAL AND GYNECOLOGICAL ASSO. PA,4,4,0
UNIVERSITY OF MINNESOTA HEALTH CLINICS AND SURGERY CENTER INC,1,1,0
UNIVERSITY OF NEVADA SCHOOL OF MEDICINE MULTI-SPEC GRP PRACT SO,1,1,0
UNIVERSITY OF NORTH CAROLINA AT CHAPEL HILL,3,3,0
UNIVERSITY OF PENN OB/GYN,3,3,0
UNIVERSITY OF PITTSBURGH PHYSICIANS,1,1,0
UNIVERSITY OF THE PACIFIC,1,1,0
UNIVERSITY OF UTAH SPECIALTY SERVICES,3,3,0
UNIVERSITY OF VIRGINIA PHYSICIANS GROUP,1,1,0
UNIVERSITY OF WASHINGTON,4,4,0
UNIVERSITY OF WISCONSIN MEDICAL FOUNDATION INC,1,1,0
UNIVERSITY PHYSICIAN GROUP,3,3,0
"UNIVERSITY SURGEONS, INC.",1,1,0
UNIVERSTIY OF NORTH CAROLINA AT CHAPEL HILL,1,1,0
UPLIFTING WOMEN'S WELLNESS,2,2,0
UPMC ALTOONA,1,1,0
UTMB REGIONAL MATERNAL AND CHILD HEALTH PROGRAM,1,1,0
VALDOSTA WOMENS HEALTH CENTER PC,1,1,0
VALLEY MEDICAL CARE PC,1,1,0
"VALLEY WOMEN'S HEALTH, PC",1,1,0
VEERASWAMY LLC,1,1,0
"VENTURA COUNTY OBSTETRIC AND GYNECOLOGIC MEDICAL GROUP, INC",1,1,0
"VERNON MEMORIAL HEALTHCARE, INC",1,1,0
"VIA VITA HEALTH PROJECT, INC.",2,2,0
"VIBRANT WOMEN'S HEALTH, LLC",1,1,0
"VICTOR A. NWACHUKU, M.D., PC",2,2,0
VIDA MIDWIFERY,1,1,0
"VIJAY C KATUKOTA, A MEDICAL CORPORATION",1,1,0
VIOLETA M DE JESUS MD,2,2,0
VIRGINIA GARCIA MEMORIAL HEALTH CENTER,3,3,0
VIRGINIA OBSTETRICS & GYNECOLOGY PC,1,1,0
VITALITY GENERATION & MIDWIFERY LLC,3,3,0
VITAS HEALTHCARE CORPORATION OF CALIFORNIA,1,1,0
"VOLUNTEERS IN MEDICINE JACKSONVILLE, INC",1,1,0
VOLUSIA OB GYN,1,1,0
WABASH VALLEY MIDWIVES,1,1,0
"WAKE SPECIALTY PHYSICIANS, LLC",1,1,0
"WALK IN GYN CARE, PC",1,1,0
WALNUT HILL OBSTETRICS & GYNECOLOGY ASSOCIATES,1,1,0
"WASATCH ENDODONTICS, PC",1,1,0
"WASATCH MIDWIFERY CENTER, LLC",1,1,0
WATERFORD LAKES WOMEN'S HEALTH CENTER,1,1,0
WATERSIDE WOMENS MEDICAL CARE PC,2,2,0
WAVES BEHAVIORAL HEALTH PLLC,1,1,0
WAYNE WOMEN'S CLINIC,5,5,0
"WEBSTER ORTHOPAEDIC MEDICAL GROUP, APC",2,2,0
WELLCARE INC,1,1,0
WELLMONT PHYSICIAN SERVICES INC,1,1,0
WELLSPAN MEDICAL GROUP,2,2,0
WEST COAST ANESTHESIOLOGY ASSOCIATES,1,1,0
WEST GROVE HOME CARE LLC,1,1,0
"WEST HAWAII COMMUNITY HEALTH CENTER, INC.",1,1,0
WEST SIDE COMMUNITY HEALTH SERVICES,1,1,0
"WEST SIDE COMMUNITY HEALTH SERVICES, INC",3,3,0
WEST TEXAS URGENT CARE LLC,1,1,0
WEST VALLEY WOMENS CARE LTD,4,4,0
WESTAR OBSTETRICS AND GYNECOLOGY LLC,3,3,0
WESTERN OB/GYN LTD,3,3,0
WESTERN VIRGINIA OB-GYN CENTER PC,3,3,0
"WESTRIDGE, OB/GYN",1,1,0
"WESTSIDE FAMILY HEALTHCARE, INC",1,1,0
WESTWOOD OBSTETRICS & GYNECOLOGY,1,1,0
WHITE FAMILY MEDICINE,1,1,0
WHITE STONE PSYCHIATRIC SERVICES,1,1,0
WHITEHALL FAMILY HEALTH CENTER,1,1,0
WILLIAM E SMITH OBSTETRICS & GYNECOLOGY,1,1,0
WILLIAM F RYAN COMMUNITY HEALTH CENTER INC,1,1,0
WILLIAM G FITZHUGH PC,2,2,0
"WILLIAM R. MOREHOUSE, MD",1,1,0
WILLIS HEALTH CARE PLLC,1,1,0
"WILLOW OAK, INC.",1,1,0
WILLOW TREE LLC,1,1,0
WILLOW WOMENS HEALTH LLC,2,2,0
WILMINGTON HEALTH PLLC,1,1,0
WIREGRASS COUNSELING SERVICES,1,1,0
"WISE WOMAN OB/GYN, PC",1,1,0
WMC TYRONE LLC,7,7,0
WNC BIRTH CENTER,2,2,0
WOERNER PHYSICAL THERAPY LLC,1,1,0
WOMACK ARMY MEDICAL CENTER,3,3,0
WOMAN 2 WOMAN OBSTETRICS & GYNECOLOGY PSC,3,3,0
"WOMAN CARE, LLC",6,6,0
WOMAN TO WOMAN OB GYN MEDICAL GRP,1,1,0
WOMANCARE PLLC,2,2,0
WOMANKIND MIDWIVES PLLC,5,5,0
WOMEN FIRST MIDWIFERY,2,2,0
WOMEN FIRST OBGYN CENTER PLLC,6,6,0
WOMEN FIRST PLLC,1,1,0
"WOMEN FIRST, PLLC",1,1,0
WOMEN FOR WOMENS HEALTH PC,2,2,0
WOMEN MIDWIFERY HEALTH CARE SERVICE PC,1,1,0
WOMEN TO WOMEN HEALTHCARE CENTER INC,1,1,0
WOMEN'S CARE CENTER OF COLUMBUS INC,1,1,0
WOMEN'S CARE OF WISCONSIN S.C.,1,1,0
"WOMEN'S CENTER AT BROOKSIDE, LLC",1,1,0
WOMEN'S HEALTH & MIDWIFERY- SOUTHERN UTAH,2,2,0
WOMEN'S HEALTH AND BIRTH CARE,1,1,0
WOMEN'S HEALTH ASSOCIATES OF CLEBURNE PLLC,1,1,0
WOMEN'S HEALTH ASSOCIATES OF WESTERN MA INC.,1,1,0
"WOMEN'S HEALTH ASSOCIATES, INC",3,3,0
"WOMEN'S HEALTH ASSOCIATES, LLC",2,2,0
WOMEN'S HEALTH CARE AT CENTER FOR BALANCE,1,1,0
WOMEN'S HEALTH CARE OF MORGANTOWN,4,4,0
"WOMEN'S HEALTH OF WESTERLY, LLC",1,1,0
"WOMEN'S HEALTH OF WESTERN NEW YORK, PC",1,1,0
WOMEN'S HEALTH OF WINCHESTER PSC,1,1,0
"WOMEN'S HEALTH SERVICES OF CENTRAL VIRGINIA, INC.",1,1,0
"WOMEN'S HEALTH SPECIALISTS OF MONTGOMERY COUNTY, LLC",1,1,0
"WOMEN'S HEALTH TODAY, P.C.",2,2,0
WOMEN'S HEALTHCARE ASSOCIATES,4,4,0
WOMEN'S HEALTHCARE NETWORK,1,1,0
"WOMEN'S HEALTHCARE OF MIDDLE GA, INC",2,2,0
"WOMEN'S MEDICAL CENTER, P.A.",1,1,0
WOMEN'S QUALITY CARE INC.,1,1,0
WOMEN'S SURGICAL CENTER,1,1,0
WOMEN'S VIEW MIDWIFERY,2,2,0
WOMEN'S WELLNESS AND MATERNITY CENTER,1,1,0
"WOMEN'S WELLNESS PLACE, PC",1,1,0
WOMENCARE,1,1,0
WOMENCARE INC,2,2,0
WOMENCARE OBSTETRICS AND GYNECOLOGY P.C.,1,1,0
WOMENS CARE,1,1,0
WOMENS CARE IN OBSTETRICS AND GYNECOLOGY PC,6,6,0
"WOMENS CARE PARTNERS, PLLC",1,1,0
WOMENS COMPREHENSIVE HEALTH CARE OF NEW JERSEY,1,1,0
"WOMENS HEALTH & BIRTHCARE, INC",1,1,0
WOMENS HEALTH ASSOCIATES PA,1,1,0
WOMENS HEALTH CARE OF NORTHERN KY PSC,3,3,0
WOMENS HEALTH CENTER OF MACOMB INC,1,1,0
WOMENS HEALTH INSTITUTE OF ILLINOIS LTD,1,1,0
WOMENS HEALTH OF EDENTON PC,1,1,0
WOMENS HEALTH SERVICES CHATTANOOGA PC,2,2,0
WOMENS HEALTH SERVICES OF KANSAS CITY,1,1,0
WOMENS HEALTH SPECIALISTS OF YUMA PLLC,2,2,0
"WOMENS HEALTH SPECIALISTS,PA",1,1,0
WOMENS HEALTHCARE ASSOC PA,4,4,0
WOMENS HEALTHCARE GROUP OF PA.,1,1,0
WOMENS LIFE CENTER OF LUMBERTON PA,1,1,0
WOMENS SPECIALTY CARE SC,1,1,0
WOMENS WELLNESS CENTER OF THE ROCKIES LLP,1,1,0
WYANDOT MEMORIAL HOSPITAL,1,1,0
"WYATT CLINIC, P.A.",1,1,0
YAMPA VALLEY MEDICAL CENTER,1,1,0
"YOLANDA LAGUNAS MD, P.A.",1,1,0
YORK HOSPITAL,1,1,0
"YUEN KWAN CHAN OB/GYN NP, MIDWIFE P.C.",1,1,0
"YUTTA ENGEL, LICENSED MIDWIFE, P.C.",1,1,0
Z&E MEDICAL MANAGEMENT LLP,1,1,0
ZOE LACTATION & MIDWIFERY,1,1,0
6TH MEDICAL GROUP,1,0,-1
A NEW DAY LLC,1,0,-1
A PHYSICAL THERAPIST INC,1,0,-1
A WOMAN'S PLACE BIRTH AND HEALTH RESOURCES,1,0,-1
"A.F.A. OBSTETRICS & GYNECOLOGY, P.C.",7,6,-1
ABINGTON MEMORIAL HOSPITAL,4,3,-1
ACCESS COMMUNITY HEALTH NETWORK,4,3,-1
ADFINITAS HEALTH PALLIATIVE SERVICES OF MICHIGAN PLLC,1,0,-1
ADULT COMPLEX CARE CENTER,5,4,-1
"ADVANCED CARE FOR WOMEN, LLC",3,2,-1
ADVANCED ORTHOPAEDIC ASSOCIATES OF PA,1,0,-1
"ADVANCED WOMEN'S HEALTH OF CHICAGO, SC",1,0,-1
"ADVENTIST HEALTH PARTNERS, INC.",6,5,-1
"AE COUNSELING AND HEALING SERVICES, LLC",1,0,-1
AFTER HOURS PEDIATRICS PC,1,0,-1
"AHANNA HEALTH AND WELLNESS, LLC",1,0,-1
"ALAVITA PERINATAL NUTRITION ASSOCIATES, LLC",1,0,-1
ALBANY OBSTETRICS & GYNECOLOGY PC,2,1,-1
ALBERTH RODRIGUEZ DDS LLC,1,0,-1
ALLCARE FOR WOMEN LLC,1,0,-1
"ALLERGY & ASTHMA CENTER, INC",1,0,-1
ALLIANCE HEALTHCARE SERVICES INC,3,2,-1
"AMELIA INTERNAL MEDICINE,P.A.",1,0,-1
AMERICAN SAMOA MEDICAL CENTER,1,0,-1
"AMG-CROCKETT, LLC",3,2,-1
ANDREA L. CAMPAIGNE MD PLLC,4,3,-1
ANN GOERING P.C.,1,0,-1
APPALACHIAN REGIONAL MEDICAL ASSOCIATES,3,2,-1
"ASHOK K. KESWANI, M.D., P.C.",1,0,-1
"ASSOCIATED WOMEN'S CARE PHYSICIANS, P.C.",7,6,-1
"ATHENS MEDICAL ASSOCIATES, LLC",2,1,-1
"ATLANTIC EMERGENCY PHYSICIAN TEAM PEDIATRIC ASSOCIATES, P.C.",1,0,-1
AUGUSTA EMERGENCY PHYSICIANS,1,0,-1
AURORA MEDICAL GROUP INC,2,1,-1
AURORA MIDWIFERY LLC,2,1,-1
AUSTIN AREA MIDWIVES & CO,4,3,-1
AVALON. A CENTER FOR WOMEN'S HEALTH,6,5,-1
BABY AND COMPANY WINSTON SALEM LLC,1,0,-1
BALTIMORE MEDICAL SYSTEM INC,3,2,-1
"BALTIMORE MEDICAL SYSTEM, INC",1,0,-1
BAPTIST HEALTHCARE GROUP,1,0,-1
BARON AND BARON MEDICAL CORPORATION,1,0,-1
BASSETT ARMY COMMUNITY HOSPITAL,1,0,-1
BATTLE CREEK OBSTETRICS & GYNECOLOGY ASSOCIATES PC,4,3,-1
"BEAUFORT JASPER HAMPTON COMPREHENSIVE HEALTH SERVICES, INC.",1,0,-1
BEST ORGANIC PHARMACY,1,0,-1
BIG SANDY HEALTH CARE INC,1,0,-1
BIG SPRINGS MEDICAL ASSOCIATION,1,0,-1
"BILTMORE OB-GYN, PA",2,1,-1
BLOOMSBURG PHYSICIAN SERVICES,8,7,-1
BOONE COUNTY COMPREHENSIVE SPECIALTY CARE,1,0,-1
"BORN CLINIC, PC",1,0,-1
"BRANDYWINE OBGYN, PA",1,0,-1
"BRIGHT EYES MIDWIFERY AND WILD RIVERS WOMENS HEALTH,LLC",2,1,-1
BUNDLEBORN MIDWIFERY,1,0,-1
BUSINESS SYSTEMS INC,1,0,-1
CAIRNS & MONDARY OB GYN INC,1,0,-1
CAMDEN ON GAULEY MEDICAL CENTER,1,0,-1
"CAPITAL OB/GYN, INC.",2,1,-1
CARDIOTHORACIC SURGEONS INC.,3,2,-1
"CARECONNECT HEALTH, INC.",11,10,-1
"CAREMARK, L.L.C.",1,0,-1
CARING CHOICE WOMEN'S CENTER,2,1,-1
CARING FOR WOMEN INC,1,0,-1
CAROLINA HEALTHCARE ASSOCIATES INC,1,0,-1
"CAROLINA WOMEN'S HEALTH CENTER, PA",6,5,-1
CAROMONT MEDICAL GROUP INC,1,0,-1
"CARROLL OBGYN ASSOCIATES, LTD",1,0,-1
"CENTER FOR BIOIDENTICAL HORMONES, LLC",5,4,-1
"CENTER FOR ORTHOTIC & PROSTHETIC CARE OF KY, LLC",2,1,-1
"CENTER FOR WOMEN'S HEALTH CARE, LLC",2,1,-1
CENTRAL MAINE MEDICAL CENTER,3,2,-1
CENTRAL VIRGINIA HEALTH SERVICES INC,1,0,-1
"CENTRAL VIRGINIA OB-GYN GROUP, PC",1,0,-1
CHANGE ACADEMY AT LAKE OF THE OZARKS,1,0,-1
"CHARLEANEA M. ARELLANO, PH.D., LLC",1,0,-1
"CHARLES B. WANG COMMUNITY HEALTH CENTER, INC.",5,4,-1
"CHARLES L. MCCORD, M.D., LLC.",1,0,-1
"CHOPTANK COMMUNITY HEALTH SYSTEM, INC.",1,0,-1
CIBOLA GENERAL HOSPITAL,1,0,-1
CIRCLE OF LIFE INC,3,2,-1
CLEAR CHOICE IMAGING OF MACARTHUR LLC,1,0,-1
CLINIC PHYSICIAN SERVICES CO. LLC,1,0,-1
CLINICAS DEL CAMINO REAL INC,1,0,-1
"COLLEGE PARK ANCILLARY, LLC",1,0,-1
"COLUMBIA RIVER WOMEN'S CLINIC, LLC",1,0,-1
COLUMBIA VALLEY COMMUNITY HEALTH,8,7,-1
COMMUNITY HEALTH ALLIANCE,1,0,-1
COMMUNITY HEALTH CENTER OF PINELLAS INC,3,2,-1
COMMUNITY HOSPITALS OF INDIANA INC,2,1,-1
COMMUNITY MEMORIAL HEALTH SYSTEM,2,1,-1
"COMPASS HEALTH, INC",1,0,-1
"COMPREHENSIVE WOMEN'S CARE OF COLUMBUS, P.C.",3,2,-1
CONTEMPORARY CARE FOR WOMEN,1,0,-1
CORNERSTONE CARE INC.,1,0,-1
COSMOS MIDWIFERY PLLC,2,1,-1
COUNTY OF BUTTE,1,0,-1
COUNTY OF HOKE,1,0,-1
COUNTY OF SUMMIT,1,0,-1
CRE8 HEALTH LLC,1,0,-1
"CREATIONS MIDWIFERY, LLC",1,0,-1
CUMBERLAND COUNTY HEALTH DEPT,1,0,-1
CUMBERLAND COUNTY HOSPITAL SYSTEM INC,5,4,-1
"DAGOBERTO MARTINEZ, MDPA",1,0,-1
DALLAS MIDWIFE ASSOCIATES PLLC,6,5,-1
DANIEL KRAAK PHYSICAL THERAPY PLLC,1,0,-1
DARTMOUTH HITCHCOCK PSYCHIATRIC ASSOCIATES,2,1,-1
DELAWARE VALLEY COMMUNITY HEALTH INC,1,0,-1
DELMARVA EMERGENCY PHYSICIANS LLP,2,1,-1
DESERT SKY WOMENS HEALTHCARE INC,4,3,-1
DESIREE T PALMER DMD PA,2,1,-1
DIALYZE DIRECT NY LLC,1,0,-1
DME PLS INC,2,1,-1
DOWNTOWN WOMEN OB GYN ASSOCIATES LLP,1,0,-1
"DR. KRESS EYECARE ASSOCIATES, PLLC",2,1,-1
DRAYER PHYSICAL THERAPY INSTITUTE LLC,1,0,-1
"DUPLIN SURGICAL, PA",1,0,-1
DYNACARE NORTHWEST INC,2,1,-1
EARTH SKY MASSAGE AND ACUPUNCTURE,1,0,-1
EAST AURORA PEDIATRICS,1,0,-1
EAST NORRITON WOMEN'S HEALTHCARE,1,0,-1
ELITE GYNECOLOGY AND WELLNESS LLC,4,3,-1
EMBRACE MIDWIFERY CARE,1,0,-1
EMMONS STUDENT WELLNESS CENTER,1,0,-1
"ERNEST COKER, MD PC",1,0,-1
ESSEX COUNTY OB/GYN ASSOCIATES,9,8,-1
"EVERGREEN WOMEN'S CARE, PLLC",1,0,-1
"FAIRHAVEN OBSTETRICS & GYNECOLOGY, INC",5,4,-1
FAIRVIEW CLINICS,11,10,-1
FAIRVIEW PHARMACY SERVICES LLC,2,1,-1
FAMILY FIRST HEALTH CORPORATION,1,0,-1
"FAMILY HEALTH CENTERS OF BALTIMORE, INC.",3,2,-1
"FAMILY HEALTH CENTERS OF SAN DIEGO, INC.",1,0,-1
"FAMILY HEALTH CENTERS OF SOUTHWEST FLORIDA, INC.",8,7,-1
FAMILY MEDICAL & MATERNITY CARE PC,2,1,-1
"FLOURISH BIRTH & WELLNESS CENTER, PLLC",1,0,-1
FORT SANDERS PERINATAL CENTER,1,0,-1
"FORT WORTH PERINATAL ASSOCIATES, P.A.",2,1,-1
FRANCISCAN MEDICAL GROUP,6,5,-1
FRANKLIN SQUARE HOSPITAL CENTER INC,1,0,-1
FRIEDMAN & GROSS ASSOCIATES PC,1,0,-1
GAIL KING MD PC,1,0,-1
GEISINGER WYOMING VALLEY MEDICAL CENTER,6,5,-1
GENTLE BEGINNINGS,4,3,-1
"GENTLE BIRTH OPTIONS, LLC",1,0,-1
"GENTLE LANDING BIRTH CENTER, LLC",1,0,-1
GEORGIA CENTER FOR FEMALE HEALTH LLC,2,1,-1
GEORGIA INSTITUTE OF TECHNOLOGY STAMPS HEALTH SERVICES,1,0,-1
GLENNA R ANDERSEN MD DARYA B MAANAVI MD LTD,1,0,-1
"GOLDEN GATE PEDIATRICS, A MEDICAL CORP",1,0,-1
GOOD SAMARITAN HOSPITAL CORVALLIS,11,10,-1
GRAYS HARBOR COUNTY TREASURER,1,0,-1
GREAT PHYSICIAN HEALTH SERVICES,1,0,-1
GREATER NEW HAVEN OB GYN GROUP PC,8,7,-1
"GROS VENTRE OB/GYN, LLP",1,0,-1
GROUP HEALTH PLAN INC.,1,0,-1
"GROWING FAMILIY BIRTH CENTER, LLC",1,0,-1
GYN LTD,2,1,-1
"H-E-B, LP",1,0,-1
"HAUSHEER, BRABY & ASSOCIATES, P.C.",1,0,-1
HCA FLORIDA TRINITY HOSPITAL,1,0,-1
HEALTH CARE MEDICAL ASSOCIATES INC,1,0,-1
"HEALTH SERVICES OF CLARION, INC.",1,0,-1
"HEALTHCARE FOR WOMEN, INC.",1,0,-1
HEALTHCARE PARTNERS AFFILIATES MEDICAL GROUP,1,0,-1
HEALTHONE CLINIC SERVICES - PEDIATRIC SPECIALTIES LLC,1,0,-1
HEALTHPOINT,4,3,-1
"HEARING TINNITUS BALANCE SOLUTIONS-DIRECT CARE, INC",3,2,-1
HELPING HANDS PEDIATRICS LLC,1,0,-1
"HEMANT K. PANCHAL, MD, PC.",1,0,-1
"HENRY COUNTY HEALTH CENTER, INC.",2,1,-1
HENRY COUNTY MEMORIAL HOSPITAL,1,0,-1
HER TIME HEALTHCARE LLC,1,0,-1
"HIGHLAND OBSTETRICS AND GYNECOLOGY, INC.",3,2,-1
"HOKE HEALTHCARE, LLC",1,0,-1
"HOMER MEDICAL CLINIC, A PROFESSIONAL CORP",3,2,-1
HOPE CLINIC FOR WOMEN,2,1,-1
HUNTSMAN PODIATRY OF INDIANA LLC,1,0,-1
INNOVATIVE WOMEN'S HEALTH SPECIALISTS,1,0,-1
INOVA HEALTH CARE SERVICES,1,0,-1
INSTITUTE FOR POPULATION HEALTH INC.,1,0,-1
"INSTITUTE FOR SUSTAINED HEALTH, LLC",1,0,-1
INTEGRATIVE NURSE PRACTITIONERS,5,4,-1
INTREPID SPIRIT CENTER,1,0,-1
JACKSON HOLE OBGYN PC,1,0,-1
JACKSON MEMORIAL HOSPITAL,4,3,-1
JANE MEDICAL PLLC,1,0,-1
JENCARE,1,0,-1
JODI WINEMILLER,1,0,-1
JOHN A EGLI MD PC,2,1,-1
"JOHN P. DELGADO, MD PC",1,0,-1
JPS HEALTH NETWORK,1,0,-1
KERN COMMUNITY COLLEGE DISTRICT,1,0,-1
KEY WEST HMA PHYSICIAN MANAGEMENT LLC,1,0,-1
KEYSTONE RURAL HEALTH CENTER,1,0,-1
"KHAN OBSTETRICS & GYNECOLOGY ASSOCIATES, PA",1,0,-1
"KIDZ CARE PEDIATRIC NETWORK, LLC",1,0,-1
KILTED COUNSELING,1,0,-1
KIST COUNSELING LLC,1,0,-1
KLIOT OBSETRICTIS & GYNECOLOGY PC,1,0,-1
LAC USC MEDICAL CENTER,1,0,-1
"LAKE CHAMPLAIN OB/GYN, PC",2,1,-1
LAKE HOSPITAL SYSTEM INC,2,1,-1
"LAKE PARK GROUP, LLC",1,0,-1
LANE WOMEN'S HEALTH GR.,3,2,-1
"LEAVITT WOMENS HEALTHCARE CORP,P.C.",3,2,-1
"LEHIGH VALLEY WOMEN'S MEDICAL SPECIALTIES, PC",1,0,-1
"LEXMEDICAL, INC.",1,0,-1
"LIFE TREE WOMEN CARE, INC.",1,0,-1
LIGHTSPEED TESTING LLC,1,0,-1
LINCOLN OB-GYN P.C.,5,4,-1
LIVING WELL FAMILY CHIROPRACTIC,1,0,-1
LORENZO LOPEZ MD INC,2,1,-1
LOTUS ONCOLOGY HEMATOLOGY INC,3,2,-1
"LOURDES MEDICAL ASSOCIATES, PA",5,4,-1
"LUCINA ANALYTICS, LP",1,0,-1
MADIGAN ARMY MEDICAL CENTER,1,0,-1
MANCHESTER COMMUNITY HEALTH CENTER,1,0,-1
"MARANA HEALTH CENTER, INC",4,3,-1
MARCUS DALY MEMORIAL HOSPITAL CORPORATION,1,0,-1
"MARK APPLEMAN, MD",1,0,-1
"MARK L. BOLES, MD",2,1,-1
MARTIN ARMY COMMUNITY HOSPITAL,1,0,-1
MARVIN D. CRAIG M.D. PC,1,0,-1
"MAYO CLINIC HEALTH SYSTEM-NORTHWEST WISCONSIN REGION, INC.",11,10,-1
"MAYO CLINIC HEALTH SYSTEM-SOUTHWEST WISCONSIN REGION, INC.",5,4,-1
MEDICAL FACULTY ASSOCIATES,1,0,-1
"MEDICAL GROUP OF NORTH COUNTY, INC.",1,0,-1
MEMORIAL HOSPITAL,1,0,-1
MEMORIAL HOSPITAL OF SWEETWATER COUNTY,1,0,-1
"MEMORIAL PHYSICIANS, PLLC",1,0,-1
MERCY LIFE CENTER CORP,1,0,-1
METROPOLITAN FAMILY SERVICES,1,0,-1
MICHAEL B SMITH MD,1,0,-1
"MICHAEL R BARNETT M.D, P.A",2,1,-1
MID-ATLANTIC WOMENS CARE PLC,12,11,-1
MIDDLE TN WOMENS HEALTH GROUP,6,5,-1
MIDLAND WOMEN'S CLINIC P.A.,2,1,-1
MIDWEST OBGYN & INFERTILITY CENTER,1,0,-1
"MIDWIFE360, LLC",5,4,-1
MILLER & TURNER OB GYN PLLC,1,0,-1
"MILLIE MEDICAL GROUP, P.C.",1,0,-1
MILWAUKEE ANES CONSULTANTS LTD,3,2,-1
"MILWAUKEE HEALTH SERVICES, INC",3,2,-1
MISSOURI BAPTIST HOSPITAL OF SULLIVAN,3,2,-1
MOLOKAI GENERAL HOSPITAL,1,0,-1
MONARCH WELLNESS LLC,1,0,-1
MONTEZUMA COUNTY HEALTH DEPARTMENT,1,0,-1
"MOONRISE MIDWIFERY AND WOMEN'S HEALTH, LLC",1,0,-1
MOUNT CARMEL HEALTH SYSTEM,1,0,-1
MOUNT KISCO MEDICAL GROUP PC,1,0,-1
MT. OLYMPUS OBSTETRICS AND GYNECOLOGY,2,1,-1
MUJTABA WOMEN'S HEALTH MIDWIFERY PC,1,0,-1
MUNROE REGIONAL HEALTH SYSTEMS INC,3,2,-1
MURRAY MEDICAL LLC,1,0,-1
MYMICHIGAN MEDICAL GROUP,1,0,-1
"NAMASTE OB/GYN, LLC",1,0,-1
"NATIONAL VISION, INC.",1,0,-1
NATURAL LEE SPEAKING INC,1,0,-1
NAVAL MEDICAL CENTER SAN DIEGO,2,1,-1
NEIGHBORHOOD HEALTH SERVICES CORPORATION,4,3,-1
"NEIGHBORHOOD MEDICAL CENTER, INC",1,0,-1
"NEW VISIONS HEALTHCARE SERVICES, LLC.",1,0,-1
NEWAYGO COUNTY GENERAL HOSPITAL ASSOCIATION,2,1,-1
NLUC PLLC,1,0,-1
NORTH CENTRAL TEXAS COMMUNITY HEALTH CARE CENTER INC,1,0,-1
"NORTH COUNTRY HEALTHCARE, INC.",2,1,-1
NORTH KERN SOUTH TULARE HOSPITAL DISTRICT,1,0,-1
NORTHEAST HOSPITAL CORPORATION,8,7,-1
NORTHEAST TEXAS WOMENS HEALTH P A,1,0,-1
NORTHERN DUTCHESS HOSPITAL,1,0,-1
"NORTHERN VALLEY INDIAN HEALTH, INC",4,3,-1
"NORTHSIDE HOSPITAL, INC.",1,0,-1
NORTHSIDE MATERNIDAD,1,0,-1
"NORTHSIDE WOMEN'S SPECIALIST, P.C.",7,6,-1
"NOVANT HEALTH MEDICAL GROUP COASTAL REGION, LLC",4,3,-1
NOVELLI WELLNESS CHIROPRACTIC PHYSICAL THERAPY AND NURSE PRACTITIONER,1,0,-1
"OAKLAND MACOMB OBSTETRICS & GYNECOLOGY, PC",14,13,-1
"OB-GYN ASSOCIATES OF ITHACA, LLP",5,4,-1
OB/GYN SPECIALISTS OF THE PALM BEACHES,1,0,-1
"OBGYN GROUP OF EASTERN CONNECTICUT, P.C.",5,4,-1
OBGYN PC,1,0,-1
OBGYNE BIRTH CENTER FOR NATURAL DELIVERIES,2,1,-1
OBSTETRIC & GYNECOLOGIC ASSOCIATES OF RIDGEWOOD PA,1,0,-1
"OBSTETRICIANS & GYNECOLOGISTS, P.C.",2,1,-1
"OBSTETRIX MEDICAL GROUP OF COLORADO, P.C.",4,3,-1
"OCEAN GYNECOLOGICAL & OBSTETRICAL ASSOCIATES, PA",2,1,-1
OFF THE GRID MIDWIFERY & HEALTH LLC,2,1,-1
OFF THE GRID MIDWIFERY AND WOMEN'S HEALTH,2,1,-1
OLYMPIA OBSTETRICS & GYNECOLOGY PLLC,9,8,-1
OLYMPIC MEDICAL PHYSICIANS,4,3,-1
OPTUM MEDICAL GROUP II RHODES P C,4,3,-1
ORIGIN HEALTH LLC,2,1,-1
"OSO SPECIALTY INFUSION, INC.",1,0,-1
"OSU GYN & OB CONSULTANTS, LLC",13,12,-1
OSWEGO COUNTY OB-GYN PC,3,2,-1
PACIFICO NATIONAL II INC,1,0,-1
PAHUA HEALTH INC,1,0,-1
PARKSIDE OBSTETRICS & GYNECOLOGY SC,2,1,-1
PARKVIEW ANCILLARY SERVICES CORPORATION,1,0,-1
"PARTRIDGE CREEK OBSTETRICS & GYNECOLOGY,P.C.",4,3,-1
PAUKER INPATIENT SERVICES,1,0,-1
PEACEHEALTH MEDICAL GROUP,6,5,-1
PEARLE VISION INC,1,0,-1
"PEDIATRIX MEDICAL GROUP OF FLORIDA, INC",6,5,-1
PENOBSCOT COMMUNITY HEALTH CENTER,1,0,-1
PHYSICIAN ASSOCIATES LLC,1,0,-1
"PHYSICIANS EAST, PA",10,9,-1
PHYSICIANS PRIMARY CARE OF SOUTHWEST FLORIDA PL,5,4,-1
PLANNED PARENTHOOD ARIZONA,1,0,-1
PLANNED PARENTHOOD MAR MONTE INC,1,0,-1
PLANNED PARENTHOOD MAR MONTE INC.,1,0,-1
"PLANNED PARENTHOOD MN, ND, SD",6,5,-1
"PLANNED PARENTHOOD OF THE COLUMBIA/WILLAMETTE, INC.",5,4,-1
PLANNED PARENTHOOD OF THE PACIFIC SOUTHWEST,1,0,-1
PLANNED PARENTHOOD OF THE ROCKY MOUNTAINS,3,2,-1
PORTER ADVENTIST HEALTH SYSTEM,1,0,-1
"POUDRE VALLEY MEDICAL GROUP, LLC",2,1,-1
PPGNW - ID PHARMACY,3,2,-1
PREBYTERIAN HEALTHCARE SERVICES,4,3,-1
PREMIER IMAGING LLC,1,0,-1
PREMIER MEDICAL GROUP OF THE HUDSON VALLEY P.C.,1,0,-1
"PREMIER SUBURBAN MEDICAL GROUP, PLLC",1,0,-1
"PREMIER WOMENS OBGYN, LLC",3,2,-1
"PRIMA BELLA WOMEN'S HEALTH, PC",1,0,-1
PRIMARY HEALTH NETWORK,7,6,-1
PRIME GARDEN CITY MEDICAL GROUP,3,2,-1
PRISTINE BIRTH & WELLNESS CENTER LLC,1,0,-1
PRMC ER GROUP INC,1,0,-1
"PROFESSIONALS IN OB-GYN, LLC",1,0,-1
PROGRESS FOUNDATION,1,0,-1
PROGRESSIVE WOMAN'SHEALTHCARE PA,1,0,-1
PROREHAB PC,1,0,-1
PURE BIRTHS,2,1,-1
QUEST DIAGNOSTICS INCORPORATED,1,0,-1
R TUCKER CHARTERED,1,0,-1
RAMAPO VALLEY OBGYN PC,2,1,-1
RAPPAHANNOCK WOMEN'S HEALTH CENTER PC,3,2,-1
REBECCA MARANO,4,3,-1
REDWOOD WOMEN'S CENTER,4,3,-1
REGENTS OF COLORADO,1,0,-1
REGENTS OF THE UNIVERSITY OF COLORADO,3,2,-1
"REGIONAL WOMENS HEALTH GROUP,LLC",1,0,-1
"RENAISSANCE SURGERY CENTER, LLC",7,6,-1
"REPLY OB/GYN & FERTILITY, PLLC",3,2,-1
RI HOMEBIRTH AND HOPE FAMILY HEALTH,2,1,-1
"RICHARD W. MOSCOWITZ, M.D., P.A., P.C.",3,2,-1
RIDDLE HEALTHCARE ASSOCIATES,4,3,-1
RIVERSIDE PHYSICIAN SERVICES INC,1,0,-1
"RIVERSIDE PHYSICIAN SERVICES, INC.",4,3,-1
ROBERT H. LURIE COMPREHENSIVE CANCER CENTER OF NORTHWESTERN UNIVERSITY,6,5,-1
"ROCHESTER ENDOSCOPY ASSOCIATES, PLLC",1,0,-1
ROCKFORD HEALTH PHYSICIANS,3,2,-1
RUSH-COPLEY MEDICAL GROUP,6,5,-1
SACRED HEART HOSPITAL OF THE HOSPITAL SISTERS-3RD ORDER OF ST. FRANCIS,2,1,-1
"SAGE MIDWIFERY, PLLC",1,0,-1
SAINT JOHN HEALTH SYSTEM,2,1,-1
"SAINT JOSEPH HOSPITAL, INC",2,1,-1
SALEM NURSE MIDWIVES,6,5,-1
SALT RIVER PIMA-MARICOPA INDIAN COMMUNITY,1,0,-1
SAN JOAQUIN COUNTY CLINICS,1,0,-1
"SANKOFA HEALTH, LLC",2,1,-1
SANTA ROSA HMA PHYSICIAN MANAGEMENT LLC,1,0,-1
SARASOTA COUNTY PUBLIC HOSPITAL DISTRICT,1,0,-1
SAVANNAH MIDWIFERY LLC,1,0,-1
SHENANDOAH WOMENS HEALTHCARE,7,6,-1
SHERIDAN WOMEN'S HEALTH P.C.,1,0,-1
SHERRY LYNN NICCOLI MD PC,1,0,-1
SIERRA FAMILY CARE INC,1,0,-1
"SIMMONDS, MARTIN & HELMBRECHT, LLC",12,11,-1
SKN 2 SKN LLC,1,0,-1
"SMGRI, PC",1,0,-1
SOUTH COAST MIDWIFERY & WOMEN'S HEALTH CARE,5,4,-1
"SOUTH COUNTY PEDIATRIC GROUP, INC.",1,0,-1
"SOUTHERN JERSEY FAMILY MEDICAL CENTERS, INC",1,0,-1
"SOUTHSIDE COMMUNITY HEALTH SERVICES, INC.",3,2,-1
SOUTHSIDE LIFE CARE CENTER,1,0,-1
SOUTHWEST WELLNESS,2,1,-1
SPINE WEST A PROFESSIONAL LLC,1,0,-1
SPRING OBGYN PC,2,1,-1
"SPRINGS MIDWIFERY AND WOMEN'S CARE, LLC",2,1,-1
"ST LUKE HOSPITALS, INC.",4,3,-1
ST LUKES HEALTH CARE CENTER,2,1,-1
STERLING MEDICAL ASSOCIATES,1,0,-1
STORMONT VAIL HEALTH FLINT HILLS LLC,1,0,-1
STRONG OPTICAL SHOP,2,1,-1
SULPHER SPRINGS OBGYN CLINIC PLLC,1,0,-1
"SUMMIT MEDICAL GROUP, INC.",1,0,-1
"SUNCOAST COMMUNITY HEALTH CENTERS, INC",1,0,-1
"SUPERIOR MEDICAL BILLING, INC",5,4,-1
SURGICAL ASSOCIATES OF MARTIN PC,3,2,-1
SUSQUEHANNA OB-GYN LLC,8,7,-1
"SUSQUEHANNA VALLEY WOMEN'S HEALTH CARE, PC",7,6,-1
"SWEETWATER COUNTY CHC, INC",1,0,-1
SYLVA WOMEN'S CLINIC PA,1,0,-1
TALBERT HOUSE HEALTH CENTER,1,0,-1
TANDEM HEALTH SC,2,1,-1
"TANYA ATAGI, MD PROFESSIONAL LLC",1,0,-1
TEXAS HEALTH HOSPITAL MANSFIELD,1,0,-1
THE BIRTH CENTER OF NEW JERSEY,2,1,-1
"THE CENTER FOR CORRECTIVE EYE SURGERY, LLC",1,0,-1
THE DOULA EXCHANGE,1,0,-1
"THE DULUTH CLINIC, LTD.",4,3,-1
THE JOHNS HOPKINS HOSPITAL,2,1,-1
THE MIDWIFES KITCHEN CORP,1,0,-1
THE PENNYLVANIA STATE UNIVERSITY,1,0,-1
"THE WOMEN'S AND FAMILY CENTER FOR HEALTH, PLLC",1,0,-1
"THEDACARE, INCORPORATED",1,0,-1
"THI OF MICHIGAN AT DETROIT, LLC",1,0,-1
"THREE LOWER COUNTIES COMMUNITY SERVICES, INC.",8,7,-1
THREE RINGS MIDWIFERY,1,0,-1
"THREE RIVERS HEALTH SYSTEM, INC",2,1,-1
TONIA BOWMAN APRN PMHNP PLLC,1,0,-1
TOWER IMAGING LLC,5,4,-1
"TREASURE VALLEY MIDWIVES, LLC",4,3,-1
TROOP MEDICAL CLINIC #4,1,0,-1
TWIN TIER WOMEN'S HEALTH TEAM,1,0,-1
UNITED STATES NAVY,1,0,-1
"UNIVERSAL PHARMACY SERVICES, LLC",1,0,-1
UNIVERSITY ASSOCIATES IN OBSTETRICS AND GYNECOLOGY,12,11,-1
UNIVERSITY CLINICAL EDUCATION & RESEARCH ASSOCIATES,1,0,-1
UNIVERSITY HEALTH,1,0,-1
UNIVERSITY HOSPITALS CLEVELAND MEDICAL CENTER,1,0,-1
UNIVERSITY MEDICAL GROUP DEPARTMENT OF OBGYN,2,1,-1
UNIVERSITY OF CALIFORNIA SAN FRANCISCO,1,0,-1
UNIVERSITY OF COLORADO,1,0,-1
UNMC PHYSICIANS,3,2,-1
"URBAN HEALTH PLAN, INC.",3,2,-1
USAF,1,0,-1
UT PHYSICIANS,5,4,-1
VALLEY BIRTHPLACE,2,1,-1
VALLEY OBSTETRICS AND GYNECOLOGY PS,1,0,-1
"VALLEY OBSTETRICS AND GYNECOLOGY, PC",5,4,-1
"VALLEY PERINATAL SERVICES, LLC",1,0,-1
VANCOUVER CLINIC INC,2,1,-1
VETERANS MEMORIAL HOSPITAL CITY OF WAUKON IA,1,0,-1
VIRGINIA COMMONWEALTH UNIVERSITY HEALTH SYSTEM AUTHORITY,1,0,-1
VIRGINIA LEAGUE FOR PLANNED PARENTHOOD INC,1,0,-1
VNA HEALTH CARE,1,0,-1
"VOSS CENTER FOR WOMEN, PC",3,2,-1
"WARM SPRINGS ROAD CVS, L.L.C.",1,0,-1
"WEI ZHANG, M.D., PH. D., P.A.",1,0,-1
"WINDHAM OB-GYN ASSOCIATES, P.C.",1,0,-1
WOMANS GROUP OF MERIDIAN PLLC,1,0,-1
WOMANS PAVILION,1,0,-1
WOMANWISE MIDWIFERY,5,4,-1
WOMEN FIRST OB GYN PLLC,1,0,-1
WOMEN FIRST WELLNESS CENTER,1,0,-1
WOMEN OBSTETRICS & GYNECOLOGY PLC,2,1,-1
WOMEN OF W.O.R.T.H. INC,1,0,-1
WOMEN PARTNERS IN HEALTH,2,1,-1
WOMEN TO WOMEN OB GYN CARE P C,1,0,-1
WOMEN'S CLINIC PC,2,1,-1
"WOMEN'S HEALTHCARE ASSOCIATES OF ATHENS, LLC",7,6,-1
"WOMEN'S HEALTHCARE ASSOCIATES, LLC",5,4,-1
"WOMEN'S SPECIALISTS OF BUCKS COUNTY, P.C.",1,0,-1
WOMENS CARE FLORIDA LLP,10,9,-1
"WOMENS CARE, PC",3,2,-1
WOMENS HEALTH HAVEN OBSTETRICS AND GYNECOLOGY,1,0,-1
WOMENS PROFESSIONAL SERVICES CORP,1,0,-1
WYMAN PARK ASC SERIES,2,1,-1
Y MAMDANI MEDICAL SERVICES PC,1,0,-1
YALE UNIVERSITY,1,0,-1
ZUCKERBERG SAN FRANCISCO GENERAL HOSPITAL,1,0,-1
1 AMERICAN FIRST HOME HEALTH CARE,2,0,-2
ALBERTINA KERR CENTERS,2,0,-2
"ATLANTICARE PHYSICIAN GROUP, PC",12,10,-2
BASSETT ARMY COMMUNITY HOSPITAL/PUBLIC HEALTH,3,1,-2
"BEST WOMEN'S MEDICAL CARE, PC",2,0,-2
CATHOLIC HEALTH INITIATIVES COLORADO,2,0,-2
CHARLOTTE OBSTETRIC AND GYNECOLOGICAL ASSOCIATES,2,0,-2
COMMONWEALTH OF VIRGINIA STATE BOARD OF HEALTH,4,2,-2
"COMMUNITY HEALTH SYSTEMS, INC.",3,1,-2
COMMUNITY HEALTHCARE NETWORK INC,2,0,-2
"DEDICATED TO WOMEN OB-GYN, P.A.",8,6,-2
"DUBAY, WASSERMAN, CONWAY, MD, PA",3,1,-2
FAIRVIEW HEALTH SERVICES,2,0,-2
FAMILY HEALTH CENTERS,2,0,-2
FRIEND FAMILY HEALTH CENTER INC,2,0,-2
GENERATIONS HEALTHCARE FOR WOMEN PLLC,3,1,-2
"GEORGETOWN PHYSICIAN ASSOCIATES, LLC",5,3,-2
HEALTHONE CLINIC SERVICES - OBSTETRICS AND GYNECOLOGY LLC,8,6,-2
HOLIDAY CVS LLC,2,0,-2
HUDSON HEADWATERS HEALTH NETWORK,14,12,-2
HURLEY MEDICAL CENTER,3,1,-2
IHA HEALTH SERVICES CORPORATION,26,24,-2
IHC HEALTH SERVICES INC,11,9,-2
"JUNO WOMEN'S WELLNESS, LLC",2,0,-2
LA CLINICA DEL VALLE FAMILY HEALTHCARE CENTER INC.,2,0,-2
"LAKELAND REGIONAL HEALTH SYSTEM, INC.",2,0,-2
LIBERTY DOCTORS LLC,2,0,-2
LINCOLN CENTER OBGYN PA,6,4,-2
MAGNOLIA BIRTH HOUSE,5,3,-2
"MATLOCK OBSTETRICS AND GYNECOLOGY ASSOCIATES, P.A",2,0,-2
"MIDWIFERY ASSOCIATES GROUP, PLLC",2,0,-2
MODERN OBSTETRICS AND GYNECOLOGY OF NORTH ATLANTA PC,6,4,-2
"MOUNT TIMPANOGOS WOMENS HEALTH, INC",6,4,-2
MT HOOD WOMEN'S HEALTH PC,4,2,-2
MULTICARE HEALTH SYSTEM,4,2,-2
NAVAL HOSPITAL TWENTYNINE PALMS,2,0,-2
NEUROLOGICAL ASSOCIATES OF WESTERN MA,2,0,-2
NORTH BROWARD HOSPITAL DISTRICT,2,0,-2
NORTHEAST MEDICAL PRACTICE,2,0,-2
OB GYN ASSOCIATES OF LEWISBURG,8,6,-2
ORLANDO HEALTH MEDICAL GROUP INC,19,17,-2
PALMETTO HEALTH - UNIVERSITY OF SOUTH CAROLINA MEDICAL GROUP,3,1,-2
PARK SLOPE MIDWIVES LLC,13,11,-2
"PARKVIEW HEALTH SYSTEM, INC.",9,7,-2
PAUL D ROGERS MD PA,2,0,-2
"PEORIA OB GYN, LLC",3,1,-2
PHELPS COUNTY REGIONAL MEDICAL CENTER,2,0,-2
PLANNED PARENTHOOD OF GREATER WASHINGTON & NORTH IDAHO,2,0,-2
PLANNED PARENTHOOD SHASTA DIABLO INC,7,5,-2
PORTERCARE ADVENTIST HEALTH SYSTEM,6,4,-2
"PRAESTANTIA ASSOCIATES, LLC",10,8,-2
PREMIER OBGYN OF MINNESOTA PLLC,7,5,-2
ROWANSOM DEPT OF UROGYNECOLOGY AND PELVIC SURGERY,4,2,-2
SADLER HEALTH CENTER CORPORATION,2,0,-2
SIERRA VISTA REGIONAL HEALTH CENTER MEDICAL GROUP LLC,4,2,-2
"ST FRANCIS HOUSE NWA, INC",2,0,-2
ST MARY MEDICAL CENTER,6,4,-2
ST. VINCENT-ARKANSAS ORTHOPAEDIC SURGERY CENTER LLC,2,0,-2
SUSQUEHANNA VALLEY WOMEN'S HEALTH CARE PC,13,11,-2
THE BIRTH CENTER HOLISTIC WOMEN'S HEALTHCARE LLC,12,10,-2
THE MILTON S HERSHEY MEDICAL CENTER PHYSICIANS GROUP,6,4,-2
TREE OF LIFE BIRTH & GYNECOLOGY,2,0,-2
U.S. NAVAL HOSPITAL YOKOSUKA,2,0,-2
UNIV OF PENN - OB-GYN,6,4,-2
UNIVERSITY OF MINNESOTA SCHOOL OF NURSING,2,0,-2
UNIVERSITY PHYSICIANS INCORPORATED,4,2,-2
WALGREEN CO,3,1,-2
WENTWORTH DOUGLASS HOSPITAL,3,1,-2
WILLOW MIDWIVES LTD,11,9,-2
"WOMANCARE NURSE-MIDWIFERY PRACTICE, INC",3,1,-2
WOMEN CARE INC,2,0,-2
"WOMEN'S HEALTH CENTER OF LEBANON, LTD",4,2,-2
WOMEN'S HEALTH CENTER OF OREGON,8,6,-2
WOMEN'S HEALTH PROFESSIONALS LLC,3,1,-2
WOMENS HEALTHCARE ASSOCIATES PA,10,8,-2
ADENA HEALTH SYSTEM,9,6,-3
ADVENTIST HEALTH SYSTEMS SUNBELT INC,4,1,-3
ADVOCATE MEDICAL GROUP,8,5,-3
"ADVOCATES FOR WOMEN'S HEALTH, PSC",5,2,-3
APPLE TREE MIDWIFERY GROUP LLC,4,1,-3
"ARNETT CLINIC, LLC",7,4,-3
"BETHESDA HOSPITAL, INC",16,13,-3
CARLOS A CASTRO DDS PC,5,2,-3
DARTMOUTH-HITCHCOCK CLINIC,13,10,-3
FIRST STEP CENTER,5,2,-3
GRAND RAPIDS MEDICAL EDUCATION AND RESEARCH CENTER,10,7,-3
GROUP HEALTH PLAN INC,10,7,-3
LAS CRUCES PHYSICIAN PRACTICES LLC,3,0,-3
LEXINGTON WOMENS HEALTH PLLC,7,4,-3
LINDSTROM OB GYN,3,0,-3
"M & D CARE, INC. D/B/A WOMEN'S HEALTH CARE",13,10,-3
"MIDWIFERY TRADITIONS & ASSOCIATES, P.C.",4,1,-3
"PARTNERS FOR WOMEN'S HEALTH, P.A.",8,5,-3
"PARTNERS IN WOMEN'S HEALTHCARE, PC",5,2,-3
PEAK VISTA COMMUNITY HEALTH CENTERS,3,0,-3
PINE RIDGE IHS,3,0,-3
REGENTS OF THE UNIVERSITY OF MICHIGAN,7,4,-3
RENOWN TRANSITIONAL CARE SERVICES,10,7,-3
REX HOSPITAL INC,6,3,-3
ROCHESTER GENERAL HOSPITAL,3,0,-3
SIXTEEN STREET COMMUNITY HEALTH CENTER,3,0,-3
"SOUTHWEST MIDWIVES, INC",7,4,-3
THOMAS F KENT MD PLLC,3,0,-3
"WACO CENTER FOR WOMEN'S HEALTH, P.A.",5,2,-3
WAKE FOREST UNIVERSITY HEALTH SCIENCES,6,3,-3
BELLIN MEMORIAL HOSPITAL INC,4,0,-4
BRONSON METHODIST HOSPITAL,14,10,-4
CARL R. DARNALL ARMY MEDICAL CENTER,5,1,-4
"CENTER FOR PERSONAL WELLNESS, LLC",4,0,-4
COMPREHENSIVE WOMENS CARE,8,4,-4
EDWARDS AND SISAM LLC,7,3,-4
HENNEPIN HEALTHCARE SYSTEM INC,4,0,-4
"HIBISCUS WOMEN'S CENTER, PA",11,7,-4
KATHLEEN M DUERKSEN MD PC,4,0,-4
KENTUCKY MEDICAL SERVICES FOUNDATION,5,1,-4
LONGVIEW WELLNESS CENTER INC,7,3,-4
PROVIDENCE HEALTH & SERVICES - OREGON,21,17,-4
"ROCKY MOUNTAIN PLANNED PARENTHOOD, INC.",11,7,-4
"ST. PETER'S HEALTH PARTNERS MEDICAL ASSOCIATES, P.C.",10,6,-4
UWH OF MICHIGAN PLC,4,0,-4
DENVER HEALTH AND HOSPITAL AUTHORITY,15,10,-5
"GYNECOLOGY AND INFERTILITY ASSOCIATES, PA",7,2,-5
"HARBIN CLINIC, LLC",7,2,-5
"METHODIST ASSOCIATES IN HEALTHCARE OF NEW JERSEY, P.C.",5,0,-5
"NEW BIRTH COMPANY, LLC",9,4,-5
PINNACLE HEALTH MEDICAL SERVICES,18,13,-5
REGENTS OF THE UNIVERSITY OF CALIFORNIA,6,1,-5
SUMMIT PHYSICIAN SERVICES,9,4,-5
BELLA LUNA WOMAN CARE LLC,6,0,-6
"VALLEY OBSTETRICS AND GYNECOLOGY, P.C.",7,1,-6
"ATLANTA WOMEN'S HEALTH GROUP, P.C.",14,7,-7
"FORT DEFIANCE INDIAN HOSPITAL BOARD, INC",7,0,-7
"SAMARITAN HOSPITAL OF TROY, NEW YORK",9,2,-7
"BEACON HEALTH, LLC",9,1,-8
DIANA HEALTH TX PLLC,16,8,-8
GALLUP INDIAN MED CENTER PHARMACY,8,0,-8
"VIRTUA - WEST JERSEY HEALTH SYSTEM, INC.",11,3,-8
"AWCRI MEDICAL GROUP, INC.",22,12,-10
STATE UNIVERSITY OF IOWA,11,0,-11
"BOSTON UNIVERSITY OBSTETRICS AND GYNECOLOGY FOUNDATION, INC.",36,24,-12
VANDERBILT UNIVERSITY MEDICAL CENTER,28,7,-21
CAROLINAS MEDICAL CENTER,35,2,-33
